game_id,season,game_type,week,gameday,gametime,home_team,away_team,home_score,away_score,result,total,spread_line,total_line,home_moneyline,away_moneyline,home_spread_odds,away_spread_odds,over_odds,under_odds,home_rest,away_rest,stadium,roof,surface,temp,wind
2021_01_DAL_TB,2021,REG,1,2021-09-09,20:20,TB,DAL,31.0,29.0,2.0,60.0,10.0,52.5,-425.0,351.0,110.0,-121.0,-103.0,-108.0,7,7,Raymond James Stadium,outdoors,grass ,82.0,9.0
2021_01_PHI_ATL,2021,REG,1,2021-09-12,13:00,ATL,PHI,6.0,32.0,-26.0,38.0,3.5,49.0,-180.0,161.0,-101.0,-109.0,-103.0,-108.0,7,7,Mercedes-Benz Stadium,open,fieldturf,,
2021_01_PIT_BUF,2021,REG,1,2021-09-12,13:00,BUF,PIT,16.0,23.0,-7.0,39.0,6.5,48.0,-267.0,232.0,-100.0,-110.0,103.0,-114.0,7,7,New Era Field,outdoors,a_turf,73.0,17.0
2021_01_NYJ_CAR,2021,REG,1,2021-09-12,13:00,CAR,NYJ,19.0,14.0,5.0,33.0,3.5,44.5,-184.0,164.0,-102.0,-108.0,-104.0,-107.0,7,7,Bank of America Stadium,outdoors,grass ,81.0,0.0
2021_01_MIN_CIN,2021,REG,1,2021-09-12,13:00,CIN,MIN,27.0,24.0,3.0,51.0,-3.0,47.0,122.0,-135.0,-120.0,109.0,-114.0,102.0,7,7,Paul Brown Stadium,outdoors,fieldturf,81.0,15.0
2021_01_SF_DET,2021,REG,1,2021-09-12,13:00,DET,SF,33.0,41.0,-8.0,74.0,-9.5,46.0,344.0,-415.0,-105.0,-105.0,-108.0,-103.0,7,7,Ford Field,dome,fieldturf,,
2021_01_JAX_HOU,2021,REG,1,2021-09-12,13:00,HOU,JAX,37.0,21.0,16.0,58.0,-3.5,45.5,154.0,-172.0,-113.0,103.0,-104.0,-107.0,7,7,NRG Stadium,closed,astroturf,,
2021_01_SEA_IND,2021,REG,1,2021-09-12,13:00,IND,SEA,16.0,28.0,-12.0,44.0,-3.0,49.0,132.0,-146.0,-117.0,106.0,-106.0,-105.0,7,7,Lucas Oil Stadium,closed,fieldturf,,
2021_01_ARI_TEN,2021,REG,1,2021-09-12,13:00,TEN,ARI,13.0,38.0,-25.0,51.0,2.5,54.0,-146.0,131.0,-116.0,105.0,-108.0,-103.0,7,7,Nissan Stadium,outdoors,grass ,82.0,8.0
2021_01_LAC_WAS,2021,REG,1,2021-09-12,13:00,WAS,LAC,16.0,20.0,-4.0,36.0,2.5,45.5,-129.0,117.0,-101.0,-109.0,103.0,-115.0,7,7,FedExField,outdoors,grass ,81.0,4.0
2021_01_CLE_KC,2021,REG,1,2021-09-12,16:25,KC,CLE,33.0,29.0,4.0,62.0,5.5,54.5,-241.0,211.0,-110.0,-101.0,-105.0,-107.0,7,7,GEHA Field at Arrowhead Stadium,outdoors,grass ,88.0,8.0
2021_01_MIA_NE,2021,REG,1,2021-09-12,16:25,NE,MIA,16.0,17.0,-1.0,33.0,3.5,43.5,-173.0,155.0,102.0,-113.0,103.0,-114.0,7,7,Gillette Stadium,outdoors,fieldturf,81.0,15.0
2021_01_GB_NO,2021,REG,1,2021-09-12,16:25,NO,GB,38.0,3.0,35.0,41.0,-4.0,49.0,162.0,-181.0,-114.0,103.0,-102.0,-110.0,7,7,TIAA Bank Stadium,outdoors,grass ,86.0,9.0
2021_01_DEN_NYG,2021,REG,1,2021-09-12,16:25,NYG,DEN,13.0,27.0,-14.0,40.0,-3.0,41.5,125.0,-139.0,-120.0,109.0,-106.0,-105.0,7,7,MetLife Stadium,outdoors,fieldturf,82.0,19.0
2021_01_CHI_LA,2021,REG,1,2021-09-12,20:20,LA,CHI,34.0,14.0,20.0,48.0,9.5,46.0,-387.0,324.0,-102.0,-108.0,-104.0,-107.0,7,7,SoFi Stadium,dome,matrixturf,,
2021_01_BAL_LV,2021,REG,1,2021-09-13,20:15,LV,BAL,33.0,27.0,6.0,60.0,-3.0,50.5,149.0,-167.0,105.0,-116.0,-100.0,-111.0,7,7,Allegiant Stadium,dome,grass,,
2021_02_NYG_WAS,2021,REG,2,2021-09-16,20:20,WAS,NYG,30.0,29.0,1.0,59.0,4.0,42.0,-198.0,176.0,-107.0,-103.0,100.0,-112.0,4,4,FedExField,outdoors,grass ,71.0,0.0
2021_02_NO_CAR,2021,REG,2,2021-09-19,13:00,CAR,NO,26.0,7.0,19.0,33.0,-3.0,45.0,131.0,-145.0,-113.0,102.0,-105.0,-106.0,7,7,Bank of America Stadium,outdoors,grass ,83.0,4.0
2021_02_CIN_CHI,2021,REG,2,2021-09-19,13:00,CHI,CIN,20.0,17.0,3.0,37.0,2.0,44.5,-126.0,114.0,-105.0,-105.0,-104.0,-107.0,7,7,Soldier Field,outdoors,grass ,80.0,0.0
2021_02_HOU_CLE,2021,REG,2,2021-09-19,13:00,CLE,HOU,31.0,21.0,10.0,52.0,13.5,48.5,-675.0,521.0,-107.0,-103.0,-115.0,103.0,7,7,FirstEnergy Stadium,outdoors,grass ,75.0,12.0
2021_02_LA_IND,2021,REG,2,2021-09-19,13:00,IND,LA,24.0,27.0,-3.0,51.0,-4.0,48.0,182.0,-205.0,-100.0,-110.0,103.0,-115.0,7,7,Lucas Oil Stadium,closed,fieldturf,,
2021_02_DEN_JAX,2021,REG,2,2021-09-19,13:00,JAX,DEN,13.0,23.0,-10.0,36.0,-6.0,45.0,211.0,-241.0,-115.0,104.0,-104.0,-107.0,7,7,TIAA Bank Stadium,outdoors,grass ,80.0,7.0
2021_02_BUF_MIA,2021,REG,2,2021-09-19,13:00,MIA,BUF,0.0,35.0,-35.0,35.0,-3.5,48.0,160.0,-179.0,-113.0,103.0,-109.0,-103.0,7,7,Hard Rock Stadium,outdoors,grass ,89.0,7.0
2021_02_NE_NYJ,2021,REG,2,2021-09-19,13:00,NYJ,NE,6.0,25.0,-19.0,31.0,-5.5,43.0,207.0,-235.0,-105.0,-105.0,-113.0,102.0,7,7,MetLife Stadium,outdoors,fieldturf,72.0,13.0
2021_02_SF_PHI,2021,REG,2,2021-09-19,13:00,PHI,SF,11.0,17.0,-6.0,28.0,-3.0,49.0,130.0,-144.0,-115.0,104.0,-102.0,-109.0,7,7,Lincoln Financial Field,outdoors,grass ,76.0,13.0
2021_02_LV_PIT,2021,REG,2,2021-09-19,13:00,PIT,LV,17.0,26.0,-9.0,43.0,5.5,46.5,-228.0,201.0,-102.0,-109.0,-116.0,104.0,7,6,Heinz Field,outdoors,grass ,77.0,4.0
2021_02_MIN_ARI,2021,REG,2,2021-09-19,16:05,ARI,MIN,34.0,33.0,1.0,67.0,4.0,51.0,-191.0,170.0,101.0,-111.0,-101.0,-111.0,7,7,State Farm Stadium,closed,grass ,,
2021_02_ATL_TB,2021,REG,2,2021-09-19,16:05,TB,ATL,48.0,25.0,23.0,73.0,13.5,52.0,-772.0,582.0,-102.0,-108.0,-108.0,-103.0,10,7,Raymond James Stadium,outdoors,grass ,85.0,0.0
2021_02_DAL_LAC,2021,REG,2,2021-09-19,16:25,LAC,DAL,17.0,20.0,-3.0,37.0,3.0,55.0,-150.0,135.0,-101.0,-109.0,-110.0,-101.0,7,10,SoFi Stadium,dome,matrixturf,,
2021_02_TEN_SEA,2021,REG,2,2021-09-19,16:25,SEA,TEN,30.0,33.0,-3.0,63.0,6.5,53.5,-286.0,247.0,-110.0,-100.0,-109.0,-102.0,7,7,Lumen Field,outdoors,fieldturf,62.0,14.0
2021_02_KC_BAL,2021,REG,2,2021-09-19,20:20,BAL,KC,36.0,35.0,1.0,71.0,-3.5,53.5,153.0,-171.0,-118.0,107.0,-101.0,-110.0,6,7,M&T Bank Stadium,outdoors,grass,82.0,8.0
2021_02_DET_GB,2021,REG,2,2021-09-20,20:15,GB,DET,35.0,17.0,18.0,52.0,11.5,49.5,-494.0,400.0,102.0,-112.0,-110.0,-101.0,8,8,Lambeau Field,outdoors,grass ,73.0,12.0
2021_03_CAR_HOU,2021,REG,3,2021-09-23,20:20,HOU,CAR,9.0,24.0,-15.0,33.0,-8.0,43.0,348.0,-420.0,104.0,-115.0,-110.0,-101.0,4,4,NRG Stadium,closed,astroturf,,
2021_03_WAS_BUF,2021,REG,3,2021-09-26,13:00,BUF,WAS,43.0,21.0,22.0,64.0,7.5,45.5,-330.0,281.0,103.0,-114.0,-106.0,-105.0,7,10,New Era Field,outdoors,a_turf,67.0,21.0
2021_03_CHI_CLE,2021,REG,3,2021-09-26,13:00,CLE,CHI,26.0,6.0,20.0,32.0,7.5,45.0,-375.0,315.0,-108.0,-102.0,-105.0,-106.0,7,7,FirstEnergy Stadium,outdoors,grass ,70.0,22.0
2021_03_BAL_DET,2021,REG,3,2021-09-26,13:00,DET,BAL,17.0,19.0,-2.0,36.0,-7.5,51.0,292.0,-344.0,-110.0,-100.0,-106.0,-105.0,6,7,Ford Field,dome,fieldturf,,
2021_03_ARI_JAX,2021,REG,3,2021-09-26,13:00,JAX,ARI,19.0,31.0,-12.0,50.0,-8.0,51.5,304.0,-360.0,-110.0,-101.0,-107.0,-104.0,7,7,TIAA Bank Stadium,outdoors,grass ,81.0,4.0
2021_03_LAC_KC,2021,REG,3,2021-09-26,13:00,KC,LAC,24.0,30.0,-6.0,54.0,6.5,55.0,-273.0,237.0,-110.0,-100.0,-103.0,-108.0,7,7,GEHA Field at Arrowhead Stadium,outdoors,grass ,81.0,19.0
2021_03_NO_NE,2021,REG,3,2021-09-26,13:00,NE,NO,13.0,28.0,-15.0,41.0,3.0,44.0,-144.0,130.0,106.0,-117.0,102.0,-114.0,7,7,Gillette Stadium,outdoors,fieldturf,73.0,11.0
2021_03_ATL_NYG,2021,REG,3,2021-09-26,13:00,NYG,ATL,14.0,17.0,-3.0,31.0,3.0,48.0,-143.0,129.0,105.0,-115.0,-101.0,-110.0,10,7,MetLife Stadium,outdoors,fieldturf,69.0,13.0
2021_03_CIN_PIT,2021,REG,3,2021-09-26,13:00,PIT,CIN,10.0,24.0,-14.0,34.0,2.5,42.5,-140.0,126.0,-114.0,103.0,101.0,-112.0,7,7,Heinz Field,outdoors,grass ,67.0,9.0
2021_03_IND_TEN,2021,REG,3,2021-09-26,13:00,TEN,IND,25.0,16.0,9.0,41.0,4.5,47.0,-196.0,175.0,103.0,-113.0,-107.0,-104.0,7,7,Nissan Stadium,outdoors,grass ,72.0,4.0
2021_03_NYJ_DEN,2021,REG,3,2021-09-26,16:05,DEN,NYJ,26.0,0.0,26.0,26.0,10.5,42.0,-597.0,470.0,-101.0,-109.0,-104.0,-107.0,7,7,Empower Field at Mile High,outdoors,grass ,82.0,6.0
2021_03_MIA_LV,2021,REG,3,2021-09-26,16:05,LV,MIA,31.0,28.0,3.0,59.0,4.0,45.0,-194.0,173.0,-103.0,-107.0,-111.0,-100.0,7,7,Allegiant Stadium,dome,grass,,
2021_03_TB_LA,2021,REG,3,2021-09-26,16:25,LA,TB,34.0,24.0,10.0,58.0,-1.0,55.0,-104.0,-106.0,-110.0,100.0,-109.0,-102.0,7,7,SoFi Stadium,dome,matrixturf,,
2021_03_SEA_MIN,2021,REG,3,2021-09-26,16:25,MIN,SEA,30.0,17.0,13.0,47.0,-2.0,53.5,109.0,-120.0,-109.0,-101.0,-107.0,-104.0,7,7,U.S. Bank Stadium,dome,sportturf,,
2021_03_GB_SF,2021,REG,3,2021-09-26,20:20,SF,GB,28.0,30.0,-2.0,58.0,3.5,50.5,-179.0,160.0,103.0,-113.0,-108.0,-103.0,7,6,Levi's Stadium,outdoors,grass,69.0,15.0
2021_03_PHI_DAL,2021,REG,3,2021-09-27,20:15,DAL,PHI,41.0,21.0,20.0,62.0,3.5,51.5,-189.0,168.0,-107.0,-103.0,-101.0,-110.0,8,8,AT&T Stadium,open,matrixturf,,
2021_04_JAX_CIN,2021,REG,4,2021-09-30,20:20,CIN,JAX,24.0,21.0,3.0,45.0,7.5,46.0,-373.0,313.0,-116.0,105.0,-113.0,101.0,4,4,Paul Brown Stadium,outdoors,fieldturf,65.0,0.0
2021_04_WAS_ATL,2021,REG,4,2021-10-03,13:00,ATL,WAS,30.0,34.0,-4.0,64.0,-1.0,47.5,106.0,-117.0,100.0,-111.0,102.0,-114.0,7,7,Mercedes-Benz Stadium,open,fieldturf,,
2021_04_HOU_BUF,2021,REG,4,2021-10-03,13:00,BUF,HOU,40.0,0.0,40.0,40.0,19.0,47.5,-1500.0,988.0,-102.0,-108.0,-105.0,-106.0,7,10,New Era Field,outdoors,a_turf,67.0,12.0
2021_04_DET_CHI,2021,REG,4,2021-10-03,13:00,CHI,DET,24.0,14.0,10.0,38.0,3.0,42.0,-148.0,134.0,-101.0,-109.0,-101.0,-110.0,7,7,Soldier Field,outdoors,grass ,72.0,4.0
2021_04_CAR_DAL,2021,REG,4,2021-10-03,13:00,DAL,CAR,36.0,28.0,8.0,64.0,4.5,51.5,-210.0,186.0,-104.0,-106.0,102.0,-114.0,6,10,AT&T Stadium,closed,matrixturf,,
2021_04_IND_MIA,2021,REG,4,2021-10-03,13:00,MIA,IND,17.0,27.0,-10.0,44.0,2.5,41.5,-144.0,130.0,-113.0,102.0,-107.0,-104.0,7,7,Hard Rock Stadium,outdoors,grass ,85.0,16.0
2021_04_CLE_MIN,2021,REG,4,2021-10-03,13:00,MIN,CLE,7.0,14.0,-7.0,21.0,-1.0,52.0,-106.0,-105.0,-113.0,102.0,-114.0,102.0,7,7,U.S. Bank Stadium,dome,sportturf,,
2021_04_NYG_NO,2021,REG,4,2021-10-03,13:00,NO,NYG,21.0,27.0,-6.0,48.0,7.5,43.0,-337.0,286.0,107.0,-118.0,-115.0,103.0,7,7,Mercedes-Benz Superdome,dome,sportturf,,
2021_04_TEN_NYJ,2021,REG,4,2021-10-03,13:00,NYJ,TEN,27.0,24.0,3.0,51.0,-5.5,44.5,206.0,-234.0,-106.0,-104.0,-105.0,-106.0,7,7,MetLife Stadium,outdoors,fieldturf,78.0,9.0
2021_04_KC_PHI,2021,REG,4,2021-10-03,13:00,PHI,KC,30.0,42.0,-12.0,72.0,-7.5,53.5,296.0,-349.0,-112.0,101.0,-106.0,-105.0,6,7,Lincoln Financial Field,outdoors,grass ,73.0,8.0
2021_04_ARI_LA,2021,REG,4,2021-10-03,16:05,LA,ARI,20.0,37.0,-17.0,57.0,3.5,53.5,-200.0,178.0,-111.0,100.0,-110.0,-101.0,7,7,SoFi Stadium,dome,matrixturf,,
2021_04_SEA_SF,2021,REG,4,2021-10-03,16:05,SF,SEA,21.0,28.0,-7.0,49.0,2.5,52.0,-133.0,120.0,-107.0,-103.0,-103.0,-108.0,7,7,Levi's Stadium,outdoors,grass,80.0,0.0
2021_04_BAL_DEN,2021,REG,4,2021-10-03,16:25,DEN,BAL,7.0,23.0,-16.0,30.0,1.0,44.0,-118.0,107.0,-111.0,101.0,-105.0,-106.0,7,7,Empower Field at Mile High,outdoors,grass ,77.0,11.0
2021_04_PIT_GB,2021,REG,4,2021-10-03,16:25,GB,PIT,27.0,17.0,10.0,44.0,6.5,45.0,-276.0,239.0,-106.0,-104.0,-108.0,-103.0,7,7,Lambeau Field,outdoors,grass ,67.0,4.0
2021_04_TB_NE,2021,REG,4,2021-10-03,20:20,NE,TB,17.0,19.0,-2.0,36.0,-6.0,49.5,223.0,-255.0,-105.0,-105.0,-101.0,-110.0,7,7,Gillette Stadium,outdoors,fieldturf,62.0,4.0
2021_04_LV_LAC,2021,REG,4,2021-10-04,20:15,LAC,LV,28.0,14.0,14.0,42.0,3.0,52.0,-161.0,144.0,-109.0,-101.0,-103.0,-108.0,8,8,SoFi Stadium,dome,matrixturf,,
2021_05_LA_SEA,2021,REG,5,2021-10-07,20:20,SEA,LA,17.0,26.0,-9.0,43.0,-2.5,53.5,122.0,-135.0,105.0,-116.0,-105.0,-106.0,4,4,Lumen Field,outdoors,fieldturf,56.0,8.0
2021_05_NYJ_ATL,2021,REG,5,2021-10-10,09:30,ATL,NYJ,27.0,20.0,7.0,47.0,3.0,45.5,-153.0,138.0,-103.0,-107.0,-113.0,102.0,7,7,Tottenham Stadium,outdoors,grass,63.0,8.0
2021_05_PHI_CAR,2021,REG,5,2021-10-10,13:00,CAR,PHI,18.0,21.0,-3.0,39.0,2.5,46.0,-139.0,126.0,-114.0,104.0,-105.0,-106.0,7,7,Bank of America Stadium,outdoors,grass ,76.0,13.0
2021_05_GB_CIN,2021,REG,5,2021-10-10,13:00,CIN,GB,22.0,25.0,-3.0,47.0,-2.0,50.0,111.0,-123.0,-106.0,-104.0,-104.0,-108.0,10,7,Paul Brown Stadium,outdoors,fieldturf,76.0,12.0
2021_05_NE_HOU,2021,REG,5,2021-10-10,13:00,HOU,NE,22.0,25.0,-3.0,47.0,-8.0,39.5,288.0,-339.0,-112.0,102.0,101.0,-112.0,7,7,NRG Stadium,closed,astroturf,,
2021_05_TEN_JAX,2021,REG,5,2021-10-10,13:00,JAX,TEN,19.0,37.0,-18.0,56.0,-4.0,49.0,170.0,-191.0,-110.0,-100.0,-109.0,-102.0,10,7,TIAA Bank Stadium,outdoors,grass ,78.0,11.0
2021_05_DET_MIN,2021,REG,5,2021-10-10,13:00,MIN,DET,19.0,17.0,2.0,36.0,10.0,49.5,-418.0,346.0,-100.0,-110.0,-113.0,102.0,7,7,U.S. Bank Stadium,dome,sportturf,,
2021_05_DEN_PIT,2021,REG,5,2021-10-10,13:00,PIT,DEN,27.0,19.0,8.0,46.0,-2.0,40.0,113.0,-124.0,-104.0,-106.0,-113.0,101.0,7,7,Heinz Field,outdoors,grass ,71.0,9.0
2021_05_MIA_TB,2021,REG,5,2021-10-10,13:00,TB,MIA,45.0,17.0,28.0,62.0,11.0,48.0,-564.0,448.0,-110.0,-100.0,-107.0,-104.0,7,7,Raymond James Stadium,outdoors,grass ,84.0,7.0
2021_05_NO_WAS,2021,REG,5,2021-10-10,13:00,WAS,NO,22.0,33.0,-11.0,55.0,-2.5,43.5,117.0,-130.0,-104.0,-106.0,-110.0,-101.0,7,7,FedExField,outdoors,grass ,70.0,12.0
2021_05_CLE_LAC,2021,REG,5,2021-10-10,16:05,LAC,CLE,47.0,42.0,5.0,89.0,2.5,46.5,-129.0,117.0,-104.0,-106.0,-114.0,102.0,6,7,SoFi Stadium,dome,matrixturf,,
2021_05_CHI_LV,2021,REG,5,2021-10-10,16:05,LV,CHI,9.0,20.0,-11.0,29.0,5.5,46.0,-245.0,215.0,-108.0,-102.0,-101.0,-111.0,6,7,Allegiant Stadium,dome,grass,,
2021_05_SF_ARI,2021,REG,5,2021-10-10,16:25,ARI,SF,17.0,10.0,7.0,27.0,6.0,48.5,-266.0,231.0,-100.0,-110.0,-106.0,-105.0,7,7,State Farm Stadium,closed,grass ,,
2021_05_NYG_DAL,2021,REG,5,2021-10-10,16:25,DAL,NYG,44.0,20.0,24.0,64.0,7.5,53.0,-335.0,285.0,102.0,-112.0,-116.0,104.0,7,7,AT&T Stadium,closed,matrixturf,,
2021_05_BUF_KC,2021,REG,5,2021-10-10,20:20,KC,BUF,20.0,38.0,-18.0,58.0,2.5,57.0,-134.0,121.0,-109.0,-101.0,-114.0,103.0,7,7,GEHA Field at Arrowhead Stadium,outdoors,grass ,76.0,0.0
2021_05_IND_BAL,2021,REG,5,2021-10-11,20:15,BAL,IND,31.0,25.0,6.0,56.0,7.5,46.5,-356.0,301.0,-105.0,-105.0,-108.0,-103.0,8,8,M&T Bank Stadium,outdoors,grass,69.0,6.0
2021_06_TB_PHI,2021,REG,6,2021-10-14,20:20,PHI,TB,22.0,28.0,-6.0,50.0,-7.0,53.0,238.0,-274.0,-114.0,103.0,-104.0,-107.0,4,4,Lincoln Financial Field,outdoors,grass ,74.0,8.0
2021_06_MIA_JAX,2021,REG,6,2021-10-17,09:30,JAX,MIA,23.0,20.0,3.0,43.0,-2.5,47.5,110.0,-122.0,-115.0,104.0,-105.0,-107.0,7,7,Tottenham Stadium,outdoors,grass,63.0,11.0
2021_06_LAC_BAL,2021,REG,6,2021-10-17,13:00,BAL,LAC,34.0,6.0,28.0,40.0,3.0,50.5,-166.0,149.0,-116.0,106.0,-117.0,105.0,6,7,M&T Bank Stadium,outdoors,grass,63.0,15.0
2021_06_MIN_CAR,2021,REG,6,2021-10-17,13:00,CAR,MIN,28.0,34.0,-6.0,62.0,-2.5,45.5,121.0,-134.0,-100.0,-110.0,-101.0,-110.0,7,7,Bank of America Stadium,outdoors,grass ,62.0,7.0
2021_06_GB_CHI,2021,REG,6,2021-10-17,13:00,CHI,GB,14.0,24.0,-10.0,38.0,-5.5,44.0,201.0,-228.0,-104.0,-106.0,-106.0,-105.0,7,7,Soldier Field,outdoors,grass ,59.0,6.0
2021_06_CIN_DET,2021,REG,6,2021-10-17,13:00,DET,CIN,11.0,34.0,-23.0,45.0,-3.5,46.5,171.0,-192.0,-100.0,-110.0,-101.0,-110.0,7,7,Ford Field,dome,fieldturf,,
2021_06_HOU_IND,2021,REG,6,2021-10-17,13:00,IND,HOU,31.0,3.0,28.0,34.0,10.5,43.5,-442.0,363.0,106.0,-117.0,-100.0,-111.0,6,7,Lucas Oil Stadium,open,fieldturf,,
2021_06_LA_NYG,2021,REG,6,2021-10-17,13:00,NYG,LA,11.0,38.0,-27.0,49.0,-7.5,49.5,280.0,-328.0,-118.0,107.0,101.0,-113.0,7,10,MetLife Stadium,outdoors,fieldturf,61.0,13.0
2021_06_KC_WAS,2021,REG,6,2021-10-17,13:00,WAS,KC,13.0,31.0,-18.0,44.0,-6.0,54.0,223.0,-255.0,-105.0,-105.0,-105.0,-106.0,7,7,FedExField,outdoors,grass ,62.0,13.0
2021_06_ARI_CLE,2021,REG,6,2021-10-17,16:05,CLE,ARI,14.0,37.0,-23.0,51.0,3.0,48.0,-143.0,129.0,106.0,-117.0,-114.0,102.0,7,7,FirstEnergy Stadium,outdoors,grass ,58.0,23.0
2021_06_LV_DEN,2021,REG,6,2021-10-17,16:25,DEN,LV,24.0,34.0,-10.0,58.0,5.0,45.5,-205.0,182.0,101.0,-111.0,-100.0,-111.0,7,7,Empower Field at Mile High,outdoors,grass ,76.0,8.0
2021_06_DAL_NE,2021,REG,6,2021-10-17,16:25,NE,DAL,29.0,35.0,-6.0,64.0,-3.5,50.5,169.0,-189.0,-102.0,-108.0,-105.0,-106.0,7,7,Gillette Stadium,outdoors,fieldturf,62.0,11.0
2021_06_SEA_PIT,2021,REG,6,2021-10-17,20:20,PIT,SEA,23.0,20.0,3.0,43.0,5.5,43.0,-213.0,189.0,-106.0,-104.0,-107.0,-104.0,7,10,Heinz Field,outdoors,grass ,49.0,6.0
2021_06_BUF_TEN,2021,REG,6,2021-10-18,20:15,TEN,BUF,34.0,31.0,3.0,65.0,-6.0,53.5,210.0,-239.0,-108.0,-102.0,101.0,-113.0,8,8,Nissan Stadium,outdoors,grass ,66.0,6.0
2021_07_DEN_CLE,2021,REG,7,2021-10-21,20:20,CLE,DEN,17.0,14.0,3.0,31.0,2.0,40.5,-121.0,110.0,-103.0,-107.0,-105.0,-106.0,4,4,FirstEnergy Stadium,outdoors,grass ,59.0,27.0
2021_07_CIN_BAL,2021,REG,7,2021-10-24,13:00,BAL,CIN,17.0,41.0,-24.0,58.0,6.5,45.5,-272.0,236.0,-101.0,-109.0,-109.0,-102.0,7,7,M&T Bank Stadium,outdoors,grass,61.0,6.0
2021_07_WAS_GB,2021,REG,7,2021-10-24,13:00,GB,WAS,24.0,10.0,14.0,34.0,8.5,48.0,-397.0,331.0,-105.0,-105.0,105.0,-117.0,7,7,Lambeau Field,outdoors,grass ,49.0,11.0
2021_07_ATL_MIA,2021,REG,7,2021-10-24,13:00,MIA,ATL,28.0,30.0,-2.0,58.0,-1.5,48.5,117.0,-129.0,103.0,-113.0,101.0,-113.0,7,14,Hard Rock Stadium,outdoors,grass ,85.0,9.0
2021_07_NYJ_NE,2021,REG,7,2021-10-24,13:00,NE,NYJ,54.0,13.0,41.0,67.0,7.0,43.0,-303.0,261.0,-102.0,-108.0,100.0,-112.0,7,14,Gillette Stadium,outdoors,fieldturf,52.0,0.0
2021_07_CAR_NYG,2021,REG,7,2021-10-24,13:00,NYG,CAR,25.0,3.0,22.0,28.0,-3.0,42.5,139.0,-154.0,-107.0,-103.0,-106.0,-105.0,7,7,MetLife Stadium,outdoors,fieldturf,57.0,0.0
2021_07_KC_TEN,2021,REG,7,2021-10-24,13:00,TEN,KC,27.0,3.0,24.0,30.0,-4.0,57.5,185.0,-209.0,-100.0,-110.0,-101.0,-111.0,6,7,Nissan Stadium,outdoors,grass ,74.0,14.0
2021_07_DET_LA,2021,REG,7,2021-10-24,16:05,LA,DET,28.0,19.0,9.0,47.0,17.0,51.0,-1256.0,860.0,105.0,-116.0,-101.0,-110.0,7,7,SoFi Stadium,dome,matrixturf,,
2021_07_PHI_LV,2021,REG,7,2021-10-24,16:05,LV,PHI,33.0,22.0,11.0,55.0,1.0,48.0,-108.0,-102.0,-101.0,-109.0,-105.0,-106.0,7,10,Allegiant Stadium,dome,grass,,
2021_07_HOU_ARI,2021,REG,7,2021-10-24,16:25,ARI,HOU,31.0,5.0,26.0,36.0,20.5,47.0,-1766.0,1119.0,100.0,-111.0,-112.0,101.0,7,7,State Farm Stadium,closed,grass ,,
2021_07_CHI_TB,2021,REG,7,2021-10-24,16:25,TB,CHI,38.0,3.0,35.0,41.0,12.5,47.0,-644.0,501.0,103.0,-114.0,-101.0,-110.0,10,7,Raymond James Stadium,outdoors,grass ,83.0,7.0
2021_07_IND_SF,2021,REG,7,2021-10-24,20:20,SF,IND,18.0,30.0,-12.0,48.0,3.5,41.5,-169.0,152.0,106.0,-117.0,-110.0,-102.0,14,7,Levi's Stadium,outdoors,grass,64.0,16.0
2021_07_NO_SEA,2021,REG,7,2021-10-25,20:15,SEA,NO,10.0,13.0,-3.0,23.0,-6.0,42.0,208.0,-237.0,-106.0,-104.0,-109.0,-102.0,8,15,Lumen Field,outdoors,fieldturf,54.0,16.0
2021_08_GB_ARI,2021,REG,8,2021-10-28,20:20,ARI,GB,21.0,24.0,-3.0,45.0,6.5,51.0,-279.0,242.0,-106.0,-104.0,-106.0,-105.0,4,4,State Farm Stadium,open,grass ,,
2021_08_CAR_ATL,2021,REG,8,2021-10-31,13:00,ATL,CAR,13.0,19.0,-6.0,32.0,2.5,47.0,-129.0,117.0,-101.0,-109.0,100.0,-111.0,7,7,Mercedes-Benz Stadium,open,fieldturf,,
2021_08_MIA_BUF,2021,REG,8,2021-10-31,13:00,BUF,MIA,26.0,11.0,15.0,37.0,15.0,48.5,-983.0,709.0,-102.0,-108.0,-108.0,-103.0,13,7,New Era Field,outdoors,a_turf,54.0,9.0
2021_08_SF_CHI,2021,REG,8,2021-10-31,13:00,CHI,SF,22.0,33.0,-11.0,55.0,-4.5,40.0,186.0,-210.0,-107.0,-103.0,-114.0,102.0,7,7,Soldier Field,outdoors,grass ,53.0,12.0
2021_08_PIT_CLE,2021,REG,8,2021-10-31,13:00,CLE,PIT,10.0,15.0,-5.0,25.0,5.5,43.0,-222.0,196.0,-102.0,-108.0,-106.0,-105.0,10,14,FirstEnergy Stadium,outdoors,grass ,57.0,13.0
2021_08_PHI_DET,2021,REG,8,2021-10-31,13:00,DET,PHI,6.0,44.0,-38.0,50.0,-3.0,48.5,151.0,-168.0,105.0,-116.0,-101.0,-110.0,7,7,Ford Field,dome,fieldturf,,
2021_08_LA_HOU,2021,REG,8,2021-10-31,13:00,HOU,LA,22.0,38.0,-16.0,60.0,-17.0,47.0,724.0,-1010.0,-118.0,107.0,-103.0,-108.0,7,7,NRG Stadium,closed,astroturf,,
2021_08_TEN_IND,2021,REG,8,2021-10-31,13:00,IND,TEN,31.0,34.0,-3.0,65.0,3.0,51.0,-160.0,144.0,-108.0,-102.0,101.0,-112.0,7,7,Lucas Oil Stadium,open,fieldturf,,
2021_08_CIN_NYJ,2021,REG,8,2021-10-31,13:00,NYJ,CIN,34.0,31.0,3.0,65.0,-11.5,43.5,411.0,-510.0,-105.0,-105.0,-102.0,-109.0,7,7,MetLife Stadium,outdoors,fieldturf,63.0,11.0
2021_08_NE_LAC,2021,REG,8,2021-10-31,16:05,LAC,NE,24.0,27.0,-3.0,51.0,3.5,50.5,-183.0,163.0,-109.0,-101.0,-105.0,-106.0,14,7,SoFi Stadium,dome,matrixturf,,
2021_08_JAX_SEA,2021,REG,8,2021-10-31,16:05,SEA,JAX,31.0,7.0,24.0,38.0,4.0,44.0,-192.0,171.0,-105.0,-105.0,-111.0,-101.0,6,14,Lumen Field,outdoors,fieldturf,54.0,8.0
2021_08_WAS_DEN,2021,REG,8,2021-10-31,16:25,DEN,WAS,17.0,10.0,7.0,27.0,4.0,45.0,-191.0,170.0,-102.0,-108.0,104.0,-116.0,10,7,Empower Field at Mile High,outdoors,grass ,41.0,4.0
2021_08_TB_NO,2021,REG,8,2021-10-31,16:25,NO,TB,36.0,27.0,9.0,63.0,-4.0,48.5,168.0,-188.0,-109.0,-101.0,-102.0,-109.0,6,7,Mercedes-Benz Superdome,dome,sportturf,,
2021_08_DAL_MIN,2021,REG,8,2021-10-31,20:20,MIN,DAL,16.0,20.0,-4.0,36.0,4.5,49.5,-219.0,193.0,-101.0,-109.0,-101.0,-110.0,14,14,U.S. Bank Stadium,dome,sportturf,,
2021_08_NYG_KC,2021,REG,8,2021-11-01,20:15,KC,NYG,20.0,17.0,3.0,37.0,10.5,53.0,-530.0,425.0,-103.0,-107.0,-110.0,-101.0,8,8,GEHA Field at Arrowhead Stadium,outdoors,grass ,39.0,4.0
2021_09_NYJ_IND,2021,REG,9,2021-11-04,20:20,IND,NYJ,45.0,30.0,15.0,75.0,10.5,46.0,-509.0,410.0,-102.0,-108.0,-101.0,-111.0,4,4,Lucas Oil Stadium,closed,fieldturf,,
2021_09_MIN_BAL,2021,REG,9,2021-11-07,13:00,BAL,MIN,34.0,31.0,3.0,65.0,7.5,51.0,-305.0,262.0,106.0,-117.0,-102.0,-109.0,14,7,M&T Bank Stadium,outdoors,grass,56.0,8.0
2021_09_NE_CAR,2021,REG,9,2021-11-07,13:00,CAR,NE,6.0,24.0,-18.0,30.0,-3.5,41.5,157.0,-176.0,-109.0,-101.0,-111.0,100.0,7,7,Bank of America Stadium,outdoors,grass ,61.0,16.0
2021_09_CLE_CIN,2021,REG,9,2021-11-07,13:00,CIN,CLE,16.0,41.0,-25.0,57.0,2.5,47.5,-129.0,117.0,-105.0,-105.0,-105.0,-106.0,7,7,Paul Brown Stadium,outdoors,fieldturf,56.0,0.0
2021_09_DEN_DAL,2021,REG,9,2021-11-07,13:00,DAL,DEN,16.0,30.0,-14.0,46.0,10.5,50.0,-462.0,378.0,-103.0,-107.0,-108.0,-103.0,7,7,AT&T Stadium,closed,matrixturf,,
2021_09_BUF_JAX,2021,REG,9,2021-11-07,13:00,JAX,BUF,9.0,6.0,3.0,15.0,-14.5,48.0,776.0,-1101.0,109.0,-120.0,-108.0,-103.0,7,7,TIAA Bank Stadium,outdoors,grass ,59.0,16.0
2021_09_HOU_MIA,2021,REG,9,2021-11-07,13:00,MIA,HOU,17.0,9.0,8.0,26.0,4.0,45.0,-185.0,166.0,101.0,-112.0,-102.0,-109.0,7,7,Hard Rock Stadium,outdoors,grass ,72.0,19.0
2021_09_ATL_NO,2021,REG,9,2021-11-07,13:00,NO,ATL,25.0,27.0,-2.0,52.0,7.0,43.0,-277.0,240.0,106.0,-117.0,-110.0,-101.0,7,7,Mercedes-Benz Superdome,dome,sportturf,,
2021_09_LV_NYG,2021,REG,9,2021-11-07,13:00,NYG,LV,23.0,16.0,7.0,39.0,-3.0,47.0,137.0,-152.0,-108.0,-102.0,-103.0,-108.0,6,14,MetLife Stadium,outdoors,fieldturf,54.0,4.0
2021_09_LAC_PHI,2021,REG,9,2021-11-07,16:05,PHI,LAC,24.0,27.0,-3.0,51.0,-1.0,49.5,-104.0,-106.0,-110.0,-101.0,-106.0,-105.0,7,7,Lincoln Financial Field,outdoors,grass ,54.0,11.0
2021_09_GB_KC,2021,REG,9,2021-11-07,16:25,KC,GB,13.0,7.0,6.0,20.0,7.0,48.0,-322.0,275.0,-104.0,-107.0,-109.0,-102.0,6,10,GEHA Field at Arrowhead Stadium,outdoors,grass ,51.0,12.0
2021_09_ARI_SF,2021,REG,9,2021-11-07,16:25,SF,ARI,17.0,31.0,-14.0,48.0,5.5,44.5,-235.0,207.0,-105.0,-105.0,-102.0,-109.0,7,10,Levi's Stadium,outdoors,grass,57.0,8.0
2021_09_TEN_LA,2021,REG,9,2021-11-07,20:20,LA,TEN,16.0,28.0,-12.0,44.0,7.0,53.5,-350.0,296.0,-114.0,103.0,-100.0,-111.0,7,7,SoFi Stadium,dome,matrixturf,,
2021_09_CHI_PIT,2021,REG,9,2021-11-08,20:15,PIT,CHI,29.0,27.0,2.0,56.0,7.0,40.0,-306.0,263.0,-101.0,-109.0,-108.0,-103.0,8,8,Heinz Field,outdoors,grass ,55.0,7.0
2021_10_BAL_MIA,2021,REG,10,2021-11-11,20:20,MIA,BAL,22.0,10.0,12.0,32.0,-8.5,46.5,326.0,-390.0,-104.0,-106.0,-105.0,-106.0,4,4,Hard Rock Stadium,outdoors,grass ,77.0,4.0
2021_10_ATL_DAL,2021,REG,10,2021-11-14,13:00,DAL,ATL,43.0,3.0,40.0,46.0,8.0,55.0,-392.0,328.0,-105.0,-105.0,-103.0,-108.0,7,7,AT&T Stadium,closed,matrixturf,,
2021_10_JAX_IND,2021,REG,10,2021-11-14,13:00,IND,JAX,23.0,17.0,6.0,40.0,10.5,47.5,-434.0,358.0,104.0,-115.0,-103.0,-108.0,10,7,Lucas Oil Stadium,closed,fieldturf,,
2021_10_CLE_NE,2021,REG,10,2021-11-14,13:00,NE,CLE,45.0,7.0,38.0,52.0,2.5,45.5,-132.0,119.0,-106.0,-104.0,-103.0,-108.0,7,7,Gillette Stadium,outdoors,fieldturf,48.0,6.0
2021_10_BUF_NYJ,2021,REG,10,2021-11-14,13:00,NYJ,BUF,17.0,45.0,-28.0,62.0,-13.0,47.0,527.0,-685.0,-111.0,101.0,-116.0,104.0,10,7,MetLife Stadium,outdoors,fieldturf,47.0,4.0
2021_10_DET_PIT,2021,REG,10,2021-11-14,13:00,PIT,DET,16.0,16.0,0.0,32.0,9.0,43.0,-359.0,303.0,110.0,-121.0,102.0,-114.0,6,14,Heinz Field,outdoors,grass ,37.0,12.0
2021_10_NO_TEN,2021,REG,10,2021-11-14,13:00,TEN,NO,23.0,21.0,2.0,44.0,3.0,44.0,-147.0,133.0,103.0,-114.0,-102.0,-109.0,7,7,Nissan Stadium,outdoors,grass ,53.0,12.0
2021_10_TB_WAS,2021,REG,10,2021-11-14,13:00,WAS,TB,29.0,19.0,10.0,48.0,-10.0,51.0,359.0,-435.0,-117.0,106.0,-102.0,-109.0,14,14,FedExField,outdoors,grass ,47.0,8.0
2021_10_CAR_ARI,2021,REG,10,2021-11-14,16:05,ARI,CAR,10.0,34.0,-24.0,44.0,7.0,42.0,-329.0,280.0,-107.0,-103.0,101.0,-113.0,7,7,State Farm Stadium,closed,grass ,,
2021_10_MIN_LAC,2021,REG,10,2021-11-14,16:05,LAC,MIN,20.0,27.0,-7.0,47.0,3.0,53.5,-179.0,160.0,-123.0,111.0,-107.0,-104.0,7,7,SoFi Stadium,dome,matrixturf,,
2021_10_PHI_DEN,2021,REG,10,2021-11-14,16:25,DEN,PHI,13.0,30.0,-17.0,43.0,1.0,44.5,-111.0,101.0,-102.0,-108.0,-108.0,-103.0,7,7,Empower Field at Mile High,outdoors,grass ,57.0,19.0
2021_10_SEA_GB,2021,REG,10,2021-11-14,16:25,GB,SEA,17.0,0.0,17.0,17.0,3.0,49.5,-168.0,151.0,-115.0,104.0,105.0,-117.0,7,14,Lambeau Field,outdoors,grass ,35.0,11.0
2021_10_KC_LV,2021,REG,10,2021-11-14,20:20,LV,KC,14.0,41.0,-27.0,55.0,-2.5,53.5,133.0,-147.0,111.0,-123.0,-103.0,-108.0,7,7,Allegiant Stadium,dome,grass,,
2021_10_LA_SF,2021,REG,10,2021-11-15,20:15,SF,LA,31.0,10.0,21.0,41.0,-3.5,50.0,158.0,-177.0,-110.0,-100.0,-102.0,-110.0,8,8,Levi's Stadium,outdoors,grass,59.0,0.0
2021_11_NE_ATL,2021,REG,11,2021-11-18,20:20,ATL,NE,0.0,25.0,-25.0,25.0,-7.0,47.5,280.0,-329.0,101.0,-111.0,-103.0,-108.0,4,4,Mercedes-Benz Stadium,closed,fieldturf,,
2021_11_IND_BUF,2021,REG,11,2021-11-21,13:00,BUF,IND,15.0,41.0,-26.0,56.0,7.5,49.5,-320.0,274.0,105.0,-116.0,100.0,-111.0,7,7,New Era Field,outdoors,a_turf,49.0,12.0
2021_11_WAS_CAR,2021,REG,11,2021-11-21,13:00,CAR,WAS,21.0,27.0,-6.0,48.0,3.5,43.0,-172.0,154.0,103.0,-114.0,-103.0,-108.0,7,7,Bank of America Stadium,outdoors,grass ,54.0,0.0
2021_11_BAL_CHI,2021,REG,11,2021-11-21,13:00,CHI,BAL,13.0,16.0,-3.0,29.0,-5.0,43.0,199.0,-226.0,-107.0,-103.0,-107.0,-104.0,13,10,Soldier Field,outdoors,grass ,46.0,9.0
2021_11_DET_CLE,2021,REG,11,2021-11-21,13:00,CLE,DET,13.0,10.0,3.0,23.0,13.0,42.5,-590.0,465.0,-104.0,-106.0,-108.0,-103.0,7,7,FirstEnergy Stadium,outdoors,grass ,42.0,7.0
2021_11_SF_JAX,2021,REG,11,2021-11-21,13:00,JAX,SF,10.0,30.0,-20.0,40.0,-6.5,45.0,243.0,-281.0,-104.0,-106.0,-108.0,-103.0,7,6,TIAA Bank Stadium,outdoors,grass ,68.0,17.0
2021_11_GB_MIN,2021,REG,11,2021-11-21,13:00,MIN,GB,34.0,31.0,3.0,65.0,-1.0,48.0,101.0,-111.0,-105.0,-105.0,102.0,-113.0,7,7,U.S. Bank Stadium,dome,sportturf,,
2021_11_MIA_NYJ,2021,REG,11,2021-11-21,13:00,NYJ,MIA,17.0,24.0,-7.0,41.0,-3.5,44.5,162.0,-181.0,-107.0,-103.0,-112.0,101.0,7,10,MetLife Stadium,outdoors,fieldturf,52.0,4.0
2021_11_NO_PHI,2021,REG,11,2021-11-21,13:00,PHI,NO,40.0,29.0,11.0,69.0,2.5,42.5,-144.0,130.0,-117.0,106.0,-100.0,-111.0,7,7,Lincoln Financial Field,outdoors,grass ,51.0,4.0
2021_11_HOU_TEN,2021,REG,11,2021-11-21,13:00,TEN,HOU,13.0,22.0,-9.0,35.0,10.5,44.5,-462.0,377.0,-100.0,-110.0,-101.0,-110.0,7,14,Nissan Stadium,outdoors,grass ,59.0,8.0
2021_11_CIN_LV,2021,REG,11,2021-11-21,16:05,LV,CIN,13.0,32.0,-19.0,45.0,-1.0,50.5,112.0,-123.0,105.0,-115.0,-101.0,-110.0,7,14,Allegiant Stadium,dome,grass,,
2021_11_DAL_KC,2021,REG,11,2021-11-21,16:25,KC,DAL,19.0,9.0,10.0,28.0,2.5,56.0,-134.0,122.0,-110.0,-101.0,103.0,-115.0,7,7,GEHA Field at Arrowhead Stadium,outdoors,grass ,57.0,17.0
2021_11_ARI_SEA,2021,REG,11,2021-11-21,16:25,SEA,ARI,13.0,23.0,-10.0,36.0,2.5,46.0,-150.0,135.0,-122.0,111.0,101.0,-113.0,7,7,Lumen Field,outdoors,fieldturf,46.0,0.0
2021_11_PIT_LAC,2021,REG,11,2021-11-21,20:20,LAC,PIT,41.0,37.0,4.0,78.0,5.5,47.5,-251.0,220.0,-114.0,103.0,-106.0,-105.0,7,7,SoFi Stadium,dome,matrixturf,,
2021_11_NYG_TB,2021,REG,11,2021-11-22,20:15,TB,NYG,30.0,10.0,20.0,40.0,11.5,49.5,-527.0,423.0,102.0,-113.0,-109.0,-102.0,8,15,Raymond James Stadium,outdoors,grass ,68.0,6.0
2021_12_CHI_DET,2021,REG,12,2021-11-25,12:30,DET,CHI,14.0,16.0,-2.0,30.0,-2.0,41.5,115.0,-129.0,-104.0,-107.0,-108.0,-103.0,4,4,Ford Field,dome,fieldturf,,
2021_12_LV_DAL,2021,REG,12,2021-11-25,16:30,DAL,LV,33.0,36.0,-3.0,69.0,7.0,51.0,-314.0,269.0,-105.0,-106.0,-108.0,-103.0,4,4,AT&T Stadium,closed,matrixturf,,
2021_12_BUF_NO,2021,REG,12,2021-11-25,20:20,NO,BUF,6.0,31.0,-25.0,37.0,-7.0,45.0,235.0,-270.0,-112.0,100.0,-101.0,-110.0,4,4,Mercedes-Benz Superdome,dome,sportturf,,
2021_12_PIT_CIN,2021,REG,12,2021-11-28,13:00,CIN,PIT,41.0,10.0,31.0,51.0,3.5,43.5,-172.0,154.0,-100.0,-111.0,-110.0,-102.0,7,7,Paul Brown Stadium,outdoors,fieldturf,43.0,12.0
2021_12_NYJ_HOU,2021,REG,12,2021-11-28,13:00,HOU,NYJ,14.0,21.0,-7.0,35.0,3.0,44.5,-138.0,125.0,111.0,-124.0,-108.0,-103.0,7,7,NRG Stadium,closed,astroturf,,
2021_12_TB_IND,2021,REG,12,2021-11-28,13:00,IND,TB,31.0,38.0,-7.0,69.0,-3.0,53.0,135.0,-149.0,-112.0,101.0,-102.0,-109.0,7,6,Lucas Oil Stadium,closed,fieldturf,,
2021_12_ATL_JAX,2021,REG,12,2021-11-28,13:00,JAX,ATL,14.0,21.0,-7.0,35.0,-1.5,46.0,105.0,-115.0,-108.0,-102.0,-103.0,-108.0,7,10,TIAA Bank Stadium,outdoors,grass ,61.0,4.0
2021_12_CAR_MIA,2021,REG,12,2021-11-28,13:00,MIA,CAR,33.0,10.0,23.0,43.0,-1.0,41.0,108.0,-119.0,-101.0,-110.0,-113.0,102.0,7,7,Hard Rock Stadium,outdoors,grass ,74.0,4.0
2021_12_TEN_NE,2021,REG,12,2021-11-28,13:00,NE,TEN,36.0,13.0,23.0,49.0,7.5,43.0,-305.0,262.0,106.0,-118.0,-108.0,-103.0,10,7,Gillette Stadium,outdoors,fieldturf,33.0,6.0
2021_12_PHI_NYG,2021,REG,12,2021-11-28,13:00,NYG,PHI,13.0,7.0,6.0,20.0,-4.0,45.5,171.0,-192.0,-110.0,100.0,-104.0,-107.0,6,7,MetLife Stadium,outdoors,fieldturf,39.0,4.0
2021_12_LAC_DEN,2021,REG,12,2021-11-28,16:05,DEN,LAC,28.0,13.0,15.0,41.0,-2.5,47.5,127.0,-141.0,103.0,-114.0,-100.0,-111.0,14,7,Empower Field at Mile High,outdoors,grass ,62.0,0.0
2021_12_LA_GB,2021,REG,12,2021-11-28,16:25,GB,LA,36.0,28.0,8.0,64.0,-2.0,47.0,108.0,-120.0,-110.0,-100.0,-102.0,-109.0,7,13,Lambeau Field,outdoors,grass ,37.0,14.0
2021_12_MIN_SF,2021,REG,12,2021-11-28,16:25,SF,MIN,34.0,26.0,8.0,60.0,3.5,49.0,-183.0,164.0,-102.0,-108.0,-110.0,-101.0,7,7,Levi's Stadium,outdoors,grass,68.0,7.0
2021_12_CLE_BAL,2021,REG,12,2021-11-28,20:20,BAL,CLE,16.0,10.0,6.0,26.0,3.0,47.0,-156.0,140.0,-102.0,-110.0,-110.0,-101.0,7,7,M&T Bank Stadium,outdoors,grass,43.0,0.0
2021_12_SEA_WAS,2021,REG,12,2021-11-29,20:15,WAS,SEA,17.0,15.0,2.0,32.0,-1.0,47.0,116.0,-128.0,108.0,-121.0,104.0,-116.0,8,8,FedExField,outdoors,grass ,41.0,9.0
2021_13_DAL_NO,2021,REG,13,2021-12-02,20:20,NO,DAL,17.0,27.0,-10.0,44.0,-6.0,46.0,222.0,-254.0,100.0,-110.0,-105.0,-106.0,7,7,Mercedes-Benz Superdome,dome,sportturf,,
2021_13_TB_ATL,2021,REG,13,2021-12-05,13:00,ATL,TB,17.0,30.0,-13.0,47.0,-11.0,51.0,387.0,-475.0,-108.0,-103.0,-104.0,-107.0,7,7,Mercedes-Benz Stadium,closed,fieldturf,,
2021_13_ARI_CHI,2021,REG,13,2021-12-05,13:00,CHI,ARI,22.0,33.0,-11.0,55.0,-7.5,43.5,314.0,-373.0,104.0,-116.0,-110.0,-101.0,10,14,Soldier Field,outdoors,grass ,34.0,8.0
2021_13_LAC_CIN,2021,REG,13,2021-12-05,13:00,CIN,LAC,22.0,41.0,-19.0,63.0,2.5,49.5,-141.0,127.0,-116.0,104.0,-111.0,-101.0,7,7,Paul Brown Stadium,outdoors,fieldturf,48.0,11.0
2021_13_MIN_DET,2021,REG,13,2021-12-05,13:00,DET,MIN,29.0,27.0,2.0,56.0,-7.0,47.5,255.0,-296.0,-107.0,-104.0,-104.0,-107.0,10,7,Ford Field,dome,fieldturf,,
2021_13_IND_HOU,2021,REG,13,2021-12-05,13:00,HOU,IND,0.0,31.0,-31.0,31.0,-10.0,45.5,339.0,-408.0,-106.0,-105.0,-104.0,-107.0,7,7,NRG Stadium,closed,astroturf,,
2021_13_NYG_MIA,2021,REG,13,2021-12-05,13:00,MIA,NYG,20.0,9.0,11.0,29.0,6.5,40.0,-293.0,253.0,-120.0,108.0,-111.0,100.0,7,7,Hard Rock Stadium,outdoors,grass ,80.0,11.0
2021_13_PHI_NYJ,2021,REG,13,2021-12-05,13:00,NYJ,PHI,18.0,33.0,-15.0,51.0,-5.0,44.0,177.0,-199.0,-113.0,102.0,-109.0,-102.0,7,7,MetLife Stadium,outdoors,fieldturf,45.0,0.0
2021_13_JAX_LA,2021,REG,13,2021-12-05,16:05,LA,JAX,37.0,7.0,30.0,44.0,14.0,48.0,-796.0,597.0,-108.0,-103.0,-102.0,-109.0,7,7,SoFi Stadium,dome,matrixturf,,
2021_13_WAS_LV,2021,REG,13,2021-12-05,16:05,LV,WAS,15.0,17.0,-2.0,32.0,1.0,47.5,-128.0,116.0,-121.0,108.0,103.0,-114.0,10,6,Allegiant Stadium,dome,grass,,
2021_13_BAL_PIT,2021,REG,13,2021-12-05,16:25,PIT,BAL,20.0,19.0,1.0,39.0,-4.0,44.0,174.0,-195.0,-107.0,-104.0,-102.0,-109.0,7,7,Heinz Field,outdoors,grass ,50.0,7.0
2021_13_SF_SEA,2021,REG,13,2021-12-05,16:25,SEA,SF,30.0,23.0,7.0,53.0,-3.0,44.5,125.0,-138.0,-120.0,108.0,-108.0,-103.0,6,7,Lumen Field,outdoors,fieldturf,41.0,4.0
2021_13_DEN_KC,2021,REG,13,2021-12-05,20:20,KC,DEN,22.0,9.0,13.0,31.0,8.5,46.5,-387.0,323.0,-105.0,-106.0,-103.0,-108.0,14,7,GEHA Field at Arrowhead Stadium,outdoors,grass ,58.0,22.0
2021_13_NE_BUF,2021,REG,13,2021-12-06,20:15,BUF,NE,10.0,14.0,-4.0,24.0,3.0,40.0,-146.0,132.0,104.0,-116.0,-109.0,-102.0,11,8,New Era Field,outdoors,a_turf,36.0,27.0
2021_14_PIT_MIN,2021,REG,14,2021-12-09,20:20,MIN,PIT,36.0,28.0,8.0,64.0,3.5,45.0,-175.0,157.0,105.0,-117.0,-107.0,-104.0,4,4,U.S. Bank Stadium,dome,sportturf,,
2021_14_ATL_CAR,2021,REG,14,2021-12-12,13:00,CAR,ATL,21.0,29.0,-8.0,50.0,2.5,41.0,-136.0,123.0,-107.0,-104.0,-116.0,105.0,14,7,Bank of America Stadium,outdoors,grass ,48.0,9.0
2021_14_BAL_CLE,2021,REG,14,2021-12-12,13:00,CLE,BAL,24.0,22.0,2.0,46.0,3.0,44.0,-150.0,135.0,-107.0,-104.0,-108.0,-103.0,14,7,FirstEnergy Stadium,outdoors,grass ,46.0,14.0
2021_14_SEA_HOU,2021,REG,14,2021-12-12,13:00,HOU,SEA,13.0,33.0,-20.0,46.0,-10.0,40.5,334.0,-401.0,-116.0,104.0,-117.0,105.0,7,7,NRG Stadium,open,astroturf,,
2021_14_LV_KC,2021,REG,14,2021-12-12,13:00,KC,LV,48.0,9.0,39.0,57.0,10.0,48.0,-444.0,365.0,-103.0,-108.0,-108.0,-103.0,7,7,GEHA Field at Arrowhead Stadium,outdoors,grass ,47.0,19.0
2021_14_NO_NYJ,2021,REG,14,2021-12-12,13:00,NYJ,NO,9.0,30.0,-21.0,39.0,-4.5,42.0,173.0,-194.0,-114.0,103.0,100.0,-112.0,7,10,MetLife Stadium,outdoors,fieldturf,46.0,13.0
2021_14_JAX_TEN,2021,REG,14,2021-12-12,13:00,TEN,JAX,20.0,0.0,20.0,20.0,8.5,44.5,-384.0,321.0,-103.0,-108.0,-103.0,-108.0,14,7,Nissan Stadium,outdoors,grass ,45.0,0.0
2021_14_DAL_WAS,2021,REG,14,2021-12-12,13:00,WAS,DAL,20.0,27.0,-7.0,47.0,-6.5,48.0,246.0,-284.0,103.0,-115.0,-103.0,-108.0,7,10,FedExField,outdoors,grass ,48.0,17.0
2021_14_DET_DEN,2021,REG,14,2021-12-12,16:05,DEN,DET,38.0,10.0,28.0,48.0,13.0,42.0,-635.0,495.0,-102.0,-109.0,-105.0,-106.0,7,7,Empower Field at Mile High,outdoors,grass ,63.0,8.0
2021_14_NYG_LAC,2021,REG,14,2021-12-12,16:05,LAC,NYG,37.0,21.0,16.0,58.0,9.5,44.0,-395.0,329.0,106.0,-118.0,-103.0,-108.0,7,7,SoFi Stadium,dome,matrixturf,,
2021_14_SF_CIN,2021,REG,14,2021-12-12,16:25,CIN,SF,23.0,26.0,-3.0,49.0,-2.5,49.0,117.0,-130.0,-108.0,-103.0,-108.0,-103.0,7,7,Paul Brown Stadium,outdoors,fieldturf,48.0,9.0
2021_14_BUF_TB,2021,REG,14,2021-12-12,16:25,TB,BUF,33.0,27.0,6.0,60.0,3.5,52.5,-181.0,161.0,-105.0,-106.0,-110.0,-101.0,7,6,Raymond James Stadium,outdoors,grass ,82.0,4.0
2021_14_CHI_GB,2021,REG,14,2021-12-12,20:20,GB,CHI,45.0,30.0,15.0,75.0,11.5,43.0,-639.0,498.0,-109.0,-102.0,-114.0,103.0,14,7,Lambeau Field,outdoors,grass ,36.0,8.0
2021_14_LA_ARI,2021,REG,14,2021-12-13,20:15,ARI,LA,23.0,30.0,-7.0,53.0,3.0,51.0,-172.0,154.0,-116.0,104.0,-105.0,-106.0,8,8,State Farm Stadium,open,grass ,,
2021_15_KC_LAC,2021,REG,15,2021-12-16,20:20,LAC,KC,28.0,34.0,-6.0,62.0,-3.0,54.0,155.0,-173.0,105.0,-117.0,101.0,-113.0,4,4,SoFi Stadium,dome,matrixturf,,
2021_15_NE_IND,2021,REG,15,2021-12-18,20:20,IND,NE,27.0,17.0,10.0,44.0,-1.0,46.0,-109.0,-102.0,-110.0,-101.0,-115.0,103.0,14,13,Lucas Oil Stadium,closed,fieldturf,,
2021_15_CAR_BUF,2021,REG,15,2021-12-19,13:00,BUF,CAR,31.0,14.0,17.0,45.0,14.0,43.0,-739.0,562.0,-114.0,102.0,-104.0,-107.0,7,7,New Era Field,outdoors,a_turf,30.0,8.0
2021_15_ARI_DET,2021,REG,15,2021-12-19,13:00,DET,ARI,30.0,12.0,18.0,42.0,-13.0,48.0,495.0,-634.0,-109.0,-102.0,-104.0,-107.0,7,6,Ford Field,dome,fieldturf,,
2021_15_HOU_JAX,2021,REG,15,2021-12-19,13:00,JAX,HOU,16.0,30.0,-14.0,46.0,6.0,40.0,-257.0,224.0,-101.0,-111.0,-106.0,-105.0,7,7,TIAA Bank Stadium,outdoors,grass,80.0,12.0
2021_15_NYJ_MIA,2021,REG,15,2021-12-19,13:00,MIA,NYJ,31.0,24.0,7.0,55.0,10.5,42.0,-445.0,366.0,102.0,-114.0,-107.0,-104.0,14,7,Hard Rock Stadium,outdoors,grass,82.0,9.0
2021_15_DAL_NYG,2021,REG,15,2021-12-19,13:00,NYG,DAL,6.0,21.0,-15.0,27.0,-11.5,43.0,428.0,-534.0,108.0,-120.0,-116.0,104.0,7,7,MetLife Stadium,outdoors,fieldturf,37.0,8.0
2021_15_TEN_PIT,2021,REG,15,2021-12-19,13:00,PIT,TEN,19.0,13.0,6.0,32.0,1.0,44.0,-121.0,109.0,-114.0,102.0,-106.0,-105.0,10,7,Heinz Field,outdoors,grass,32.0,11.0
2021_15_CIN_DEN,2021,REG,15,2021-12-19,16:05,DEN,CIN,10.0,15.0,-5.0,25.0,3.0,45.0,-155.0,140.0,-101.0,-110.0,110.0,-123.0,7,7,Empower Field at Mile High,outdoors,grass,61.0,19.0
2021_15_ATL_SF,2021,REG,15,2021-12-19,16:05,SF,ATL,31.0,13.0,18.0,44.0,9.5,48.0,-380.0,319.0,102.0,-114.0,-105.0,-106.0,7,7,Levi's Stadium,outdoors,grass,46.0,0.0
2021_15_GB_BAL,2021,REG,15,2021-12-19,16:25,BAL,GB,30.0,31.0,-1.0,61.0,-9.5,45.5,299.0,-354.0,-116.0,104.0,-102.0,-109.0,7,7,M&T Bank Stadium,outdoors,grass,43.0,11.0
2021_15_NO_TB,2021,REG,15,2021-12-19,20:20,TB,NO,0.0,9.0,-9.0,9.0,11.5,45.5,-518.0,417.0,-110.0,-101.0,-110.0,-101.0,7,7,Raymond James Stadium,outdoors,grass,75.0,0.0
2021_15_LV_CLE,2021,REG,15,2021-12-20,17:00,CLE,LV,14.0,16.0,-2.0,30.0,-3.0,41.0,131.0,-147.0,-109.0,-102.0,-111.0,-100.0,7,7,FirstEnergy Stadium,outdoors,grass,40.0,8.0
2021_15_MIN_CHI,2021,REG,15,2021-12-20,20:15,CHI,MIN,9.0,17.0,-8.0,26.0,-7.0,48.0,274.0,-320.0,102.0,-114.0,103.0,-114.0,8,11,Soldier Field,outdoors,grass,37.0,8.0
2021_15_SEA_LA,2021,REG,15,2021-12-21,19:00,LA,SEA,20.0,10.0,10.0,30.0,7.5,47.0,-352.0,298.0,108.0,-120.0,-110.0,-101.0,6,7,SoFi Stadium,dome,matrixturf,,
2021_15_WAS_PHI,2021,REG,15,2021-12-21,19:00,PHI,WAS,27.0,17.0,10.0,44.0,10.0,39.5,-465.0,380.0,-110.0,-101.0,-101.0,-110.0,14,7,Lincoln Financial Field,outdoors,grass,42.0,7.0
2021_16_SF_TEN,2021,REG,16,2021-12-23,20:20,TEN,SF,20.0,17.0,3.0,37.0,-3.5,45.5,154.0,-171.0,-120.0,108.0,104.0,-116.0,4,4,Nissan Stadium,outdoors,grass,48.0,7.0
2021_16_CLE_GB,2021,REG,16,2021-12-25,16:30,GB,CLE,24.0,22.0,2.0,46.0,7.5,46.5,-430.0,343.0,-112.0,101.0,-111.0,-100.0,6,6,Lambeau Field,outdoors,grass,35.0,11.0
2021_16_IND_ARI,2021,REG,16,2021-12-25,20:15,ARI,IND,16.0,22.0,-6.0,38.0,3.0,48.0,-161.0,143.0,-114.0,102.0,-105.0,-106.0,6,6,State Farm Stadium,closed,grass,,
2021_16_DET_ATL,2021,REG,16,2021-12-26,13:00,ATL,DET,20.0,16.0,4.0,36.0,7.5,42.5,-373.0,309.0,-105.0,-106.0,-113.0,102.0,7,7,Mercedes-Benz Stadium,open,fieldturf,,
2021_16_TB_CAR,2021,REG,16,2021-12-26,13:00,CAR,TB,6.0,32.0,-26.0,38.0,-11.5,44.5,399.0,-503.0,-117.0,105.0,101.0,-113.0,7,7,Bank of America Stadium,outdoors,grass,73.0,8.0
2021_16_BAL_CIN,2021,REG,16,2021-12-26,13:00,CIN,BAL,41.0,21.0,20.0,62.0,7.5,43.0,-369.0,306.0,-109.0,-102.0,-114.0,102.0,7,7,Paul Brown Stadium,outdoors,fieldturf,52.0,0.0
2021_16_LAC_HOU,2021,REG,16,2021-12-26,13:00,HOU,LAC,41.0,29.0,12.0,70.0,-13.5,46.0,500.0,-661.0,-114.0,102.0,-103.0,-108.0,7,10,NRG Stadium,closed,astroturf,,
2021_16_LA_MIN,2021,REG,16,2021-12-26,13:00,MIN,LA,23.0,30.0,-7.0,53.0,-3.5,48.5,158.0,-177.0,-108.0,-103.0,-111.0,-100.0,6,7,U.S. Bank Stadium,dome,sportturf,,
2021_16_BUF_NE,2021,REG,16,2021-12-26,13:00,NE,BUF,21.0,33.0,-12.0,54.0,1.0,43.5,-114.0,102.0,-105.0,-106.0,-106.0,-105.0,7,7,Gillette Stadium,outdoors,fieldturf,38.0,13.0
2021_16_JAX_NYJ,2021,REG,16,2021-12-26,13:00,NYJ,JAX,26.0,21.0,5.0,47.0,2.5,42.5,-125.0,114.0,100.0,-111.0,-118.0,106.0,7,7,MetLife Stadium,outdoors,fieldturf,47.0,0.0
2021_16_NYG_PHI,2021,REG,16,2021-12-26,13:00,PHI,NYG,34.0,10.0,24.0,44.0,11.0,41.0,-529.0,416.0,-103.0,-108.0,-106.0,-105.0,7,7,Lincoln Financial Field,outdoors,grass,53.0,9.0
2021_16_CHI_SEA,2021,REG,16,2021-12-26,16:05,SEA,CHI,24.0,25.0,-1.0,49.0,7.0,41.0,-313.0,268.0,-108.0,-103.0,-102.0,-109.0,7,6,Lumen Field,outdoors,fieldturf,25.0,11.0
2021_16_PIT_KC,2021,REG,16,2021-12-26,16:25,KC,PIT,36.0,10.0,26.0,46.0,10.5,44.0,-400.0,328.0,102.0,-114.0,-109.0,-103.0,10,7,GEHA Field at Arrowhead Stadium,outdoors,grass,60.0,22.0
2021_16_DEN_LV,2021,REG,16,2021-12-26,16:25,LV,DEN,17.0,13.0,4.0,30.0,-1.0,42.0,-102.0,-109.0,-110.0,-101.0,101.0,-113.0,7,7,Allegiant Stadium,dome,grass,,
2021_16_WAS_DAL,2021,REG,16,2021-12-26,20:20,DAL,WAS,56.0,14.0,42.0,70.0,10.5,45.5,-457.0,367.0,101.0,-113.0,-112.0,101.0,7,7,AT&T Stadium,closed,matrixturf,,
2021_16_MIA_NO,2021,REG,16,2021-12-27,20:15,NO,MIA,3.0,20.0,-17.0,23.0,-3.0,37.5,143.0,-160.0,-101.0,-110.0,-106.0,-105.0,8,8,Mercedes-Benz Superdome,dome,sportturf,,
2021_17_LA_BAL,2021,REG,17,2022-01-02,13:00,BAL,LA,19.0,20.0,-1.0,39.0,-7.0,47.0,264.0,-313.0,-101.0,-110.0,-103.0,-108.0,7,7,M&T Bank Stadium,outdoors,grass,59.0,6.0
2021_17_ATL_BUF,2021,REG,17,2022-01-02,13:00,BUF,ATL,29.0,15.0,14.0,44.0,14.0,46.5,-871.0,625.0,-111.0,-101.0,-108.0,-103.0,7,7,New Era Field,outdoors,a_turf,26.0,11.0
2021_17_NYG_CHI,2021,REG,17,2022-01-02,13:00,CHI,NYG,29.0,3.0,26.0,32.0,7.0,36.5,-287.0,245.0,104.0,-115.0,-109.0,-102.0,7,7,Soldier Field,outdoors,grass,25.0,13.0
2021_17_KC_CIN,2021,REG,17,2022-01-02,13:00,CIN,KC,34.0,31.0,3.0,65.0,-3.5,51.0,157.0,-178.0,-108.0,-103.0,-110.0,-102.0,7,7,Paul Brown Stadium,outdoors,fieldturf,33.0,13.0
2021_17_LV_IND,2021,REG,17,2022-01-02,13:00,IND,LV,20.0,23.0,-3.0,43.0,8.5,46.5,-397.0,325.0,-112.0,100.0,-113.0,101.0,8,7,Lucas Oil Stadium,closed,fieldturf,,
2021_17_JAX_NE,2021,REG,17,2022-01-02,13:00,NE,JAX,50.0,10.0,40.0,60.0,17.5,42.0,-1056.0,727.0,-102.0,-109.0,-103.0,-108.0,7,7,Gillette Stadium,outdoors,fieldturf,46.0,4.0
2021_17_TB_NYJ,2021,REG,17,2022-01-02,13:00,NYJ,TB,24.0,28.0,-4.0,52.0,-14.5,48.0,623.0,-868.0,-110.0,-101.0,-107.0,-104.0,7,7,MetLife Stadium,outdoors,fieldturf,57.0,9.0
2021_17_MIA_TEN,2021,REG,17,2022-01-02,13:00,TEN,MIA,34.0,3.0,31.0,37.0,3.0,41.0,-170.0,151.0,-118.0,106.0,-107.0,-104.0,10,6,Nissan Stadium,outdoors,grass,43.0,13.0
2021_17_PHI_WAS,2021,REG,17,2022-01-02,13:00,WAS,PHI,16.0,20.0,-4.0,36.0,-6.5,44.5,206.0,-238.0,-115.0,103.0,-113.0,102.0,7,7,FedExField,outdoors,grass,62.0,4.0
2021_17_DEN_LAC,2021,REG,17,2022-01-02,16:05,LAC,DEN,34.0,13.0,21.0,47.0,8.0,45.5,-340.0,285.0,105.0,-117.0,-103.0,-108.0,7,7,SoFi Stadium,dome,matrixturf,,
2021_17_HOU_SF,2021,REG,17,2022-01-02,16:05,SF,HOU,23.0,7.0,16.0,30.0,14.0,44.0,-602.0,463.0,101.0,-113.0,-109.0,-102.0,10,7,Levi's Stadium,outdoors,grass,50.0,6.0
2021_17_ARI_DAL,2021,REG,17,2022-01-02,16:25,DAL,ARI,22.0,25.0,-3.0,47.0,6.5,53.0,-262.0,225.0,-108.0,-103.0,-107.0,-104.0,7,8,AT&T Stadium,closed,matrixturf,,
2021_17_CAR_NO,2021,REG,17,2022-01-02,16:25,NO,CAR,18.0,10.0,8.0,28.0,7.0,37.0,-279.0,238.0,-101.0,-110.0,-112.0,100.0,6,7,Mercedes-Benz Superdome,dome,sportturf,,
2021_17_DET_SEA,2021,REG,17,2022-01-02,16:25,SEA,DET,51.0,29.0,22.0,80.0,8.5,41.5,-399.0,327.0,-114.0,103.0,-101.0,-111.0,7,7,Lumen Field,outdoors,fieldturf,37.0,0.0
2021_17_MIN_GB,2021,REG,17,2022-01-02,20:20,GB,MIN,37.0,10.0,27.0,47.0,13.0,42.0,-702.0,525.0,105.0,-116.0,-111.0,-100.0,8,7,Lambeau Field,outdoors,grass,11.0,9.0
2021_17_CLE_PIT,2021,REG,17,2022-01-03,20:15,PIT,CLE,26.0,14.0,12.0,40.0,-1.0,43.5,105.0,-117.0,-101.0,-110.0,-100.0,-111.0,8,9,Heinz Field,outdoors,grass,25.0,12.0
2021_18_KC_DEN,2021,REG,18,2022-01-08,16:30,DEN,KC,24.0,28.0,-4.0,52.0,-11.5,44.5,435.0,-600.0,-110.0,-110.0,-110.0,-110.0,7,7,Empower Field at Mile High,outdoors,grass,41.0,4.0
2021_18_DAL_PHI,2021,REG,18,2022-01-08,20:15,PHI,DAL,26.0,51.0,-25.0,77.0,-6.5,46.0,235.0,-300.0,-110.0,-110.0,-110.0,-110.0,7,7,Lincoln Financial Field,outdoors,grass,31.0,8.0
2021_18_PIT_BAL,2021,REG,18,2022-01-09,13:00,BAL,PIT,13.0,16.0,-3.0,29.0,3.0,41.0,-155.0,135.0,-110.0,-110.0,-105.0,-115.0,7,6,M&T Bank Stadium,outdoors,grass,36.0,0.0
2021_18_CIN_CLE,2021,REG,18,2022-01-09,13:00,CLE,CIN,21.0,16.0,5.0,37.0,6.5,38.0,-265.0,215.0,-110.0,-110.0,-110.0,-110.0,6,7,FirstEnergy Stadium,outdoors,grass,38.0,22.0
2021_18_GB_DET,2021,REG,18,2022-01-09,13:00,DET,GB,37.0,30.0,7.0,67.0,-4.0,45.0,165.0,-195.0,-110.0,-110.0,-105.0,-115.0,7,7,Ford Field,dome,fieldturf,,
2021_18_TEN_HOU,2021,REG,18,2022-01-09,13:00,HOU,TEN,25.0,28.0,-3.0,53.0,-10.5,43.0,410.0,-575.0,-115.0,-105.0,-110.0,-110.0,7,7,NRG Stadium,closed,astroturf,,
2021_18_IND_JAX,2021,REG,18,2022-01-09,13:00,JAX,IND,26.0,11.0,15.0,37.0,-14.0,43.0,650.0,-1000.0,-110.0,-110.0,-110.0,-110.0,7,7,TIAA Bank Stadium,outdoors,grass,76.0,19.0
2021_18_CHI_MIN,2021,REG,18,2022-01-09,13:00,MIN,CHI,31.0,17.0,14.0,48.0,3.5,45.5,-190.0,160.0,-110.0,-110.0,-110.0,-110.0,7,7,U.S. Bank Stadium,dome,sportturf,,
2021_18_WAS_NYG,2021,REG,18,2022-01-09,13:00,NYG,WAS,7.0,22.0,-15.0,29.0,-6.0,36.0,206.0,-238.0,-109.0,-102.0,-111.0,-100.0,7,7,MetLife Stadium,outdoors,fieldturf,38.0,0.0
2021_18_SEA_ARI,2021,REG,18,2022-01-09,16:25,ARI,SEA,30.0,38.0,-8.0,68.0,5.5,48.0,-235.0,190.0,-110.0,-110.0,-120.0,100.0,7,7,State Farm Stadium,open,grass,,
2021_18_NO_ATL,2021,REG,18,2022-01-09,16:25,ATL,NO,20.0,30.0,-10.0,50.0,-4.5,40.0,186.0,-213.0,-100.0,-111.0,-113.0,102.0,7,7,Mercedes-Benz Stadium,closed,fieldturf,,
2021_18_NYJ_BUF,2021,REG,18,2022-01-09,16:25,BUF,NYJ,27.0,10.0,17.0,37.0,16.0,43.0,-1250.0,750.0,-110.0,-110.0,-110.0,-110.0,7,7,New Era Field,outdoors,a_turf,36.0,19.0
2021_18_SF_LA,2021,REG,18,2022-01-09,16:25,LA,SF,24.0,27.0,-3.0,51.0,3.0,46.5,-170.0,150.0,-115.0,-105.0,-105.0,-115.0,7,7,SoFi Stadium,dome,matrixturf,,
2021_18_NE_MIA,2021,REG,18,2022-01-09,16:25,MIA,NE,33.0,24.0,9.0,57.0,-6.0,41.0,200.0,-250.0,-110.0,-110.0,-110.0,-110.0,7,7,Hard Rock Stadium,outdoors,grass,75.0,8.0
2021_18_CAR_TB,2021,REG,18,2022-01-09,16:25,TB,CAR,41.0,17.0,24.0,58.0,11.0,43.0,-510.0,375.0,-110.0,-110.0,-115.0,-105.0,7,7,Raymond James Stadium,outdoors,grass,80.0,4.0
2021_18_LAC_LV,2021,REG,18,2022-01-09,20:20,LV,LAC,35.0,32.0,3.0,67.0,-3.5,48.0,155.0,-180.0,-110.0,-110.0,-110.0,-110.0,7,7,Allegiant Stadium,dome,grass,,
2021_19_LV_CIN,2021,WC,19,2022-01-15,16:30,CIN,LV,26.0,19.0,7.0,45.0,6.0,48.5,-248.0,214.0,-109.0,-103.0,-105.0,-106.0,6,6,Paul Brown Stadium,outdoors,fieldturf,31.0,12.0
2021_19_NE_BUF,2021,WC,19,2022-01-15,20:15,BUF,NE,47.0,17.0,30.0,64.0,4.5,43.0,-207.0,181.0,-100.0,-111.0,-101.0,-111.0,6,6,New Era Field,outdoors,a_turf,7.0,8.0
2021_19_PHI_TB,2021,WC,19,2022-01-16,13:00,TB,PHI,31.0,15.0,16.0,46.0,7.5,45.5,-352.0,293.0,-104.0,-107.0,-112.0,100.0,7,8,Raymond James Stadium,outdoors,grass,66.0,21.0
2021_19_SF_DAL,2021,WC,19,2022-01-16,16:30,DAL,SF,17.0,23.0,-6.0,40.0,3.0,51.0,-162.0,144.0,-112.0,100.0,100.0,-111.0,8,7,AT&T Stadium,closed,matrixturf,,
2021_19_PIT_KC,2021,WC,19,2022-01-16,20:15,KC,PIT,42.0,21.0,21.0,63.0,13.0,46.0,-697.0,522.0,111.0,-124.0,-104.0,-107.0,8,7,GEHA Field at Arrowhead Stadium,outdoors,grass,30.0,8.0
2021_19_ARI_LA,2021,WC,19,2022-01-17,20:15,LA,ARI,34.0,11.0,23.0,45.0,4.0,49.5,-179.0,158.0,105.0,-117.0,-109.0,-103.0,8,8,SoFi Stadium,dome,matrixturf,,
2021_20_CIN_TEN,2021,DIV,20,2022-01-22,16:30,TEN,CIN,16.0,19.0,-3.0,35.0,4.0,48.5,-191.0,170.0,-102.0,-109.0,-110.0,-102.0,13,7,Nissan Stadium,outdoors,grass,35.0,0.0
2021_20_SF_GB,2021,DIV,20,2022-01-22,20:15,GB,SF,10.0,13.0,-3.0,23.0,5.5,47.0,-261.0,228.0,-114.0,102.0,-107.0,-104.0,13,6,Lambeau Field,outdoors,grass,15.0,12.0
2021_20_LA_TB,2021,DIV,20,2022-01-23,15:00,TB,LA,27.0,30.0,-3.0,57.0,2.5,48.0,-145.0,131.0,-121.0,108.0,-109.0,-102.0,7,6,Raymond James Stadium,outdoors,grass,50.0,11.0
2021_20_BUF_KC,2021,DIV,20,2022-01-23,18:30,KC,BUF,42.0,36.0,6.0,78.0,2.5,54.0,-138.0,124.0,-110.0,-101.0,-106.0,-105.0,7,8,GEHA Field at Arrowhead Stadium,outdoors,grass,35.0,6.0
2021_21_CIN_KC,2021,CON,21,2022-01-30,15:00,KC,CIN,24.0,27.0,-3.0,51.0,7.0,54.5,-320.0,250.0,-115.0,-105.0,-110.0,-110.0,7,8,GEHA Field at Arrowhead Stadium,outdoors,grass,41.0,4.0
2021_21_SF_LA,2021,CON,21,2022-01-30,18:30,LA,SF,20.0,17.0,3.0,37.0,3.5,45.5,-180.0,155.0,-110.0,-110.0,-115.0,-105.0,7,8,SoFi Stadium,dome,matrixturf,,
2021_22_LA_CIN,2021,SB,22,2022-02-13,18:30,CIN,LA,20.0,23.0,-3.0,43.0,-4.5,48.5,160.0,-190.0,-110.0,-110.0,-110.0,-110.0,14,14,SoFi Stadium,dome,matrixturf,,
2022_01_BUF_LA,2022,REG,1,2022-09-08,20:20,LA,BUF,10.0,31.0,-21.0,41.0,-1.0,51.5,106.0,-117.0,101.0,-112.0,-111.0,-101.0,7,7,SoFi Stadium,dome,matrixturf,,
2022_01_NO_ATL,2022,REG,1,2022-09-11,13:00,ATL,NO,26.0,27.0,-1.0,53.0,-6.0,43.5,201.0,-228.0,-107.0,-103.0,-108.0,-104.0,7,7,Mercedes-Benz Stadium,closed,fieldturf,,
2022_01_CLE_CAR,2022,REG,1,2022-09-11,13:00,CAR,CLE,24.0,26.0,-2.0,50.0,2.5,42.5,-125.0,114.0,102.0,-112.0,100.0,-113.0,7,7,Bank of America Stadium,outdoors,grass,,
2022_01_SF_CHI,2022,REG,1,2022-09-11,13:00,CHI,SF,19.0,10.0,9.0,29.0,-6.5,38.0,217.0,-248.0,-111.0,100.0,-109.0,-103.0,7,7,Soldier Field,outdoors,grass,,
2022_01_PIT_CIN,2022,REG,1,2022-09-11,13:00,CIN,PIT,20.0,23.0,-3.0,43.0,7.5,44.5,-308.0,264.0,107.0,-119.0,-113.0,101.0,7,7,Paycor Stadium,outdoors,fieldturf,,
2022_01_PHI_DET,2022,REG,1,2022-09-11,13:00,DET,PHI,35.0,38.0,-3.0,73.0,-6.0,49.0,211.0,-240.0,-100.0,-110.0,104.0,-117.0,7,7,Ford Field,dome,fieldturf,,
2022_01_IND_HOU,2022,REG,1,2022-09-11,13:00,HOU,IND,20.0,20.0,0.0,40.0,-7.0,46.0,250.0,-290.0,-107.0,-103.0,-102.0,-110.0,7,7,NRG Stadium,closed,astroturf,,
2022_01_NE_MIA,2022,REG,1,2022-09-11,13:00,MIA,NE,20.0,7.0,13.0,27.0,3.0,47.0,-155.0,140.0,-106.0,-104.0,-103.0,-109.0,7,7,Hard Rock Stadium,outdoors,grass,,
2022_01_BAL_NYJ,2022,REG,1,2022-09-11,13:00,NYJ,BAL,9.0,24.0,-15.0,33.0,-6.5,44.0,231.0,-265.0,-107.0,-103.0,-103.0,-109.0,7,7,MetLife Stadium,outdoors,fieldturf,,
2022_01_JAX_WAS,2022,REG,1,2022-09-11,13:00,WAS,JAX,28.0,22.0,6.0,50.0,3.0,43.5,-159.0,143.0,-110.0,-101.0,-102.0,-110.0,7,7,FedExField,outdoors,grass,,
2022_01_KC_ARI,2022,REG,1,2022-09-11,16:25,ARI,KC,21.0,44.0,-23.0,65.0,-6.0,54.0,221.0,-252.0,-104.0,-107.0,-102.0,-110.0,7,7,State Farm Stadium,closed,grass,,
2022_01_LV_LAC,2022,REG,1,2022-09-11,16:25,LAC,LV,24.0,19.0,5.0,43.0,3.5,52.5,-180.0,161.0,-104.0,-106.0,-109.0,-103.0,7,7,SoFi Stadium,dome,matrixturf,,
2022_01_GB_MIN,2022,REG,1,2022-09-11,16:25,MIN,GB,23.0,7.0,16.0,30.0,2.5,47.0,-125.0,113.0,105.0,-116.0,101.0,-114.0,7,7,U.S. Bank Stadium,dome,sportturf,,
2022_01_NYG_TEN,2022,REG,1,2022-09-11,16:25,TEN,NYG,20.0,21.0,-1.0,41.0,5.5,43.5,-239.0,209.0,-102.0,-108.0,-111.0,-101.0,7,7,Nissan Stadium,outdoors,grass,,
2022_01_TB_DAL,2022,REG,1,2022-09-11,20:20,DAL,TB,3.0,19.0,-16.0,22.0,-2.5,49.5,120.0,-133.0,-102.0,-108.0,-110.0,-102.0,7,7,AT&T Stadium,closed,matrixturf,,
2022_01_DEN_SEA,2022,REG,1,2022-09-12,20:15,SEA,DEN,17.0,16.0,1.0,33.0,-6.0,44.0,221.0,-253.0,-103.0,-107.0,102.0,-115.0,7,7,Lumen Field,outdoors,fieldturf,,
2022_02_LAC_KC,2022,REG,2,2022-09-15,20:15,KC,LAC,27.0,24.0,3.0,51.0,4.0,52.5,-188.0,167.0,102.0,-113.0,-111.0,-101.0,4,4,GEHA Field at Arrowhead Stadium,outdoors,grass,,
2022_02_MIA_BAL,2022,REG,2,2022-09-18,13:00,BAL,MIA,38.0,42.0,-4.0,80.0,3.0,44.0,-164.0,148.0,-114.0,103.0,101.0,-114.0,7,7,M&T Bank Stadium,outdoors,grass,,
2022_02_NYJ_CLE,2022,REG,2,2022-09-18,13:00,CLE,NYJ,30.0,31.0,-1.0,61.0,6.5,38.5,-235.0,207.0,100.0,-111.0,-105.0,-107.0,7,7,FirstEnergy Stadium,outdoors,grass,,
2022_02_WAS_DET,2022,REG,2,2022-09-18,13:00,DET,WAS,36.0,27.0,9.0,63.0,-1.0,48.5,103.0,-114.0,-103.0,-107.0,101.0,-114.0,7,7,Ford Field,dome,fieldturf,,
2022_02_IND_JAX,2022,REG,2,2022-09-18,13:00,JAX,IND,24.0,0.0,24.0,24.0,-3.0,43.5,142.0,-157.0,-103.0,-107.0,-108.0,-104.0,7,7,TIAA Bank Stadium,outdoors,grass,,
2022_02_TB_NO,2022,REG,2,2022-09-18,13:00,NO,TB,10.0,20.0,-10.0,30.0,-2.5,44.0,124.0,-138.0,-102.0,-109.0,104.0,-117.0,7,7,Mercedes-Benz Superdome,dome,sportturf,,
2022_02_CAR_NYG,2022,REG,2,2022-09-18,13:00,NYG,CAR,19.0,16.0,3.0,35.0,-1.0,44.0,103.0,-114.0,-104.0,-106.0,-110.0,-102.0,7,7,MetLife Stadium,outdoors,fieldturf,,
2022_02_NE_PIT,2022,REG,2,2022-09-18,13:00,PIT,NE,14.0,17.0,-3.0,31.0,-3.0,40.0,135.0,-150.0,-109.0,-102.0,-111.0,-101.0,7,7,Acrisure Stadium,outdoors,grass,,
2022_02_ATL_LA,2022,REG,2,2022-09-18,16:05,LA,ATL,31.0,27.0,4.0,58.0,10.5,46.5,-473.0,385.0,103.0,-113.0,103.0,-116.0,10,7,SoFi Stadium,dome,matrixturf,,
2022_02_SEA_SF,2022,REG,2,2022-09-18,16:05,SF,SEA,27.0,7.0,20.0,34.0,8.5,40.0,-379.0,318.0,102.0,-113.0,-100.0,-112.0,7,6,Levi's Stadium,outdoors,grass,,
2022_02_CIN_DAL,2022,REG,2,2022-09-18,16:25,DAL,CIN,20.0,17.0,3.0,37.0,-7.5,42.0,260.0,-303.0,-122.0,110.0,-108.0,-104.0,7,7,AT&T Stadium,closed,matrixturf,,
2022_02_HOU_DEN,2022,REG,2,2022-09-18,16:25,DEN,HOU,16.0,9.0,7.0,25.0,10.5,46.0,-481.0,391.0,103.0,-114.0,-102.0,-110.0,6,7,Empower Field at Mile High,outdoors,grass,,
2022_02_ARI_LV,2022,REG,2,2022-09-18,16:25,LV,ARI,23.0,29.0,-6.0,52.0,5.5,51.5,-223.0,197.0,100.0,-110.0,-107.0,-105.0,7,7,Allegiant Stadium,dome,grass,,
2022_02_CHI_GB,2022,REG,2,2022-09-18,20:20,GB,CHI,27.0,10.0,17.0,37.0,10.5,42.0,-420.0,348.0,100.0,-111.0,-108.0,-104.0,7,7,Lambeau Field,outdoors,grass,,
2022_02_TEN_BUF,2022,REG,2,2022-09-19,19:15,BUF,TEN,41.0,7.0,34.0,48.0,10.0,47.5,-395.0,329.0,104.0,-115.0,-104.0,-108.0,11,8,New Era Field,outdoors,a_turf,,
2022_02_MIN_PHI,2022,REG,2,2022-09-19,20:30,PHI,MIN,24.0,7.0,17.0,31.0,2.5,49.5,-141.0,127.0,-117.0,106.0,102.0,-115.0,8,8,Lincoln Financial Field,outdoors,grass,,
2022_03_PIT_CLE,2022,REG,3,2022-09-22,20:15,CLE,PIT,29.0,17.0,12.0,46.0,4.5,38.0,-206.0,183.0,101.0,-111.0,-105.0,-107.0,4,4,FirstEnergy Stadium,outdoors,grass,,
2022_03_NO_CAR,2022,REG,3,2022-09-25,13:00,CAR,NO,22.0,14.0,8.0,36.0,-2.0,41.0,112.0,-123.0,-109.0,-102.0,-100.0,-112.0,7,7,Bank of America Stadium,outdoors,grass,,
2022_03_HOU_CHI,2022,REG,3,2022-09-25,13:00,CHI,HOU,23.0,20.0,3.0,43.0,3.0,40.0,-156.0,141.0,-103.0,-107.0,-105.0,-107.0,7,7,Soldier Field,outdoors,grass,,
2022_03_KC_IND,2022,REG,3,2022-09-25,13:00,IND,KC,20.0,17.0,3.0,37.0,-4.5,51.0,177.0,-199.0,-114.0,103.0,-107.0,-105.0,7,10,Lucas Oil Stadium,open,fieldturf,,
2022_03_BUF_MIA,2022,REG,3,2022-09-25,13:00,MIA,BUF,21.0,19.0,2.0,40.0,-4.0,54.0,175.0,-196.0,-106.0,-104.0,-109.0,-103.0,7,6,Hard Rock Stadium,outdoors,grass,,
2022_03_DET_MIN,2022,REG,3,2022-09-25,13:00,MIN,DET,28.0,24.0,4.0,52.0,6.5,52.0,-266.0,232.0,-110.0,-101.0,104.0,-117.0,6,7,U.S. Bank Stadium,dome,sportturf,,
2022_03_BAL_NE,2022,REG,3,2022-09-25,13:00,NE,BAL,26.0,37.0,-11.0,63.0,-2.5,45.5,129.0,-143.0,104.0,-114.0,-103.0,-109.0,7,7,Gillette Stadium,outdoors,fieldturf,,
2022_03_CIN_NYJ,2022,REG,3,2022-09-25,13:00,NYJ,CIN,12.0,27.0,-15.0,39.0,-6.5,46.0,220.0,-247.0,-115.0,104.0,-106.0,-106.0,7,7,MetLife Stadium,outdoors,fieldturf,,
2022_03_LV_TEN,2022,REG,3,2022-09-25,13:00,TEN,LV,24.0,22.0,2.0,46.0,-1.5,45.5,117.0,-130.0,103.0,-113.0,-103.0,-109.0,6,7,Nissan Stadium,outdoors,grass,,
2022_03_PHI_WAS,2022,REG,3,2022-09-25,13:00,WAS,PHI,8.0,24.0,-16.0,32.0,-6.0,47.0,210.0,-240.0,-112.0,102.0,-111.0,-101.0,7,6,FedExField,outdoors,grass,,
2022_03_JAX_LAC,2022,REG,3,2022-09-25,16:05,LAC,JAX,10.0,38.0,-28.0,48.0,6.5,46.0,-252.0,220.0,-104.0,-106.0,-100.0,-112.0,10,7,SoFi Stadium,dome,matrixturf,,
2022_03_LA_ARI,2022,REG,3,2022-09-25,16:25,ARI,LA,12.0,20.0,-8.0,32.0,-3.5,49.0,153.0,-171.0,-115.0,104.0,102.0,-114.0,7,7,State Farm Stadium,closed,grass,,
2022_03_ATL_SEA,2022,REG,3,2022-09-25,16:25,SEA,ATL,23.0,27.0,-4.0,50.0,1.0,43.0,-106.0,-104.0,102.0,-112.0,-115.0,103.0,7,7,Lumen Field,outdoors,fieldturf,,
2022_03_GB_TB,2022,REG,3,2022-09-25,16:25,TB,GB,12.0,14.0,-2.0,26.0,1.0,41.5,-123.0,112.0,-115.0,105.0,-109.0,-103.0,7,7,Raymond James Stadium,outdoors,grass,,
2022_03_SF_DEN,2022,REG,3,2022-09-25,20:20,DEN,SF,11.0,10.0,1.0,21.0,-1.0,44.0,-101.0,-110.0,-108.0,-102.0,-114.0,101.0,7,7,Empower Field at Mile High,outdoors,grass,,
2022_03_DAL_NYG,2022,REG,3,2022-09-26,20:15,NYG,DAL,16.0,23.0,-7.0,39.0,1.0,38.5,-120.0,109.0,-113.0,103.0,-110.0,-102.0,8,8,MetLife Stadium,outdoors,fieldturf,,
2022_04_MIA_CIN,2022,REG,4,2022-09-29,20:15,CIN,MIA,27.0,15.0,12.0,42.0,4.0,48.5,-190.0,169.0,-103.0,-107.0,-109.0,-103.0,4,4,Paycor Stadium,outdoors,fieldturf,,
2022_04_MIN_NO,2022,REG,4,2022-10-02,09:30,NO,MIN,25.0,28.0,-3.0,53.0,-4.0,42.0,177.0,-199.0,-107.0,-103.0,-102.0,-110.0,7,7,Tottenham Stadium,outdoors,,,
2022_04_CLE_ATL,2022,REG,4,2022-10-02,13:00,ATL,CLE,23.0,20.0,3.0,43.0,-1.0,48.0,-103.0,-107.0,-109.0,-101.0,-112.0,-100.0,7,10,Mercedes-Benz Stadium,open,fieldturf,,
2022_04_BUF_BAL,2022,REG,4,2022-10-02,13:00,BAL,BUF,20.0,23.0,-3.0,43.0,-3.0,50.0,154.0,-172.0,106.0,-117.0,-109.0,-103.0,7,7,M&T Bank Stadium,outdoors,grass,,
2022_04_WAS_DAL,2022,REG,4,2022-10-02,13:00,DAL,WAS,25.0,10.0,15.0,35.0,3.0,40.5,-155.0,140.0,-101.0,-110.0,-111.0,-101.0,6,7,AT&T Stadium,closed,matrixturf,,
2022_04_SEA_DET,2022,REG,4,2022-10-02,13:00,DET,SEA,45.0,48.0,-3.0,93.0,3.0,48.5,-169.0,151.0,-113.0,103.0,-101.0,-112.0,7,7,Ford Field,dome,fieldturf,,
2022_04_LAC_HOU,2022,REG,4,2022-10-02,13:00,HOU,LAC,24.0,34.0,-10.0,58.0,-5.5,45.0,205.0,-234.0,-104.0,-106.0,-115.0,102.0,7,7,NRG Stadium,closed,astroturf,,
2022_04_TEN_IND,2022,REG,4,2022-10-02,13:00,IND,TEN,17.0,24.0,-7.0,41.0,4.5,43.0,-205.0,182.0,-105.0,-105.0,-110.0,-102.0,7,7,Lucas Oil Stadium,open,fieldturf,,
2022_04_CHI_NYG,2022,REG,4,2022-10-02,13:00,NYG,CHI,20.0,12.0,8.0,32.0,3.0,39.0,-144.0,130.0,109.0,-120.0,-110.0,-103.0,6,7,MetLife Stadium,outdoors,fieldturf,,
2022_04_JAX_PHI,2022,REG,4,2022-10-02,13:00,PHI,JAX,29.0,21.0,8.0,50.0,6.5,44.0,-256.0,223.0,-102.0,-109.0,-111.0,-102.0,7,7,Lincoln Financial Field,outdoors,grass,,
2022_04_NYJ_PIT,2022,REG,4,2022-10-02,13:00,PIT,NYJ,20.0,24.0,-4.0,44.0,3.0,41.0,-161.0,145.0,-108.0,-102.0,-115.0,102.0,10,7,Acrisure Stadium,outdoors,grass,,
2022_04_ARI_CAR,2022,REG,4,2022-10-02,16:05,CAR,ARI,16.0,26.0,-10.0,42.0,1.0,44.0,-113.0,102.0,-106.0,-104.0,100.0,-113.0,7,7,Bank of America Stadium,outdoors,grass,,
2022_04_NE_GB,2022,REG,4,2022-10-02,16:25,GB,NE,27.0,24.0,3.0,51.0,10.0,40.5,-435.0,358.0,109.0,-120.0,-101.0,-111.0,7,7,Lambeau Field,outdoors,grass,,
2022_04_DEN_LV,2022,REG,4,2022-10-02,16:25,LV,DEN,32.0,23.0,9.0,55.0,2.5,45.5,-137.0,124.0,-109.0,-101.0,-102.0,-110.0,7,7,Allegiant Stadium,dome,grass,,
2022_04_KC_TB,2022,REG,4,2022-10-02,20:20,TB,KC,31.0,41.0,-10.0,72.0,1.0,46.5,-125.0,113.0,-118.0,107.0,-115.0,102.0,7,7,Raymond James Stadium,outdoors,grass,,
2022_04_LA_SF,2022,REG,4,2022-10-03,20:15,SF,LA,24.0,9.0,15.0,33.0,1.0,42.0,-124.0,112.0,-116.0,106.0,-103.0,-109.0,8,8,Levi's Stadium,outdoors,grass,,
2022_05_IND_DEN,2022,REG,5,2022-10-06,20:15,DEN,IND,9.0,12.0,-3.0,21.0,3.5,42.0,-178.0,159.0,104.0,-114.0,-106.0,-106.0,4,4,Empower Field at Mile High,outdoors,grass,,
2022_05_NYG_GB,2022,REG,5,2022-10-09,09:30,GB,NYG,22.0,27.0,-5.0,49.0,8.5,42.0,-397.0,331.0,-115.0,104.0,-102.0,-110.0,7,7,Tottenham Stadium,outdoors,,,
2022_05_PIT_BUF,2022,REG,5,2022-10-09,13:00,BUF,PIT,38.0,3.0,35.0,41.0,14.0,44.0,-749.0,568.0,-102.0,-108.0,-110.0,-103.0,7,7,New Era Field,outdoors,a_turf,,
2022_05_LAC_CLE,2022,REG,5,2022-10-09,13:00,CLE,LAC,28.0,30.0,-2.0,58.0,-1.0,47.0,103.0,-114.0,-104.0,-106.0,102.0,-114.0,7,7,FirstEnergy Stadium,outdoors,grass,,
2022_05_HOU_JAX,2022,REG,5,2022-10-09,13:00,JAX,HOU,6.0,13.0,-7.0,19.0,7.0,44.0,-304.0,261.0,102.0,-113.0,-101.0,-112.0,7,7,TIAA Bank Stadium,outdoors,grass,,
2022_05_CHI_MIN,2022,REG,5,2022-10-09,13:00,MIN,CHI,29.0,22.0,7.0,51.0,10.0,44.0,-385.0,322.0,105.0,-116.0,-106.0,-106.0,7,7,U.S. Bank Stadium,dome,sportturf,,
2022_05_DET_NE,2022,REG,5,2022-10-09,13:00,NE,DET,29.0,0.0,29.0,29.0,3.0,46.5,-148.0,133.0,102.0,-113.0,-114.0,101.0,7,7,Gillette Stadium,outdoors,fieldturf,,
2022_05_SEA_NO,2022,REG,5,2022-10-09,13:00,NO,SEA,39.0,32.0,7.0,71.0,5.5,45.5,-229.0,201.0,-104.0,-106.0,100.0,-113.0,7,7,Mercedes-Benz Superdome,dome,sportturf,,
2022_05_MIA_NYJ,2022,REG,5,2022-10-09,13:00,NYJ,MIA,40.0,17.0,23.0,57.0,-3.0,46.0,146.0,-162.0,100.0,-110.0,-111.0,-101.0,7,10,MetLife Stadium,outdoors,fieldturf,,
2022_05_ATL_TB,2022,REG,5,2022-10-09,13:00,TB,ATL,21.0,15.0,6.0,36.0,10.5,46.0,-430.0,355.0,102.0,-113.0,-113.0,101.0,7,7,Raymond James Stadium,outdoors,grass,,
2022_05_TEN_WAS,2022,REG,5,2022-10-09,13:00,WAS,TEN,17.0,21.0,-4.0,38.0,-1.0,43.0,-100.0,-110.0,-108.0,-102.0,-106.0,-106.0,7,7,FedExField,outdoors,grass,,
2022_05_SF_CAR,2022,REG,5,2022-10-09,16:05,CAR,SF,15.0,37.0,-22.0,52.0,-6.0,40.0,206.0,-234.0,-109.0,-102.0,-108.0,-104.0,7,6,Bank of America Stadium,outdoors,grass,,
2022_05_PHI_ARI,2022,REG,5,2022-10-09,16:25,ARI,PHI,17.0,20.0,-3.0,37.0,-5.5,48.5,196.0,-222.0,-111.0,101.0,-113.0,101.0,7,7,State Farm Stadium,closed,grass,,
2022_05_DAL_LA,2022,REG,5,2022-10-09,16:25,LA,DAL,10.0,22.0,-12.0,32.0,5.5,42.0,-220.0,195.0,102.0,-112.0,-106.0,-106.0,6,7,SoFi Stadium,dome,matrixturf,,
2022_05_CIN_BAL,2022,REG,5,2022-10-09,20:20,BAL,CIN,19.0,17.0,2.0,36.0,3.0,47.5,-168.0,151.0,-114.0,103.0,-108.0,-104.0,7,10,M&T Bank Stadium,outdoors,grass,,
2022_05_LV_KC,2022,REG,5,2022-10-10,20:15,KC,LV,30.0,29.0,1.0,59.0,7.5,51.5,-321.0,275.0,113.0,-125.0,-103.0,-109.0,8,8,GEHA Field at Arrowhead Stadium,outdoors,grass,,
2022_06_WAS_CHI,2022,REG,6,2022-10-13,20:15,CHI,WAS,7.0,12.0,-5.0,19.0,-1.0,38.5,109.0,-120.0,102.0,-112.0,-107.0,-105.0,4,4,Soldier Field,outdoors,grass,,
2022_06_SF_ATL,2022,REG,6,2022-10-16,13:00,ATL,SF,28.0,14.0,14.0,42.0,-3.5,46.0,166.0,-185.0,-110.0,-100.0,-103.0,-109.0,7,7,Mercedes-Benz Stadium,open,fieldturf,,
2022_06_NE_CLE,2022,REG,6,2022-10-16,13:00,CLE,NE,15.0,38.0,-23.0,53.0,2.5,43.0,-140.0,127.0,-111.0,101.0,-108.0,-104.0,7,7,FirstEnergy Stadium,outdoors,grass,,
2022_06_NYJ_GB,2022,REG,6,2022-10-16,13:00,GB,NYJ,10.0,27.0,-17.0,37.0,7.5,44.5,-362.0,305.0,-109.0,-101.0,-111.0,-101.0,7,7,Lambeau Field,outdoors,grass,,
2022_06_JAX_IND,2022,REG,6,2022-10-16,13:00,IND,JAX,34.0,27.0,7.0,61.0,1.0,41.0,-122.0,110.0,-114.0,103.0,-113.0,100.0,10,7,Lucas Oil Stadium,open,fieldturf,,
2022_06_MIN_MIA,2022,REG,6,2022-10-16,13:00,MIA,MIN,16.0,24.0,-8.0,40.0,-3.0,45.0,157.0,-175.0,109.0,-120.0,-105.0,-107.0,7,7,Hard Rock Stadium,outdoors,grass,,
2022_06_CIN_NO,2022,REG,6,2022-10-16,13:00,NO,CIN,26.0,30.0,-4.0,56.0,-3.0,42.5,148.0,-164.0,100.0,-110.0,-108.0,-104.0,7,7,Mercedes-Benz Superdome,dome,sportturf,,
2022_06_BAL_NYG,2022,REG,6,2022-10-16,13:00,NYG,BAL,24.0,20.0,4.0,44.0,-5.5,46.0,206.0,-234.0,-103.0,-107.0,-102.0,-110.0,7,7,MetLife Stadium,outdoors,fieldturf,,
2022_06_TB_PIT,2022,REG,6,2022-10-16,13:00,PIT,TB,20.0,18.0,2.0,38.0,-10.0,47.0,323.0,-386.0,-113.0,103.0,104.0,-117.0,7,7,Acrisure Stadium,outdoors,grass,,
2022_06_CAR_LA,2022,REG,6,2022-10-16,16:05,LA,CAR,24.0,10.0,14.0,34.0,10.0,41.5,-413.0,343.0,102.0,-112.0,-103.0,-109.0,7,7,SoFi Stadium,dome,matrixturf,,
2022_06_ARI_SEA,2022,REG,6,2022-10-16,16:05,SEA,ARI,19.0,9.0,10.0,28.0,-2.5,50.0,123.0,-136.0,-104.0,-106.0,-110.0,-102.0,7,7,Lumen Field,outdoors,fieldturf,,
2022_06_BUF_KC,2022,REG,6,2022-10-16,16:25,KC,BUF,20.0,24.0,-4.0,44.0,-2.5,54.0,132.0,-146.0,105.0,-116.0,-107.0,-105.0,6,7,GEHA Field at Arrowhead Stadium,outdoors,grass,,
2022_06_DAL_PHI,2022,REG,6,2022-10-16,20:20,PHI,DAL,26.0,17.0,9.0,43.0,6.5,42.5,-292.0,252.0,-120.0,109.0,-108.0,-104.0,7,7,Lincoln Financial Field,outdoors,grass,,
2022_06_DEN_LAC,2022,REG,6,2022-10-17,20:15,LAC,DEN,19.0,16.0,3.0,35.0,3.5,45.5,-186.0,166.0,-107.0,-103.0,102.0,-115.0,8,11,SoFi Stadium,dome,matrixturf,,
2022_07_NO_ARI,2022,REG,7,2022-10-20,20:15,ARI,NO,42.0,34.0,8.0,76.0,2.5,44.0,-140.0,126.0,-109.0,-101.0,101.0,-114.0,4,4,State Farm Stadium,open,grass,,
2022_07_CLE_BAL,2022,REG,7,2022-10-23,13:00,BAL,CLE,23.0,20.0,3.0,43.0,6.5,46.0,-282.0,244.0,-110.0,100.0,-112.0,-100.0,7,7,M&T Bank Stadium,outdoors,grass,,
2022_07_TB_CAR,2022,REG,7,2022-10-23,13:00,CAR,TB,21.0,3.0,18.0,24.0,-13.0,39.5,524.0,-680.0,-107.0,-103.0,103.0,-116.0,7,7,Bank of America Stadium,outdoors,grass,,
2022_07_ATL_CIN,2022,REG,7,2022-10-23,13:00,CIN,ATL,35.0,17.0,18.0,52.0,6.5,47.5,-271.0,235.0,-110.0,-100.0,-112.0,100.0,7,7,Paycor Stadium,outdoors,fieldturf,,
2022_07_DET_DAL,2022,REG,7,2022-10-23,13:00,DAL,DET,24.0,6.0,18.0,30.0,7.0,49.5,-278.0,241.0,102.0,-112.0,-110.0,-102.0,7,14,AT&T Stadium,closed,matrixturf,,
2022_07_NYG_JAX,2022,REG,7,2022-10-23,13:00,JAX,NYG,17.0,23.0,-6.0,40.0,3.0,44.0,-165.0,148.0,-112.0,102.0,-107.0,-105.0,7,7,TIAA Bank Stadium,outdoors,grass,,
2022_07_IND_TEN,2022,REG,7,2022-10-23,13:00,TEN,IND,19.0,10.0,9.0,29.0,2.5,43.0,-143.0,129.0,-108.0,-102.0,-109.0,-104.0,14,7,Nissan Stadium,outdoors,grass,,
2022_07_GB_WAS,2022,REG,7,2022-10-23,13:00,WAS,GB,23.0,21.0,2.0,44.0,-4.0,41.5,173.0,-195.0,-108.0,-102.0,-107.0,-105.0,10,7,FedExField,outdoors,grass,,
2022_07_NYJ_DEN,2022,REG,7,2022-10-23,16:05,DEN,NYJ,9.0,16.0,-7.0,25.0,-2.0,37.0,115.0,-127.0,-104.0,-106.0,101.0,-114.0,6,7,Empower Field at Mile High,outdoors,grass,,
2022_07_HOU_LV,2022,REG,7,2022-10-23,16:05,LV,HOU,38.0,20.0,18.0,58.0,7.0,46.0,-325.0,278.0,-115.0,104.0,-108.0,-104.0,13,14,Allegiant Stadium,dome,grass,,
2022_07_SEA_LAC,2022,REG,7,2022-10-23,16:25,LAC,SEA,23.0,37.0,-14.0,60.0,5.5,51.5,-219.0,193.0,101.0,-111.0,101.0,-114.0,6,7,SoFi Stadium,dome,matrixturf,,
2022_07_KC_SF,2022,REG,7,2022-10-23,16:25,SF,KC,23.0,44.0,-21.0,67.0,-1.0,49.0,-104.0,-106.0,-112.0,102.0,101.0,-114.0,7,7,Levi's Stadium,outdoors,,,
2022_07_PIT_MIA,2022,REG,7,2022-10-23,20:20,MIA,PIT,16.0,10.0,6.0,26.0,7.5,44.5,-297.0,255.0,108.0,-119.0,-105.0,-107.0,7,7,Hard Rock Stadium,outdoors,grass,,
2022_07_CHI_NE,2022,REG,7,2022-10-24,20:15,NE,CHI,14.0,33.0,-19.0,47.0,9.5,40.0,-392.0,327.0,-100.0,-110.0,-106.0,-106.0,8,11,Gillette Stadium,outdoors,fieldturf,,
2022_08_BAL_TB,2022,REG,8,2022-10-27,20:15,TB,BAL,22.0,27.0,-5.0,49.0,2.0,46.0,-128.0,116.0,-106.0,-104.0,-110.0,-102.0,4,4,Raymond James Stadium,outdoors,grass,,
2022_08_DEN_JAX,2022,REG,8,2022-10-30,09:30,JAX,DEN,17.0,21.0,-4.0,38.0,1.0,41.0,-107.0,-103.0,101.0,-112.0,-109.0,-103.0,7,7,Wembley Stadium,outdoors,,,
2022_08_CAR_ATL,2022,REG,8,2022-10-30,13:00,ATL,CAR,37.0,34.0,3.0,71.0,4.5,41.0,-201.0,178.0,-100.0,-110.0,-106.0,-106.0,7,7,Mercedes-Benz Stadium,closed,fieldturf,,
2022_08_CHI_DAL,2022,REG,8,2022-10-30,13:00,DAL,CHI,49.0,29.0,20.0,78.0,10.5,43.0,-430.0,355.0,109.0,-121.0,-104.0,-108.0,7,6,AT&T Stadium,open,matrixturf,,
2022_08_MIA_DET,2022,REG,8,2022-10-30,13:00,DET,MIA,27.0,31.0,-4.0,58.0,-3.5,52.0,169.0,-190.0,102.0,-112.0,-104.0,-108.0,7,7,Ford Field,dome,fieldturf,,
2022_08_ARI_MIN,2022,REG,8,2022-10-30,13:00,MIN,ARI,34.0,26.0,8.0,60.0,4.0,48.5,-199.0,177.0,-105.0,-105.0,-106.0,-106.0,14,10,U.S. Bank Stadium,dome,sportturf,,
2022_08_LV_NO,2022,REG,8,2022-10-30,13:00,NO,LV,24.0,0.0,24.0,24.0,-1.0,48.5,108.0,-119.0,101.0,-111.0,-101.0,-111.0,10,7,Mercedes-Benz Superdome,dome,sportturf,,
2022_08_NE_NYJ,2022,REG,8,2022-10-30,13:00,NYJ,NE,17.0,22.0,-5.0,39.0,-3.0,40.0,140.0,-155.0,-107.0,-103.0,-110.0,-102.0,7,6,MetLife Stadium,outdoors,fieldturf,,
2022_08_PIT_PHI,2022,REG,8,2022-10-30,13:00,PHI,PIT,35.0,13.0,22.0,48.0,11.0,43.0,-490.0,397.0,-112.0,102.0,-102.0,-110.0,14,7,Lincoln Financial Field,outdoors,grass,,
2022_08_TEN_HOU,2022,REG,8,2022-10-30,16:05,HOU,TEN,10.0,17.0,-7.0,27.0,-1.0,39.0,104.0,-115.0,-103.0,-107.0,-110.0,-102.0,7,7,NRG Stadium,closed,astroturf,,
2022_08_WAS_IND,2022,REG,8,2022-10-30,16:25,IND,WAS,16.0,17.0,-1.0,33.0,3.0,40.5,-151.0,136.0,103.0,-114.0,-102.0,-110.0,7,7,Lucas Oil Stadium,closed,fieldturf,,
2022_08_SF_LA,2022,REG,8,2022-10-30,16:25,LA,SF,14.0,31.0,-17.0,45.0,-1.0,42.0,-106.0,-104.0,-114.0,103.0,-109.0,-103.0,14,7,SoFi Stadium,dome,matrixturf,,
2022_08_NYG_SEA,2022,REG,8,2022-10-30,16:25,SEA,NYG,27.0,13.0,14.0,40.0,3.0,44.5,-164.0,147.0,-110.0,-100.0,-102.0,-110.0,7,7,Lumen Field,outdoors,fieldturf,,
2022_08_GB_BUF,2022,REG,8,2022-10-30,20:20,BUF,GB,27.0,17.0,10.0,44.0,10.5,47.0,-445.0,365.0,100.0,-110.0,-108.0,-104.0,14,7,New Era Field,outdoors,a_turf,,
2022_08_CIN_CLE,2022,REG,8,2022-10-31,20:15,CLE,CIN,32.0,13.0,19.0,45.0,-3.0,45.0,147.0,-163.0,102.0,-112.0,-110.0,-102.0,8,8,FirstEnergy Stadium,outdoors,grass,66.0,9.0
2022_09_PHI_HOU,2022,REG,9,2022-11-03,20:15,HOU,PHI,17.0,29.0,-12.0,46.0,-14.0,45.5,539.0,-702.0,-113.0,102.0,-101.0,-112.0,4,4,NRG Stadium,closed,astroturf,,
2022_09_LAC_ATL,2022,REG,9,2022-11-06,13:00,ATL,LAC,17.0,20.0,-3.0,37.0,-2.5,49.5,130.0,-143.0,103.0,-114.0,-107.0,-105.0,7,14,Mercedes-Benz Stadium,open,fieldturf,,
2022_09_MIA_CHI,2022,REG,9,2022-11-06,13:00,CHI,MIA,32.0,35.0,-3.0,67.0,-4.0,46.0,172.0,-193.0,-107.0,-103.0,-108.0,-104.0,7,7,Soldier Field,outdoors,grass,58.0,17.0
2022_09_CAR_CIN,2022,REG,9,2022-11-06,13:00,CIN,CAR,42.0,21.0,21.0,63.0,7.0,43.0,-331.0,282.0,-110.0,-100.0,101.0,-114.0,6,7,Paycor Stadium,outdoors,fieldturf,68.0,11.0
2022_09_GB_DET,2022,REG,9,2022-11-06,13:00,DET,GB,15.0,9.0,6.0,24.0,-4.0,49.5,170.0,-191.0,-103.0,-107.0,-105.0,-107.0,7,7,Ford Field,dome,fieldturf,,
2022_09_LV_JAX,2022,REG,9,2022-11-06,13:00,JAX,LV,27.0,20.0,7.0,47.0,-2.5,47.5,116.0,-129.0,-108.0,-102.0,-118.0,105.0,7,7,TIAA Bank Stadium,outdoors,grass,81.0,14.0
2022_09_IND_NE,2022,REG,9,2022-11-06,13:00,NE,IND,26.0,3.0,23.0,29.0,5.0,40.0,-212.0,188.0,104.0,-115.0,-103.0,-109.0,7,7,Gillette Stadium,outdoors,fieldturf,78.0,13.0
2022_09_BUF_NYJ,2022,REG,9,2022-11-06,13:00,NYJ,BUF,20.0,17.0,3.0,37.0,-11.0,46.0,400.0,-494.0,-114.0,103.0,-110.0,-102.0,7,7,MetLife Stadium,outdoors,fieldturf,69.0,17.0
2022_09_MIN_WAS,2022,REG,9,2022-11-06,13:00,WAS,MIN,17.0,20.0,-3.0,37.0,-3.0,43.5,151.0,-169.0,108.0,-119.0,-106.0,-106.0,7,7,FedExField,outdoors,grass,71.0,11.0
2022_09_SEA_ARI,2022,REG,9,2022-11-06,16:05,ARI,SEA,21.0,31.0,-10.0,52.0,1.5,49.5,-128.0,116.0,-113.0,102.0,103.0,-115.0,7,7,State Farm Stadium,open,grass,,
2022_09_LA_TB,2022,REG,9,2022-11-06,16:25,TB,LA,16.0,13.0,3.0,29.0,3.0,43.0,-158.0,142.0,-106.0,-104.0,-104.0,-108.0,10,7,Raymond James Stadium,outdoors,grass,88.0,2.0
2022_09_TEN_KC,2022,REG,9,2022-11-06,20:20,KC,TEN,20.0,17.0,3.0,37.0,14.0,45.0,-689.0,530.0,-103.0,-107.0,-106.0,-106.0,14,7,GEHA Field at Arrowhead Stadium,outdoors,grass,54.0,7.0
2022_09_BAL_NO,2022,REG,9,2022-11-07,20:15,NO,BAL,13.0,27.0,-14.0,40.0,-1.0,46.0,112.0,-124.0,106.0,-117.0,-104.0,-108.0,8,11,Mercedes-Benz Superdome,dome,sportturf,,
2022_10_ATL_CAR,2022,REG,10,2022-11-10,20:15,CAR,ATL,25.0,15.0,10.0,40.0,-2.5,41.5,119.0,-132.0,-107.0,-103.0,-106.0,-106.0,4,4,Bank of America Stadium,outdoors,grass,61.0,12.0
2022_10_SEA_TB,2022,REG,10,2022-11-13,09:30,TB,SEA,21.0,16.0,5.0,37.0,2.5,45.0,-138.0,124.0,-114.0,103.0,-108.0,-104.0,7,7,Allianz Arena,outdoors,,,
2022_10_MIN_BUF,2022,REG,10,2022-11-13,13:00,BUF,MIN,30.0,33.0,-3.0,63.0,6.5,47.0,-264.0,230.0,-106.0,-104.0,-107.0,-105.0,7,7,New Era Field,outdoors,a_turf,38.0,11.0
2022_10_DET_CHI,2022,REG,10,2022-11-13,13:00,CHI,DET,30.0,31.0,-1.0,61.0,3.0,48.5,-159.0,143.0,-105.0,-105.0,101.0,-114.0,7,7,Soldier Field,outdoors,grass,34.0,13.0
2022_10_JAX_KC,2022,REG,10,2022-11-13,13:00,KC,JAX,27.0,17.0,10.0,44.0,10.0,51.5,-399.0,333.0,109.0,-120.0,-102.0,-110.0,7,7,GEHA Field at Arrowhead Stadium,outdoors,grass,33.0,7.0
2022_10_CLE_MIA,2022,REG,10,2022-11-13,13:00,MIA,CLE,39.0,17.0,22.0,56.0,3.0,49.0,-177.0,158.0,-123.0,112.0,-110.0,-102.0,7,13,Hard Rock Stadium,outdoors,grass,85.0,7.0
2022_10_HOU_NYG,2022,REG,10,2022-11-13,13:00,NYG,HOU,24.0,16.0,8.0,40.0,5.5,41.5,-221.0,195.0,102.0,-112.0,-103.0,-109.0,14,10,MetLife Stadium,outdoors,fieldturf,50.0,15.0
2022_10_NO_PIT,2022,REG,10,2022-11-13,13:00,PIT,NO,20.0,10.0,10.0,30.0,1.0,39.5,-116.0,105.0,-107.0,-103.0,-109.0,-104.0,14,6,Acrisure Stadium,outdoors,grass,37.0,15.0
2022_10_DEN_TEN,2022,REG,10,2022-11-13,13:00,TEN,DEN,17.0,10.0,7.0,27.0,2.5,40.0,-135.0,122.0,-105.0,-105.0,-105.0,-107.0,7,14,Nissan Stadium,outdoors,grass,36.0,9.0
2022_10_IND_LV,2022,REG,10,2022-11-13,16:05,LV,IND,20.0,25.0,-5.0,45.0,4.5,41.0,-199.0,177.0,101.0,-112.0,-114.0,101.0,7,7,Allegiant Stadium,dome,grass,,
2022_10_DAL_GB,2022,REG,10,2022-11-13,16:25,GB,DAL,31.0,28.0,3.0,59.0,-3.5,44.5,177.0,-199.0,102.0,-113.0,-108.0,-104.0,7,14,Lambeau Field,outdoors,grass,33.0,8.0
2022_10_ARI_LA,2022,REG,10,2022-11-13,16:25,LA,ARI,17.0,27.0,-10.0,44.0,3.5,38.0,-183.0,160.0,-102.0,-110.0,-104.0,-108.0,7,7,SoFi Stadium,dome,matrixturf,,
2022_10_LAC_SF,2022,REG,10,2022-11-13,20:20,SF,LAC,22.0,16.0,6.0,38.0,8.5,45.5,-357.0,302.0,-105.0,-105.0,-113.0,101.0,14,7,Levi's Stadium,outdoors,grass,57.0,6.0
2022_10_WAS_PHI,2022,REG,10,2022-11-14,20:15,PHI,WAS,21.0,32.0,-11.0,53.0,11.0,43.0,-501.0,405.0,-103.0,-107.0,-109.0,-103.0,11,8,Lincoln Financial Field,outdoors,grass,43.0,6.0
2022_11_TEN_GB,2022,REG,11,2022-11-17,20:15,GB,TEN,17.0,27.0,-10.0,44.0,3.0,40.5,-171.0,153.0,-117.0,106.0,-103.0,-109.0,4,4,Lambeau Field,outdoors,grass,25.0,11.0
2022_11_CHI_ATL,2022,REG,11,2022-11-20,13:00,ATL,CHI,27.0,24.0,3.0,51.0,3.0,48.5,-138.0,125.0,110.0,-122.0,-104.0,-108.0,10,7,Mercedes-Benz Stadium,closed,fieldturf,,
2022_11_CAR_BAL,2022,REG,11,2022-11-20,13:00,BAL,CAR,13.0,3.0,10.0,16.0,13.0,42.0,-647.0,503.0,106.0,-117.0,-100.0,-112.0,13,10,M&T Bank Stadium,outdoors,grass,36.0,2.0
2022_11_CLE_BUF,2022,REG,11,2022-11-20,13:00,BUF,CLE,31.0,23.0,8.0,54.0,7.5,50.5,-353.0,298.0,-108.0,-103.0,-109.0,-103.0,7,7,Ford Field,dome,fieldturf,,
2022_11_WAS_HOU,2022,REG,11,2022-11-20,13:00,HOU,WAS,10.0,23.0,-13.0,33.0,-3.0,41.0,135.0,-150.0,-110.0,-100.0,-106.0,-106.0,7,6,NRG Stadium,closed,astroturf,,
2022_11_PHI_IND,2022,REG,11,2022-11-20,13:00,IND,PHI,16.0,17.0,-1.0,33.0,-6.5,45.5,235.0,-270.0,-102.0,-108.0,-109.0,-103.0,7,6,Lucas Oil Stadium,closed,fieldturf,,
2022_11_NYJ_NE,2022,REG,11,2022-11-20,13:00,NE,NYJ,10.0,3.0,7.0,13.0,3.5,38.5,-182.0,163.0,-102.0,-109.0,-109.0,-103.0,14,14,Gillette Stadium,outdoors,fieldturf,42.0,2.0
2022_11_LA_NO,2022,REG,11,2022-11-20,13:00,NO,LA,27.0,20.0,7.0,47.0,2.5,39.5,-124.0,112.0,104.0,-115.0,-106.0,-106.0,7,7,Mercedes-Benz Superdome,dome,sportturf,,
2022_11_DET_NYG,2022,REG,11,2022-11-20,13:00,NYG,DET,18.0,31.0,-13.0,49.0,3.0,44.0,-159.0,143.0,-107.0,-104.0,-116.0,103.0,7,7,MetLife Stadium,outdoors,fieldturf,35.0,21.0
2022_11_LV_DEN,2022,REG,11,2022-11-20,16:05,DEN,LV,16.0,22.0,-6.0,38.0,2.5,41.5,-145.0,131.0,-117.0,106.0,100.0,-113.0,7,7,Empower Field at Mile High,outdoors,grass,49.0,11.0
2022_11_DAL_MIN,2022,REG,11,2022-11-20,16:25,MIN,DAL,3.0,40.0,-37.0,43.0,-1.5,48.5,118.0,-131.0,104.0,-115.0,-103.0,-109.0,7,7,U.S. Bank Stadium,dome,sportturf,,
2022_11_CIN_PIT,2022,REG,11,2022-11-20,16:25,PIT,CIN,30.0,37.0,-7.0,67.0,-3.5,39.0,163.0,-182.0,-111.0,101.0,-112.0,100.0,7,14,Acrisure Stadium,outdoors,grass,27.0,12.0
2022_11_KC_LAC,2022,REG,11,2022-11-20,20:20,LAC,KC,27.0,30.0,-3.0,57.0,-5.5,52.5,203.0,-231.0,-108.0,-102.0,-110.0,-102.0,7,7,SoFi Stadium,dome,matrixturf,,
2022_11_SF_ARI,2022,REG,11,2022-11-21,20:15,ARI,SF,10.0,38.0,-28.0,48.0,-10.0,43.5,350.0,-422.0,-113.0,103.0,101.0,-114.0,8,8,Azteca Stadium,outdoors,,,
2022_12_BUF_DET,2022,REG,12,2022-11-24,12:30,DET,BUF,25.0,28.0,-3.0,53.0,-10.0,54.0,342.0,-412.0,-116.0,105.0,-110.0,-102.0,4,4,Ford Field,dome,fieldturf,,
2022_12_NYG_DAL,2022,REG,12,2022-11-24,16:30,DAL,NYG,28.0,20.0,8.0,48.0,10.5,45.5,-441.0,363.0,104.0,-114.0,-106.0,-106.0,4,4,AT&T Stadium,closed,matrixturf,,
2022_12_NE_MIN,2022,REG,12,2022-11-24,20:20,MIN,NE,33.0,26.0,7.0,59.0,2.5,42.5,-136.0,123.0,-108.0,-102.0,-106.0,-106.0,4,4,U.S. Bank Stadium,dome,sportturf,,
2022_12_DEN_CAR,2022,REG,12,2022-11-27,13:00,CAR,DEN,23.0,10.0,13.0,33.0,-1.0,36.5,105.0,-116.0,-101.0,-109.0,-101.0,-111.0,7,7,Bank of America Stadium,outdoors,grass,66.0,15.0
2022_12_TB_CLE,2022,REG,12,2022-11-27,13:00,CLE,TB,23.0,17.0,6.0,40.0,-3.0,42.0,151.0,-169.0,107.0,-118.0,-109.0,-103.0,7,14,FirstEnergy Stadium,outdoors,grass,56.0,14.0
2022_12_BAL_JAX,2022,REG,12,2022-11-27,13:00,JAX,BAL,28.0,27.0,1.0,55.0,-3.5,43.0,147.0,-164.0,-123.0,111.0,-111.0,-102.0,14,7,TIAA Bank Stadium,outdoors,grass,77.0,19.0
2022_12_HOU_MIA,2022,REG,12,2022-11-27,13:00,MIA,HOU,30.0,15.0,15.0,45.0,14.0,47.0,-822.0,613.0,-109.0,-101.0,-109.0,-103.0,14,7,Hard Rock Stadium,outdoors,grass,84.0,13.0
2022_12_CHI_NYJ,2022,REG,12,2022-11-27,13:00,NYJ,CHI,31.0,10.0,21.0,41.0,8.5,36.5,-375.0,315.0,-103.0,-107.0,-109.0,-103.0,7,7,MetLife Stadium,outdoors,fieldturf,50.0,9.0
2022_12_CIN_TEN,2022,REG,12,2022-11-27,13:00,TEN,CIN,16.0,20.0,-4.0,36.0,-1.0,43.0,-105.0,-105.0,-113.0,102.0,105.0,-118.0,10,7,Nissan Stadium,outdoors,grass,56.0,14.0
2022_12_ATL_WAS,2022,REG,12,2022-11-27,13:00,WAS,ATL,19.0,13.0,6.0,32.0,3.5,40.5,-183.0,163.0,-100.0,-110.0,101.0,-114.0,7,7,FedExField,outdoors,grass,46.0,9.0
2022_12_LAC_ARI,2022,REG,12,2022-11-27,16:05,ARI,LAC,24.0,25.0,-1.0,49.0,-2.5,48.5,123.0,-136.0,-102.0,-108.0,-112.0,-100.0,6,7,State Farm Stadium,closed,grass,,
2022_12_LV_SEA,2022,REG,12,2022-11-27,16:05,SEA,LV,34.0,40.0,-6.0,74.0,4.0,47.5,-196.0,174.0,-103.0,-107.0,-109.0,-103.0,14,7,Lumen Field,outdoors,fieldturf,44.0,8.0
2022_12_LA_KC,2022,REG,12,2022-11-27,16:25,KC,LA,26.0,10.0,16.0,36.0,16.5,42.0,-1088.0,768.0,105.0,-115.0,-104.0,-108.0,7,7,GEHA Field at Arrowhead Stadium,outdoors,grass,44.0,6.0
2022_12_NO_SF,2022,REG,12,2022-11-27,16:25,SF,NO,13.0,0.0,13.0,13.0,9.5,44.0,-392.0,327.0,103.0,-113.0,103.0,-116.0,6,7,Levi's Stadium,outdoors,grass,59.0,2.0
2022_12_GB_PHI,2022,REG,12,2022-11-27,20:20,PHI,GB,40.0,33.0,7.0,73.0,6.5,46.0,-278.0,241.0,-105.0,-105.0,-106.0,-106.0,7,10,Lincoln Financial Field,outdoors,grass,62.0,24.0
2022_12_PIT_IND,2022,REG,12,2022-11-28,20:15,IND,PIT,17.0,24.0,-7.0,41.0,2.5,40.0,-128.0,116.0,-100.0,-110.0,101.0,-114.0,8,8,Lucas Oil Stadium,closed,fieldturf,,
2022_13_BUF_NE,2022,REG,13,2022-12-01,20:15,NE,BUF,10.0,24.0,-14.0,34.0,-3.5,43.5,165.0,-185.0,-105.0,-105.0,-109.0,-103.0,7,7,Gillette Stadium,outdoors,fieldturf,35.0,2.0
2022_13_PIT_ATL,2022,REG,13,2022-12-04,13:00,ATL,PIT,16.0,19.0,-3.0,35.0,-1.0,43.0,103.0,-113.0,-105.0,-105.0,-104.0,-108.0,7,6,Mercedes-Benz Stadium,closed,fieldturf,,
2022_13_DEN_BAL,2022,REG,13,2022-12-04,13:00,BAL,DEN,10.0,9.0,1.0,19.0,9.5,40.5,-347.0,294.0,112.0,-124.0,-113.0,100.0,7,7,M&T Bank Stadium,outdoors,grass,63.0,8.0
2022_13_GB_CHI,2022,REG,13,2022-12-04,13:00,CHI,GB,19.0,28.0,-9.0,47.0,-4.0,45.0,163.0,-182.0,-116.0,105.0,101.0,-114.0,7,7,Soldier Field,outdoors,grass,38.0,12.0
2022_13_JAX_DET,2022,REG,13,2022-12-04,13:00,DET,JAX,40.0,14.0,26.0,54.0,1.0,51.5,-118.0,107.0,-110.0,-100.0,101.0,-114.0,10,7,Ford Field,dome,fieldturf,,
2022_13_CLE_HOU,2022,REG,13,2022-12-04,13:00,HOU,CLE,14.0,27.0,-13.0,41.0,-7.5,47.0,280.0,-329.0,-102.0,-108.0,106.0,-119.0,7,7,NRG Stadium,closed,astroturf,,
2022_13_NYJ_MIN,2022,REG,13,2022-12-04,13:00,MIN,NYJ,27.0,22.0,5.0,49.0,3.0,44.0,-146.0,132.0,106.0,-117.0,-104.0,-108.0,10,7,U.S. Bank Stadium,dome,sportturf,,
2022_13_WAS_NYG,2022,REG,13,2022-12-04,13:00,NYG,WAS,20.0,20.0,0.0,40.0,-2.5,40.0,113.0,-124.0,-116.0,105.0,-108.0,-104.0,10,7,MetLife Stadium,outdoors,fieldturf,40.0,9.0
2022_13_TEN_PHI,2022,REG,13,2022-12-04,13:00,PHI,TEN,35.0,10.0,25.0,45.0,5.0,44.5,-213.0,189.0,-101.0,-109.0,-114.0,101.0,7,7,Lincoln Financial Field,outdoors,grass,60.0,7.0
2022_13_SEA_LA,2022,REG,13,2022-12-04,16:05,LA,SEA,23.0,27.0,-4.0,50.0,-7.0,41.0,252.0,-292.0,-118.0,107.0,-114.0,101.0,7,7,SoFi Stadium,dome,matrixturf,,
2022_13_MIA_SF,2022,REG,13,2022-12-04,16:05,SF,MIA,33.0,17.0,16.0,50.0,4.5,46.0,-222.0,196.0,-111.0,101.0,-102.0,-110.0,7,7,Levi's Stadium,outdoors,grass,38.0,6.0
2022_13_KC_CIN,2022,REG,13,2022-12-04,16:25,CIN,KC,27.0,24.0,3.0,51.0,-2.5,53.0,120.0,-132.0,-102.0,-108.0,-105.0,-107.0,7,7,Paycor Stadium,outdoors,fieldturf,57.0,2.0
2022_13_LAC_LV,2022,REG,13,2022-12-04,16:25,LV,LAC,27.0,20.0,7.0,47.0,2.5,49.0,-139.0,125.0,-109.0,-102.0,-114.0,102.0,7,7,Allegiant Stadium,dome,grass,,
2022_13_IND_DAL,2022,REG,13,2022-12-04,20:20,DAL,IND,54.0,19.0,35.0,73.0,11.0,44.5,-460.0,376.0,-101.0,-109.0,-108.0,-104.0,10,6,AT&T Stadium,closed,matrixturf,,
2022_13_NO_TB,2022,REG,13,2022-12-05,20:15,TB,NO,17.0,16.0,1.0,33.0,3.5,41.0,-190.0,169.0,-105.0,-105.0,-105.0,-107.0,8,8,Raymond James Stadium,outdoors,grass,69.0,2.0
2022_14_LV_LA,2022,REG,14,2022-12-08,20:15,LA,LV,17.0,16.0,1.0,33.0,-6.5,42.5,245.0,-283.0,101.0,-112.0,102.0,-115.0,4,4,SoFi Stadium,dome,matrixturf,,
2022_14_NYJ_BUF,2022,REG,14,2022-12-11,13:00,BUF,NYJ,20.0,12.0,8.0,32.0,10.0,43.5,-398.0,332.0,-102.0,-108.0,-108.0,-104.0,10,7,New Era Field,outdoors,a_turf,36.0,11.0
2022_14_CLE_CIN,2022,REG,14,2022-12-11,13:00,CIN,CLE,23.0,10.0,13.0,33.0,4.5,47.0,-204.0,181.0,-102.0,-108.0,-105.0,-108.0,7,7,Paycor Stadium,outdoors,fieldturf,47.0,8.0
2022_14_HOU_DAL,2022,REG,14,2022-12-11,13:00,DAL,HOU,27.0,23.0,4.0,50.0,17.0,44.5,-1365.0,918.0,-115.0,104.0,-104.0,-108.0,7,7,AT&T Stadium,closed,matrixturf,,
2022_14_MIN_DET,2022,REG,14,2022-12-11,13:00,DET,MIN,34.0,23.0,11.0,57.0,2.5,51.5,-132.0,119.0,-102.0,-108.0,-102.0,-110.0,7,7,Ford Field,dome,fieldturf,,
2022_14_PHI_NYG,2022,REG,14,2022-12-11,13:00,NYG,PHI,22.0,48.0,-26.0,70.0,-7.5,44.5,260.0,-302.0,-115.0,104.0,-103.0,-109.0,7,7,MetLife Stadium,outdoors,fieldturf,37.0,6.0
2022_14_BAL_PIT,2022,REG,14,2022-12-11,13:00,PIT,BAL,14.0,16.0,-2.0,30.0,1.5,37.0,-124.0,112.0,-109.0,-101.0,101.0,-114.0,7,7,Acrisure Stadium,outdoors,grass,42.0,12.0
2022_14_JAX_TEN,2022,REG,14,2022-12-11,13:00,TEN,JAX,22.0,36.0,-14.0,58.0,3.0,42.0,-169.0,151.0,-117.0,106.0,-101.0,-112.0,7,7,Nissan Stadium,outdoors,grass,54.0,8.0
2022_14_KC_DEN,2022,REG,14,2022-12-11,16:05,DEN,KC,28.0,34.0,-6.0,62.0,-8.5,44.5,329.0,-394.0,-103.0,-108.0,-100.0,-112.0,7,7,Empower Field at Mile High,outdoors,grass,55.0,4.0
2022_14_CAR_SEA,2022,REG,14,2022-12-11,16:25,SEA,CAR,24.0,30.0,-6.0,54.0,3.5,44.5,-200.0,178.0,-117.0,106.0,-104.0,-109.0,7,14,Lumen Field,outdoors,fieldturf,45.0,4.0
2022_14_TB_SF,2022,REG,14,2022-12-11,16:25,SF,TB,35.0,7.0,28.0,42.0,3.5,38.0,-196.0,175.0,-103.0,-107.0,-117.0,104.0,7,6,Levi's Stadium,outdoors,grass,54.0,8.0
2022_14_MIA_LAC,2022,REG,14,2022-12-11,20:20,LAC,MIA,23.0,17.0,6.0,40.0,-3.0,54.5,146.0,-163.0,102.0,-113.0,-110.0,-102.0,7,7,SoFi Stadium,dome,matrixturf,,
2022_14_NE_ARI,2022,REG,14,2022-12-12,20:15,ARI,NE,13.0,27.0,-14.0,40.0,-2.0,44.0,113.0,-125.0,-106.0,-104.0,-110.0,-103.0,15,11,State Farm Stadium,closed,grass,,
2022_15_SF_SEA,2022,REG,15,2022-12-15,20:15,SEA,SF,13.0,21.0,-8.0,34.0,-3.0,43.0,152.0,-169.0,104.0,-115.0,-103.0,-109.0,4,4,Lumen Field,outdoors,fieldturf,,
2022_15_IND_MIN,2022,REG,15,2022-12-17,13:00,MIN,IND,39.0,36.0,3.0,75.0,3.5,46.5,-188.0,168.0,-107.0,-103.0,-105.0,-107.0,6,13,U.S. Bank Stadium,dome,sportturf,,
2022_15_BAL_CLE,2022,REG,15,2022-12-17,16:30,CLE,BAL,13.0,3.0,10.0,16.0,2.5,39.5,-155.0,139.0,-125.0,113.0,-105.0,-107.0,6,6,FirstEnergy Stadium,outdoors,grass,34.0,12.0
2022_15_MIA_BUF,2022,REG,15,2022-12-17,20:15,BUF,MIA,32.0,29.0,3.0,61.0,7.0,44.0,-320.0,273.0,-106.0,-104.0,-119.0,106.0,6,6,New Era Field,outdoors,a_turf,29.0,4.0
2022_15_PIT_CAR,2022,REG,15,2022-12-18,13:00,CAR,PIT,16.0,24.0,-8.0,40.0,2.5,36.5,-145.0,130.0,-110.0,-100.0,-114.0,101.0,7,7,Bank of America Stadium,outdoors,grass,47.0,7.0
2022_15_PHI_CHI,2022,REG,15,2022-12-18,13:00,CHI,PHI,20.0,25.0,-5.0,45.0,-8.5,48.0,323.0,-386.0,-106.0,-104.0,-103.0,-110.0,14,7,Soldier Field,outdoors,grass,17.0,17.0
2022_15_KC_HOU,2022,REG,15,2022-12-18,13:00,HOU,KC,24.0,30.0,-6.0,54.0,-14.5,48.5,572.0,-755.0,-120.0,109.0,-103.0,-109.0,7,7,NRG Stadium,closed,astroturf,,
2022_15_DAL_JAX,2022,REG,15,2022-12-18,13:00,JAX,DAL,40.0,34.0,6.0,74.0,-4.0,48.5,168.0,-188.0,-110.0,100.0,-110.0,-103.0,7,7,TIAA Bank Stadium,outdoors,grass,54.0,9.0
2022_15_ATL_NO,2022,REG,15,2022-12-18,13:00,NO,ATL,21.0,18.0,3.0,39.0,5.0,43.5,-231.0,203.0,-113.0,103.0,-103.0,-109.0,13,14,Mercedes-Benz Superdome,dome,sportturf,,
2022_15_DET_NYJ,2022,REG,15,2022-12-18,13:00,NYJ,DET,17.0,20.0,-3.0,37.0,2.0,44.0,-132.0,120.0,-110.0,-100.0,-103.0,-109.0,7,7,MetLife Stadium,outdoors,fieldturf,38.0,13.0
2022_15_ARI_DEN,2022,REG,15,2022-12-18,16:05,DEN,ARI,24.0,15.0,9.0,39.0,1.5,37.5,-121.0,110.0,-106.0,-104.0,-103.0,-110.0,7,6,Empower Field at Mile High,outdoors,grass,37.0,4.0
2022_15_NE_LV,2022,REG,15,2022-12-18,16:05,LV,NE,30.0,24.0,6.0,54.0,1.0,45.0,-129.0,117.0,-122.0,111.0,-108.0,-105.0,10,6,Allegiant Stadium,dome,grass,,
2022_15_TEN_LAC,2022,REG,15,2022-12-18,16:25,LAC,TEN,17.0,14.0,3.0,31.0,3.0,46.5,-158.0,142.0,-102.0,-108.0,-112.0,-101.0,7,7,SoFi Stadium,dome,matrixturf,,
2022_15_CIN_TB,2022,REG,15,2022-12-18,16:25,TB,CIN,23.0,34.0,-11.0,57.0,-3.5,47.0,150.0,-167.0,-120.0,108.0,-114.0,101.0,7,7,Raymond James Stadium,outdoors,grass,66.0,6.0
2022_15_NYG_WAS,2022,REG,15,2022-12-18,20:20,WAS,NYG,12.0,20.0,-8.0,32.0,4.5,40.5,-203.0,180.0,103.0,-114.0,-108.0,-104.0,14,7,FedExField,outdoors,grass,35.0,13.0
2022_15_LA_GB,2022,REG,15,2022-12-19,20:15,GB,LA,24.0,12.0,12.0,36.0,8.0,39.5,-356.0,301.0,101.0,-111.0,-111.0,-101.0,15,11,Lambeau Field,outdoors,grass,15.0,4.0
2022_16_JAX_NYJ,2022,REG,16,2022-12-22,20:15,NYJ,JAX,3.0,19.0,-16.0,22.0,2.5,36.5,-136.0,123.0,-106.0,-104.0,-106.0,-106.0,4,4,MetLife Stadium,outdoors,fieldturf,43.0,17.0
2022_16_ATL_BAL,2022,REG,16,2022-12-24,13:00,BAL,ATL,17.0,9.0,8.0,26.0,6.5,35.0,-274.0,238.0,-102.0,-108.0,-107.0,-105.0,7,6,M&T Bank Stadium,outdoors,grass,17.0,9.0
2022_16_DET_CAR,2022,REG,16,2022-12-24,13:00,CAR,DET,37.0,23.0,14.0,60.0,-2.5,43.5,117.0,-129.0,-111.0,101.0,-100.0,-112.0,6,6,Bank of America Stadium,outdoors,grass,20.0,12.0
2022_16_BUF_CHI,2022,REG,16,2022-12-24,13:00,CHI,BUF,13.0,35.0,-22.0,48.0,-8.0,40.0,304.0,-360.0,-100.0,-110.0,-115.0,102.0,6,7,Soldier Field,outdoors,grass,7.0,17.0
2022_16_NO_CLE,2022,REG,16,2022-12-24,13:00,CLE,NO,10.0,17.0,-7.0,27.0,3.0,32.0,-181.0,162.0,-123.0,111.0,-104.0,-108.0,7,6,FirstEnergy Stadium,outdoors,grass,6.0,27.0
2022_16_SEA_KC,2022,REG,16,2022-12-24,13:00,KC,SEA,24.0,10.0,14.0,34.0,10.5,50.5,-447.0,367.0,-103.0,-107.0,-107.0,-105.0,6,9,GEHA Field at Arrowhead Stadium,outdoors,grass,12.0,9.0
2022_16_NYG_MIN,2022,REG,16,2022-12-24,13:00,MIN,NYG,27.0,24.0,3.0,51.0,4.5,48.0,-215.0,191.0,-108.0,-102.0,-104.0,-109.0,7,6,U.S. Bank Stadium,dome,sportturf,,
2022_16_CIN_NE,2022,REG,16,2022-12-24,13:00,NE,CIN,18.0,22.0,-4.0,40.0,-3.0,42.0,136.0,-151.0,-110.0,100.0,-103.0,-109.0,6,6,Gillette Stadium,outdoors,fieldturf,21.0,2.0
2022_16_HOU_TEN,2022,REG,16,2022-12-24,14:00,TEN,HOU,14.0,19.0,-5.0,33.0,3.0,34.0,-170.0,153.0,-113.0,103.0,-101.0,-111.0,6,6,Nissan Stadium,outdoors,grass,22.0,14.0
2022_16_WAS_SF,2022,REG,16,2022-12-24,16:05,SF,WAS,37.0,20.0,17.0,57.0,6.5,37.5,-279.0,241.0,-103.0,-107.0,102.0,-114.0,9,6,Levi's Stadium,outdoors,grass,54.0,2.0
2022_16_PHI_DAL,2022,REG,16,2022-12-24,16:25,DAL,PHI,40.0,34.0,6.0,74.0,4.0,48.0,-200.0,178.0,-106.0,-104.0,-101.0,-112.0,6,6,AT&T Stadium,closed,matrixturf,,
2022_16_LV_PIT,2022,REG,16,2022-12-24,20:15,PIT,LV,13.0,10.0,3.0,23.0,2.5,38.5,-141.0,127.0,-102.0,-108.0,-102.0,-110.0,6,6,Acrisure Stadium,outdoors,grass,9.0,21.0
2022_16_GB_MIA,2022,REG,16,2022-12-25,13:00,MIA,GB,20.0,26.0,-6.0,46.0,3.5,49.0,-182.0,163.0,-103.0,-107.0,-109.0,-103.0,8,6,Hard Rock Stadium,outdoors,grass,45.0,14.0
2022_16_DEN_LA,2022,REG,16,2022-12-25,16:30,LA,DEN,51.0,14.0,37.0,65.0,-3.0,36.5,155.0,-173.0,105.0,-116.0,-103.0,-109.0,6,7,SoFi Stadium,dome,matrixturf,,
2022_16_TB_ARI,2022,REG,16,2022-12-25,20:20,ARI,TB,16.0,19.0,-3.0,35.0,-7.5,41.5,273.0,-320.0,-113.0,102.0,-108.0,-104.0,7,7,State Farm Stadium,open,grass,,
2022_16_LAC_IND,2022,REG,16,2022-12-26,20:15,IND,LAC,3.0,20.0,-17.0,23.0,-3.5,44.5,165.0,-185.0,-108.0,-102.0,-109.0,-103.0,9,8,Lucas Oil Stadium,closed,fieldturf,,
2022_17_DAL_TEN,2022,REG,17,2022-12-29,20:15,TEN,DAL,13.0,27.0,-14.0,40.0,-14.0,41.0,563.0,-741.0,-110.0,-100.0,101.0,-113.0,5,5,Nissan Stadium,outdoors,grass,56.0,4.0
2022_17_ARI_ATL,2022,REG,17,2023-01-01,13:00,ATL,ARI,20.0,19.0,1.0,39.0,7.0,41.0,-279.0,241.0,108.0,-119.0,100.0,-113.0,8,7,Mercedes-Benz Stadium,closed,fieldturf,,
2022_17_CHI_DET,2022,REG,17,2023-01-01,13:00,DET,CHI,41.0,10.0,31.0,51.0,4.5,52.5,-219.0,194.0,-105.0,-105.0,-101.0,-111.0,8,8,Ford Field,dome,fieldturf,,
2022_17_JAX_HOU,2022,REG,17,2023-01-01,13:00,HOU,JAX,3.0,31.0,-28.0,34.0,-3.5,43.0,167.0,-187.0,-106.0,-104.0,-115.0,102.0,8,10,NRG Stadium,closed,astroturf,,
2022_17_DEN_KC,2022,REG,17,2023-01-01,13:00,KC,DEN,27.0,24.0,3.0,51.0,13.5,46.0,-711.0,544.0,104.0,-114.0,-108.0,-104.0,8,7,GEHA Field at Arrowhead Stadium,outdoors,grass,47.0,2.0
2022_17_MIA_NE,2022,REG,17,2023-01-01,13:00,NE,MIA,23.0,21.0,2.0,44.0,3.0,41.5,-160.0,144.0,-104.0,-106.0,-105.0,-107.0,8,7,Gillette Stadium,outdoors,fieldturf,53.0,2.0
2022_17_IND_NYG,2022,REG,17,2023-01-01,13:00,NYG,IND,38.0,10.0,28.0,48.0,5.5,38.5,-229.0,202.0,-105.0,-105.0,-109.0,-103.0,8,6,MetLife Stadium,outdoors,fieldturf,52.0,14.0
2022_17_NO_PHI,2022,REG,17,2023-01-01,13:00,PHI,NO,10.0,20.0,-10.0,30.0,5.5,41.5,-225.0,198.0,-100.0,-110.0,-113.0,101.0,8,8,Lincoln Financial Field,outdoors,grass,54.0,11.0
2022_17_CAR_TB,2022,REG,17,2023-01-01,13:00,TB,CAR,30.0,24.0,6.0,54.0,3.5,40.5,-184.0,164.0,-100.0,-110.0,-109.0,-103.0,7,8,Raymond James Stadium,outdoors,grass,75.0,2.0
2022_17_CLE_WAS,2022,REG,17,2023-01-01,13:00,WAS,CLE,10.0,24.0,-14.0,34.0,1.0,41.5,-117.0,106.0,-110.0,-101.0,-103.0,-109.0,8,8,FedExField,outdoors,grass,59.0,9.0
2022_17_SF_LV,2022,REG,17,2023-01-01,16:05,LV,SF,34.0,37.0,-3.0,71.0,-10.0,41.5,371.0,-453.0,-107.0,-103.0,-105.0,-107.0,8,8,Allegiant Stadium,dome,grass,,
2022_17_NYJ_SEA,2022,REG,17,2023-01-01,16:05,SEA,NYJ,23.0,6.0,17.0,29.0,-1.0,43.0,102.0,-113.0,-105.0,-105.0,-109.0,-103.0,8,10,Lumen Field,outdoors,fieldturf,45.0,2.0
2022_17_MIN_GB,2022,REG,17,2023-01-01,16:25,GB,MIN,41.0,17.0,24.0,58.0,3.0,47.5,-173.0,155.0,-117.0,106.0,-109.0,-103.0,7,8,Lambeau Field,outdoors,grass,39.0,7.0
2022_17_LA_LAC,2022,REG,17,2023-01-01,16:25,LAC,LA,31.0,10.0,21.0,41.0,6.5,41.5,-283.0,244.0,-108.0,-102.0,-100.0,-112.0,6,7,SoFi Stadium,dome,matrixturf,,
2022_17_PIT_BAL,2022,REG,17,2023-01-01,20:20,BAL,PIT,13.0,16.0,-3.0,29.0,1.0,35.5,-121.0,110.0,-113.0,102.0,-107.0,-105.0,8,8,M&T Bank Stadium,outdoors,grass,44.0,2.0
2022_18_KC_LV,2022,REG,18,2023-01-07,16:30,LV,KC,13.0,31.0,-18.0,44.0,-9.0,51.5,338.0,-407.0,-105.0,-105.0,-104.0,-108.0,6,6,Allegiant Stadium,dome,grass,,
2022_18_TEN_JAX,2022,REG,18,2023-01-07,20:15,JAX,TEN,20.0,16.0,4.0,36.0,6.0,39.5,-260.0,227.0,-104.0,-106.0,-106.0,-106.0,6,9,TIAA Bank Stadium,outdoors,grass,56.0,4.0
2022_18_TB_ATL,2022,REG,18,2023-01-08,13:00,ATL,TB,30.0,17.0,13.0,47.0,6.0,40.5,-235.0,207.0,100.0,-110.0,-106.0,-106.0,7,7,Mercedes-Benz Stadium,closed,fieldturf,,
2022_18_NE_BUF,2022,REG,18,2023-01-08,13:00,BUF,NE,35.0,23.0,12.0,58.0,8.0,44.0,-373.0,314.0,-115.0,104.0,-108.0,-104.0,6,7,New Era Field,outdoors,a_turf,30.0,6.0
2022_18_MIN_CHI,2022,REG,18,2023-01-08,13:00,CHI,MIN,13.0,29.0,-16.0,42.0,-6.5,42.5,227.0,-260.0,-106.0,-104.0,-109.0,-103.0,7,7,Soldier Field,outdoors,grass,32.0,2.0
2022_18_BAL_CIN,2022,REG,18,2023-01-08,13:00,CIN,BAL,27.0,16.0,11.0,43.0,11.0,39.0,-603.0,474.0,-116.0,105.0,-110.0,-102.0,6,7,Paycor Stadium,outdoors,fieldturf,38.0,7.0
2022_18_HOU_IND,2022,REG,18,2023-01-08,13:00,IND,HOU,31.0,32.0,-1.0,63.0,3.0,38.0,-142.0,128.0,108.0,-119.0,-101.0,-111.0,7,7,Lucas Oil Stadium,closed,fieldturf,,
2022_18_NYJ_MIA,2022,REG,18,2023-01-08,13:00,MIA,NYJ,11.0,6.0,5.0,17.0,3.5,37.5,-200.0,178.0,-107.0,-103.0,-103.0,-110.0,7,7,Hard Rock Stadium,outdoors,grass,75.0,9.0
2022_18_CAR_NO,2022,REG,18,2023-01-08,13:00,NO,CAR,7.0,10.0,-3.0,17.0,3.5,41.5,-179.0,160.0,103.0,-114.0,-105.0,-107.0,7,7,Mercedes-Benz Superdome,dome,sportturf,,
2022_18_CLE_PIT,2022,REG,18,2023-01-08,13:00,PIT,CLE,28.0,14.0,14.0,42.0,2.5,40.0,-142.0,128.0,-109.0,-101.0,-106.0,-106.0,7,7,Acrisure Stadium,outdoors,grass,36.0,8.0
2022_18_LAC_DEN,2022,REG,18,2023-01-08,16:25,DEN,LAC,31.0,28.0,3.0,59.0,6.0,38.5,-254.0,222.0,-106.0,-104.0,-110.0,-103.0,7,7,Empower Field at Mile High,outdoors,grass,43.0,4.0
2022_18_NYG_PHI,2022,REG,18,2023-01-08,16:25,PHI,NYG,22.0,16.0,6.0,38.0,16.5,42.5,-1252.0,858.0,-107.0,-103.0,-107.0,-105.0,7,7,Lincoln Financial Field,outdoors,grass,43.0,12.0
2022_18_LA_SEA,2022,REG,18,2023-01-08,16:25,SEA,LA,19.0,16.0,3.0,35.0,5.5,41.5,-224.0,198.0,102.0,-112.0,-111.0,-101.0,7,7,Lumen Field,outdoors,fieldturf,45.0,4.0
2022_18_ARI_SF,2022,REG,18,2023-01-08,16:25,SF,ARI,38.0,13.0,25.0,51.0,14.0,40.0,-1061.0,753.0,-111.0,100.0,-105.0,-107.0,7,7,Levi's Stadium,outdoors,grass,57.0,2.0
2022_18_DAL_WAS,2022,REG,18,2023-01-08,16:25,WAS,DAL,26.0,6.0,20.0,32.0,-7.5,40.5,274.0,-320.0,-110.0,-100.0,-108.0,-104.0,7,10,FedExField,outdoors,grass,42.0,7.0
2022_18_DET_GB,2022,REG,18,2023-01-08,20:20,GB,DET,16.0,20.0,-4.0,36.0,5.5,49.0,-273.0,237.0,-100.0,-110.0,101.0,-113.0,7,7,Lambeau Field,outdoors,grass,21.0,4.0
2022_19_SEA_SF,2022,WC,19,2023-01-14,16:30,SF,SEA,41.0,23.0,18.0,64.0,10.0,42.0,-447.0,367.0,112.0,-123.0,-110.0,-102.0,6,6,Levi's Stadium,outdoors,grass,57.0,11.0
2022_19_LAC_JAX,2022,WC,19,2023-01-14,20:15,JAX,LAC,31.0,30.0,1.0,61.0,-2.0,46.5,114.0,-126.0,-108.0,-102.0,-107.0,-105.0,7,6,TIAA Bank Stadium,outdoors,grass,37.0,4.0
2022_19_MIA_BUF,2022,WC,19,2023-01-15,13:00,BUF,MIA,34.0,31.0,3.0,65.0,14.0,44.0,-882.0,649.0,105.0,-116.0,-107.0,-105.0,7,7,New Era Field,outdoors,a_turf,27.0,4.0
2022_19_NYG_MIN,2022,WC,19,2023-01-15,16:50,MIN,NYG,24.0,31.0,-7.0,55.0,2.5,48.0,-142.0,129.0,-113.0,103.0,-108.0,-104.0,7,7,U.S. Bank Stadium,dome,sportturf,,
2022_19_BAL_CIN,2022,WC,19,2023-01-15,20:15,CIN,BAL,24.0,17.0,7.0,41.0,7.5,40.0,-370.0,311.0,-106.0,-104.0,-108.0,-104.0,7,7,Paycor Stadium,outdoors,fieldturf,30.0,4.0
2022_19_DAL_TB,2022,WC,19,2023-01-16,20:15,TB,DAL,14.0,31.0,-17.0,45.0,-2.5,45.5,122.0,-135.0,-103.0,-108.0,-107.0,-105.0,8,8,Raymond James Stadium,outdoors,grass,58.0,2.0
2022_20_JAX_KC,2022,DIV,20,2023-01-21,16:30,KC,JAX,27.0,20.0,7.0,47.0,10.0,52.5,-461.0,377.0,108.0,-119.0,103.0,-116.0,14,7,GEHA Field at Arrowhead Stadium,outdoors,grass,36.0,6.0
2022_20_NYG_PHI,2022,DIV,20,2023-01-21,20:15,PHI,NYG,38.0,7.0,31.0,45.0,8.0,48.0,-360.0,304.0,-111.0,101.0,101.0,-113.0,13,6,Lincoln Financial Field,outdoors,grass,40.0,6.0
2022_20_CIN_BUF,2022,DIV,20,2023-01-22,15:00,BUF,CIN,10.0,27.0,-17.0,37.0,6.0,48.5,-259.0,226.0,-103.0,-107.0,-105.0,-107.0,7,7,New Era Field,outdoors,a_turf,32.0,4.0
2022_20_DAL_SF,2022,DIV,20,2023-01-22,18:30,SF,DAL,19.0,12.0,7.0,31.0,3.5,46.5,-183.0,164.0,-103.0,-107.0,-107.0,-105.0,8,6,Levi's Stadium,outdoors,grass,55.0,19.0
2022_21_SF_PHI,2022,CON,21,2023-01-29,15:00,PHI,SF,31.0,7.0,24.0,38.0,2.5,45.0,-147.0,133.0,-116.0,105.0,101.0,-114.0,8,7,Lincoln Financial Field,outdoors,grass,52.0,14.0
2022_21_CIN_KC,2022,CON,21,2023-01-29,18:30,KC,CIN,23.0,20.0,3.0,43.0,2.0,48.5,-131.0,119.0,-107.0,-103.0,-106.0,-106.0,8,7,GEHA Field at Arrowhead Stadium,outdoors,grass,22.0,13.0
2022_22_KC_PHI,2022,SB,22,2023-02-12,18:30,PHI,KC,35.0,38.0,-3.0,73.0,1.0,51.0,-115.0,104.0,-107.0,-103.0,-108.0,-104.0,14,14,State Farm Stadium,closed,grass,,
2023_01_DET_KC,2023,REG,1,2023-09-07,20:20,KC,DET,20.0,21.0,-1.0,41.0,4.0,53.0,-198.0,164.0,-110.0,-110.0,-110.0,-110.0,7,7,GEHA Field at Arrowhead Stadium,outdoors,,,
2023_01_CAR_ATL,2023,REG,1,2023-09-10,13:00,ATL,CAR,24.0,10.0,14.0,34.0,3.5,40.5,-192.0,160.0,-112.0,-108.0,-110.0,-110.0,7,7,Mercedes-Benz Stadium,closed,,,
2023_01_HOU_BAL,2023,REG,1,2023-09-10,13:00,BAL,HOU,25.0,9.0,16.0,34.0,9.5,43.5,-500.0,380.0,-110.0,-110.0,-110.0,-110.0,7,7,M&T Bank Stadium,outdoors,,,
2023_01_CIN_CLE,2023,REG,1,2023-09-10,13:00,CLE,CIN,24.0,3.0,21.0,27.0,-1.0,46.5,-108.0,-112.0,-115.0,-105.0,-110.0,-110.0,7,7,FirstEnergy Stadium,outdoors,,,
2023_01_JAX_IND,2023,REG,1,2023-09-10,13:00,IND,JAX,21.0,31.0,-10.0,52.0,-4.0,45.5,170.0,-205.0,-112.0,-108.0,-110.0,-110.0,7,7,Lucas Oil Stadium,closed,,,
2023_01_TB_MIN,2023,REG,1,2023-09-10,13:00,MIN,TB,17.0,20.0,-3.0,37.0,4.0,45.0,-205.0,170.0,-110.0,-110.0,-110.0,-110.0,7,7,U.S. Bank Stadium,dome,,,
2023_01_TEN_NO,2023,REG,1,2023-09-10,13:00,NO,TEN,16.0,15.0,1.0,31.0,3.0,41.0,-148.0,124.0,-102.0,-118.0,-110.0,-110.0,7,7,Mercedes-Benz Superdome,dome,,,
2023_01_SF_PIT,2023,REG,1,2023-09-10,13:00,PIT,SF,7.0,30.0,-23.0,37.0,-1.5,41.5,100.0,-120.0,-112.0,-108.0,-110.0,-110.0,7,7,Acrisure Stadium,outdoors,,,
2023_01_ARI_WAS,2023,REG,1,2023-09-10,13:00,WAS,ARI,20.0,16.0,4.0,36.0,7.0,38.0,-340.0,270.0,-112.0,-108.0,-110.0,-110.0,7,7,FedExField,outdoors,,,
2023_01_GB_CHI,2023,REG,1,2023-09-10,16:25,CHI,GB,20.0,38.0,-18.0,58.0,1.0,41.0,-118.0,-102.0,-110.0,-110.0,-108.0,-112.0,7,7,Soldier Field,outdoors,,,
2023_01_LV_DEN,2023,REG,1,2023-09-10,16:25,DEN,LV,16.0,17.0,-1.0,33.0,3.0,43.0,-162.0,136.0,-115.0,-105.0,-110.0,-110.0,7,7,Empower Field at Mile High,outdoors,,,
2023_01_MIA_LAC,2023,REG,1,2023-09-10,16:25,LAC,MIA,34.0,36.0,-2.0,70.0,3.0,50.5,-162.0,136.0,-110.0,-110.0,-110.0,-110.0,7,7,SoFi Stadium,dome,,,
2023_01_PHI_NE,2023,REG,1,2023-09-10,16:25,NE,PHI,20.0,25.0,-5.0,45.0,-3.5,44.5,154.0,-185.0,-110.0,-110.0,-108.0,-112.0,7,7,Gillette Stadium,outdoors,,,
2023_01_LA_SEA,2023,REG,1,2023-09-10,16:25,SEA,LA,13.0,30.0,-17.0,43.0,4.5,45.0,-218.0,180.0,-110.0,-110.0,-110.0,-110.0,7,7,Lumen Field,outdoors,,,
2023_01_DAL_NYG,2023,REG,1,2023-09-10,20:20,NYG,DAL,0.0,40.0,-40.0,40.0,-3.5,44.5,142.0,-170.0,-120.0,100.0,-110.0,-110.0,7,7,MetLife Stadium,outdoors,,,
2023_01_BUF_NYJ,2023,REG,1,2023-09-11,20:15,NYJ,BUF,22.0,16.0,6.0,38.0,-2.5,44.5,114.0,-135.0,-110.0,-110.0,-110.0,-110.0,7,7,MetLife Stadium,outdoors,,,
2023_02_MIN_PHI,2023,REG,2,2023-09-14,20:15,PHI,MIN,34.0,28.0,6.0,62.0,6.0,49.0,-238.0,195.0,-110.0,-110.0,-110.0,-110.0,4,4,Lincoln Financial Field,outdoors,,,
2023_02_GB_ATL,2023,REG,2,2023-09-17,13:00,ATL,GB,25.0,24.0,1.0,49.0,3.0,40.5,-148.0,124.0,-105.0,-115.0,-110.0,-110.0,7,7,Mercedes-Benz Stadium,open,,,
2023_02_LV_BUF,2023,REG,2,2023-09-17,13:00,BUF,LV,38.0,10.0,28.0,48.0,7.5,47.0,-355.0,280.0,-110.0,-110.0,-110.0,-110.0,6,7,New Era Field,outdoors,,,
2023_02_BAL_CIN,2023,REG,2,2023-09-17,13:00,CIN,BAL,24.0,27.0,-3.0,51.0,3.5,45.5,-175.0,145.0,-102.0,-118.0,-110.0,-110.0,7,7,Paycor Stadium,outdoors,,,
2023_02_SEA_DET,2023,REG,2,2023-09-17,13:00,DET,SEA,31.0,37.0,-6.0,68.0,4.5,47.5,-218.0,180.0,-110.0,-110.0,-112.0,-108.0,10,7,Ford Field,dome,,,
2023_02_IND_HOU,2023,REG,2,2023-09-17,13:00,HOU,IND,20.0,31.0,-11.0,51.0,-1.0,40.0,-110.0,-110.0,-115.0,-105.0,-110.0,-110.0,7,7,NRG Stadium,open,,,
2023_02_KC_JAX,2023,REG,2,2023-09-17,13:00,JAX,KC,9.0,17.0,-8.0,26.0,-3.5,50.5,142.0,-170.0,-118.0,-102.0,-110.0,-110.0,7,10,TIAA Bank Stadium,outdoors,,,
2023_02_CHI_TB,2023,REG,2,2023-09-17,13:00,TB,CHI,27.0,17.0,10.0,44.0,2.5,41.0,-135.0,114.0,-110.0,-110.0,-110.0,-110.0,7,7,Raymond James Stadium,outdoors,,,
2023_02_LAC_TEN,2023,REG,2,2023-09-17,13:00,TEN,LAC,27.0,24.0,3.0,51.0,-2.5,45.5,120.0,-142.0,-102.0,-118.0,-110.0,-110.0,7,7,Nissan Stadium,outdoors,,,
2023_02_NYG_ARI,2023,REG,2,2023-09-17,16:05,ARI,NYG,28.0,31.0,-3.0,59.0,-5.0,40.0,185.0,-225.0,-110.0,-110.0,-110.0,-110.0,7,7,State Farm Stadium,closed,,,
2023_02_SF_LA,2023,REG,2,2023-09-17,16:05,LA,SF,23.0,30.0,-7.0,53.0,-7.5,45.0,270.0,-340.0,-115.0,-105.0,-110.0,-110.0,7,7,SoFi Stadium,dome,,,
2023_02_NYJ_DAL,2023,REG,2,2023-09-17,16:25,DAL,NYJ,30.0,10.0,20.0,40.0,8.5,38.5,-380.0,300.0,-110.0,-110.0,-110.0,-110.0,7,6,AT&T Stadium,open,,,
2023_02_WAS_DEN,2023,REG,2,2023-09-17,16:25,DEN,WAS,33.0,35.0,-2.0,68.0,4.0,38.5,-198.0,164.0,-110.0,-110.0,-110.0,-110.0,7,7,Empower Field at Mile High,outdoors,,,
2023_02_MIA_NE,2023,REG,2,2023-09-17,20:20,NE,MIA,17.0,24.0,-7.0,41.0,-2.0,46.5,110.0,-130.0,-108.0,-112.0,-108.0,-112.0,7,7,Gillette Stadium,outdoors,,,
2023_02_NO_CAR,2023,REG,2,2023-09-18,19:15,CAR,NO,17.0,20.0,-3.0,37.0,-3.0,39.5,145.0,-175.0,-102.0,-118.0,-112.0,-108.0,8,8,Bank of America Stadium,outdoors,,,
2023_02_CLE_PIT,2023,REG,2,2023-09-18,20:15,PIT,CLE,26.0,22.0,4.0,48.0,-2.5,39.0,124.0,-148.0,-105.0,-115.0,-110.0,-110.0,8,8,Acrisure Stadium,outdoors,,,
2023_03_NYG_SF,2023,REG,3,2023-09-21,20:15,SF,NYG,30.0,12.0,18.0,42.0,10.5,43.5,-535.0,400.0,-115.0,-105.0,-112.0,-108.0,4,4,Levi's Stadium,outdoors,grass,77.0,13.0
2023_03_IND_BAL,2023,REG,3,2023-09-24,13:00,BAL,IND,19.0,22.0,-3.0,41.0,7.5,43.5,-380.0,300.0,-110.0,-110.0,-110.0,-110.0,7,7,M&T Bank Stadium,outdoors,grass,68.0,3.0
2023_03_TEN_CLE,2023,REG,3,2023-09-24,13:00,CLE,TEN,27.0,3.0,24.0,30.0,3.5,38.0,-185.0,154.0,-110.0,-110.0,-110.0,-110.0,6,7,FirstEnergy Stadium,outdoors,grass,68.0,5.0
2023_03_ATL_DET,2023,REG,3,2023-09-24,13:00,DET,ATL,20.0,6.0,14.0,26.0,3.0,47.5,-166.0,140.0,-120.0,100.0,-112.0,-108.0,7,7,Ford Field,dome,fieldturf,,
2023_03_NO_GB,2023,REG,3,2023-09-24,13:00,GB,NO,18.0,17.0,1.0,35.0,-1.5,41.5,105.0,-125.0,-110.0,-110.0,-110.0,-110.0,7,6,Lambeau Field,outdoors,grass,68.0,10.0
2023_03_HOU_JAX,2023,REG,3,2023-09-24,13:00,JAX,HOU,17.0,37.0,-20.0,54.0,7.5,43.5,-380.0,300.0,-110.0,-110.0,-110.0,-110.0,7,7,TIAA Bank Stadium,outdoors,grass,84.0,6.0
2023_03_DEN_MIA,2023,REG,3,2023-09-24,13:00,MIA,DEN,70.0,20.0,50.0,90.0,6.0,47.5,-250.0,205.0,-110.0,-110.0,-110.0,-110.0,7,7,Hard Rock Stadium,outdoors,grass,86.0,5.0
2023_03_LAC_MIN,2023,REG,3,2023-09-24,13:00,MIN,LAC,24.0,28.0,-4.0,52.0,1.0,54.0,-110.0,-110.0,-105.0,-115.0,-110.0,-110.0,10,7,U.S. Bank Stadium,dome,sportturf,,
2023_03_NE_NYJ,2023,REG,3,2023-09-24,13:00,NYJ,NE,10.0,15.0,-5.0,25.0,-2.5,35.5,120.0,-142.0,-108.0,-112.0,-110.0,-110.0,7,7,MetLife Stadium,outdoors,fieldturf,64.0,14.0
2023_03_BUF_WAS,2023,REG,3,2023-09-24,13:00,WAS,BUF,3.0,37.0,-34.0,40.0,-5.5,44.0,200.0,-245.0,-105.0,-115.0,-112.0,-108.0,7,7,FedExField,outdoors,grass,65.0,1.0
2023_03_CAR_SEA,2023,REG,3,2023-09-24,16:05,SEA,CAR,37.0,27.0,10.0,64.0,5.0,42.5,-225.0,185.0,-110.0,-110.0,-110.0,-110.0,7,6,Lumen Field,outdoors,fieldturf,61.0,2.0
2023_03_DAL_ARI,2023,REG,3,2023-09-24,16:25,ARI,DAL,28.0,16.0,12.0,44.0,-11.5,43.5,470.0,-650.0,-110.0,-110.0,-110.0,-110.0,7,7,State Farm Stadium,open,grass,,
2023_03_CHI_KC,2023,REG,3,2023-09-24,16:25,KC,CHI,41.0,10.0,31.0,51.0,13.0,48.0,-750.0,525.0,-110.0,-110.0,-110.0,-110.0,7,7,GEHA Field at Arrowhead Stadium,outdoors,grass,,
2023_03_PIT_LV,2023,REG,3,2023-09-24,20:20,LV,PIT,18.0,23.0,-5.0,41.0,3.0,43.5,-148.0,124.0,-110.0,-110.0,-110.0,-110.0,7,6,Allegiant Stadium,dome,grass,,
2023_03_PHI_TB,2023,REG,3,2023-09-25,19:15,TB,PHI,11.0,25.0,-14.0,36.0,-6.0,44.0,210.0,-258.0,-110.0,-110.0,-112.0,-108.0,8,11,Raymond James Stadium,outdoors,grass,90.0,4.0
2023_03_LA_CIN,2023,REG,3,2023-09-25,20:15,CIN,LA,19.0,16.0,3.0,35.0,3.0,45.5,-162.0,136.0,-120.0,100.0,-112.0,-108.0,8,8,Paycor Stadium,outdoors,fieldturf,74.0,7.0
2023_04_DET_GB,2023,REG,4,2023-09-28,20:15,GB,DET,20.0,34.0,-14.0,54.0,-2.5,45.0,120.0,-142.0,-102.0,-118.0,-110.0,-110.0,4,4,Lambeau Field,outdoors,grass,64.0,8.0
2023_04_ATL_JAX,2023,REG,4,2023-10-01,09:30,JAX,ATL,23.0,7.0,16.0,30.0,3.5,42.5,-185.0,154.0,-110.0,-110.0,-108.0,-112.0,7,7,Wembley Stadium,outdoors,,,
2023_04_MIA_BUF,2023,REG,4,2023-10-01,13:00,BUF,MIA,48.0,20.0,28.0,68.0,2.5,53.0,-142.0,120.0,-120.0,100.0,-110.0,-110.0,7,7,New Era Field,outdoors,a_turf,70.0,2.0
2023_04_MIN_CAR,2023,REG,4,2023-10-01,13:00,CAR,MIN,13.0,21.0,-8.0,34.0,-4.5,46.5,185.0,-225.0,-108.0,-112.0,-110.0,-110.0,7,7,Bank of America Stadium,outdoors,grass,78.0,7.0
2023_04_DEN_CHI,2023,REG,4,2023-10-01,13:00,CHI,DEN,28.0,31.0,-3.0,59.0,-3.0,47.0,136.0,-162.0,-108.0,-112.0,-110.0,-110.0,7,7,Soldier Field,outdoors,grass,80.0,2.0
2023_04_BAL_CLE,2023,REG,4,2023-10-01,13:00,CLE,BAL,3.0,28.0,-25.0,31.0,-2.0,38.5,114.0,-135.0,-110.0,-110.0,-110.0,-110.0,7,7,FirstEnergy Stadium,outdoors,grass,71.0,7.0
2023_04_PIT_HOU,2023,REG,4,2023-10-01,13:00,HOU,PIT,30.0,6.0,24.0,36.0,-3.0,41.5,136.0,-162.0,-110.0,-110.0,-110.0,-110.0,7,7,NRG Stadium,open,astroturf,,
2023_04_LA_IND,2023,REG,4,2023-10-01,13:00,IND,LA,23.0,29.0,-6.0,52.0,-1.0,44.5,-105.0,-115.0,-110.0,-110.0,-110.0,-110.0,7,6,Lucas Oil Stadium,open,fieldturf,,
2023_04_TB_NO,2023,REG,4,2023-10-01,13:00,NO,TB,9.0,26.0,-17.0,35.0,4.0,41.0,-205.0,170.0,-110.0,-110.0,-110.0,-110.0,7,6,Mercedes-Benz Superdome,dome,sportturf,,
2023_04_WAS_PHI,2023,REG,4,2023-10-01,13:00,PHI,WAS,34.0,31.0,3.0,65.0,9.5,43.0,-455.0,350.0,-110.0,-110.0,-110.0,-110.0,6,7,Lincoln Financial Field,outdoors,grass,,
2023_04_CIN_TEN,2023,REG,4,2023-10-01,13:00,TEN,CIN,27.0,3.0,24.0,30.0,-2.5,41.5,136.0,-162.0,100.0,-120.0,-112.0,-108.0,7,6,Nissan Stadium,outdoors,grass,82.0,4.0
2023_04_LV_LAC,2023,REG,4,2023-10-01,16:05,LAC,LV,24.0,17.0,7.0,41.0,7.0,49.0,-310.0,250.0,-105.0,-115.0,-110.0,-110.0,7,7,SoFi Stadium,dome,matrixturf,,
2023_04_NE_DAL,2023,REG,4,2023-10-01,16:25,DAL,NE,38.0,3.0,35.0,41.0,6.5,43.0,-285.0,230.0,-112.0,-108.0,-110.0,-110.0,7,7,AT&T Stadium,closed,matrixturf,,
2023_04_ARI_SF,2023,REG,4,2023-10-01,16:25,SF,ARI,35.0,16.0,19.0,51.0,15.0,44.0,-1100.0,700.0,-112.0,-108.0,-115.0,-105.0,10,7,Levi's Stadium,outdoors,grass,75.0,9.0
2023_04_KC_NYJ,2023,REG,4,2023-10-01,20:20,NYJ,KC,20.0,23.0,-3.0,43.0,-9.5,41.5,370.0,-485.0,-110.0,-110.0,-115.0,-105.0,7,7,MetLife Stadium,outdoors,fieldturf,69.0,5.0
2023_04_SEA_NYG,2023,REG,4,2023-10-02,20:15,NYG,SEA,3.0,24.0,-21.0,27.0,-2.5,46.5,120.0,-142.0,-105.0,-115.0,-105.0,-115.0,11,8,MetLife Stadium,outdoors,fieldturf,67.0,8.0
2023_05_CHI_WAS,2023,REG,5,2023-10-05,20:15,WAS,CHI,20.0,40.0,-20.0,60.0,6.0,45.5,-258.0,210.0,-110.0,-110.0,-108.0,-112.0,4,4,FedExField,outdoors,grass,70.0,1.0
2023_05_JAX_BUF,2023,REG,5,2023-10-08,09:30,BUF,JAX,20.0,25.0,-5.0,45.0,5.5,48.5,-250.0,205.0,-110.0,-110.0,-112.0,-108.0,7,7,Tottenham Stadium,outdoors,,,
2023_05_HOU_ATL,2023,REG,5,2023-10-08,13:00,ATL,HOU,21.0,19.0,2.0,40.0,2.5,42.0,-142.0,120.0,-110.0,-110.0,-110.0,-110.0,7,7,Mercedes-Benz Stadium,open,fieldturf,,
2023_05_CAR_DET,2023,REG,5,2023-10-08,13:00,DET,CAR,42.0,24.0,18.0,66.0,9.5,43.5,-455.0,350.0,-110.0,-110.0,-110.0,-110.0,10,7,Ford Field,dome,fieldturf,,
2023_05_TEN_IND,2023,REG,5,2023-10-08,13:00,IND,TEN,23.0,16.0,7.0,39.0,-2.5,43.5,120.0,-142.0,-110.0,-110.0,-110.0,-110.0,7,7,Lucas Oil Stadium,open,fieldturf,,
2023_05_NYG_MIA,2023,REG,5,2023-10-08,13:00,MIA,NYG,31.0,16.0,15.0,47.0,12.5,47.5,-750.0,525.0,-110.0,-110.0,-112.0,-108.0,7,6,Hard Rock Stadium,outdoors,grass,88.0,8.0
2023_05_NO_NE,2023,REG,5,2023-10-08,13:00,NE,NO,0.0,34.0,-34.0,34.0,2.5,38.5,-135.0,114.0,-110.0,-110.0,-110.0,-110.0,7,7,Gillette Stadium,outdoors,fieldturf,61.0,10.0
2023_05_BAL_PIT,2023,REG,5,2023-10-08,13:00,PIT,BAL,17.0,10.0,7.0,27.0,-4.5,38.5,190.0,-230.0,-108.0,-112.0,-110.0,-110.0,7,7,Acrisure Stadium,outdoors,grass,53.0,13.0
2023_05_CIN_ARI,2023,REG,5,2023-10-08,16:05,ARI,CIN,20.0,34.0,-14.0,54.0,-3.0,45.5,142.0,-170.0,100.0,-120.0,-110.0,-110.0,7,7,State Farm Stadium,closed,grass,,
2023_05_PHI_LA,2023,REG,5,2023-10-08,16:05,LA,PHI,14.0,23.0,-9.0,37.0,-3.5,50.5,160.0,-192.0,-110.0,-110.0,-110.0,-110.0,7,7,SoFi Stadium,dome,matrixturf,,
2023_05_NYJ_DEN,2023,REG,5,2023-10-08,16:25,DEN,NYJ,21.0,31.0,-10.0,52.0,2.5,42.5,-135.0,114.0,-110.0,-110.0,-110.0,-110.0,7,7,Empower Field at Mile High,outdoors,grass,73.0,9.0
2023_05_KC_MIN,2023,REG,5,2023-10-08,16:25,MIN,KC,20.0,27.0,-7.0,47.0,-3.5,52.5,150.0,-180.0,-115.0,-105.0,-110.0,-110.0,7,7,U.S. Bank Stadium,dome,sportturf,,
2023_05_DAL_SF,2023,REG,5,2023-10-08,20:20,SF,DAL,42.0,10.0,32.0,52.0,3.5,45.0,-180.0,150.0,-105.0,-115.0,-115.0,-105.0,7,7,Levi's Stadium,outdoors,grass,78.0,10.0
2023_05_GB_LV,2023,REG,5,2023-10-09,20:15,LV,GB,17.0,13.0,4.0,30.0,1.0,45.0,-118.0,-102.0,-110.0,-110.0,-110.0,-110.0,8,11,Allegiant Stadium,dome,grass,,
2023_06_DEN_KC,2023,REG,6,2023-10-12,20:15,KC,DEN,19.0,8.0,11.0,27.0,10.5,47.5,-650.0,470.0,-112.0,-108.0,-108.0,-112.0,4,4,GEHA Field at Arrowhead Stadium,outdoors,grass,,
2023_06_BAL_TEN,2023,REG,6,2023-10-15,09:30,TEN,BAL,16.0,24.0,-8.0,40.0,-5.5,42.5,205.0,-250.0,-108.0,-112.0,-110.0,-110.0,7,7,Tottenham Stadium,outdoors,,,
2023_06_WAS_ATL,2023,REG,6,2023-10-15,13:00,ATL,WAS,16.0,24.0,-8.0,40.0,1.5,42.0,-125.0,105.0,-112.0,-108.0,-110.0,-110.0,7,10,Mercedes-Benz Stadium,closed,fieldturf,,
2023_06_MIN_CHI,2023,REG,6,2023-10-15,13:00,CHI,MIN,13.0,19.0,-6.0,32.0,-3.0,44.5,140.0,-166.0,-105.0,-115.0,-108.0,-112.0,10,7,Soldier Field,outdoors,grass,53.0,16.0
2023_06_SEA_CIN,2023,REG,6,2023-10-15,13:00,CIN,SEA,17.0,13.0,4.0,30.0,3.0,45.5,-155.0,130.0,-108.0,-112.0,-112.0,-108.0,7,13,Paycor Stadium,outdoors,fieldturf,57.0,15.0
2023_06_SF_CLE,2023,REG,6,2023-10-15,13:00,CLE,SF,19.0,17.0,2.0,36.0,-9.5,36.0,360.0,-470.0,-105.0,-115.0,-110.0,-110.0,14,7,FirstEnergy Stadium,outdoors,grass,53.0,15.0
2023_06_NO_HOU,2023,REG,6,2023-10-15,13:00,HOU,NO,20.0,13.0,7.0,33.0,-2.0,42.5,110.0,-130.0,-110.0,-110.0,-108.0,-112.0,7,7,NRG Stadium,closed,astroturf,,
2023_06_IND_JAX,2023,REG,6,2023-10-15,13:00,JAX,IND,37.0,20.0,17.0,57.0,4.0,44.0,-205.0,170.0,-110.0,-110.0,-110.0,-110.0,7,7,TIAA Bank Stadium,outdoors,grass,,
2023_06_CAR_MIA,2023,REG,6,2023-10-15,13:00,MIA,CAR,42.0,21.0,21.0,63.0,14.0,47.5,-1100.0,700.0,-110.0,-110.0,-108.0,-112.0,7,7,Hard Rock Stadium,outdoors,grass,87.0,12.0
2023_06_NE_LV,2023,REG,6,2023-10-15,16:05,LV,NE,21.0,17.0,4.0,38.0,3.0,41.5,-148.0,124.0,-102.0,-118.0,-110.0,-110.0,6,7,Allegiant Stadium,dome,grass,,
2023_06_ARI_LA,2023,REG,6,2023-10-15,16:25,LA,ARI,26.0,9.0,17.0,35.0,7.0,48.0,-340.0,270.0,-115.0,-105.0,-110.0,-110.0,7,7,SoFi Stadium,dome,matrixturf,,
2023_06_PHI_NYJ,2023,REG,6,2023-10-15,16:25,NYJ,PHI,20.0,14.0,6.0,34.0,-6.5,43.0,245.0,-305.0,-105.0,-115.0,-115.0,-105.0,7,7,MetLife Stadium,outdoors,fieldturf,59.0,11.0
2023_06_DET_TB,2023,REG,6,2023-10-15,16:25,TB,DET,6.0,20.0,-14.0,26.0,-3.0,43.5,136.0,-162.0,-105.0,-115.0,-108.0,-112.0,14,7,Raymond James Stadium,outdoors,grass,77.0,13.0
2023_06_NYG_BUF,2023,REG,6,2023-10-15,20:20,BUF,NYG,14.0,9.0,5.0,23.0,15.5,43.5,-1200.0,750.0,-110.0,-110.0,-110.0,-110.0,7,7,New Era Field,outdoors,a_turf,46.0,7.0
2023_06_DAL_LAC,2023,REG,6,2023-10-16,20:15,LAC,DAL,17.0,20.0,-3.0,37.0,-1.5,49.5,110.0,-130.0,-108.0,-112.0,-112.0,-108.0,15,8,SoFi Stadium,dome,matrixturf,,
2023_07_JAX_NO,2023,REG,7,2023-10-19,20:15,NO,JAX,24.0,31.0,-7.0,55.0,2.5,41.0,-148.0,124.0,-112.0,-108.0,-110.0,-110.0,4,4,Mercedes-Benz Superdome,dome,sportturf,,
2023_07_DET_BAL,2023,REG,7,2023-10-22,13:00,BAL,DET,38.0,6.0,32.0,44.0,3.0,43.5,-162.0,136.0,-115.0,-105.0,-112.0,-108.0,7,7,M&T Bank Stadium,outdoors,grass,62.0,16.0
2023_07_LV_CHI,2023,REG,7,2023-10-22,13:00,CHI,LV,30.0,12.0,18.0,42.0,-2.5,38.5,120.0,-142.0,-110.0,-110.0,-110.0,-110.0,7,7,Soldier Field,outdoors,grass,52.0,8.0
2023_07_CLE_IND,2023,REG,7,2023-10-22,13:00,IND,CLE,38.0,39.0,-1.0,77.0,-3.5,40.0,150.0,-180.0,-112.0,-108.0,-110.0,-110.0,7,7,Lucas Oil Stadium,open,fieldturf,,
2023_07_BUF_NE,2023,REG,7,2023-10-22,13:00,NE,BUF,29.0,25.0,4.0,54.0,-7.5,41.0,310.0,-395.0,-110.0,-110.0,-110.0,-110.0,7,7,Gillette Stadium,outdoors,fieldturf,55.0,13.0
2023_07_WAS_NYG,2023,REG,7,2023-10-22,13:00,NYG,WAS,14.0,7.0,7.0,21.0,-3.0,37.0,136.0,-162.0,-112.0,-108.0,-108.0,-112.0,7,7,MetLife Stadium,outdoors,fieldturf,54.0,14.0
2023_07_ATL_TB,2023,REG,7,2023-10-22,13:00,TB,ATL,13.0,16.0,-3.0,29.0,3.0,37.5,-148.0,124.0,-105.0,-115.0,-105.0,-115.0,7,7,Raymond James Stadium,outdoors,grass,79.0,3.0
2023_07_PIT_LA,2023,REG,7,2023-10-22,16:05,LA,PIT,17.0,24.0,-7.0,41.0,3.5,44.0,-175.0,145.0,-102.0,-118.0,-108.0,-112.0,7,14,SoFi Stadium,dome,matrixturf,,
2023_07_ARI_SEA,2023,REG,7,2023-10-22,16:05,SEA,ARI,20.0,10.0,10.0,30.0,9.5,43.5,-455.0,350.0,-108.0,-112.0,-110.0,-110.0,7,7,Lumen Field,outdoors,fieldturf,56.0,5.0
2023_07_GB_DEN,2023,REG,7,2023-10-22,16:25,DEN,GB,19.0,17.0,2.0,36.0,1.5,44.0,-118.0,-102.0,-108.0,-112.0,-110.0,-110.0,10,13,Empower Field at Mile High,outdoors,grass,72.0,9.0
2023_07_LAC_KC,2023,REG,7,2023-10-22,16:25,KC,LAC,31.0,17.0,14.0,48.0,5.5,48.5,-265.0,215.0,-115.0,-105.0,-112.0,-108.0,10,6,GEHA Field at Arrowhead Stadium,outdoors,grass,72.0,10.0
2023_07_MIA_PHI,2023,REG,7,2023-10-22,20:20,PHI,MIA,31.0,17.0,14.0,48.0,3.0,52.0,-155.0,130.0,-108.0,-112.0,-110.0,-110.0,7,7,Lincoln Financial Field,outdoors,grass,55.0,17.0
2023_07_SF_MIN,2023,REG,7,2023-10-23,20:15,MIN,SF,22.0,17.0,5.0,39.0,-7.0,44.5,260.0,-325.0,-115.0,-105.0,-110.0,-110.0,8,8,U.S. Bank Stadium,dome,sportturf,,
2023_08_TB_BUF,2023,REG,8,2023-10-26,20:15,BUF,TB,24.0,18.0,6.0,42.0,10.0,43.0,-485.0,370.0,-108.0,-112.0,-110.0,-110.0,4,4,New Era Field,outdoors,a_turf,66.0,10.0
2023_08_HOU_CAR,2023,REG,8,2023-10-29,13:00,CAR,HOU,15.0,13.0,2.0,28.0,-3.0,43.0,136.0,-162.0,-102.0,-118.0,-110.0,-110.0,14,14,Bank of America Stadium,outdoors,grass,77.0,14.0
2023_08_LA_DAL,2023,REG,8,2023-10-29,13:00,DAL,LA,43.0,20.0,23.0,63.0,6.5,44.5,-310.0,250.0,-115.0,-105.0,-110.0,-110.0,13,7,AT&T Stadium,closed,matrixturf,,
2023_08_MIN_GB,2023,REG,8,2023-10-29,13:00,GB,MIN,10.0,24.0,-14.0,34.0,-1.0,41.5,-108.0,-112.0,-112.0,-108.0,-112.0,-108.0,7,6,Lambeau Field,outdoors,grass,39.0,8.0
2023_08_NO_IND,2023,REG,8,2023-10-29,13:00,IND,NO,27.0,38.0,-11.0,65.0,-2.0,43.5,110.0,-130.0,-110.0,-110.0,-110.0,-110.0,7,10,Lucas Oil Stadium,closed,fieldturf,,
2023_08_NE_MIA,2023,REG,8,2023-10-29,13:00,MIA,NE,31.0,17.0,14.0,48.0,7.5,46.5,-380.0,300.0,-110.0,-110.0,-110.0,-110.0,7,7,Hard Rock Stadium,outdoors,grass,83.0,17.0
2023_08_NYJ_NYG,2023,REG,8,2023-10-29,13:00,NYG,NYJ,10.0,13.0,-3.0,23.0,-3.0,35.0,136.0,-162.0,-105.0,-115.0,-108.0,-112.0,7,14,MetLife Stadium,outdoors,fieldturf,52.0,6.0
2023_08_JAX_PIT,2023,REG,8,2023-10-29,13:00,PIT,JAX,10.0,20.0,-10.0,30.0,-2.5,41.0,114.0,-135.0,-110.0,-110.0,-110.0,-110.0,7,10,Acrisure Stadium,outdoors,grass,58.0,2.0
2023_08_ATL_TEN,2023,REG,8,2023-10-29,13:00,TEN,ATL,28.0,23.0,5.0,51.0,-2.5,35.0,110.0,-130.0,-110.0,-110.0,-110.0,-110.0,14,7,Nissan Stadium,outdoors,grass,77.0,7.0
2023_08_PHI_WAS,2023,REG,8,2023-10-29,13:00,WAS,PHI,31.0,38.0,-7.0,69.0,-7.0,42.5,245.0,-305.0,-110.0,-110.0,-110.0,-110.0,7,7,FedExField,outdoors,grass,69.0,4.0
2023_08_CLE_SEA,2023,REG,8,2023-10-29,16:05,SEA,CLE,24.0,20.0,4.0,44.0,4.0,39.5,-198.0,164.0,-110.0,-110.0,-108.0,-112.0,7,7,Lumen Field,outdoors,fieldturf,47.0,3.0
2023_08_BAL_ARI,2023,REG,8,2023-10-29,16:25,ARI,BAL,24.0,31.0,-7.0,55.0,-9.5,44.5,380.0,-500.0,-110.0,-110.0,-110.0,-110.0,7,7,State Farm Stadium,closed,grass,,
2023_08_KC_DEN,2023,REG,8,2023-10-29,16:25,DEN,KC,24.0,9.0,15.0,33.0,-7.0,45.5,270.0,-340.0,-118.0,-102.0,-110.0,-110.0,7,7,Empower Field at Mile High,outdoors,grass,26.0,7.0
2023_08_CIN_SF,2023,REG,8,2023-10-29,16:25,SF,CIN,17.0,31.0,-14.0,48.0,4.0,44.0,-205.0,170.0,-115.0,-105.0,-110.0,-110.0,6,14,Levi's Stadium,outdoors,grass,74.0,10.0
2023_08_CHI_LAC,2023,REG,8,2023-10-29,20:20,LAC,CHI,30.0,13.0,17.0,43.0,9.5,46.0,-440.0,340.0,-112.0,-108.0,-108.0,-112.0,7,7,SoFi Stadium,dome,matrixturf,,
2023_08_LV_DET,2023,REG,8,2023-10-30,20:15,DET,LV,26.0,14.0,12.0,40.0,7.0,46.0,-340.0,270.0,-110.0,-110.0,-110.0,-110.0,8,8,Ford Field,dome,fieldturf,,
2023_09_TEN_PIT,2023,REG,9,2023-11-02,20:15,PIT,TEN,20.0,16.0,4.0,36.0,3.5,37.0,-175.0,145.0,100.0,-120.0,-112.0,-108.0,4,4,Acrisure Stadium,outdoors,grass,40.0,5.0
2023_09_MIA_KC,2023,REG,9,2023-11-05,09:30,KC,MIA,21.0,14.0,7.0,35.0,1.0,51.0,-115.0,-105.0,-108.0,-112.0,-112.0,-108.0,7,7,Deutsche Bank Park,outdoors,grass,,
2023_09_MIN_ATL,2023,REG,9,2023-11-05,13:00,ATL,MIN,28.0,31.0,-3.0,59.0,3.5,38.5,-192.0,160.0,-112.0,-108.0,-108.0,-112.0,7,7,Mercedes-Benz Stadium,open,fieldturf,,
2023_09_SEA_BAL,2023,REG,9,2023-11-05,13:00,BAL,SEA,37.0,3.0,34.0,40.0,6.0,44.5,-270.0,220.0,-110.0,-110.0,-108.0,-112.0,7,7,M&T Bank Stadium,outdoors,grass,70.0,6.0
2023_09_ARI_CLE,2023,REG,9,2023-11-05,13:00,CLE,ARI,27.0,0.0,27.0,27.0,13.0,38.0,-750.0,525.0,-108.0,-112.0,-110.0,-110.0,7,7,FirstEnergy Stadium,outdoors,grass,56.0,7.0
2023_09_LA_GB,2023,REG,9,2023-11-05,13:00,GB,LA,20.0,3.0,17.0,23.0,3.5,38.0,-198.0,160.0,-112.0,-108.0,-108.0,-112.0,7,7,Lambeau Field,outdoors,grass,51.0,8.0
2023_09_TB_HOU,2023,REG,9,2023-11-05,13:00,HOU,TB,39.0,37.0,2.0,76.0,2.5,39.5,-148.0,124.0,-120.0,100.0,-110.0,-110.0,7,10,NRG Stadium,closed,astroturf,,
2023_09_WAS_NE,2023,REG,9,2023-11-05,13:00,NE,WAS,17.0,20.0,-3.0,37.0,2.5,40.5,-155.0,130.0,-120.0,100.0,-110.0,-110.0,7,7,Gillette Stadium,outdoors,fieldturf,62.0,6.0
2023_09_CHI_NO,2023,REG,9,2023-11-05,13:00,NO,CHI,24.0,17.0,7.0,41.0,9.0,42.0,-440.0,340.0,-112.0,-108.0,-110.0,-110.0,7,7,Mercedes-Benz Superdome,dome,sportturf,,
2023_09_IND_CAR,2023,REG,9,2023-11-05,16:05,CAR,IND,13.0,27.0,-14.0,40.0,-1.5,45.0,110.0,-130.0,-112.0,-108.0,-110.0,-110.0,7,7,Bank of America Stadium,outdoors,grass,75.0,2.0
2023_09_NYG_LV,2023,REG,9,2023-11-05,16:25,LV,NYG,30.0,6.0,24.0,36.0,1.0,38.5,-118.0,-102.0,-110.0,-110.0,-108.0,-112.0,6,7,Allegiant Stadium,dome,grass,,
2023_09_DAL_PHI,2023,REG,9,2023-11-05,16:25,PHI,DAL,28.0,23.0,5.0,51.0,3.5,46.5,-175.0,145.0,-102.0,-118.0,-110.0,-110.0,7,7,Lincoln Financial Field,outdoors,grass,64.0,6.0
2023_09_BUF_CIN,2023,REG,9,2023-11-05,20:20,CIN,BUF,24.0,18.0,6.0,42.0,1.5,51.0,-125.0,105.0,-112.0,-108.0,-110.0,-110.0,7,10,Paycor Stadium,outdoors,fieldturf,51.0,5.0
2023_09_LAC_NYJ,2023,REG,9,2023-11-06,20:15,NYJ,LAC,6.0,27.0,-21.0,33.0,-3.0,41.0,142.0,-170.0,-102.0,-118.0,-110.0,-110.0,8,8,MetLife Stadium,outdoors,fieldturf,48.0,4.0
2023_10_CAR_CHI,2023,REG,10,2023-11-09,20:15,CHI,CAR,16.0,13.0,3.0,29.0,3.0,38.0,-180.0,150.0,-120.0,100.0,-115.0,-105.0,4,4,Soldier Field,outdoors,grass,51.0,8.0
2023_10_IND_NE,2023,REG,10,2023-11-12,09:30,NE,IND,6.0,10.0,-4.0,16.0,-1.0,42.0,-102.0,-118.0,-110.0,-110.0,-110.0,-110.0,7,7,Deutsche Bank Park,outdoors,grass,,
2023_10_CLE_BAL,2023,REG,10,2023-11-12,13:00,BAL,CLE,31.0,33.0,-2.0,64.0,6.0,38.5,-258.0,210.0,-108.0,-112.0,-112.0,-108.0,7,7,M&T Bank Stadium,outdoors,grass,49.0,4.0
2023_10_HOU_CIN,2023,REG,10,2023-11-12,13:00,CIN,HOU,27.0,30.0,-3.0,57.0,5.5,46.0,-250.0,205.0,-110.0,-110.0,-110.0,-110.0,7,7,Paycor Stadium,outdoors,fieldturf,56.0,6.0
2023_10_SF_JAX,2023,REG,10,2023-11-12,13:00,JAX,SF,3.0,34.0,-31.0,37.0,-3.0,44.5,142.0,-170.0,-108.0,-112.0,-108.0,-112.0,14,14,TIAA Bank Stadium,outdoors,grass,59.0,11.0
2023_10_NO_MIN,2023,REG,10,2023-11-12,13:00,MIN,NO,27.0,19.0,8.0,46.0,-3.0,41.0,130.0,-155.0,-115.0,-105.0,-108.0,-112.0,7,7,U.S. Bank Stadium,dome,sportturf,,
2023_10_GB_PIT,2023,REG,10,2023-11-12,13:00,PIT,GB,23.0,19.0,4.0,42.0,3.0,38.5,-166.0,140.0,-120.0,100.0,-108.0,-112.0,10,7,Acrisure Stadium,outdoors,grass,50.0,5.0
2023_10_TEN_TB,2023,REG,10,2023-11-12,13:00,TB,TEN,20.0,6.0,14.0,26.0,2.5,39.5,-142.0,120.0,-115.0,-105.0,-110.0,-110.0,7,10,Raymond James Stadium,outdoors,grass,85.0,6.0
2023_10_ATL_ARI,2023,REG,10,2023-11-12,16:05,ARI,ATL,25.0,23.0,2.0,48.0,-2.0,43.5,110.0,-130.0,-110.0,-110.0,-112.0,-108.0,7,7,State Farm Stadium,closed,grass,,
2023_10_DET_LAC,2023,REG,10,2023-11-12,16:05,LAC,DET,38.0,41.0,-3.0,79.0,-2.5,48.5,120.0,-142.0,-110.0,-110.0,-110.0,-110.0,6,13,SoFi Stadium,dome,matrixturf,,
2023_10_NYG_DAL,2023,REG,10,2023-11-12,16:25,DAL,NYG,49.0,17.0,32.0,66.0,17.5,38.5,-2100.0,1100.0,-112.0,-108.0,-112.0,-108.0,7,7,AT&T Stadium,closed,matrixturf,,
2023_10_WAS_SEA,2023,REG,10,2023-11-12,16:25,SEA,WAS,29.0,26.0,3.0,55.0,6.0,44.0,-270.0,220.0,-110.0,-110.0,-108.0,-112.0,7,7,Lumen Field,outdoors,fieldturf,52.0,4.0
2023_10_NYJ_LV,2023,REG,10,2023-11-12,20:20,LV,NYJ,16.0,12.0,4.0,28.0,-1.0,35.5,-105.0,-115.0,-112.0,-108.0,-108.0,-112.0,7,6,Allegiant Stadium,dome,grass,,
2023_10_DEN_BUF,2023,REG,10,2023-11-13,20:15,BUF,DEN,22.0,24.0,-2.0,46.0,7.5,47.5,-395.0,310.0,-108.0,-112.0,-108.0,-112.0,8,15,New Era Field,outdoors,a_turf,49.0,10.0
2023_11_CIN_BAL,2023,REG,11,2023-11-16,20:15,BAL,CIN,34.0,20.0,14.0,54.0,4.0,46.5,-205.0,170.0,-108.0,-112.0,-108.0,-112.0,4,4,M&T Bank Stadium,outdoors,grass,56.0,1.0
2023_11_DAL_CAR,2023,REG,11,2023-11-19,13:00,CAR,DAL,10.0,33.0,-23.0,43.0,-11.0,43.0,470.0,-650.0,-110.0,-110.0,-112.0,-108.0,10,7,Bank of America Stadium,outdoors,grass,65.0,2.0
2023_11_PIT_CLE,2023,REG,11,2023-11-19,13:00,CLE,PIT,13.0,10.0,3.0,23.0,2.5,34.0,-142.0,120.0,-115.0,-105.0,-112.0,-108.0,7,7,FirstEnergy Stadium,outdoors,grass,48.0,11.0
2023_11_CHI_DET,2023,REG,11,2023-11-19,13:00,DET,CHI,31.0,26.0,5.0,57.0,8.0,48.0,-440.0,340.0,-110.0,-110.0,-110.0,-110.0,7,10,Ford Field,dome,fieldturf,,
2023_11_LAC_GB,2023,REG,11,2023-11-19,13:00,GB,LAC,23.0,20.0,3.0,43.0,-3.0,44.0,136.0,-162.0,-110.0,-110.0,-112.0,-108.0,7,7,Lambeau Field,outdoors,grass,45.0,5.0
2023_11_ARI_HOU,2023,REG,11,2023-11-19,13:00,HOU,ARI,21.0,16.0,5.0,37.0,5.5,48.0,-250.0,205.0,-112.0,-108.0,-110.0,-110.0,7,7,NRG Stadium,closed,astroturf,,
2023_11_TEN_JAX,2023,REG,11,2023-11-19,13:00,JAX,TEN,34.0,14.0,20.0,48.0,6.5,40.0,-290.0,235.0,-115.0,-105.0,-110.0,-110.0,7,7,TIAA Bank Stadium,outdoors,grass,75.0,3.0
2023_11_LV_MIA,2023,REG,11,2023-11-19,13:00,MIA,LV,20.0,13.0,7.0,33.0,14.0,44.5,-1100.0,700.0,-110.0,-110.0,-110.0,-110.0,14,7,Hard Rock Stadium,outdoors,grass,82.0,7.0
2023_11_NYG_WAS,2023,REG,11,2023-11-19,13:00,WAS,NYG,19.0,31.0,-12.0,50.0,7.5,39.0,-395.0,310.0,-110.0,-110.0,-110.0,-110.0,7,7,FedExField,outdoors,grass,56.0,7.0
2023_11_TB_SF,2023,REG,11,2023-11-19,16:05,SF,TB,27.0,14.0,13.0,41.0,13.5,41.5,-950.0,625.0,-110.0,-110.0,-112.0,-108.0,7,7,Levi's Stadium,outdoors,grass,65.0,10.0
2023_11_NYJ_BUF,2023,REG,11,2023-11-19,16:25,BUF,NYJ,32.0,6.0,26.0,38.0,8.0,39.5,-395.0,310.0,-112.0,-108.0,-108.0,-112.0,6,7,New Era Field,outdoors,a_turf,40.0,9.0
2023_11_SEA_LA,2023,REG,11,2023-11-19,16:25,LA,SEA,17.0,16.0,1.0,33.0,2.5,45.0,-135.0,114.0,-110.0,-110.0,-112.0,-108.0,14,7,SoFi Stadium,dome,matrixturf,,
2023_11_MIN_DEN,2023,REG,11,2023-11-19,20:20,DEN,MIN,21.0,20.0,1.0,41.0,2.5,43.5,-142.0,120.0,-118.0,-102.0,-105.0,-115.0,6,7,Empower Field at Mile High,outdoors,grass,53.0,3.0
2023_11_PHI_KC,2023,REG,11,2023-11-20,20:15,KC,PHI,17.0,21.0,-4.0,38.0,2.5,46.0,-148.0,124.0,-120.0,100.0,-112.0,-108.0,15,15,GEHA Field at Arrowhead Stadium,outdoors,grass,45.0,12.0
2023_12_GB_DET,2023,REG,12,2023-11-23,12:30,DET,GB,22.0,29.0,-7.0,51.0,8.5,47.0,-425.0,330.0,-115.0,-105.0,-112.0,-108.0,4,4,Ford Field,dome,fieldturf,,
2023_12_WAS_DAL,2023,REG,12,2023-11-23,16:30,DAL,WAS,45.0,10.0,35.0,55.0,13.0,48.0,-800.0,550.0,-110.0,-110.0,-110.0,-112.0,4,4,AT&T Stadium,closed,matrixturf,,
2023_12_SF_SEA,2023,REG,12,2023-11-23,20:20,SEA,SF,13.0,31.0,-18.0,44.0,-7.0,43.5,280.0,-355.0,-108.0,-112.0,-105.0,-115.0,4,4,Lumen Field,outdoors,fieldturf,39.0,4.0
2023_12_MIA_NYJ,2023,REG,12,2023-11-24,15:00,NYJ,MIA,13.0,34.0,-21.0,47.0,-9.5,40.0,380.0,-500.0,100.0,-120.0,-110.0,-110.0,5,5,MetLife Stadium,outdoors,fieldturf,48.0,11.0
2023_12_NO_ATL,2023,REG,12,2023-11-26,13:00,ATL,NO,24.0,15.0,9.0,39.0,-2.0,42.0,110.0,-130.0,-110.0,-110.0,-110.0,-110.0,14,14,Mercedes-Benz Stadium,closed,fieldturf,,
2023_12_PIT_CIN,2023,REG,12,2023-11-26,13:00,CIN,PIT,10.0,16.0,-6.0,26.0,-2.0,36.0,114.0,-135.0,-108.0,-112.0,-112.0,-108.0,10,7,Paycor Stadium,outdoors,fieldturf,48.0,9.0
2023_12_JAX_HOU,2023,REG,12,2023-11-26,13:00,HOU,JAX,21.0,24.0,-3.0,45.0,-1.0,48.0,-105.0,-115.0,-110.0,-110.0,-112.0,-108.0,7,7,NRG Stadium,closed,astroturf,,
2023_12_TB_IND,2023,REG,12,2023-11-26,13:00,IND,TB,27.0,20.0,7.0,47.0,2.5,45.0,-155.0,130.0,-115.0,-105.0,-108.0,-112.0,14,7,Lucas Oil Stadium,closed,fieldturf,,
2023_12_NE_NYG,2023,REG,12,2023-11-26,13:00,NYG,NE,10.0,7.0,3.0,17.0,-4.5,36.5,180.0,-218.0,-112.0,-108.0,-115.0,-105.0,7,14,MetLife Stadium,outdoors,fieldturf,43.0,6.0
2023_12_CAR_TEN,2023,REG,12,2023-11-26,13:00,TEN,CAR,17.0,10.0,7.0,27.0,3.5,36.0,-175.0,145.0,-105.0,-112.0,-108.0,-112.0,7,7,Nissan Stadium,outdoors,grass,51.0,13.0
2023_12_LA_ARI,2023,REG,12,2023-11-26,16:05,ARI,LA,14.0,37.0,-23.0,51.0,-3.0,45.0,124.0,-148.0,-115.0,-105.0,-108.0,-112.0,7,7,State Farm Stadium,closed,grass,,
2023_12_CLE_DEN,2023,REG,12,2023-11-26,16:05,DEN,CLE,29.0,12.0,17.0,41.0,1.5,37.5,-125.0,105.0,-110.0,-110.0,-110.0,-110.0,7,7,Empower Field at Mile High,outdoors,grass,40.0,5.0
2023_12_KC_LV,2023,REG,12,2023-11-26,16:25,LV,KC,17.0,31.0,-14.0,48.0,-9.0,42.5,380.0,-500.0,-110.0,-110.0,-108.0,-112.0,7,6,Allegiant Stadium,dome,grass,,
2023_12_BUF_PHI,2023,REG,12,2023-11-26,16:25,PHI,BUF,37.0,34.0,3.0,71.0,2.5,49.0,-148.0,124.0,-115.0,-105.0,-112.0,-108.0,6,7,Lincoln Financial Field,outdoors,grass,47.0,6.0
2023_12_BAL_LAC,2023,REG,12,2023-11-26,20:20,LAC,BAL,10.0,20.0,-10.0,30.0,-3.0,49.0,142.0,-170.0,-105.0,-115.0,-110.0,-110.0,7,10,SoFi Stadium,dome,matrixturf,,
2023_12_CHI_MIN,2023,REG,12,2023-11-27,20:15,MIN,CHI,10.0,12.0,-2.0,22.0,3.0,43.5,-166.0,140.0,-115.0,-105.0,-110.0,-110.0,8,8,U.S. Bank Stadium,dome,sportturf,,
2023_13_SEA_DAL,2023,REG,13,2023-11-30,20:15,DAL,SEA,41.0,35.0,6.0,76.0,9.5,47.5,-500.0,380.0,-118.0,-102.0,-110.0,-110.0,7,7,AT&T Stadium,closed,matrixturf,,
2023_13_DEN_HOU,2023,REG,13,2023-12-03,13:00,HOU,DEN,22.0,17.0,5.0,39.0,3.5,47.5,-170.0,142.0,102.0,-122.0,-110.0,-110.0,7,7,NRG Stadium,closed,astroturf,,
2023_13_LAC_NE,2023,REG,13,2023-12-03,13:00,NE,LAC,0.0,6.0,-6.0,6.0,-4.5,38.5,185.0,-225.0,-110.0,-110.0,-112.0,-108.0,7,7,Gillette Stadium,outdoors,fieldturf,44.0,8.0
2023_13_DET_NO,2023,REG,13,2023-12-03,13:00,NO,DET,28.0,33.0,-5.0,61.0,-4.0,47.5,164.0,-198.0,-110.0,-110.0,-112.0,-108.0,7,10,Mercedes-Benz Superdome,dome,sportturf,,
2023_13_ATL_NYJ,2023,REG,13,2023-12-03,13:00,NYJ,ATL,8.0,13.0,-5.0,21.0,-2.0,33.0,105.0,-125.0,-112.0,-108.0,-110.0,-110.0,9,7,MetLife Stadium,outdoors,fieldturf,50.0,8.0
2023_13_ARI_PIT,2023,REG,13,2023-12-03,13:00,PIT,ARI,10.0,24.0,-14.0,34.0,6.0,41.0,-285.0,230.0,-115.0,-105.0,-108.0,-112.0,7,7,Acrisure Stadium,outdoors,grass,56.0,12.0
2023_13_IND_TEN,2023,REG,13,2023-12-03,13:00,TEN,IND,28.0,31.0,-3.0,59.0,-1.5,42.0,102.0,-122.0,-110.0,-110.0,-112.0,-108.0,7,7,Nissan Stadium,outdoors,grass,53.0,13.0
2023_13_MIA_WAS,2023,REG,13,2023-12-03,13:00,WAS,MIA,15.0,45.0,-30.0,60.0,-8.5,50.0,350.0,-455.0,-108.0,-112.0,-110.0,-110.0,10,9,FedExField,outdoors,grass,53.0,2.0
2023_13_CAR_TB,2023,REG,13,2023-12-03,16:05,TB,CAR,21.0,18.0,3.0,39.0,4.0,37.0,-198.0,164.0,-110.0,-110.0,-110.0,-110.0,7,7,Raymond James Stadium,outdoors,grass,81.0,8.0
2023_13_CLE_LA,2023,REG,13,2023-12-03,16:25,LA,CLE,36.0,19.0,17.0,55.0,3.5,39.5,-192.0,160.0,-110.0,-110.0,-110.0,-110.0,7,7,SoFi Stadium,dome,matrixturf,,
2023_13_SF_PHI,2023,REG,13,2023-12-03,16:25,PHI,SF,19.0,42.0,-23.0,61.0,-3.0,46.5,124.0,-148.0,-115.0,-105.0,-112.0,-108.0,7,10,Lincoln Financial Field,outdoors,grass,52.0,44.0
2023_13_KC_GB,2023,REG,13,2023-12-03,20:20,GB,KC,27.0,19.0,8.0,46.0,-5.5,43.5,215.0,-265.0,-102.0,-118.0,-115.0,-105.0,10,7,Lambeau Field,outdoors,grass,31.0,9.0
2023_13_CIN_JAX,2023,REG,13,2023-12-04,20:15,JAX,CIN,31.0,34.0,-3.0,65.0,10.0,41.0,-550.0,410.0,-115.0,-105.0,-115.0,-105.0,8,8,TIAA Bank Stadium,outdoors,grass,61.0,4.0
2023_14_NE_PIT,2023,REG,14,2023-12-07,20:15,PIT,NE,18.0,21.0,-3.0,39.0,6.0,30.0,-270.0,220.0,-102.0,-118.0,-115.0,-105.0,4,4,Acrisure Stadium,outdoors,grass,42.0,5.0
2023_14_TB_ATL,2023,REG,14,2023-12-10,13:00,ATL,TB,25.0,29.0,-4.0,54.0,1.5,41.5,-125.0,105.0,-112.0,-108.0,-110.0,-110.0,7,7,Mercedes-Benz Stadium,closed,fieldturf,,
2023_14_LA_BAL,2023,REG,14,2023-12-10,13:00,BAL,LA,37.0,31.0,6.0,68.0,7.5,42.0,-360.0,285.0,-105.0,-115.0,-110.0,-110.0,14,7,M&T Bank Stadium,outdoors,grass,57.0,5.0
2023_14_DET_CHI,2023,REG,14,2023-12-10,13:00,CHI,DET,28.0,13.0,15.0,41.0,-3.0,44.5,142.0,-170.0,100.0,-120.0,-110.0,-110.0,13,7,Soldier Field,outdoors,grass,36.0,12.0
2023_14_IND_CIN,2023,REG,14,2023-12-10,13:00,CIN,IND,34.0,14.0,20.0,48.0,3.0,45.0,-148.0,124.0,-102.0,-118.0,-110.0,-110.0,6,7,Paycor Stadium,outdoors,fieldturf,40.0,9.0
2023_14_JAX_CLE,2023,REG,14,2023-12-10,13:00,CLE,JAX,31.0,27.0,4.0,58.0,2.5,37.5,-142.0,120.0,-112.0,-108.0,-110.0,-110.0,7,6,FirstEnergy Stadium,outdoors,grass,39.0,11.0
2023_14_CAR_NO,2023,REG,14,2023-12-10,13:00,NO,CAR,28.0,6.0,22.0,34.0,5.5,39.0,-245.0,200.0,-110.0,-110.0,-110.0,-110.0,7,7,Mercedes-Benz Superdome,dome,sportturf,,
2023_14_HOU_NYJ,2023,REG,14,2023-12-10,13:00,NYJ,HOU,30.0,6.0,24.0,36.0,-3.5,33.5,145.0,-175.0,-112.0,-108.0,-110.0,-110.0,7,7,MetLife Stadium,outdoors,fieldturf,58.0,7.0
2023_14_MIN_LV,2023,REG,14,2023-12-10,16:05,LV,MIN,0.0,3.0,-3.0,3.0,-3.0,40.5,130.0,-155.0,-112.0,-108.0,-112.0,-108.0,14,13,Allegiant Stadium,dome,grass,,
2023_14_SEA_SF,2023,REG,14,2023-12-10,16:05,SF,SEA,28.0,16.0,12.0,44.0,14.5,44.5,-1000.0,650.0,-110.0,-110.0,-110.0,-110.0,7,10,Levi's Stadium,outdoors,grass,63.0,5.0
2023_14_BUF_KC,2023,REG,14,2023-12-10,16:25,KC,BUF,17.0,20.0,-3.0,37.0,2.0,49.5,-125.0,105.0,-110.0,-110.0,-110.0,-110.0,7,14,GEHA Field at Arrowhead Stadium,outdoors,grass,45.0,5.0
2023_14_DEN_LAC,2023,REG,14,2023-12-10,16:25,LAC,DEN,7.0,24.0,-17.0,31.0,3.0,45.0,-162.0,136.0,-108.0,-112.0,-110.0,-110.0,7,7,SoFi Stadium,dome,matrixturf,,
2023_14_PHI_DAL,2023,REG,14,2023-12-10,20:20,DAL,PHI,33.0,13.0,20.0,46.0,3.5,52.5,-175.0,145.0,-102.0,-118.0,-110.0,-110.0,10,7,AT&T Stadium,closed,matrixturf,,
2023_14_TEN_MIA,2023,REG,14,2023-12-11,20:15,MIA,TEN,27.0,28.0,-1.0,55.0,14.0,45.0,-950.0,625.0,-110.0,-110.0,-112.0,-110.0,8,8,Hard Rock Stadium,outdoors,grass,64.0,9.0
2023_14_GB_NYG,2023,REG,14,2023-12-11,20:15,NYG,GB,24.0,22.0,2.0,46.0,-6.0,37.5,215.0,-265.0,-108.0,-112.0,-110.0,-110.0,15,8,MetLife Stadium,outdoors,fieldturf,39.0,14.0
2023_15_LAC_LV,2023,REG,15,2023-12-14,20:15,LV,LAC,63.0,21.0,42.0,84.0,3.0,36.0,-162.0,136.0,-110.0,-110.0,-110.0,-110.0,4,4,Allegiant Stadium,dome,grass,,
2023_15_MIN_CIN,2023,REG,15,2023-12-16,13:00,CIN,MIN,27.0,24.0,3.0,51.0,3.0,41.5,-175.0,145.0,-115.0,-105.0,-110.0,-110.0,6,6,Paycor Stadium,outdoors,fieldturf,53.0,5.0
2023_15_PIT_IND,2023,REG,15,2023-12-16,16:30,IND,PIT,30.0,13.0,17.0,43.0,1.5,41.5,-122.0,102.0,-110.0,-110.0,-110.0,-110.0,6,9,Lucas Oil Stadium,closed,fieldturf,,
2023_15_DEN_DET,2023,REG,15,2023-12-16,20:15,DET,DEN,42.0,17.0,25.0,59.0,5.5,49.0,-258.0,210.0,-112.0,-108.0,-112.0,-108.0,6,6,Ford Field,dome,fieldturf,,
2023_15_ATL_CAR,2023,REG,15,2023-12-17,13:00,CAR,ATL,9.0,7.0,2.0,16.0,-3.0,32.0,130.0,-155.0,-118.0,-102.0,-110.0,-110.0,7,7,Bank of America Stadium,outdoors,grass,47.0,11.0
2023_15_CHI_CLE,2023,REG,15,2023-12-17,13:00,CLE,CHI,20.0,17.0,3.0,37.0,3.0,38.0,-148.0,124.0,100.0,-120.0,-110.0,-110.0,7,7,FirstEnergy Stadium,outdoors,grass,45.0,15.0
2023_15_TB_GB,2023,REG,15,2023-12-17,13:00,GB,TB,20.0,34.0,-14.0,54.0,4.0,41.5,-218.0,180.0,-110.0,-110.0,-110.0,-110.0,6,7,Lambeau Field,outdoors,grass,42.0,8.0
2023_15_NYJ_MIA,2023,REG,15,2023-12-17,13:00,MIA,NYJ,30.0,0.0,30.0,30.0,7.5,36.0,-345.0,275.0,-105.0,-115.0,-110.0,-110.0,6,7,Hard Rock Stadium,outdoors,grass,76.0,15.0
2023_15_KC_NE,2023,REG,15,2023-12-17,13:00,NE,KC,17.0,27.0,-10.0,44.0,-10.0,39.5,370.0,-485.0,-108.0,-112.0,-110.0,-110.0,10,7,Gillette Stadium,outdoors,fieldturf,53.0,7.0
2023_15_NYG_NO,2023,REG,15,2023-12-17,13:00,NO,NYG,24.0,6.0,18.0,30.0,6.0,39.5,-250.0,205.0,-112.0,-108.0,-110.0,-110.0,7,6,Mercedes-Benz Superdome,dome,sportturf,,
2023_15_HOU_TEN,2023,REG,15,2023-12-17,13:00,TEN,HOU,16.0,19.0,-3.0,35.0,3.0,38.0,-170.0,142.0,-120.0,100.0,-112.0,-108.0,6,7,Nissan Stadium,outdoors,grass,48.0,9.0
2023_15_SF_ARI,2023,REG,15,2023-12-17,16:05,ARI,SF,29.0,45.0,-16.0,74.0,-12.5,48.0,525.0,-750.0,-110.0,-110.0,-110.0,-110.0,14,7,State Farm Stadium,open,grass,,
2023_15_WAS_LA,2023,REG,15,2023-12-17,16:05,LA,WAS,28.0,20.0,8.0,48.0,6.5,48.5,-298.0,240.0,-112.0,-108.0,-110.0,-110.0,7,14,SoFi Stadium,dome,matrixturf,,
2023_15_DAL_BUF,2023,REG,15,2023-12-17,16:25,BUF,DAL,31.0,10.0,21.0,41.0,2.0,49.5,-135.0,114.0,-112.0,-108.0,-110.0,-110.0,7,7,New Era Field,outdoors,a_turf,48.0,9.0
2023_15_BAL_JAX,2023,REG,15,2023-12-17,20:20,JAX,BAL,7.0,23.0,-16.0,30.0,-4.0,42.5,185.0,-225.0,-110.0,-110.0,-112.0,-108.0,7,7,TIAA Bank Stadium,outdoors,grass,58.0,13.0
2023_15_PHI_SEA,2023,REG,15,2023-12-18,20:15,SEA,PHI,20.0,17.0,3.0,37.0,-5.0,46.0,195.0,-238.0,100.0,-120.0,-108.0,-112.0,8,8,Lumen Field,outdoors,fieldturf,46.0,2.0
2023_16_NO_LA,2023,REG,16,2023-12-21,20:15,LA,NO,30.0,22.0,8.0,52.0,4.0,45.5,-218.0,180.0,-120.0,100.0,-108.0,-112.0,4,4,SoFi Stadium,dome,matrixturf,,
2023_16_CIN_PIT,2023,REG,16,2023-12-23,16:30,PIT,CIN,34.0,11.0,23.0,45.0,-3.0,39.5,130.0,-155.0,-115.0,-105.0,-110.0,-110.0,7,7,Acrisure Stadium,outdoors,grass,49.0,5.0
2023_16_BUF_LAC,2023,REG,16,2023-12-23,20:00,LAC,BUF,22.0,24.0,-2.0,46.0,-13.0,44.5,550.0,-800.0,-115.0,-105.0,-105.0,-115.0,9,6,SoFi Stadium,dome,matrixturf,,
2023_16_IND_ATL,2023,REG,16,2023-12-24,13:00,ATL,IND,29.0,10.0,19.0,39.0,3.0,44.0,-155.0,130.0,-105.0,-115.0,-115.0,-105.0,7,8,Mercedes-Benz Stadium,closed,fieldturf,,
2023_16_GB_CAR,2023,REG,16,2023-12-24,13:00,CAR,GB,30.0,33.0,-3.0,63.0,-3.5,39.5,164.0,-198.0,-108.0,-112.0,-110.0,-110.0,7,7,Bank of America Stadium,outdoors,grass,67.0,1.0
2023_16_CLE_HOU,2023,REG,16,2023-12-24,13:00,HOU,CLE,22.0,36.0,-14.0,58.0,-3.0,40.0,136.0,-162.0,-110.0,-110.0,-110.0,-110.0,7,7,NRG Stadium,closed,astroturf,,
2023_16_DET_MIN,2023,REG,16,2023-12-24,13:00,MIN,DET,24.0,30.0,-6.0,54.0,-2.5,47.5,124.0,-148.0,105.0,-125.0,-118.0,-102.0,8,8,U.S. Bank Stadium,dome,sportturf,,
2023_16_WAS_NYJ,2023,REG,16,2023-12-24,13:00,NYJ,WAS,30.0,28.0,2.0,58.0,3.0,36.5,-166.0,140.0,-112.0,-108.0,-110.0,-110.0,7,7,MetLife Stadium,outdoors,fieldturf,45.0,2.0
2023_16_SEA_TEN,2023,REG,16,2023-12-24,13:00,TEN,SEA,17.0,20.0,-3.0,37.0,-3.0,42.0,140.0,-166.0,-110.0,-110.0,-112.0,-108.0,7,6,Nissan Stadium,outdoors,grass,61.0,4.0
2023_16_JAX_TB,2023,REG,16,2023-12-24,16:05,TB,JAX,30.0,12.0,18.0,42.0,-2.0,43.0,105.0,-125.0,-110.0,-110.0,-112.0,-108.0,7,7,Raymond James Stadium,outdoors,grass,72.0,11.0
2023_16_ARI_CHI,2023,REG,16,2023-12-24,16:25,CHI,ARI,27.0,16.0,11.0,43.0,4.5,42.0,-218.0,180.0,-110.0,-110.0,-115.0,-105.0,7,7,Soldier Field,outdoors,grass,52.0,4.0
2023_16_DAL_MIA,2023,REG,16,2023-12-24,16:25,MIA,DAL,22.0,20.0,2.0,42.0,1.5,48.5,-122.0,102.0,-110.0,-110.0,-120.0,100.0,7,7,Hard Rock Stadium,outdoors,grass,75.0,15.0
2023_16_NE_DEN,2023,REG,16,2023-12-24,20:15,DEN,NE,23.0,26.0,-3.0,49.0,7.0,37.5,-340.0,270.0,-110.0,-110.0,-110.0,-110.0,8,7,Empower Field at Mile High,outdoors,grass,28.0,9.0
2023_16_LV_KC,2023,REG,16,2023-12-25,13:00,KC,LV,14.0,20.0,-6.0,34.0,11.0,40.5,-600.0,440.0,-118.0,-102.0,-110.0,-110.0,8,11,GEHA Field at Arrowhead Stadium,outdoors,grass,38.0,11.0
2023_16_NYG_PHI,2023,REG,16,2023-12-25,16:30,PHI,NYG,33.0,25.0,8.0,58.0,14.0,41.0,-900.0,600.0,-108.0,-112.0,-112.0,-108.0,7,8,Lincoln Financial Field,outdoors,grass,51.0,5.0
2023_16_BAL_SF,2023,REG,16,2023-12-25,20:15,SF,BAL,19.0,33.0,-14.0,52.0,6.5,47.5,-345.0,275.0,-115.0,-105.0,-108.0,-112.0,8,8,Levi's Stadium,outdoors,grass,56.0,8.0
2023_17_NYJ_CLE,2023,REG,17,2023-12-28,20:15,CLE,NYJ,37.0,20.0,17.0,57.0,6.5,33.5,-345.0,270.0,-115.0,-105.0,-110.0,-110.0,4,4,FirstEnergy Stadium,outdoors,grass,47.0,6.0
2023_17_DET_DAL,2023,REG,17,2023-12-30,20:15,DAL,DET,20.0,19.0,1.0,39.0,5.5,53.0,-238.0,195.0,-110.0,-110.0,-110.0,-110.0,6,6,AT&T Stadium,closed,matrixturf,,
2023_17_MIA_BAL,2023,REG,17,2023-12-31,13:00,BAL,MIA,56.0,19.0,37.0,75.0,3.0,47.0,-180.0,150.0,-120.0,100.0,-112.0,-108.0,6,7,M&T Bank Stadium,outdoors,grass,50.0,7.0
2023_17_NE_BUF,2023,REG,17,2023-12-31,13:00,BUF,NE,27.0,21.0,6.0,48.0,15.0,40.0,-1200.0,750.0,-110.0,-110.0,-112.0,-108.0,8,7,New Era Field,outdoors,a_turf,35.0,4.0
2023_17_ATL_CHI,2023,REG,17,2023-12-31,13:00,CHI,ATL,37.0,17.0,20.0,54.0,3.0,39.0,-155.0,130.0,-105.0,-115.0,-110.0,-110.0,7,7,Soldier Field,outdoors,grass,32.0,5.0
2023_17_TEN_HOU,2023,REG,17,2023-12-31,13:00,HOU,TEN,26.0,3.0,23.0,29.0,5.0,44.0,-230.0,190.0,-115.0,-105.0,-112.0,-108.0,7,7,NRG Stadium,closed,astroturf,,
2023_17_LV_IND,2023,REG,17,2023-12-31,13:00,IND,LV,23.0,20.0,3.0,43.0,3.5,42.5,-180.0,150.0,-110.0,-110.0,-115.0,-105.0,7,6,Lucas Oil Stadium,closed,fieldturf,,
2023_17_CAR_JAX,2023,REG,17,2023-12-31,13:00,JAX,CAR,26.0,0.0,26.0,26.0,3.5,38.0,-192.0,160.0,-110.0,-110.0,-110.0,-110.0,7,7,TIAA Bank Stadium,outdoors,grass,56.0,8.0
2023_17_LA_NYG,2023,REG,17,2023-12-31,13:00,NYG,LA,25.0,26.0,-1.0,51.0,-6.0,43.5,240.0,-298.0,-108.0,-112.0,-112.0,-108.0,6,10,MetLife Stadium,outdoors,fieldturf,41.0,10.0
2023_17_ARI_PHI,2023,REG,17,2023-12-31,13:00,PHI,ARI,31.0,35.0,-4.0,66.0,12.0,48.0,-750.0,525.0,-110.0,-110.0,-110.0,-110.0,6,7,Lincoln Financial Field,outdoors,grass,45.0,9.0
2023_17_NO_TB,2023,REG,17,2023-12-31,13:00,TB,NO,13.0,23.0,-10.0,36.0,2.5,42.5,-148.0,124.0,-120.0,100.0,-108.0,-112.0,7,10,Raymond James Stadium,outdoors,grass,66.0,5.0
2023_17_SF_WAS,2023,REG,17,2023-12-31,13:00,WAS,SF,10.0,27.0,-17.0,37.0,-14.0,49.0,675.0,-1050.0,-105.0,-115.0,-108.0,-112.0,7,6,FedExField,outdoors,grass,48.0,7.0
2023_17_PIT_SEA,2023,REG,17,2023-12-31,16:05,SEA,PIT,23.0,30.0,-7.0,53.0,4.5,40.5,-225.0,185.0,-110.0,-110.0,-112.0,-108.0,7,8,Lumen Field,outdoors,fieldturf,47.0,4.0
2023_17_LAC_DEN,2023,REG,17,2023-12-31,16:25,DEN,LAC,16.0,9.0,7.0,25.0,3.5,39.5,-198.0,164.0,-112.0,-108.0,-110.0,-110.0,7,8,Empower Field at Mile High,outdoors,grass,41.0,6.0
2023_17_CIN_KC,2023,REG,17,2023-12-31,16:25,KC,CIN,25.0,17.0,8.0,42.0,7.5,46.0,-345.0,275.0,-105.0,-115.0,-108.0,-112.0,6,8,GEHA Field at Arrowhead Stadium,outdoors,grass,36.0,12.0
2023_17_GB_MIN,2023,REG,17,2023-12-31,20:20,MIN,GB,10.0,33.0,-23.0,43.0,1.0,42.5,-112.0,-108.0,-108.0,-112.0,-108.0,-112.0,7,7,U.S. Bank Stadium,dome,sportturf,,
2023_18_PIT_BAL,2023,REG,18,2024-01-06,16:30,BAL,PIT,10.0,17.0,-7.0,27.0,-3.0,34.0,130.0,-155.0,-115.0,-105.0,-110.0,-110.0,6,6,M&T Bank Stadium,outdoors,grass,38.0,15.0
2023_18_HOU_IND,2023,REG,18,2024-01-06,20:15,IND,HOU,19.0,23.0,-4.0,42.0,-1.5,47.5,105.0,-125.0,-110.0,-110.0,-112.0,-108.0,6,6,Lucas Oil Stadium,closed,fieldturf,,
2023_18_TB_CAR,2023,REG,18,2024-01-07,13:00,CAR,TB,0.0,9.0,-9.0,9.0,-5.0,36.5,200.0,-245.0,-115.0,-105.0,-110.0,-110.0,7,7,Bank of America Stadium,outdoors,grass,54.0,19.0
2023_18_CLE_CIN,2023,REG,18,2024-01-07,13:00,CIN,CLE,31.0,14.0,17.0,45.0,7.5,37.0,-360.0,285.0,-105.0,-115.0,-108.0,-112.0,7,10,Paycor Stadium,outdoors,fieldturf,38.0,12.0
2023_18_MIN_DET,2023,REG,18,2024-01-07,13:00,DET,MIN,30.0,20.0,10.0,50.0,3.5,47.5,-205.0,170.0,-118.0,-102.0,-110.0,-110.0,8,7,Ford Field,dome,fieldturf,,
2023_18_NYJ_NE,2023,REG,18,2024-01-07,13:00,NE,NYJ,3.0,17.0,-14.0,20.0,2.5,28.5,-142.0,120.0,-108.0,-112.0,-110.0,-110.0,7,10,Gillette Stadium,outdoors,fieldturf,33.0,14.0
2023_18_ATL_NO,2023,REG,18,2024-01-07,13:00,NO,ATL,48.0,17.0,31.0,65.0,3.5,41.5,-175.0,145.0,102.0,-122.0,-112.0,-108.0,7,7,Mercedes-Benz Superdome,dome,sportturf,,
2023_18_JAX_TEN,2023,REG,18,2024-01-07,13:00,TEN,JAX,28.0,20.0,8.0,48.0,-3.5,41.5,154.0,-185.0,-118.0,-102.0,-108.0,-112.0,7,7,Nissan Stadium,outdoors,grass,41.0,11.0
2023_18_SEA_ARI,2023,REG,18,2024-01-07,16:25,ARI,SEA,20.0,21.0,-1.0,41.0,-2.5,48.0,130.0,-155.0,102.0,-122.0,-110.0,-110.0,7,7,State Farm Stadium,closed,grass,,
2023_18_CHI_GB,2023,REG,18,2024-01-07,16:25,GB,CHI,17.0,9.0,8.0,26.0,2.5,45.5,-148.0,124.0,-118.0,-102.0,-112.0,-108.0,7,7,Lambeau Field,outdoors,grass,34.0,7.0
2023_18_KC_LAC,2023,REG,18,2024-01-07,16:25,LAC,KC,12.0,13.0,-1.0,25.0,3.5,35.0,-185.0,154.0,-105.0,-115.0,-115.0,-108.0,7,7,SoFi Stadium,dome,matrixturf,,
2023_18_DEN_LV,2023,REG,18,2024-01-07,16:25,LV,DEN,27.0,14.0,13.0,41.0,3.5,37.5,-175.0,145.0,-102.0,-118.0,-105.0,-115.0,7,7,Allegiant Stadium,dome,grass,,
2023_18_PHI_NYG,2023,REG,18,2024-01-07,16:25,NYG,PHI,27.0,10.0,17.0,37.0,-4.5,43.0,190.0,-238.0,-108.0,-112.0,-115.0,-105.0,7,7,MetLife Stadium,outdoors,fieldturf,36.0,12.0
2023_18_LA_SF,2023,REG,18,2024-01-07,16:25,SF,LA,20.0,21.0,-1.0,41.0,5.5,40.0,-245.0,200.0,-112.0,-108.0,-112.0,-108.0,7,7,Levi's Stadium,outdoors,grass,52.0,11.0
2023_18_DAL_WAS,2023,REG,18,2024-01-07,16:25,WAS,DAL,10.0,38.0,-28.0,48.0,-13.0,47.5,575.0,-850.0,-105.0,-115.0,-110.0,-110.0,7,8,FedExField,outdoors,grass,48.0,13.0
2023_18_BUF_MIA,2023,REG,18,2024-01-07,20:20,MIA,BUF,14.0,21.0,-7.0,35.0,-2.5,47.5,130.0,-155.0,105.0,-125.0,-110.0,-110.0,7,7,Hard Rock Stadium,outdoors,grass,63.0,6.0
2023_19_CLE_HOU,2023,WC,19,2024-01-13,16:30,HOU,CLE,45.0,14.0,31.0,59.0,-2.5,45.0,124.0,-148.0,-110.0,-110.0,-115.0,-105.0,7,6,NRG Stadium,closed,astroturf,,
2023_19_MIA_KC,2023,WC,19,2024-01-13,20:00,KC,MIA,26.0,7.0,19.0,33.0,4.5,43.5,-230.0,190.0,-118.0,-102.0,-102.0,-118.0,6,6,GEHA Field at Arrowhead Stadium,outdoors,grass,-4.0,19.0
2023_19_GB_DAL,2023,WC,19,2024-01-14,16:30,DAL,GB,32.0,48.0,-16.0,80.0,7.0,52.5,-345.0,275.0,-122.0,102.0,-115.0,-105.0,7,7,AT&T Stadium,closed,matrixturf,,
2023_19_LA_DET,2023,WC,19,2024-01-14,20:00,DET,LA,24.0,23.0,1.0,47.0,3.5,52.5,-162.0,136.0,102.0,-122.0,-118.0,-102.0,7,7,Ford Field,dome,fieldturf,,
2023_19_PIT_BUF,2023,WC,19,2024-01-15,16:30,BUF,PIT,31.0,17.0,14.0,48.0,10.0,39.5,-485.0,370.0,-112.0,-108.0,-105.0,-115.0,8,9,New Era Field,outdoors,a_turf,17.0,10.0
2023_19_PHI_TB,2023,WC,19,2024-01-15,20:00,TB,PHI,32.0,9.0,23.0,41.0,-2.5,43.0,136.0,-162.0,105.0,-125.0,-118.0,-102.0,8,8,Raymond James Stadium,outdoors,grass,65.0,2.0
2023_20_HOU_BAL,2023,DIV,20,2024-01-20,16:30,BAL,HOU,34.0,10.0,24.0,44.0,10.0,44.0,-425.0,330.0,-105.0,-115.0,-115.0,-105.0,14,7,M&T Bank Stadium,outdoors,grass,27.0,16.0
2023_20_GB_SF,2023,DIV,20,2024-01-20,20:15,SF,GB,24.0,21.0,3.0,45.0,10.5,50.5,-470.0,360.0,-108.0,-112.0,-115.0,-105.0,13,6,Levi's Stadium,outdoors,grass,59.0,8.0
2023_20_TB_DET,2023,DIV,20,2024-01-21,15:00,DET,TB,31.0,23.0,8.0,54.0,6.0,49.5,-278.0,225.0,-118.0,-102.0,-115.0,-105.0,7,6,Ford Field,dome,fieldturf,,
2023_20_KC_BUF,2023,DIV,20,2024-01-21,18:30,BUF,KC,24.0,27.0,-3.0,51.0,2.5,45.5,-142.0,120.0,-110.0,-110.0,-112.0,-108.0,6,8,New Era Field,outdoors,a_turf,25.0,11.0
2023_21_KC_BAL,2023,CON,21,2024-01-28,15:00,BAL,KC,10.0,17.0,-7.0,27.0,4.5,44.0,-218.0,180.0,-112.0,-110.0,-115.0,-105.0,8,7,M&T Bank Stadium,outdoors,grass,47.0,7.0
2023_21_DET_SF,2023,CON,21,2024-01-28,18:30,SF,DET,34.0,31.0,3.0,65.0,7.5,52.5,-325.0,260.0,100.0,-120.0,-110.0,-110.0,8,7,Levi's Stadium,outdoors,grass,69.0,5.0
2023_22_SF_KC,2023,SB,22,2024-02-11,18:30,KC,SF,25.0,22.0,3.0,47.0,-1.5,47.0,100.0,-120.0,-110.0,-110.0,-110.0,-110.0,14,14,Allegiant Stadium,dome,grass,,
2024_01_BAL_KC,2024,REG,1,2024-09-05,20:20,KC,BAL,27.0,20.0,7.0,47.0,3.0,46.0,-148.0,124.0,-102.0,-118.0,-110.0,-110.0,7,7,GEHA Field at Arrowhead Stadium,outdoors,grass,67.0,8.0
2024_01_GB_PHI,2024,REG,1,2024-09-06,20:15,PHI,GB,34.0,29.0,5.0,63.0,2.0,49.5,-130.0,110.0,-110.0,-110.0,-108.0,-112.0,7,7,Arena Corinthians,outdoors,,,
2024_01_PIT_ATL,2024,REG,1,2024-09-08,13:00,ATL,PIT,10.0,18.0,-8.0,28.0,4.0,43.0,-192.0,160.0,-110.0,-110.0,-105.0,-115.0,7,7,Mercedes-Benz Stadium,closed,fieldturf,,
2024_01_ARI_BUF,2024,REG,1,2024-09-08,13:00,BUF,ARI,34.0,28.0,6.0,62.0,6.5,46.0,-310.0,250.0,-115.0,-105.0,-108.0,-112.0,7,7,New Era Field,outdoors,a_turf,61.0,20.0
2024_01_TEN_CHI,2024,REG,1,2024-09-08,13:00,CHI,TEN,24.0,17.0,7.0,41.0,4.0,43.0,-198.0,164.0,-112.0,-108.0,-110.0,-110.0,7,7,Soldier Field,outdoors,grass,67.0,8.0
2024_01_NE_CIN,2024,REG,1,2024-09-08,13:00,CIN,NE,10.0,16.0,-6.0,26.0,8.0,40.5,-375.0,295.0,-110.0,-110.0,-108.0,-112.0,7,7,Paycor Stadium,outdoors,fieldturf,66.0,5.0
2024_01_HOU_IND,2024,REG,1,2024-09-08,13:00,IND,HOU,27.0,29.0,-2.0,56.0,-3.0,49.0,130.0,-155.0,-112.0,-108.0,-108.0,-112.0,7,7,Lucas Oil Stadium,closed,fieldturf,,
2024_01_JAX_MIA,2024,REG,1,2024-09-08,13:00,MIA,JAX,20.0,17.0,3.0,37.0,3.5,49.5,-180.0,150.0,-110.0,-110.0,-108.0,-112.0,7,7,Hard Rock Stadium,outdoors,grass,91.0,10.0
2024_01_CAR_NO,2024,REG,1,2024-09-08,13:00,NO,CAR,47.0,10.0,37.0,57.0,3.5,41.5,-192.0,160.0,-112.0,-108.0,-108.0,-112.0,7,7,Mercedes-Benz Superdome,dome,sportturf,,
2024_01_MIN_NYG,2024,REG,1,2024-09-08,13:00,NYG,MIN,6.0,28.0,-22.0,34.0,-1.0,42.5,-105.0,-115.0,-112.0,-108.0,-112.0,-108.0,7,7,MetLife Stadium,outdoors,fieldturf,64.0,10.0
2024_01_LV_LAC,2024,REG,1,2024-09-08,16:05,LAC,LV,22.0,10.0,12.0,32.0,3.0,41.0,-155.0,130.0,-102.0,-118.0,-112.0,-108.0,7,7,SoFi Stadium,dome,matrixturf,,
2024_01_DEN_SEA,2024,REG,1,2024-09-08,16:05,SEA,DEN,26.0,20.0,6.0,46.0,6.5,42.0,-278.0,225.0,-110.0,-110.0,-112.0,-108.0,7,7,Lumen Field,outdoors,fieldturf,65.0,7.0
2024_01_DAL_CLE,2024,REG,1,2024-09-08,16:25,CLE,DAL,17.0,33.0,-16.0,50.0,2.5,42.0,-130.0,110.0,-108.0,-112.0,-112.0,-108.0,7,7,FirstEnergy Stadium,outdoors,grass,69.0,17.0
2024_01_WAS_TB,2024,REG,1,2024-09-08,16:25,TB,WAS,37.0,20.0,17.0,57.0,4.0,42.0,-198.0,164.0,-108.0,-112.0,-110.0,-110.0,7,7,Raymond James Stadium,outdoors,grass,93.0,6.0
2024_01_LA_DET,2024,REG,1,2024-09-08,20:20,DET,LA,26.0,20.0,6.0,46.0,5.0,54.0,-225.0,185.0,-112.0,-108.0,-108.0,-112.0,7,7,Ford Field,dome,fieldturf,,
2024_01_NYJ_SF,2024,REG,1,2024-09-09,20:15,SF,NYJ,32.0,19.0,13.0,51.0,3.5,43.0,-180.0,150.0,-105.0,-115.0,-112.0,-108.0,7,7,Levi's Stadium,outdoors,grass,76.0,10.0
2024_02_BUF_MIA,2024,REG,2,2024-09-12,20:15,MIA,BUF,10.0,31.0,-21.0,41.0,2.5,48.5,-135.0,114.0,-110.0,-110.0,-115.0,-105.0,4,4,Hard Rock Stadium,outdoors,grass,86.0,3.0
2024_02_LV_BAL,2024,REG,2,2024-09-15,13:00,BAL,LV,23.0,26.0,-3.0,49.0,9.0,41.0,-455.0,350.0,-108.0,-112.0,-112.0,-108.0,10,7,M&T Bank Stadium,outdoors,grass,76.0,10.0
2024_02_LAC_CAR,2024,REG,2,2024-09-15,13:00,CAR,LAC,3.0,26.0,-23.0,29.0,-5.0,39.0,185.0,-225.0,-110.0,-110.0,-108.0,-112.0,7,7,Bank of America Stadium,outdoors,grass,78.0,13.0
2024_02_NO_DAL,2024,REG,2,2024-09-15,13:00,DAL,NO,19.0,44.0,-25.0,63.0,6.5,47.0,-290.0,235.0,-108.0,-112.0,-112.0,-108.0,7,7,AT&T Stadium,closed,matrixturf,,
2024_02_TB_DET,2024,REG,2,2024-09-15,13:00,DET,TB,16.0,20.0,-4.0,36.0,7.5,51.5,-375.0,295.0,-112.0,-108.0,-108.0,-112.0,7,7,Ford Field,dome,fieldturf,,
2024_02_IND_GB,2024,REG,2,2024-09-15,13:00,GB,IND,16.0,10.0,6.0,26.0,-3.0,41.5,120.0,-142.0,-118.0,-102.0,-110.0,-110.0,9,7,Lambeau Field,outdoors,grass,85.0,7.0
2024_02_CLE_JAX,2024,REG,2,2024-09-15,13:00,JAX,CLE,13.0,18.0,-5.0,31.0,3.0,41.5,-170.0,142.0,-120.0,100.0,-112.0,-108.0,7,7,TIAA Bank Stadium,outdoors,grass,80.0,12.0
2024_02_SF_MIN,2024,REG,2,2024-09-15,13:00,MIN,SF,23.0,17.0,6.0,40.0,-4.5,46.5,180.0,-218.0,-108.0,-112.0,-112.0,-108.0,7,6,U.S. Bank Stadium,dome,sportturf,,
2024_02_SEA_NE,2024,REG,2,2024-09-15,13:00,NE,SEA,20.0,23.0,-3.0,43.0,-3.5,39.0,142.0,-170.0,-118.0,-102.0,-110.0,-110.0,7,7,Gillette Stadium,outdoors,fieldturf,77.0,5.0
2024_02_NYJ_TEN,2024,REG,2,2024-09-15,13:00,TEN,NYJ,17.0,24.0,-7.0,41.0,-3.5,41.5,150.0,-180.0,-108.0,-112.0,-108.0,-112.0,7,6,Nissan Stadium,outdoors,grass,80.0,13.0
2024_02_NYG_WAS,2024,REG,2,2024-09-15,13:00,WAS,NYG,21.0,18.0,3.0,39.0,1.5,42.5,-125.0,105.0,-112.0,-108.0,-115.0,-105.0,7,7,FedExField,outdoors,grass,82.0,11.0
2024_02_LA_ARI,2024,REG,2,2024-09-15,16:05,ARI,LA,41.0,10.0,31.0,51.0,-1.0,47.5,-108.0,-112.0,-115.0,-105.0,-102.0,-118.0,7,7,State Farm Stadium,closed,grass,,
2024_02_PIT_DEN,2024,REG,2,2024-09-15,16:25,DEN,PIT,6.0,13.0,-7.0,19.0,-3.0,36.5,130.0,-155.0,-118.0,-102.0,-108.0,-112.0,7,7,Empower Field at Mile High,outdoors,grass,83.0,4.0
2024_02_CIN_KC,2024,REG,2,2024-09-15,16:25,KC,CIN,26.0,25.0,1.0,51.0,6.5,47.5,-290.0,235.0,-115.0,-105.0,-112.0,-108.0,10,7,GEHA Field at Arrowhead Stadium,outdoors,grass,89.0,8.0
2024_02_CHI_HOU,2024,REG,2,2024-09-15,20:20,HOU,CHI,19.0,13.0,6.0,32.0,6.0,45.5,-258.0,210.0,-112.0,-108.0,-115.0,-105.0,7,7,NRG Stadium,closed,astroturf,,
2024_02_ATL_PHI,2024,REG,2,2024-09-16,20:15,PHI,ATL,21.0,22.0,-1.0,43.0,5.5,46.5,-265.0,215.0,-115.0,-105.0,-110.0,-110.0,10,8,Lincoln Financial Field,outdoors,grass,71.0,9.0
2024_03_NE_NYJ,2024,REG,3,2024-09-19,20:15,NYJ,NE,24.0,3.0,21.0,27.0,6.5,39.0,-285.0,230.0,-110.0,-110.0,-112.0,-108.0,4,4,MetLife Stadium,outdoors,fieldturf,75.0,5.0
2024_03_NYG_CLE,2024,REG,3,2024-09-22,13:00,CLE,NYG,15.0,21.0,-6.0,36.0,6.5,38.0,-270.0,220.0,-108.0,-112.0,-112.0,-108.0,7,7,FirstEnergy Stadium,outdoors,grass,76.0,4.0
2024_03_CHI_IND,2024,REG,3,2024-09-22,13:00,IND,CHI,21.0,16.0,5.0,37.0,1.5,43.0,-125.0,105.0,-112.0,-108.0,-115.0,-105.0,7,7,Lucas Oil Stadium,closed,fieldturf,,
2024_03_HOU_MIN,2024,REG,3,2024-09-22,13:00,MIN,HOU,34.0,7.0,27.0,41.0,-2.0,46.0,114.0,-135.0,-108.0,-112.0,-112.0,-108.0,7,7,U.S. Bank Stadium,dome,sportturf,,
2024_03_PHI_NO,2024,REG,3,2024-09-22,13:00,NO,PHI,12.0,15.0,-3.0,27.0,2.5,49.0,-142.0,120.0,-115.0,-105.0,-110.0,-110.0,7,6,Mercedes-Benz Superdome,dome,sportturf,,
2024_03_LAC_PIT,2024,REG,3,2024-09-22,13:00,PIT,LAC,20.0,10.0,10.0,30.0,3.0,36.0,-148.0,124.0,-102.0,-118.0,-105.0,-115.0,7,7,Acrisure Stadium,outdoors,grass,72.0,2.0
2024_03_DEN_TB,2024,REG,3,2024-09-22,13:00,TB,DEN,7.0,26.0,-19.0,33.0,6.0,40.5,-245.0,200.0,-108.0,-112.0,-112.0,-108.0,7,7,Raymond James Stadium,outdoors,grass,85.0,6.0
2024_03_GB_TEN,2024,REG,3,2024-09-22,13:00,TEN,GB,14.0,30.0,-16.0,44.0,3.0,37.0,-162.0,136.0,-108.0,-112.0,-112.0,-108.0,7,7,Nissan Stadium,outdoors,grass,87.0,7.0
2024_03_CAR_LV,2024,REG,3,2024-09-22,16:05,LV,CAR,22.0,36.0,-14.0,58.0,5.5,40.0,-245.0,200.0,-110.0,-110.0,-112.0,-108.0,7,7,Allegiant Stadium,dome,grass,,
2024_03_MIA_SEA,2024,REG,3,2024-09-22,16:05,SEA,MIA,24.0,3.0,21.0,27.0,4.0,41.5,-205.0,170.0,-110.0,-110.0,-110.0,-110.0,7,10,Lumen Field,outdoors,fieldturf,64.0,2.0
2024_03_DET_ARI,2024,REG,3,2024-09-22,16:25,ARI,DET,13.0,20.0,-7.0,33.0,-3.0,51.5,124.0,-148.0,-118.0,-102.0,-108.0,-112.0,7,7,State Farm Stadium,closed,grass,,
2024_03_BAL_DAL,2024,REG,3,2024-09-22,16:25,DAL,BAL,25.0,28.0,-3.0,53.0,-1.5,47.5,100.0,-120.0,-110.0,-110.0,-108.0,-112.0,7,7,AT&T Stadium,closed,matrixturf,,
2024_03_SF_LA,2024,REG,3,2024-09-22,16:25,LA,SF,27.0,24.0,3.0,51.0,-6.0,44.5,210.0,-258.0,-112.0,-108.0,-110.0,-110.0,7,7,SoFi Stadium,dome,matrixturf,,
2024_03_KC_ATL,2024,REG,3,2024-09-22,20:20,ATL,KC,17.0,22.0,-5.0,39.0,-3.0,46.0,142.0,-170.0,-102.0,-118.0,-112.0,-108.0,6,7,Mercedes-Benz Stadium,closed,fieldturf,,
2024_03_JAX_BUF,2024,REG,3,2024-09-23,19:30,BUF,JAX,47.0,10.0,37.0,57.0,4.0,46.5,-218.0,180.0,-112.0,-108.0,-110.0,-110.0,11,8,New Era Field,outdoors,a_turf,68.0,5.0
2024_03_WAS_CIN,2024,REG,3,2024-09-23,20:15,CIN,WAS,33.0,38.0,-5.0,71.0,7.5,46.0,-355.0,280.0,-105.0,-115.0,-108.0,-112.0,8,8,Paycor Stadium,outdoors,fieldturf,69.0,5.0
2024_04_DAL_NYG,2024,REG,4,2024-09-26,20:15,NYG,DAL,15.0,20.0,-5.0,35.0,-5.5,45.0,205.0,-250.0,-105.0,-115.0,-108.0,-112.0,4,4,MetLife Stadium,outdoors,fieldturf,74.0,3.0
2024_04_NO_ATL,2024,REG,4,2024-09-29,13:00,ATL,NO,26.0,24.0,2.0,50.0,2.5,41.5,-142.0,120.0,-115.0,-105.0,-108.0,-112.0,7,7,Mercedes-Benz Stadium,closed,fieldturf,,
2024_04_CIN_CAR,2024,REG,4,2024-09-29,13:00,CAR,CIN,24.0,34.0,-10.0,58.0,-4.5,47.0,170.0,-205.0,-108.0,-112.0,-112.0,-108.0,7,6,Bank of America Stadium,outdoors,grass,78.0,6.0
2024_04_LA_CHI,2024,REG,4,2024-09-29,13:00,CHI,LA,24.0,18.0,6.0,42.0,3.0,40.0,-162.0,136.0,-108.0,-112.0,-115.0,-105.0,7,7,Soldier Field,outdoors,grass,70.0,16.0
2024_04_MIN_GB,2024,REG,4,2024-09-29,13:00,GB,MIN,29.0,31.0,-2.0,60.0,2.5,44.0,-135.0,114.0,-118.0,-102.0,-108.0,-112.0,7,7,Lambeau Field,outdoors,grass,71.0,15.0
2024_04_JAX_HOU,2024,REG,4,2024-09-29,13:00,HOU,JAX,24.0,20.0,4.0,44.0,5.5,44.5,-238.0,195.0,-112.0,-108.0,-112.0,-108.0,7,6,NRG Stadium,closed,astroturf,,
2024_04_PIT_IND,2024,REG,4,2024-09-29,13:00,IND,PIT,27.0,24.0,3.0,51.0,-2.5,40.0,110.0,-130.0,-112.0,-108.0,-110.0,-110.0,7,7,Lucas Oil Stadium,closed,fieldturf,,
2024_04_DEN_NYJ,2024,REG,4,2024-09-29,13:00,NYJ,DEN,9.0,10.0,-1.0,19.0,7.5,39.5,-425.0,330.0,-112.0,-108.0,-108.0,-112.0,10,7,MetLife Stadium,outdoors,fieldturf,67.0,8.0
2024_04_PHI_TB,2024,REG,4,2024-09-29,13:00,TB,PHI,33.0,16.0,17.0,49.0,-1.0,42.0,-105.0,-115.0,-110.0,-110.0,-112.0,-108.0,7,7,Raymond James Stadium,outdoors,grass,88.0,9.0
2024_04_WAS_ARI,2024,REG,4,2024-09-29,16:05,ARI,WAS,14.0,42.0,-28.0,56.0,3.5,49.0,-180.0,150.0,-105.0,-115.0,-108.0,-112.0,7,6,State Farm Stadium,closed,grass,,
2024_04_NE_SF,2024,REG,4,2024-09-29,16:05,SF,NE,30.0,13.0,17.0,43.0,10.5,41.5,-550.0,410.0,-108.0,-112.0,-110.0,-110.0,7,10,Levi's Stadium,outdoors,grass,71.0,5.0
2024_04_KC_LAC,2024,REG,4,2024-09-29,16:25,LAC,KC,10.0,17.0,-7.0,27.0,-7.5,41.5,275.0,-345.0,-112.0,-108.0,-112.0,-108.0,7,7,SoFi Stadium,dome,matrixturf,,
2024_04_CLE_LV,2024,REG,4,2024-09-29,16:25,LV,CLE,20.0,16.0,4.0,36.0,-2.5,36.5,114.0,-135.0,-105.0,-115.0,-112.0,-108.0,7,7,Allegiant Stadium,dome,grass,,
2024_04_BUF_BAL,2024,REG,4,2024-09-29,20:20,BAL,BUF,35.0,10.0,25.0,45.0,2.5,46.5,-135.0,114.0,-112.0,-108.0,-110.0,-110.0,7,6,M&T Bank Stadium,outdoors,grass,68.0,8.0
2024_04_TEN_MIA,2024,REG,4,2024-09-30,19:30,MIA,TEN,12.0,31.0,-19.0,43.0,2.5,37.0,-135.0,114.0,-112.0,-108.0,-110.0,-110.0,8,8,Hard Rock Stadium,outdoors,grass,86.0,9.0
2024_04_SEA_DET,2024,REG,4,2024-09-30,20:15,DET,SEA,42.0,29.0,13.0,71.0,3.5,46.5,-185.0,154.0,-112.0,-108.0,-112.0,-108.0,8,8,Ford Field,dome,fieldturf,,
2024_05_TB_ATL,2024,REG,5,2024-10-03,20:15,ATL,TB,36.0,30.0,6.0,66.0,2.5,44.0,-142.0,120.0,-118.0,-102.0,-110.0,-110.0,4,4,Mercedes-Benz Stadium,closed,fieldturf,,
2024_05_NYJ_MIN,2024,REG,5,2024-10-06,09:30,MIN,NYJ,23.0,17.0,6.0,40.0,2.5,42.0,-142.0,120.0,-115.0,-105.0,-108.0,-112.0,7,7,Tottenham Stadium,outdoors,grass,59.0,8.0
2024_05_CAR_CHI,2024,REG,5,2024-10-06,13:00,CHI,CAR,36.0,10.0,26.0,46.0,4.0,40.0,-198.0,164.0,-112.0,-108.0,-112.0,-108.0,7,7,Soldier Field,outdoors,grass,74.0,7.0
2024_05_BAL_CIN,2024,REG,5,2024-10-06,13:00,CIN,BAL,38.0,41.0,-3.0,79.0,-2.5,48.5,124.0,-148.0,-102.0,-118.0,-108.0,-112.0,7,7,Paycor Stadium,outdoors,fieldturf,81.0,10.0
2024_05_BUF_HOU,2024,REG,5,2024-10-06,13:00,HOU,BUF,23.0,20.0,3.0,43.0,1.0,48.0,-118.0,-102.0,-112.0,-108.0,-110.0,-110.0,7,7,NRG Stadium,closed,astroturf,,
2024_05_IND_JAX,2024,REG,5,2024-10-06,13:00,JAX,IND,37.0,34.0,3.0,71.0,3.5,45.0,-185.0,154.0,-110.0,-110.0,-110.0,-110.0,7,7,TIAA Bank Stadium,outdoors,grass,74.0,4.0
2024_05_MIA_NE,2024,REG,5,2024-10-06,13:00,NE,MIA,10.0,15.0,-5.0,25.0,-2.0,37.0,110.0,-130.0,-108.0,-112.0,-112.0,-108.0,7,6,Gillette Stadium,outdoors,fieldturf,65.0,2.0
2024_05_CLE_WAS,2024,REG,5,2024-10-06,13:00,WAS,CLE,34.0,13.0,21.0,47.0,3.0,44.0,-155.0,130.0,-108.0,-112.0,-108.0,-112.0,7,7,FedExField,outdoors,grass,73.0,5.0
2024_05_LV_DEN,2024,REG,5,2024-10-06,16:05,DEN,LV,34.0,18.0,16.0,52.0,3.0,36.0,-155.0,130.0,-108.0,-112.0,-112.0,-108.0,7,7,Empower Field at Mile High,outdoors,grass,73.0,7.0
2024_05_ARI_SF,2024,REG,5,2024-10-06,16:05,SF,ARI,23.0,24.0,-1.0,47.0,7.0,48.5,-325.0,260.0,-115.0,-105.0,-112.0,-108.0,7,7,Levi's Stadium,outdoors,grass,89.0,3.0
2024_05_GB_LA,2024,REG,5,2024-10-06,16:25,LA,GB,19.0,24.0,-5.0,43.0,-3.0,49.5,130.0,-155.0,-108.0,-112.0,-108.0,-112.0,7,7,SoFi Stadium,dome,matrixturf,,
2024_05_NYG_SEA,2024,REG,5,2024-10-06,16:25,SEA,NYG,20.0,29.0,-9.0,49.0,7.0,42.5,-310.0,250.0,-108.0,-112.0,-110.0,-110.0,6,10,Lumen Field,outdoors,fieldturf,61.0,3.0
2024_05_DAL_PIT,2024,REG,5,2024-10-06,20:20,PIT,DAL,17.0,20.0,-3.0,37.0,2.5,43.5,-135.0,114.0,-112.0,-108.0,-112.0,-108.0,7,10,Acrisure Stadium,outdoors,grass,67.0,6.0
2024_05_NO_KC,2024,REG,5,2024-10-07,20:15,KC,NO,26.0,13.0,13.0,39.0,5.5,43.0,-230.0,190.0,-108.0,-112.0,-110.0,-110.0,8,8,GEHA Field at Arrowhead Stadium,outdoors,grass,70.0,1.0
2024_06_SF_SEA,2024,REG,6,2024-10-10,20:15,SEA,SF,24.0,36.0,-12.0,60.0,-3.5,49.0,164.0,-198.0,-102.0,-118.0,-110.0,-110.0,4,4,Lumen Field,outdoors,fieldturf,59.0,10.0
2024_06_JAX_CHI,2024,REG,6,2024-10-13,09:30,CHI,JAX,35.0,16.0,19.0,51.0,-1.5,44.5,100.0,-120.0,-112.0,-108.0,-112.0,-108.0,7,7,Tottenham Stadium,outdoors,grass,54.0,3.0
2024_06_WAS_BAL,2024,REG,6,2024-10-13,13:00,BAL,WAS,30.0,23.0,7.0,53.0,6.5,51.5,-285.0,230.0,-112.0,-108.0,-110.0,-110.0,7,7,M&T Bank Stadium,outdoors,grass,75.0,8.0
2024_06_ARI_GB,2024,REG,6,2024-10-13,13:00,GB,ARI,34.0,13.0,21.0,47.0,5.5,47.0,-238.0,195.0,-110.0,-110.0,-110.0,-110.0,7,7,Lambeau Field,outdoors,grass,50.0,4.0
2024_06_HOU_NE,2024,REG,6,2024-10-13,13:00,NE,HOU,21.0,41.0,-20.0,62.0,-6.5,38.5,215.0,-265.0,-112.0,-108.0,-108.0,-112.0,7,7,Gillette Stadium,outdoors,fieldturf,53.0,5.0
2024_06_TB_NO,2024,REG,6,2024-10-13,13:00,NO,TB,27.0,51.0,-24.0,78.0,-3.5,42.5,145.0,-175.0,-112.0,-108.0,-110.0,-110.0,6,10,Mercedes-Benz Superdome,dome,sportturf,,
2024_06_CLE_PHI,2024,REG,6,2024-10-13,13:00,PHI,CLE,20.0,16.0,4.0,36.0,8.0,42.0,-425.0,330.0,-112.0,-108.0,-110.0,-110.0,14,7,Lincoln Financial Field,outdoors,grass,82.0,10.0
2024_06_IND_TEN,2024,REG,6,2024-10-13,13:00,TEN,IND,17.0,20.0,-3.0,37.0,2.5,42.0,-135.0,114.0,-110.0,-110.0,-108.0,-112.0,13,7,Nissan Stadium,outdoors,grass,80.0,12.0
2024_06_LAC_DEN,2024,REG,6,2024-10-13,16:05,DEN,LAC,16.0,23.0,-7.0,39.0,-3.0,37.0,130.0,-155.0,-115.0,-105.0,-112.0,-108.0,7,14,Empower Field at Mile High,outdoors,grass,65.0,7.0
2024_06_PIT_LV,2024,REG,6,2024-10-13,16:05,LV,PIT,13.0,32.0,-19.0,45.0,-3.5,36.5,150.0,-180.0,-110.0,-110.0,-112.0,-108.0,7,7,Allegiant Stadium,dome,grass,,
2024_06_ATL_CAR,2024,REG,6,2024-10-13,16:25,CAR,ATL,20.0,38.0,-18.0,58.0,-6.0,45.5,210.0,-258.0,-108.0,-112.0,-110.0,-110.0,7,10,Bank of America Stadium,outdoors,grass,79.0,9.0
2024_06_DET_DAL,2024,REG,6,2024-10-13,16:25,DAL,DET,9.0,47.0,-38.0,56.0,-3.5,52.5,150.0,-180.0,-115.0,-105.0,-110.0,-110.0,7,13,AT&T Stadium,closed,matrixturf,,
2024_06_CIN_NYG,2024,REG,6,2024-10-13,20:20,NYG,CIN,7.0,17.0,-10.0,24.0,-4.5,46.0,190.0,-230.0,-108.0,-112.0,-118.0,-102.0,7,7,MetLife Stadium,outdoors,fieldturf,63.0,2.0
2024_06_BUF_NYJ,2024,REG,6,2024-10-14,20:15,NYJ,BUF,20.0,23.0,-3.0,43.0,-1.0,42.0,102.0,-122.0,-108.0,-112.0,-110.0,-110.0,8,8,MetLife Stadium,outdoors,fieldturf,49.0,14.0
2024_07_DEN_NO,2024,REG,7,2024-10-17,20:15,NO,DEN,10.0,33.0,-23.0,43.0,-2.5,37.0,124.0,-148.0,-102.0,-118.0,-110.0,-110.0,4,4,Mercedes-Benz Superdome,dome,sportturf,,
2024_07_NE_JAX,2024,REG,7,2024-10-20,09:30,JAX,NE,32.0,16.0,16.0,48.0,6.5,42.0,-298.0,240.0,-115.0,-105.0,-112.0,-108.0,7,7,Wembley Stadium,outdoors,grass,63.0,12.0
2024_07_SEA_ATL,2024,REG,7,2024-10-20,13:00,ATL,SEA,14.0,34.0,-20.0,48.0,3.0,51.5,-162.0,136.0,-105.0,-115.0,-110.0,-110.0,7,10,Mercedes-Benz Stadium,closed,fieldturf,,
2024_07_TEN_BUF,2024,REG,7,2024-10-20,13:00,BUF,TEN,34.0,10.0,24.0,44.0,9.5,41.0,-535.0,400.0,-110.0,-110.0,-112.0,-108.0,6,7,New Era Field,outdoors,a_turf,66.0,12.0
2024_07_CIN_CLE,2024,REG,7,2024-10-20,13:00,CLE,CIN,14.0,21.0,-7.0,35.0,-5.5,42.0,190.0,-230.0,-110.0,-110.0,-108.0,-112.0,7,7,FirstEnergy Stadium,outdoors,grass,62.0,8.0
2024_07_HOU_GB,2024,REG,7,2024-10-20,13:00,GB,HOU,24.0,22.0,2.0,46.0,3.0,48.0,-170.0,142.0,-120.0,100.0,-112.0,-108.0,7,7,Lambeau Field,outdoors,grass,72.0,3.0
2024_07_MIA_IND,2024,REG,7,2024-10-20,13:00,IND,MIA,16.0,10.0,6.0,26.0,3.0,44.0,-155.0,130.0,100.0,-120.0,-112.0,-108.0,7,14,Lucas Oil Stadium,closed,fieldturf,,
2024_07_DET_MIN,2024,REG,7,2024-10-20,13:00,MIN,DET,29.0,31.0,-2.0,60.0,1.0,50.5,-118.0,-102.0,-112.0,-108.0,-108.0,-112.0,14,7,U.S. Bank Stadium,dome,sportturf,,
2024_07_PHI_NYG,2024,REG,7,2024-10-20,13:00,NYG,PHI,3.0,28.0,-25.0,31.0,-3.0,42.0,140.0,-166.0,100.0,-120.0,-110.0,-110.0,7,7,MetLife Stadium,outdoors,fieldturf,71.0,4.0
2024_07_LV_LA,2024,REG,7,2024-10-20,16:05,LA,LV,20.0,15.0,5.0,35.0,7.0,43.0,-355.0,280.0,-115.0,-105.0,-115.0,-105.0,14,7,SoFi Stadium,dome,matrixturf,,
2024_07_CAR_WAS,2024,REG,7,2024-10-20,16:05,WAS,CAR,40.0,7.0,33.0,47.0,10.0,51.0,-535.0,400.0,-120.0,100.0,-110.0,-110.0,7,7,FedExField,outdoors,grass,76.0,2.0
2024_07_KC_SF,2024,REG,7,2024-10-20,16:25,SF,KC,18.0,28.0,-10.0,46.0,2.5,47.5,-142.0,120.0,-115.0,-105.0,-110.0,-110.0,10,13,Levi's Stadium,outdoors,grass,78.0,3.0
2024_07_NYJ_PIT,2024,REG,7,2024-10-20,20:20,PIT,NYJ,37.0,15.0,22.0,52.0,-3.0,40.0,140.0,-166.0,-112.0,-108.0,-110.0,-110.0,7,6,Acrisure Stadium,outdoors,grass,60.0,4.0
2024_07_BAL_TB,2024,REG,7,2024-10-21,20:15,TB,BAL,31.0,41.0,-10.0,72.0,-4.5,51.0,185.0,-225.0,-110.0,-110.0,-110.0,-110.0,8,8,Raymond James Stadium,outdoors,grass,80.0,8.0
2024_07_LAC_ARI,2024,REG,7,2024-10-21,21:00,ARI,LAC,17.0,15.0,2.0,32.0,-1.0,44.0,102.0,-122.0,-105.0,-115.0,-112.0,-108.0,8,8,State Farm Stadium,closed,grass,,
2024_08_MIN_LA,2024,REG,8,2024-10-24,20:15,LA,MIN,30.0,20.0,10.0,50.0,-3.0,47.5,130.0,-155.0,-115.0,-105.0,-110.0,-110.0,4,4,SoFi Stadium,dome,matrixturf,,
2024_08_PHI_CIN,2024,REG,8,2024-10-27,13:00,CIN,PHI,17.0,37.0,-20.0,54.0,2.5,47.5,-148.0,124.0,-120.0,100.0,-112.0,-108.0,7,7,Paycor Stadium,outdoors,fieldturf,59.0,6.0
2024_08_BAL_CLE,2024,REG,8,2024-10-27,13:00,CLE,BAL,29.0,24.0,5.0,53.0,-7.5,44.5,300.0,-380.0,-110.0,-110.0,-115.0,-105.0,7,6,FirstEnergy Stadium,outdoors,grass,52.0,4.0
2024_08_TEN_DET,2024,REG,8,2024-10-27,13:00,DET,TEN,52.0,14.0,38.0,66.0,12.5,45.0,-800.0,550.0,-115.0,-105.0,-112.0,-108.0,7,7,Ford Field,dome,fieldturf,,
2024_08_IND_HOU,2024,REG,8,2024-10-27,13:00,HOU,IND,23.0,20.0,3.0,43.0,5.0,45.0,-225.0,185.0,-108.0,-112.0,-112.0,-108.0,7,7,NRG Stadium,closed,astroturf,,
2024_08_GB_JAX,2024,REG,8,2024-10-27,13:00,JAX,GB,27.0,30.0,-3.0,57.0,-3.5,49.0,160.0,-192.0,-105.0,-115.0,-108.0,-112.0,7,7,TIAA Bank Stadium,outdoors,grass,84.0,4.0
2024_08_ARI_MIA,2024,REG,8,2024-10-27,13:00,MIA,ARI,27.0,28.0,-1.0,55.0,4.0,46.5,-198.0,164.0,-112.0,-108.0,-110.0,-110.0,7,6,Hard Rock Stadium,outdoors,grass,82.0,14.0
2024_08_NYJ_NE,2024,REG,8,2024-10-27,13:00,NE,NYJ,25.0,22.0,3.0,47.0,-7.0,41.0,245.0,-305.0,-110.0,-110.0,-110.0,-110.0,7,7,Gillette Stadium,outdoors,fieldturf,53.0,8.0
2024_08_ATL_TB,2024,REG,8,2024-10-27,13:00,TB,ATL,26.0,31.0,-5.0,57.0,-1.5,47.0,102.0,-122.0,-110.0,-110.0,-112.0,-108.0,6,7,Raymond James Stadium,outdoors,grass,79.0,6.0
2024_08_NO_LAC,2024,REG,8,2024-10-27,16:05,LAC,NO,26.0,8.0,18.0,34.0,7.0,41.5,-310.0,250.0,-110.0,-110.0,-112.0,-108.0,6,10,SoFi Stadium,dome,matrixturf,,
2024_08_BUF_SEA,2024,REG,8,2024-10-27,16:05,SEA,BUF,10.0,31.0,-21.0,41.0,-3.0,45.5,142.0,-170.0,100.0,-120.0,-115.0,-105.0,7,7,Lumen Field,outdoors,fieldturf,55.0,14.0
2024_08_CAR_DEN,2024,REG,8,2024-10-27,16:25,DEN,CAR,28.0,14.0,14.0,42.0,13.0,40.5,-750.0,525.0,-110.0,-110.0,-108.0,-112.0,10,7,Empower Field at Mile High,outdoors,grass,76.0,4.0
2024_08_KC_LV,2024,REG,8,2024-10-27,16:25,LV,KC,20.0,27.0,-7.0,47.0,-9.0,42.0,340.0,-440.0,-108.0,-112.0,-112.0,-108.0,7,7,Allegiant Stadium,dome,grass,,
2024_08_CHI_WAS,2024,REG,8,2024-10-27,16:25,WAS,CHI,18.0,15.0,3.0,33.0,1.5,46.5,-122.0,102.0,-110.0,-110.0,-112.0,-108.0,7,14,FedExField,outdoors,grass,58.0,2.0
2024_08_DAL_SF,2024,REG,8,2024-10-27,20:20,SF,DAL,30.0,24.0,6.0,54.0,5.5,48.0,-238.0,195.0,-115.0,-105.0,-110.0,-110.0,7,14,Levi's Stadium,outdoors,grass,69.0,9.0
2024_08_NYG_PIT,2024,REG,8,2024-10-28,20:15,PIT,NYG,26.0,18.0,8.0,44.0,6.0,37.5,-270.0,220.0,-115.0,-105.0,-110.0,-110.0,8,8,Acrisure Stadium,outdoors,grass,54.0,7.0
2024_09_HOU_NYJ,2024,REG,9,2024-10-31,20:15,NYJ,HOU,21.0,13.0,8.0,34.0,2.5,43.5,-148.0,124.0,-120.0,100.0,-115.0,-105.0,4,4,MetLife Stadium,outdoors,fieldturf,71.0,8.0
2024_09_DAL_ATL,2024,REG,9,2024-11-03,13:00,ATL,DAL,27.0,21.0,6.0,48.0,3.0,52.0,-166.0,140.0,-115.0,-105.0,-108.0,-112.0,7,7,Mercedes-Benz Stadium,closed,fieldturf,,
2024_09_DEN_BAL,2024,REG,9,2024-11-03,13:00,BAL,DEN,41.0,10.0,31.0,51.0,9.0,46.5,-440.0,330.0,-105.0,-115.0,-110.0,-110.0,7,7,M&T Bank Stadium,outdoors,grass,57.0,3.0
2024_09_MIA_BUF,2024,REG,9,2024-11-03,13:00,BUF,MIA,30.0,27.0,3.0,57.0,6.5,49.0,-285.0,230.0,-110.0,-110.0,-112.0,-108.0,7,7,New Era Field,outdoors,a_turf,54.0,9.0
2024_09_NO_CAR,2024,REG,9,2024-11-03,13:00,CAR,NO,23.0,22.0,1.0,45.0,-7.0,43.5,275.0,-345.0,-102.0,-118.0,-112.0,-108.0,7,7,Bank of America Stadium,outdoors,grass,66.0,7.0
2024_09_LV_CIN,2024,REG,9,2024-11-03,13:00,CIN,LV,41.0,24.0,17.0,65.0,8.0,45.0,-410.0,320.0,-110.0,-110.0,-112.0,-108.0,7,7,Paycor Stadium,outdoors,fieldturf,67.0,7.0
2024_09_LAC_CLE,2024,REG,9,2024-11-03,13:00,CLE,LAC,10.0,27.0,-17.0,37.0,-2.0,42.5,110.0,-130.0,-110.0,-110.0,-112.0,-108.0,7,7,FirstEnergy Stadium,outdoors,grass,57.0,10.0
2024_09_WAS_NYG,2024,REG,9,2024-11-03,13:00,NYG,WAS,22.0,27.0,-5.0,49.0,-4.5,44.5,180.0,-218.0,-112.0,-108.0,-110.0,-110.0,6,7,MetLife Stadium,outdoors,fieldturf,52.0,6.0
2024_09_NE_TEN,2024,REG,9,2024-11-03,13:00,TEN,NE,20.0,17.0,3.0,37.0,3.0,38.5,-162.0,136.0,-115.0,-105.0,-110.0,-110.0,7,7,Nissan Stadium,outdoors,grass,75.0,10.0
2024_09_CHI_ARI,2024,REG,9,2024-11-03,16:05,ARI,CHI,29.0,9.0,20.0,38.0,1.5,44.5,-120.0,100.0,-110.0,-110.0,-110.0,-110.0,7,7,State Farm Stadium,closed,grass,,
2024_09_JAX_PHI,2024,REG,9,2024-11-03,16:05,PHI,JAX,28.0,23.0,5.0,51.0,7.5,46.0,-340.0,270.0,-108.0,-112.0,-110.0,-110.0,7,7,Lincoln Financial Field,outdoors,grass,57.0,6.0
2024_09_DET_GB,2024,REG,9,2024-11-03,16:25,GB,DET,14.0,24.0,-10.0,38.0,-2.5,47.5,130.0,-155.0,100.0,-120.0,-112.0,-108.0,7,7,Lambeau Field,outdoors,grass,50.0,15.0
2024_09_LA_SEA,2024,REG,9,2024-11-03,16:25,SEA,LA,20.0,26.0,-6.0,46.0,-1.5,48.5,105.0,-125.0,-108.0,-112.0,-110.0,-110.0,7,10,Lumen Field,outdoors,fieldturf,52.0,4.0
2024_09_IND_MIN,2024,REG,9,2024-11-03,20:20,MIN,IND,21.0,13.0,8.0,34.0,6.5,47.0,-298.0,240.0,-110.0,-110.0,-110.0,-110.0,10,7,U.S. Bank Stadium,dome,sportturf,,
2024_09_TB_KC,2024,REG,9,2024-11-04,20:15,KC,TB,30.0,24.0,6.0,54.0,9.0,45.5,-425.0,330.0,-110.0,-110.0,-112.0,-108.0,8,8,GEHA Field at Arrowhead Stadium,outdoors,grass,63.0,6.0
2024_10_CIN_BAL,2024,REG,10,2024-11-07,20:15,BAL,CIN,35.0,34.0,1.0,69.0,6.0,53.0,-270.0,220.0,-112.0,-108.0,-112.0,-108.0,4,4,M&T Bank Stadium,outdoors,grass,69.0,6.0
2024_10_NYG_CAR,2024,REG,10,2024-11-10,09:30,CAR,NYG,20.0,17.0,3.0,37.0,-6.5,40.5,240.0,-298.0,-102.0,-118.0,-105.0,-115.0,7,7,Allianz Arena,outdoors,,,
2024_10_NE_CHI,2024,REG,10,2024-11-10,13:00,CHI,NE,3.0,19.0,-16.0,22.0,6.5,37.5,-325.0,260.0,-110.0,-110.0,-108.0,-112.0,7,7,Soldier Field,outdoors,grass,60.0,6.0
2024_10_BUF_IND,2024,REG,10,2024-11-10,13:00,IND,BUF,20.0,30.0,-10.0,50.0,-4.5,46.5,190.0,-230.0,-105.0,-115.0,-112.0,-108.0,7,7,Lucas Oil Stadium,closed,fieldturf,,
2024_10_MIN_JAX,2024,REG,10,2024-11-10,13:00,JAX,MIN,7.0,12.0,-5.0,19.0,-7.0,42.5,280.0,-345.0,100.0,-120.0,-112.0,-108.0,7,7,TIAA Bank Stadium,outdoors,grass,79.0,7.0
2024_10_DEN_KC,2024,REG,10,2024-11-10,13:00,KC,DEN,16.0,14.0,2.0,30.0,7.5,42.5,-380.0,300.0,-105.0,-115.0,-110.0,-110.0,6,7,GEHA Field at Arrowhead Stadium,outdoors,grass,57.0,12.0
2024_10_ATL_NO,2024,REG,10,2024-11-10,13:00,NO,ATL,20.0,17.0,3.0,37.0,-3.5,46.5,160.0,-192.0,-108.0,-112.0,-108.0,-112.0,7,7,Mercedes-Benz Superdome,dome,sportturf,,
2024_10_SF_TB,2024,REG,10,2024-11-10,13:00,TB,SF,20.0,23.0,-3.0,43.0,-6.5,50.5,240.0,-298.0,-102.0,-118.0,-108.0,-112.0,6,14,Raymond James Stadium,outdoors,grass,85.0,9.0
2024_10_PIT_WAS,2024,REG,10,2024-11-10,13:00,WAS,PIT,27.0,28.0,-1.0,55.0,1.5,45.0,-122.0,102.0,-110.0,-110.0,-112.0,-108.0,7,13,FedExField,outdoors,grass,57.0,9.0
2024_10_TEN_LAC,2024,REG,10,2024-11-10,16:05,LAC,TEN,27.0,17.0,10.0,44.0,8.0,40.0,-380.0,300.0,-112.0,-108.0,-110.0,-110.0,7,7,SoFi Stadium,dome,matrixturf,,
2024_10_NYJ_ARI,2024,REG,10,2024-11-10,16:25,ARI,NYJ,31.0,6.0,25.0,37.0,-2.0,45.5,110.0,-130.0,-110.0,-110.0,-112.0,-108.0,7,10,State Farm Stadium,closed,grass,,
2024_10_PHI_DAL,2024,REG,10,2024-11-10,16:25,DAL,PHI,6.0,34.0,-28.0,40.0,-7.5,44.5,285.0,-360.0,-112.0,-108.0,-110.0,-110.0,7,7,AT&T Stadium,closed,matrixturf,,
2024_10_DET_HOU,2024,REG,10,2024-11-10,20:20,HOU,DET,23.0,26.0,-3.0,49.0,-4.5,49.0,190.0,-230.0,-110.0,-110.0,-112.0,-110.0,10,7,NRG Stadium,closed,astroturf,,
2024_10_MIA_LA,2024,REG,10,2024-11-11,20:15,LA,MIA,15.0,23.0,-8.0,38.0,2.5,49.5,-142.0,120.0,-118.0,-102.0,-112.0,-108.0,8,8,SoFi Stadium,dome,matrixturf,,
2024_11_WAS_PHI,2024,REG,11,2024-11-14,20:15,PHI,WAS,26.0,18.0,8.0,44.0,4.5,49.5,-230.0,190.0,-110.0,-110.0,-110.0,-110.0,4,4,Lincoln Financial Field,outdoors,grass,46.0,9.0
2024_11_GB_CHI,2024,REG,11,2024-11-17,13:00,CHI,GB,19.0,20.0,-1.0,39.0,-6.0,41.0,215.0,-265.0,-105.0,-115.0,-112.0,-108.0,7,14,Soldier Field,outdoors,grass,54.0,5.0
2024_11_JAX_DET,2024,REG,11,2024-11-17,13:00,DET,JAX,52.0,6.0,46.0,58.0,14.0,47.5,-1000.0,650.0,-115.0,-105.0,-110.0,-110.0,7,7,Ford Field,dome,fieldturf,,
2024_11_LV_MIA,2024,REG,11,2024-11-17,13:00,MIA,LV,34.0,19.0,15.0,53.0,8.0,43.5,-425.0,330.0,-115.0,-105.0,-108.0,-112.0,6,14,Hard Rock Stadium,outdoors,grass,80.0,16.0
2024_11_LA_NE,2024,REG,11,2024-11-17,13:00,NE,LA,22.0,28.0,-6.0,50.0,-4.0,42.5,164.0,-198.0,-112.0,-108.0,-108.0,-112.0,7,6,Gillette Stadium,outdoors,fieldturf,59.0,9.0
2024_11_CLE_NO,2024,REG,11,2024-11-17,13:00,NO,CLE,35.0,14.0,21.0,49.0,-1.0,44.0,-105.0,-115.0,-110.0,-110.0,-110.0,-110.0,7,14,Mercedes-Benz Superdome,dome,sportturf,,
2024_11_IND_NYJ,2024,REG,11,2024-11-17,13:00,NYJ,IND,27.0,28.0,-1.0,55.0,4.0,43.0,-205.0,170.0,-110.0,-110.0,-110.0,-110.0,7,7,MetLife Stadium,outdoors,fieldturf,62.0,4.0
2024_11_BAL_PIT,2024,REG,11,2024-11-17,13:00,PIT,BAL,18.0,16.0,2.0,34.0,-3.0,48.0,145.0,-175.0,100.0,-120.0,-112.0,-108.0,7,10,Acrisure Stadium,outdoors,grass,52.0,5.0
2024_11_MIN_TEN,2024,REG,11,2024-11-17,13:00,TEN,MIN,13.0,23.0,-10.0,36.0,-6.0,40.0,235.0,-290.0,-102.0,-118.0,-110.0,-110.0,7,7,Nissan Stadium,outdoors,grass,66.0,7.0
2024_11_ATL_DEN,2024,REG,11,2024-11-17,16:05,DEN,ATL,38.0,6.0,32.0,44.0,2.0,44.5,-135.0,114.0,-112.0,-108.0,-108.0,-112.0,7,7,Empower Field at Mile High,outdoors,grass,55.0,9.0
2024_11_SEA_SF,2024,REG,11,2024-11-17,16:05,SF,SEA,17.0,20.0,-3.0,37.0,6.0,49.0,-265.0,215.0,-110.0,-110.0,-108.0,-112.0,7,14,Levi's Stadium,outdoors,grass,59.0,4.0
2024_11_KC_BUF,2024,REG,11,2024-11-17,16:25,BUF,KC,30.0,21.0,9.0,51.0,2.5,46.5,-142.0,120.0,-112.0,-108.0,-112.0,-108.0,7,7,New Era Field,outdoors,a_turf,50.0,3.0
2024_11_CIN_LAC,2024,REG,11,2024-11-17,20:20,LAC,CIN,34.0,27.0,7.0,61.0,1.0,48.0,-110.0,-110.0,-102.0,-118.0,-115.0,-105.0,7,10,SoFi Stadium,dome,matrixturf,,
2024_11_HOU_DAL,2024,REG,11,2024-11-18,20:15,DAL,HOU,10.0,34.0,-24.0,44.0,-7.5,41.5,285.0,-360.0,-120.0,100.0,-115.0,-105.0,8,8,AT&T Stadium,closed,matrixturf,,
2024_12_PIT_CLE,2024,REG,12,2024-11-21,20:15,CLE,PIT,24.0,19.0,5.0,43.0,-3.5,36.5,170.0,-205.0,-105.0,-115.0,-112.0,-108.0,4,4,FirstEnergy Stadium,outdoors,grass,36.0,13.0
2024_12_KC_CAR,2024,REG,12,2024-11-24,13:00,CAR,KC,27.0,30.0,-3.0,57.0,-11.0,43.0,500.0,-700.0,-108.0,-112.0,-110.0,-110.0,14,7,Bank of America Stadium,outdoors,grass,61.0,5.0
2024_12_MIN_CHI,2024,REG,12,2024-11-24,13:00,CHI,MIN,27.0,30.0,-3.0,57.0,-3.0,39.5,145.0,-175.0,100.0,-120.0,-112.0,-108.0,7,7,Soldier Field,outdoors,grass,47.0,5.0
2024_12_TEN_HOU,2024,REG,12,2024-11-24,13:00,HOU,TEN,27.0,32.0,-5.0,59.0,8.0,40.5,-375.0,295.0,-108.0,-112.0,-108.0,-112.0,6,7,NRG Stadium,closed,astroturf,,
2024_12_DET_IND,2024,REG,12,2024-11-24,13:00,IND,DET,6.0,24.0,-18.0,30.0,-7.0,50.5,295.0,-375.0,102.0,-122.0,-110.0,-110.0,7,7,Lucas Oil Stadium,closed,fieldturf,,
2024_12_NE_MIA,2024,REG,12,2024-11-24,13:00,MIA,NE,34.0,15.0,19.0,49.0,7.5,46.0,-360.0,285.0,-105.0,-115.0,-112.0,-108.0,7,7,Hard Rock Stadium,outdoors,grass,77.0,6.0
2024_12_TB_NYG,2024,REG,12,2024-11-24,13:00,NYG,TB,7.0,30.0,-23.0,37.0,-6.5,40.5,240.0,-298.0,-112.0,-108.0,-110.0,-110.0,14,14,MetLife Stadium,outdoors,fieldturf,50.0,13.0
2024_12_DAL_WAS,2024,REG,12,2024-11-24,13:00,WAS,DAL,26.0,34.0,-8.0,60.0,10.5,45.0,-625.0,455.0,-108.0,-112.0,-110.0,-110.0,10,6,FedExField,outdoors,grass,55.0,5.0
2024_12_DEN_LV,2024,REG,12,2024-11-24,16:05,LV,DEN,19.0,29.0,-10.0,48.0,-6.5,41.5,225.0,-278.0,-115.0,-105.0,-112.0,-108.0,7,7,Allegiant Stadium,dome,grass,,
2024_12_SF_GB,2024,REG,12,2024-11-24,16:25,GB,SF,38.0,10.0,28.0,48.0,6.5,44.5,-290.0,235.0,-108.0,-112.0,-112.0,-108.0,7,7,Lambeau Field,outdoors,grass,43.0,11.0
2024_12_ARI_SEA,2024,REG,12,2024-11-24,16:25,SEA,ARI,16.0,6.0,10.0,22.0,-1.0,46.5,-105.0,-115.0,-110.0,-110.0,-112.0,-108.0,7,14,Lumen Field,outdoors,fieldturf,45.0,5.0
2024_12_PHI_LA,2024,REG,12,2024-11-24,20:20,LA,PHI,20.0,37.0,-17.0,57.0,-3.0,49.0,142.0,-170.0,-108.0,-112.0,-112.0,-108.0,7,10,SoFi Stadium,dome,matrixturf,,
2024_12_BAL_LAC,2024,REG,12,2024-11-25,20:15,LAC,BAL,23.0,30.0,-7.0,53.0,-3.0,51.0,140.0,-166.0,-110.0,-110.0,-108.0,-112.0,8,8,SoFi Stadium,dome,matrixturf,,
2024_13_CHI_DET,2024,REG,13,2024-11-28,12:30,DET,CHI,23.0,20.0,3.0,43.0,9.5,47.5,-520.0,390.0,-118.0,-102.0,-120.0,100.0,4,4,Ford Field,dome,fieldturf,,
2024_13_NYG_DAL,2024,REG,13,2024-11-28,16:30,DAL,NYG,27.0,20.0,7.0,47.0,4.5,39.0,-218.0,185.0,-110.0,-110.0,-110.0,-110.0,4,4,AT&T Stadium,closed,matrixturf,,
2024_13_MIA_GB,2024,REG,13,2024-11-28,20:20,GB,MIA,30.0,17.0,13.0,47.0,3.5,47.5,-175.0,145.0,-105.0,-115.0,-110.0,-110.0,4,4,Lambeau Field,outdoors,grass,27.0,10.0
2024_13_LV_KC,2024,REG,13,2024-11-29,15:00,KC,LV,19.0,17.0,2.0,36.0,13.5,42.0,-800.0,550.0,-112.0,-108.0,-112.0,-108.0,5,5,GEHA Field at Arrowhead Stadium,outdoors,grass,37.0,5.0
2024_13_LAC_ATL,2024,REG,13,2024-12-01,13:00,ATL,LAC,13.0,17.0,-4.0,30.0,-1.0,47.0,-102.0,-118.0,-112.0,-108.0,-110.0,-110.0,14,6,Mercedes-Benz Stadium,closed,fieldturf,,
2024_13_PIT_CIN,2024,REG,13,2024-12-01,13:00,CIN,PIT,38.0,44.0,-6.0,82.0,3.0,46.0,-155.0,130.0,-110.0,-110.0,-112.0,-108.0,14,10,Paycor Stadium,outdoors,fieldturf,32.0,9.0
2024_13_HOU_JAX,2024,REG,13,2024-12-01,13:00,JAX,HOU,20.0,23.0,-3.0,43.0,-3.5,44.5,160.0,-192.0,-110.0,-110.0,-112.0,-108.0,14,7,TIAA Bank Stadium,outdoors,grass,,
2024_13_ARI_MIN,2024,REG,13,2024-12-01,13:00,MIN,ARI,23.0,22.0,1.0,45.0,3.5,45.5,-185.0,154.0,-110.0,-110.0,-108.0,-112.0,7,7,U.S. Bank Stadium,dome,sportturf,,
2024_13_IND_NE,2024,REG,13,2024-12-01,13:00,NE,IND,24.0,25.0,-1.0,49.0,-2.5,41.5,114.0,-135.0,-105.0,-115.0,-110.0,-110.0,7,7,Gillette Stadium,outdoors,fieldturf,36.0,9.0
2024_13_SEA_NYJ,2024,REG,13,2024-12-01,13:00,NYJ,SEA,21.0,26.0,-5.0,47.0,1.0,41.5,-115.0,-105.0,-110.0,-110.0,-110.0,-110.0,14,7,MetLife Stadium,outdoors,fieldturf,37.0,12.0
2024_13_TEN_WAS,2024,REG,13,2024-12-01,13:00,WAS,TEN,42.0,19.0,23.0,61.0,6.0,45.0,-250.0,205.0,-108.0,-112.0,-112.0,-108.0,7,7,FedExField,outdoors,grass,42.0,6.0
2024_13_TB_CAR,2024,REG,13,2024-12-01,16:05,CAR,TB,23.0,26.0,-3.0,49.0,-6.5,46.0,235.0,-290.0,-105.0,-115.0,-110.0,-110.0,7,7,Bank of America Stadium,outdoors,grass,51.0,7.0
2024_13_LA_NO,2024,REG,13,2024-12-01,16:05,NO,LA,14.0,21.0,-7.0,35.0,-2.5,48.5,120.0,-142.0,-105.0,-115.0,-112.0,-108.0,14,7,Mercedes-Benz Superdome,dome,sportturf,,
2024_13_PHI_BAL,2024,REG,13,2024-12-01,16:25,BAL,PHI,19.0,24.0,-5.0,43.0,3.0,50.0,-162.0,136.0,-110.0,-110.0,-110.0,-110.0,6,7,M&T Bank Stadium,outdoors,grass,41.0,7.0
2024_13_SF_BUF,2024,REG,13,2024-12-01,20:20,BUF,SF,35.0,10.0,25.0,45.0,6.5,45.0,-340.0,270.0,-118.0,-102.0,-110.0,-110.0,14,7,New Era Field,outdoors,a_turf,28.0,11.0
2024_13_CLE_DEN,2024,REG,13,2024-12-02,20:15,DEN,CLE,41.0,32.0,9.0,73.0,6.5,41.5,-290.0,235.0,-112.0,-108.0,-110.0,-110.0,8,11,Empower Field at Mile High,outdoors,grass,48.0,4.0
2024_14_GB_DET,2024,REG,14,2024-12-05,20:15,DET,GB,34.0,31.0,3.0,65.0,3.0,53.0,-170.0,142.0,-120.0,100.0,-110.0,-110.0,7,7,Ford Field,dome,fieldturf,,
2024_14_NYJ_MIA,2024,REG,14,2024-12-08,13:00,MIA,NYJ,32.0,26.0,6.0,58.0,6.5,45.0,-298.0,240.0,-112.0,-108.0,-108.0,-112.0,10,7,Hard Rock Stadium,outdoors,grass,77.0,12.0
2024_14_ATL_MIN,2024,REG,14,2024-12-08,13:00,MIN,ATL,42.0,21.0,21.0,63.0,6.0,46.5,-250.0,205.0,-110.0,-110.0,-112.0,-108.0,7,7,U.S. Bank Stadium,dome,sportturf,,
2024_14_NO_NYG,2024,REG,14,2024-12-08,13:00,NYG,NO,11.0,14.0,-3.0,25.0,-5.5,41.0,200.0,-245.0,-105.0,-115.0,-110.0,-110.0,10,7,MetLife Stadium,outdoors,fieldturf,54.0,13.0
2024_14_CAR_PHI,2024,REG,14,2024-12-08,13:00,PHI,CAR,22.0,16.0,6.0,38.0,14.0,44.5,-950.0,625.0,-108.0,-112.0,-108.0,-112.0,7,7,Lincoln Financial Field,outdoors,grass,55.0,16.0
2024_14_CLE_PIT,2024,REG,14,2024-12-08,13:00,PIT,CLE,27.0,14.0,13.0,41.0,6.0,43.0,-258.0,210.0,-108.0,-112.0,-110.0,-110.0,7,6,Acrisure Stadium,outdoors,grass,49.0,12.0
2024_14_LV_TB,2024,REG,14,2024-12-08,13:00,TB,LV,28.0,13.0,15.0,41.0,7.0,47.0,-325.0,260.0,-105.0,-115.0,-108.0,-112.0,7,9,Raymond James Stadium,outdoors,grass,71.0,4.0
2024_14_JAX_TEN,2024,REG,14,2024-12-08,13:00,TEN,JAX,6.0,10.0,-4.0,16.0,3.0,40.0,-170.0,142.0,-115.0,-105.0,-112.0,-108.0,7,7,Nissan Stadium,outdoors,grass,53.0,9.0
2024_14_SEA_ARI,2024,REG,14,2024-12-08,16:05,ARI,SEA,18.0,30.0,-12.0,48.0,3.0,45.5,-175.0,145.0,-115.0,-105.0,-110.0,-110.0,7,7,State Farm Stadium,closed,grass,,
2024_14_BUF_LA,2024,REG,14,2024-12-08,16:25,LA,BUF,44.0,42.0,2.0,86.0,-3.5,49.5,160.0,-192.0,-102.0,-118.0,-112.0,-108.0,7,7,SoFi Stadium,dome,matrixturf,,
2024_14_CHI_SF,2024,REG,14,2024-12-08,16:25,SF,CHI,38.0,13.0,25.0,51.0,3.0,43.5,-162.0,136.0,-110.0,-110.0,-112.0,-108.0,7,10,Levi's Stadium,outdoors,grass,65.0,4.0
2024_14_LAC_KC,2024,REG,14,2024-12-08,20:20,KC,LAC,19.0,17.0,2.0,36.0,5.0,43.5,-238.0,195.0,-105.0,-115.0,-110.0,-110.0,9,7,GEHA Field at Arrowhead Stadium,outdoors,grass,50.0,10.0
2024_14_CIN_DAL,2024,REG,14,2024-12-09,20:15,DAL,CIN,20.0,27.0,-7.0,47.0,-5.0,51.0,190.0,-230.0,-110.0,-110.0,-108.0,-112.0,11,8,AT&T Stadium,closed,matrixturf,,
2024_15_LA_SF,2024,REG,15,2024-12-12,20:15,SF,LA,6.0,12.0,-6.0,18.0,3.0,48.5,-155.0,130.0,-102.0,-118.0,-110.0,-110.0,4,4,Levi's Stadium,outdoors,grass,53.0,4.0
2024_15_DAL_CAR,2024,REG,15,2024-12-15,13:00,CAR,DAL,14.0,30.0,-16.0,44.0,2.5,42.0,-142.0,120.0,-120.0,100.0,-108.0,-112.0,7,6,Bank of America Stadium,outdoors,grass,45.0,7.0
2024_15_KC_CLE,2024,REG,15,2024-12-15,13:00,CLE,KC,7.0,21.0,-14.0,28.0,-4.5,41.5,190.0,-230.0,-110.0,-110.0,-108.0,-112.0,7,7,FirstEnergy Stadium,outdoors,grass,40.0,18.0
2024_15_MIA_HOU,2024,REG,15,2024-12-15,13:00,HOU,MIA,20.0,12.0,8.0,32.0,2.5,46.5,-155.0,130.0,-115.0,-105.0,-108.0,-112.0,14,7,NRG Stadium,closed,astroturf,,
2024_15_NYJ_JAX,2024,REG,15,2024-12-15,13:00,JAX,NYJ,25.0,32.0,-7.0,57.0,-3.5,41.5,145.0,-175.0,-118.0,-102.0,-108.0,-112.0,7,7,TIAA Bank Stadium,outdoors,grass,,
2024_15_WAS_NO,2024,REG,15,2024-12-15,13:00,NO,WAS,19.0,20.0,-1.0,39.0,-7.5,44.5,295.0,-375.0,-108.0,-112.0,-112.0,-108.0,7,14,Mercedes-Benz Superdome,dome,sportturf,,
2024_15_BAL_NYG,2024,REG,15,2024-12-15,13:00,NYG,BAL,14.0,35.0,-21.0,49.0,-16.5,43.5,1000.0,-1800.0,-108.0,-112.0,-108.0,-112.0,7,14,MetLife Stadium,outdoors,fieldturf,36.0,6.0
2024_15_CIN_TEN,2024,REG,15,2024-12-15,13:00,TEN,CIN,27.0,37.0,-10.0,64.0,-6.0,46.5,205.0,-250.0,-110.0,-110.0,-108.0,-112.0,7,6,Nissan Stadium,outdoors,grass,52.0,12.0
2024_15_NE_ARI,2024,REG,15,2024-12-15,16:25,ARI,NE,30.0,17.0,13.0,47.0,6.0,46.5,-258.0,210.0,-112.0,-108.0,-110.0,-110.0,7,14,State Farm Stadium,closed,grass,,
2024_15_IND_DEN,2024,REG,15,2024-12-15,16:25,DEN,IND,31.0,13.0,18.0,44.0,4.5,43.5,-238.0,195.0,-115.0,-105.0,-112.0,-108.0,13,14,Empower Field at Mile High,outdoors,grass,55.0,15.0
2024_15_BUF_DET,2024,REG,15,2024-12-15,16:25,DET,BUF,42.0,48.0,-6.0,90.0,2.5,55.5,-130.0,110.0,-110.0,-110.0,-110.0,-110.0,10,7,Ford Field,dome,fieldturf,,
2024_15_TB_LAC,2024,REG,15,2024-12-15,16:25,LAC,TB,17.0,40.0,-23.0,57.0,3.0,46.0,-162.0,136.0,-115.0,-105.0,-112.0,-108.0,7,7,SoFi Stadium,dome,matrixturf,,
2024_15_PIT_PHI,2024,REG,15,2024-12-15,16:25,PHI,PIT,27.0,13.0,14.0,40.0,5.5,43.0,-265.0,215.0,-110.0,-110.0,-110.0,-110.0,7,7,Lincoln Financial Field,outdoors,grass,37.0,5.0
2024_15_GB_SEA,2024,REG,15,2024-12-15,20:20,SEA,GB,13.0,30.0,-17.0,43.0,-3.0,48.0,136.0,-162.0,-110.0,-110.0,-110.0,-110.0,7,10,Lumen Field,outdoors,fieldturf,43.0,3.0
2024_15_CHI_MIN,2024,REG,15,2024-12-16,20:00,MIN,CHI,30.0,12.0,18.0,42.0,7.0,43.5,-325.0,260.0,-105.0,-115.0,-110.0,-110.0,8,8,U.S. Bank Stadium,dome,sportturf,,
2024_15_ATL_LV,2024,REG,15,2024-12-16,20:30,LV,ATL,9.0,15.0,-6.0,24.0,-6.5,44.5,275.0,-345.0,-110.0,-110.0,-110.0,-110.0,8,8,Allegiant Stadium,dome,grass,,
2024_16_DEN_LAC,2024,REG,16,2024-12-19,20:15,LAC,DEN,34.0,27.0,7.0,61.0,3.0,41.5,-148.0,124.0,100.0,-120.0,-110.0,-110.0,4,4,SoFi Stadium,dome,matrixturf,,
2024_16_HOU_KC,2024,REG,16,2024-12-21,13:00,KC,HOU,27.0,19.0,8.0,46.0,3.5,42.5,-180.0,150.0,100.0,-120.0,-112.0,-108.0,6,6,GEHA Field at Arrowhead Stadium,outdoors,grass,30.0,5.0
2024_16_PIT_BAL,2024,REG,16,2024-12-21,16:30,BAL,PIT,34.0,17.0,17.0,51.0,7.0,44.5,-345.0,275.0,-105.0,-115.0,-108.0,-112.0,6,6,M&T Bank Stadium,outdoors,grass,35.0,15.0
2024_16_NYG_ATL,2024,REG,16,2024-12-22,13:00,ATL,NYG,34.0,7.0,27.0,41.0,9.5,42.5,-550.0,410.0,-110.0,-110.0,-110.0,-110.0,6,7,Mercedes-Benz Stadium,closed,fieldturf,,
2024_16_ARI_CAR,2024,REG,16,2024-12-22,13:00,CAR,ARI,36.0,30.0,6.0,66.0,-5.5,47.0,200.0,-245.0,-110.0,-110.0,-110.0,-110.0,7,7,Bank of America Stadium,outdoors,grass,37.0,10.0
2024_16_DET_CHI,2024,REG,16,2024-12-22,13:00,CHI,DET,17.0,34.0,-17.0,51.0,-7.0,47.5,270.0,-340.0,-110.0,-110.0,-110.0,-110.0,6,7,Soldier Field,outdoors,grass,29.0,7.0
2024_16_CLE_CIN,2024,REG,16,2024-12-22,13:00,CIN,CLE,24.0,6.0,18.0,30.0,10.0,46.5,-575.0,425.0,-112.0,-108.0,-108.0,-112.0,7,7,Paycor Stadium,outdoors,fieldturf,33.0,6.0
2024_16_TEN_IND,2024,REG,16,2024-12-22,13:00,IND,TEN,38.0,30.0,8.0,68.0,4.0,42.5,-198.0,164.0,-108.0,-112.0,-112.0,-108.0,7,7,Lucas Oil Stadium,closed,fieldturf,,
2024_16_LA_NYJ,2024,REG,16,2024-12-22,13:00,NYJ,LA,9.0,19.0,-10.0,28.0,-3.0,47.0,136.0,-162.0,-115.0,-105.0,-110.0,-110.0,7,10,MetLife Stadium,outdoors,fieldturf,23.0,8.0
2024_16_PHI_WAS,2024,REG,16,2024-12-22,13:00,WAS,PHI,36.0,33.0,3.0,69.0,-4.0,47.0,180.0,-218.0,-105.0,-115.0,-110.0,-110.0,7,7,FedExField,outdoors,grass,32.0,8.0
2024_16_MIN_SEA,2024,REG,16,2024-12-22,16:05,SEA,MIN,24.0,27.0,-3.0,51.0,-2.5,43.0,124.0,-148.0,-105.0,-115.0,-105.0,-115.0,7,6,Lumen Field,outdoors,fieldturf,48.0,5.0
2024_16_NE_BUF,2024,REG,16,2024-12-22,16:25,BUF,NE,24.0,21.0,3.0,45.0,14.0,48.0,-1100.0,700.0,-110.0,-110.0,-110.0,-110.0,7,7,New Era Field,outdoors,a_turf,14.0,2.0
2024_16_JAX_LV,2024,REG,16,2024-12-22,16:25,LV,JAX,19.0,14.0,5.0,33.0,2.5,41.5,-130.0,110.0,-110.0,-110.0,-108.0,-112.0,6,7,Allegiant Stadium,dome,grass,,
2024_16_SF_MIA,2024,REG,16,2024-12-22,16:25,MIA,SF,29.0,17.0,12.0,46.0,-2.0,44.0,105.0,-125.0,-112.0,-108.0,-112.0,-108.0,7,10,Hard Rock Stadium,outdoors,grass,73.0,12.0
2024_16_TB_DAL,2024,REG,16,2024-12-22,20:20,DAL,TB,26.0,24.0,2.0,50.0,-4.5,47.5,180.0,-218.0,-115.0,-105.0,-110.0,-110.0,7,7,AT&T Stadium,closed,matrixturf,,
2024_16_NO_GB,2024,REG,16,2024-12-23,20:15,GB,NO,34.0,0.0,34.0,34.0,14.0,44.0,-950.0,625.0,-115.0,-105.0,-110.0,-110.0,8,8,Lambeau Field,outdoors,grass,34.0,12.0
2024_17_KC_PIT,2024,REG,17,2024-12-25,13:00,PIT,KC,10.0,29.0,-19.0,39.0,-3.0,43.5,136.0,-162.0,-115.0,-105.0,-110.0,-110.0,4,4,Acrisure Stadium,outdoors,grass,39.0,2.0
2024_17_BAL_HOU,2024,REG,17,2024-12-25,16:30,HOU,BAL,2.0,31.0,-29.0,33.0,-5.5,46.5,200.0,-245.0,-112.0,-108.0,-108.0,-112.0,4,4,NRG Stadium,closed,astroturf,,
2024_17_SEA_CHI,2024,REG,17,2024-12-26,20:15,CHI,SEA,3.0,6.0,-3.0,9.0,-3.5,43.5,160.0,-192.0,-102.0,-118.0,-108.0,-112.0,4,4,Soldier Field,outdoors,grass,47.0,5.0
2024_17_LAC_NE,2024,REG,17,2024-12-28,13:00,NE,LAC,7.0,40.0,-33.0,47.0,-6.0,42.0,245.0,-305.0,-102.0,-118.0,-112.0,-108.0,6,9,Gillette Stadium,outdoors,fieldturf,40.0,4.0
2024_17_DEN_CIN,2024,REG,17,2024-12-28,16:30,CIN,DEN,30.0,24.0,6.0,54.0,3.5,50.5,-175.0,145.0,-105.0,-115.0,-110.0,-110.0,6,9,Paycor Stadium,outdoors,fieldturf,60.0,8.0
2024_17_ARI_LA,2024,REG,17,2024-12-28,20:15,LA,ARI,13.0,9.0,4.0,22.0,6.5,48.0,-340.0,270.0,-120.0,100.0,-108.0,-112.0,6,6,SoFi Stadium,dome,matrixturf,,
2024_17_NYJ_BUF,2024,REG,17,2024-12-29,13:00,BUF,NYJ,40.0,14.0,26.0,54.0,10.0,44.5,-520.0,390.0,-115.0,-105.0,-108.0,-112.0,7,7,New Era Field,outdoors,a_turf,54.0,15.0
2024_17_TEN_JAX,2024,REG,17,2024-12-29,13:00,JAX,TEN,20.0,13.0,7.0,33.0,-1.0,38.0,-112.0,-108.0,-115.0,-105.0,-110.0,-110.0,7,7,TIAA Bank Stadium,outdoors,grass,72.0,16.0
2024_17_LV_NO,2024,REG,17,2024-12-29,13:00,NO,LV,10.0,25.0,-15.0,35.0,-2.0,37.5,105.0,-125.0,-110.0,-110.0,-108.0,-112.0,6,7,Mercedes-Benz Superdome,dome,sportturf,,
2024_17_IND_NYG,2024,REG,17,2024-12-29,13:00,NYG,IND,45.0,33.0,12.0,78.0,-7.5,40.5,320.0,-410.0,-108.0,-112.0,-108.0,-112.0,7,7,MetLife Stadium,outdoors,fieldturf,54.0,0.0
2024_17_DAL_PHI,2024,REG,17,2024-12-29,13:00,PHI,DAL,41.0,7.0,34.0,48.0,7.5,37.5,-325.0,260.0,-108.0,-112.0,-112.0,-108.0,7,7,Lincoln Financial Field,outdoors,grass,62.0,10.0
2024_17_CAR_TB,2024,REG,17,2024-12-29,13:00,TB,CAR,48.0,14.0,34.0,62.0,9.5,47.5,-500.0,380.0,-115.0,-105.0,-112.0,-108.0,7,7,Raymond James Stadium,outdoors,grass,76.0,8.0
2024_17_MIA_CLE,2024,REG,17,2024-12-29,16:05,CLE,MIA,3.0,20.0,-17.0,23.0,-3.0,32.5,142.0,-170.0,-105.0,-115.0,-108.0,-112.0,7,7,FirstEnergy Stadium,outdoors,grass,54.0,15.0
2024_17_GB_MIN,2024,REG,17,2024-12-29,16:25,MIN,GB,27.0,25.0,2.0,52.0,-1.0,49.0,-108.0,-112.0,-115.0,-105.0,-110.0,-110.0,7,6,U.S. Bank Stadium,dome,sportturf,,
2024_17_ATL_WAS,2024,REG,17,2024-12-29,20:20,WAS,ATL,30.0,24.0,6.0,54.0,3.5,46.5,-192.0,160.0,-105.0,-115.0,-110.0,-110.0,7,7,FedExField,outdoors,grass,58.0,10.0
2024_17_DET_SF,2024,REG,17,2024-12-30,20:15,SF,DET,34.0,40.0,-6.0,74.0,-4.0,50.5,190.0,-230.0,-108.0,-112.0,-110.0,-110.0,8,8,Levi's Stadium,outdoors,grass,,
2024_18_CLE_BAL,2024,REG,18,2025-01-04,16:30,BAL,CLE,35.0,10.0,25.0,45.0,19.5,42.5,-2400.0,1200.0,-115.0,-105.0,-112.0,-108.0,10,6,M&T Bank Stadium,outdoors,grass,31.0,16.0
2024_18_CIN_PIT,2024,REG,18,2025-01-04,20:00,PIT,CIN,17.0,19.0,-2.0,36.0,-2.5,48.5,124.0,-148.0,-102.0,-118.0,-108.0,-112.0,10,7,Acrisure Stadium,outdoors,grass,19.0,10.0
2024_18_CAR_ATL,2024,REG,18,2025-01-05,13:00,ATL,CAR,38.0,44.0,-6.0,82.0,7.5,48.5,-380.0,300.0,-115.0,-105.0,-112.0,-108.0,7,7,Mercedes-Benz Stadium,closed,fieldturf,,
2024_18_WAS_DAL,2024,REG,18,2025-01-05,13:00,DAL,WAS,19.0,23.0,-4.0,42.0,-7.0,43.5,250.0,-310.0,-112.0,-108.0,-102.0,-118.0,7,7,AT&T Stadium,closed,matrixturf,,
2024_18_CHI_GB,2024,REG,18,2025-01-05,13:00,GB,CHI,22.0,24.0,-2.0,46.0,10.0,41.5,-410.0,320.0,-105.0,-115.0,-112.0,-108.0,7,10,Lambeau Field,outdoors,grass,16.0,13.0
2024_18_JAX_IND,2024,REG,18,2025-01-05,13:00,IND,JAX,26.0,23.0,3.0,49.0,3.5,45.5,-180.0,150.0,-110.0,-110.0,-110.0,-105.0,7,7,Lucas Oil Stadium,closed,fieldturf,,
2024_18_BUF_NE,2024,REG,18,2025-01-05,13:00,NE,BUF,23.0,16.0,7.0,39.0,-3.0,36.5,140.0,-166.0,-108.0,-112.0,-112.0,-108.0,8,7,Gillette Stadium,outdoors,fieldturf,33.0,14.0
2024_18_NYG_PHI,2024,REG,18,2025-01-05,13:00,PHI,NYG,20.0,13.0,7.0,33.0,3.0,36.5,-155.0,130.0,-110.0,-110.0,-102.0,-118.0,7,7,Lincoln Financial Field,outdoors,grass,31.0,19.0
2024_18_NO_TB,2024,REG,18,2025-01-05,13:00,TB,NO,27.0,19.0,8.0,46.0,14.5,44.5,-1050.0,675.0,-118.0,-102.0,-108.0,-112.0,7,7,Raymond James Stadium,outdoors,grass,68.0,6.0
2024_18_HOU_TEN,2024,REG,18,2025-01-05,13:00,TEN,HOU,14.0,23.0,-9.0,37.0,2.5,36.5,-142.0,120.0,-112.0,-108.0,-112.0,-108.0,7,11,Nissan Stadium,outdoors,grass,35.0,10.0
2024_18_SF_ARI,2024,REG,18,2025-01-05,16:25,ARI,SF,47.0,24.0,23.0,71.0,4.5,42.5,-192.0,160.0,-110.0,-110.0,-110.0,-110.0,8,6,State Farm Stadium,closed,grass,,
2024_18_KC_DEN,2024,REG,18,2025-01-05,16:25,DEN,KC,38.0,0.0,38.0,38.0,10.5,40.5,-485.0,370.0,-105.0,-115.0,-105.0,-115.0,8,11,Empower Field at Mile High,outdoors,grass,28.0,5.0
2024_18_SEA_LA,2024,REG,18,2025-01-05,16:25,LA,SEA,25.0,30.0,-5.0,55.0,-7.5,38.5,285.0,-360.0,-110.0,-110.0,-108.0,-112.0,8,10,SoFi Stadium,dome,matrixturf,,
2024_18_LAC_LV,2024,REG,18,2025-01-05,16:25,LV,LAC,20.0,34.0,-14.0,54.0,-7.0,42.5,275.0,-345.0,-102.0,-118.0,-108.0,-112.0,7,8,Allegiant Stadium,dome,grass,,
2024_18_MIA_NYJ,2024,REG,18,2025-01-05,16:25,NYJ,MIA,32.0,20.0,12.0,52.0,1.5,39.5,-122.0,102.0,-110.0,-110.0,-108.0,-112.0,7,7,MetLife Stadium,outdoors,fieldturf,34.0,10.0
2024_18_MIN_DET,2024,REG,18,2025-01-05,20:20,DET,MIN,31.0,9.0,22.0,40.0,3.0,56.5,-148.0,124.0,-102.0,-118.0,-118.0,-102.0,6,7,Ford Field,dome,fieldturf,,
2024_19_LAC_HOU,2024,WC,19,2025-01-11,16:30,HOU,LAC,32.0,12.0,20.0,44.0,-3.0,41.5,136.0,-162.0,-115.0,-105.0,-112.0,-108.0,6,6,NRG Stadium,closed,astroturf,,
2024_19_PIT_BAL,2024,WC,19,2025-01-11,20:00,BAL,PIT,28.0,14.0,14.0,42.0,9.5,44.5,-520.0,390.0,-108.0,-112.0,-112.0,-108.0,7,7,M&T Bank Stadium,outdoors,grass,32.0,12.0
2024_19_DEN_BUF,2024,WC,19,2025-01-12,13:00,BUF,DEN,31.0,7.0,24.0,38.0,7.5,48.5,-425.0,330.0,-120.0,100.0,-118.0,-102.0,7,7,New Era Field,outdoors,a_turf,32.0,10.0
2024_19_GB_PHI,2024,WC,19,2025-01-12,16:30,PHI,GB,22.0,10.0,12.0,32.0,5.5,45.5,-250.0,205.0,-115.0,-105.0,-110.0,-110.0,7,7,Lincoln Financial Field,outdoors,grass,40.0,6.0
2024_19_WAS_TB,2024,WC,19,2025-01-12,20:00,TB,WAS,20.0,23.0,-3.0,43.0,3.0,51.5,-162.0,136.0,-110.0,-110.0,-115.0,-105.0,7,7,Raymond James Stadium,outdoors,grass,58.0,2.0
2024_19_MIN_LA,2024,WC,19,2025-01-13,20:00,LA,MIN,27.0,9.0,18.0,36.0,-2.5,47.5,120.0,-142.0,-102.0,-118.0,-112.0,-108.0,8,8,State Farm Stadium,closed,grass,,
2024_20_HOU_KC,2024,DIV,20,2025-01-18,16:30,KC,HOU,23.0,14.0,9.0,37.0,9.5,41.5,-550.0,410.0,-110.0,-110.0,-108.0,-112.0,13,7,GEHA Field at Arrowhead Stadium,outdoors,grass,23.0,17.0
2024_20_WAS_DET,2024,DIV,20,2025-01-18,20:00,DET,WAS,31.0,45.0,-14.0,76.0,8.5,55.5,-520.0,390.0,-115.0,-105.0,-108.0,-112.0,13,6,Ford Field,dome,fieldturf,,
2024_20_LA_PHI,2024,DIV,20,2025-01-19,15:00,PHI,LA,28.0,22.0,6.0,50.0,7.0,43.5,-325.0,260.0,-108.0,-112.0,-110.0,-110.0,7,6,Lincoln Financial Field,outdoors,grass,34.0,8.0
2024_20_BAL_BUF,2024,DIV,20,2025-01-19,18:30,BUF,BAL,27.0,25.0,2.0,52.0,-1.5,51.5,-102.0,-118.0,-118.0,-102.0,-115.0,-105.0,7,8,New Era Field,outdoors,a_turf,19.0,4.0
2024_21_WAS_PHI,2024,CON,21,2025-01-26,15:00,PHI,WAS,55.0,23.0,32.0,78.0,6.0,46.5,-250.0,205.0,-110.0,-110.0,-115.0,-105.0,7,8,Lincoln Financial Field,outdoors,grass,40.0,11.0
2024_21_BUF_KC,2024,CON,21,2025-01-26,18:30,KC,BUF,32.0,29.0,3.0,61.0,1.5,49.5,-118.0,-102.0,-105.0,-115.0,-105.0,-115.0,8,7,GEHA Field at Arrowhead Stadium,outdoors,grass,31.0,8.0
2024_22_KC_PHI,2024,SB,22,2025-02-09,18:30,PHI,KC,40.0,22.0,18.0,62.0,-1.5,48.5,100.0,-120.0,-115.0,-105.0,-115.0,-105.0,14,14,Mercedes-Benz Superdome,dome,sportturf,,
2025_01_DAL_PHI,2025,REG,1,2025-09-04,20:20,PHI,DAL,24.0,20.0,4.0,44.0,8.5,47.5,-425.0,330.0,-110.0,-110.0,-110.0,-110.0,7,7,Lincoln Financial Field,outdoors,grass,75.0,11.0
2025_01_KC_LAC,2025,REG,1,2025-09-05,20:00,LAC,KC,27.0,21.0,6.0,48.0,-3.0,47.5,145.0,-175.0,100.0,-120.0,-110.0,-110.0,7,7,SoFi Stadium,dome,,,
2025_01_TB_ATL,2025,REG,1,2025-09-07,13:00,ATL,TB,20.0,23.0,-3.0,43.0,-1.5,47.5,-105.0,-115.0,-118.0,-102.0,-115.0,-105.0,7,7,Mercedes-Benz Stadium,closed,fieldturf,,
2025_01_CIN_CLE,2025,REG,1,2025-09-07,13:00,CLE,CIN,16.0,17.0,-1.0,33.0,-5.5,47.5,195.0,-238.0,-115.0,-105.0,-120.0,100.0,7,7,FirstEnergy Stadium,outdoors,grass,63.0,10.0
2025_01_MIA_IND,2025,REG,1,2025-09-07,13:00,IND,MIA,33.0,8.0,25.0,41.0,1.5,47.5,-112.0,-108.0,-102.0,-118.0,100.0,-120.0,7,7,Lucas Oil Stadium,closed,fieldturf,,
2025_01_CAR_JAX,2025,REG,1,2025-09-07,13:00,JAX,CAR,26.0,10.0,16.0,36.0,4.5,45.5,-205.0,170.0,-110.0,-110.0,-112.0,-108.0,7,7,TIAA Bank Stadium,outdoors,grass,85.0,3.0
2025_01_LV_NE,2025,REG,1,2025-09-07,13:00,NE,LV,13.0,20.0,-7.0,33.0,2.5,44.5,-155.0,130.0,-120.0,100.0,-105.0,-115.0,7,7,Gillette Stadium,outdoors,fieldturf,62.0,4.0
2025_01_ARI_NO,2025,REG,1,2025-09-07,13:00,NO,ARI,13.0,20.0,-7.0,33.0,-6.0,44.5,220.0,-270.0,-112.0,-108.0,-108.0,-112.0,7,7,Mercedes-Benz Superdome,dome,sportturf,,
2025_01_PIT_NYJ,2025,REG,1,2025-09-07,13:00,NYJ,PIT,32.0,34.0,-2.0,66.0,-3.0,37.5,130.0,-155.0,-110.0,-110.0,-112.0,-108.0,7,7,MetLife Stadium,outdoors,fieldturf,67.0,3.0
2025_01_NYG_WAS,2025,REG,1,2025-09-07,13:00,WAS,NYG,21.0,6.0,15.0,27.0,6.0,45.5,-298.0,240.0,-112.0,-108.0,-110.0,-110.0,7,7,FedExField,outdoors,grass,68.0,5.0
2025_01_TEN_DEN,2025,REG,1,2025-09-07,16:05,DEN,TEN,20.0,12.0,8.0,32.0,8.5,42.5,-455.0,350.0,-115.0,-105.0,-112.0,-108.0,7,7,Empower Field at Mile High,outdoors,grass,84.0,6.0
2025_01_SF_SEA,2025,REG,1,2025-09-07,16:05,SEA,SF,13.0,17.0,-4.0,30.0,-2.5,43.5,114.0,-135.0,-115.0,-105.0,-108.0,-112.0,7,7,Lumen Field,outdoors,fieldturf,67.0,6.0
2025_01_DET_GB,2025,REG,1,2025-09-07,16:25,GB,DET,27.0,13.0,14.0,40.0,1.5,48.5,-120.0,100.0,-105.0,-115.0,-105.0,-115.0,7,7,Lambeau Field,outdoors,grass,60.0,5.0
2025_01_HOU_LA,2025,REG,1,2025-09-07,16:25,LA,HOU,14.0,9.0,5.0,23.0,3.5,43.5,-166.0,140.0,-102.0,-118.0,-105.0,-115.0,7,7,SoFi Stadium,dome,matrixturf,,
2025_01_BAL_BUF,2025,REG,1,2025-09-07,20:20,BUF,BAL,41.0,40.0,1.0,81.0,-1.5,50.5,110.0,-130.0,-102.0,-118.0,-115.0,-105.0,7,7,New Era Field,outdoors,a_turf,58.0,8.0
2025_01_MIN_CHI,2025,REG,1,2025-09-08,20:15,CHI,MIN,24.0,27.0,-3.0,51.0,-1.5,43.5,-108.0,-112.0,-120.0,100.0,-108.0,-112.0,7,7,Soldier Field,outdoors,grass,68.0,6.0
2025_02_WAS_GB,2025,REG,2,2025-09-11,20:15,GB,WAS,27.0,18.0,9.0,45.0,3.5,48.5,-185.0,154.0,-102.0,-118.0,-115.0,-105.0,4,4,Lambeau Field,outdoors,grass,65.0,7.0
2025_02_CLE_BAL,2025,REG,2,2025-09-14,13:00,BAL,CLE,41.0,17.0,24.0,58.0,12.5,46.5,-900.0,600.0,-115.0,-105.0,-110.0,-110.0,7,7,M&T Bank Stadium,outdoors,grass,82.0,3.0
2025_02_JAX_CIN,2025,REG,2,2025-09-14,13:00,CIN,JAX,31.0,27.0,4.0,58.0,3.5,49.5,-192.0,160.0,-105.0,-115.0,-105.0,-115.0,7,7,Paycor Stadium,outdoors,fieldturf,85.0,3.0
2025_02_NYG_DAL,2025,REG,2,2025-09-14,13:00,DAL,NYG,40.0,37.0,3.0,77.0,4.5,44.5,-238.0,195.0,-120.0,100.0,-110.0,-110.0,10,7,AT&T Stadium,closed,matrixturf,,
2025_02_CHI_DET,2025,REG,2,2025-09-14,13:00,DET,CHI,52.0,21.0,31.0,73.0,6.0,46.5,-270.0,220.0,-110.0,-110.0,-108.0,-112.0,7,6,Ford Field,dome,fieldturf,,
2025_02_NE_MIA,2025,REG,2,2025-09-14,13:00,MIA,NE,27.0,33.0,-6.0,60.0,1.5,43.5,-125.0,105.0,-110.0,-110.0,-105.0,-115.0,7,7,Hard Rock Stadium,outdoors,grass,89.0,4.0
2025_02_SF_NO,2025,REG,2,2025-09-14,13:00,NO,SF,21.0,26.0,-5.0,47.0,-3.0,40.5,140.0,-166.0,-110.0,-110.0,-115.0,-105.0,7,7,Mercedes-Benz Superdome,dome,sportturf,,
2025_02_BUF_NYJ,2025,REG,2,2025-09-14,13:00,NYJ,BUF,10.0,30.0,-20.0,40.0,-6.0,47.5,235.0,-290.0,-108.0,-112.0,-110.0,-110.0,7,7,MetLife Stadium,outdoors,fieldturf,80.0,3.0
2025_02_SEA_PIT,2025,REG,2,2025-09-14,13:00,PIT,SEA,17.0,31.0,-14.0,48.0,3.5,40.5,-192.0,160.0,-110.0,-110.0,-112.0,-108.0,7,7,Acrisure Stadium,outdoors,grass,79.0,5.0
2025_02_LA_TEN,2025,REG,2,2025-09-14,13:00,TEN,LA,19.0,33.0,-14.0,52.0,-5.5,41.5,205.0,-250.0,-112.0,-108.0,-108.0,-112.0,7,7,Nissan Stadium,outdoors,grass,83.0,3.0
2025_02_CAR_ARI,2025,REG,2,2025-09-14,16:05,ARI,CAR,27.0,22.0,5.0,49.0,7.0,45.5,-310.0,250.0,-110.0,-110.0,-110.0,-110.0,7,7,State Farm Stadium,closed,grass,,
2025_02_DEN_IND,2025,REG,2,2025-09-14,16:05,IND,DEN,29.0,28.0,1.0,57.0,-2.5,43.5,110.0,-130.0,-115.0,-105.0,-108.0,-112.0,7,7,Lucas Oil Stadium,closed,fieldturf,,
2025_02_PHI_KC,2025,REG,2,2025-09-14,16:25,KC,PHI,17.0,20.0,-3.0,37.0,-1.5,46.5,102.0,-122.0,-110.0,-110.0,-118.0,-102.0,9,10,GEHA Field at Arrowhead Stadium,outdoors,grass,88.0,12.0
2025_02_ATL_MIN,2025,REG,2,2025-09-14,20:20,MIN,ATL,6.0,22.0,-16.0,28.0,3.5,44.5,-180.0,150.0,-105.0,-115.0,-110.0,-110.0,6,7,U.S. Bank Stadium,dome,sportturf,,
2025_02_TB_HOU,2025,REG,2,2025-09-15,19:00,HOU,TB,19.0,20.0,-1.0,39.0,2.5,42.5,-135.0,114.0,-110.0,-110.0,-110.0,-110.0,8,8,NRG Stadium,closed,astroturf,,
2025_02_LAC_LV,2025,REG,2,2025-09-15,22:00,LV,LAC,9.0,20.0,-11.0,29.0,-3.5,46.5,164.0,-198.0,-115.0,-105.0,-118.0,-102.0,8,10,Allegiant Stadium,dome,grass,,
2025_03_MIA_BUF,2025,REG,3,2025-09-18,20:15,BUF,MIA,31.0,21.0,10.0,52.0,12.5,50.5,-800.0,550.0,-110.0,-110.0,-108.0,-112.0,4,4,New Era Field,outdoors,a_turf,68.0,7.0
2025_03_ATL_CAR,2025,REG,3,2025-09-21,13:00,CAR,ATL,30.0,0.0,30.0,30.0,-5.5,44.5,185.0,-225.0,-115.0,-105.0,-105.0,-115.0,7,7,Bank of America Stadium,outdoors,grass,83.0,5.0
2025_03_GB_CLE,2025,REG,3,2025-09-21,13:00,CLE,GB,13.0,10.0,3.0,23.0,-8.5,41.5,360.0,-470.0,-118.0,-102.0,-105.0,-115.0,7,10,FirstEnergy Stadium,outdoors,grass,79.0,10.0
2025_03_HOU_JAX,2025,REG,3,2025-09-21,13:00,JAX,HOU,17.0,10.0,7.0,27.0,1.5,43.5,-125.0,105.0,-112.0,-108.0,-105.0,-115.0,7,6,TIAA Bank Stadium,outdoors,grass,85.0,11.0
2025_03_CIN_MIN,2025,REG,3,2025-09-21,13:00,MIN,CIN,48.0,10.0,38.0,58.0,3.0,41.5,-162.0,136.0,-110.0,-110.0,-115.0,-105.0,7,7,U.S. Bank Stadium,dome,sportturf,,
2025_03_PIT_NE,2025,REG,3,2025-09-21,13:00,NE,PIT,14.0,21.0,-7.0,35.0,-1.5,44.5,100.0,-120.0,-115.0,-105.0,-108.0,-112.0,7,7,Gillette Stadium,outdoors,fieldturf,66.0,5.0
2025_03_LA_PHI,2025,REG,3,2025-09-21,13:00,PHI,LA,33.0,26.0,7.0,59.0,3.5,45.5,-198.0,164.0,-112.0,-108.0,-112.0,-108.0,7,7,Lincoln Financial Field,outdoors,grass,73.0,9.0
2025_03_NYJ_TB,2025,REG,3,2025-09-21,13:00,TB,NYJ,29.0,27.0,2.0,56.0,6.5,43.5,-345.0,275.0,-115.0,-105.0,-105.0,-115.0,6,7,Raymond James Stadium,outdoors,grass,88.0,5.0
2025_03_IND_TEN,2025,REG,3,2025-09-21,13:00,TEN,IND,20.0,41.0,-21.0,61.0,-6.0,43.5,200.0,-245.0,-112.0,-108.0,-105.0,-115.0,7,7,Nissan Stadium,outdoors,grass,84.0,8.0
2025_03_LV_WAS,2025,REG,3,2025-09-21,13:00,WAS,LV,41.0,24.0,17.0,65.0,2.5,43.5,-155.0,130.0,-120.0,100.0,-110.0,-110.0,10,6,FedExField,outdoors,grass,72.0,6.0
2025_03_DEN_LAC,2025,REG,3,2025-09-21,16:05,LAC,DEN,23.0,20.0,3.0,43.0,2.5,45.5,-155.0,130.0,-120.0,100.0,-110.0,-110.0,6,7,SoFi Stadium,dome,matrixturf,,
2025_03_NO_SEA,2025,REG,3,2025-09-21,16:05,SEA,NO,44.0,13.0,31.0,57.0,7.5,41.5,-375.0,295.0,-105.0,-115.0,-112.0,-108.0,7,7,Lumen Field,outdoors,fieldturf,63.0,3.0
2025_03_DAL_CHI,2025,REG,3,2025-09-21,16:25,CHI,DAL,31.0,14.0,17.0,45.0,-1.5,49.5,105.0,-125.0,-105.0,-115.0,-120.0,100.0,7,7,Soldier Field,outdoors,grass,82.0,4.0
2025_03_ARI_SF,2025,REG,3,2025-09-21,16:25,SF,ARI,16.0,15.0,1.0,31.0,1.5,44.5,-125.0,105.0,-108.0,-112.0,-108.0,-112.0,7,7,Levi's Stadium,outdoors,grass,72.0,7.0
2025_03_KC_NYG,2025,REG,3,2025-09-21,20:20,NYG,KC,9.0,22.0,-13.0,31.0,-6.0,44.5,260.0,-325.0,-105.0,-115.0,-115.0,-105.0,7,7,MetLife Stadium,outdoors,fieldturf,65.0,5.0
2025_03_DET_BAL,2025,REG,3,2025-09-22,20:15,BAL,DET,30.0,38.0,-8.0,68.0,4.5,53.5,-245.0,200.0,-115.0,-105.0,-115.0,-105.0,8,8,M&T Bank Stadium,outdoors,grass,74.0,7.0
2025_04_SEA_ARI,2025,REG,4,2025-09-25,20:15,ARI,SEA,20.0,23.0,-3.0,43.0,-1.5,43.5,105.0,-125.0,-110.0,-110.0,-112.0,-108.0,4,4,State Farm Stadium,closed,grass,,
2025_04_MIN_PIT,2025,REG,4,2025-09-28,09:30,PIT,MIN,24.0,21.0,3.0,45.0,-2.5,41.5,124.0,-148.0,105.0,-125.0,-105.0,-115.0,7,7,Acrisure Stadium,outdoors,grass,61.0,5.0
2025_04_WAS_ATL,2025,REG,4,2025-09-28,13:00,ATL,WAS,34.0,27.0,7.0,61.0,2.5,43.5,-142.0,120.0,-110.0,-110.0,-108.0,-112.0,7,7,Mercedes-Benz Stadium,closed,fieldturf,,
2025_04_NO_BUF,2025,REG,4,2025-09-28,13:00,BUF,NO,31.0,19.0,12.0,50.0,15.5,48.5,-1350.0,800.0,-105.0,-115.0,-105.0,-115.0,10,7,New Era Field,outdoors,a_turf,73.0,7.0
2025_04_CLE_DET,2025,REG,4,2025-09-28,13:00,DET,CLE,34.0,10.0,24.0,44.0,10.0,44.5,-550.0,410.0,-112.0,-108.0,-105.0,-115.0,6,7,Ford Field,dome,fieldturf,,
2025_04_TEN_HOU,2025,REG,4,2025-09-28,13:00,HOU,TEN,26.0,0.0,26.0,26.0,7.5,39.5,-440.0,340.0,-105.0,-115.0,-115.0,-105.0,7,7,NRG Stadium,closed,astroturf,,
2025_04_CAR_NE,2025,REG,4,2025-09-28,13:00,NE,CAR,42.0,13.0,29.0,55.0,5.5,42.5,-265.0,215.0,-112.0,-108.0,-112.0,-108.0,7,7,Gillette Stadium,outdoors,fieldturf,76.0,7.0
2025_04_LAC_NYG,2025,REG,4,2025-09-28,13:00,NYG,LAC,21.0,18.0,3.0,39.0,-6.0,43.5,230.0,-285.0,-108.0,-112.0,-105.0,-115.0,7,7,MetLife Stadium,outdoors,fieldturf,81.0,4.0
2025_04_PHI_TB,2025,REG,4,2025-09-28,13:00,TB,PHI,25.0,31.0,-6.0,56.0,-3.5,44.5,154.0,-185.0,-118.0,-102.0,-102.0,-118.0,7,7,Raymond James Stadium,outdoors,grass,88.0,6.0
2025_04_IND_LA,2025,REG,4,2025-09-28,16:05,LA,IND,27.0,20.0,7.0,47.0,3.5,49.5,-185.0,154.0,-115.0,-105.0,-115.0,-105.0,7,7,SoFi Stadium,dome,matrixturf,,
2025_04_JAX_SF,2025,REG,4,2025-09-28,16:05,SF,JAX,21.0,26.0,-5.0,47.0,3.5,45.5,-180.0,150.0,100.0,-120.0,-112.0,-108.0,7,7,Levi's Stadium,outdoors,grass,72.0,7.0
2025_04_BAL_KC,2025,REG,4,2025-09-28,16:25,KC,BAL,37.0,20.0,17.0,57.0,-2.5,48.5,124.0,-148.0,100.0,-120.0,-120.0,100.0,7,6,GEHA Field at Arrowhead Stadium,outdoors,grass,89.0,10.0
2025_04_CHI_LV,2025,REG,4,2025-09-28,16:25,LV,CHI,24.0,25.0,-1.0,49.0,1.5,47.5,-125.0,105.0,-110.0,-110.0,-115.0,-105.0,7,7,Allegiant Stadium,dome,grass,,
2025_04_GB_DAL,2025,REG,4,2025-09-28,20:20,DAL,GB,40.0,40.0,0.0,80.0,-7.0,47.5,275.0,-345.0,-115.0,-105.0,-105.0,-115.0,7,7,AT&T Stadium,closed,matrixturf,,
2025_04_NYJ_MIA,2025,REG,4,2025-09-29,19:15,MIA,NYJ,27.0,21.0,6.0,48.0,2.5,44.5,-148.0,124.0,-115.0,-105.0,100.0,-120.0,11,8,Hard Rock Stadium,outdoors,grass,88.0,17.0
2025_04_CIN_DEN,2025,REG,4,2025-09-29,20:15,DEN,CIN,28.0,3.0,25.0,31.0,7.5,44.5,-470.0,360.0,-105.0,-115.0,-105.0,-115.0,8,8,Empower Field at Mile High,outdoors,grass,66.0,12.0
2025_05_SF_LA,2025,REG,5,2025-10-02,20:15,LA,SF,23.0,26.0,-3.0,49.0,8.5,43.5,-440.0,340.0,-110.0,-110.0,-112.0,-108.0,4,4,SoFi Stadium,dome,matrixturf,,
2025_05_MIN_CLE,2025,REG,5,2025-10-05,09:30,CLE,MIN,17.0,21.0,-4.0,38.0,-3.5,35.5,164.0,-198.0,-110.0,-110.0,-108.0,-112.0,7,7,FirstEnergy Stadium,outdoors,grass,61.0,14.0
2025_05_HOU_BAL,2025,REG,5,2025-10-05,13:00,BAL,HOU,10.0,44.0,-34.0,54.0,-2.5,41.5,124.0,-148.0,-102.0,-118.0,-105.0,-115.0,7,7,M&T Bank Stadium,outdoors,grass,78.0,2.0
2025_05_MIA_CAR,2025,REG,5,2025-10-05,13:00,CAR,MIA,27.0,24.0,3.0,51.0,-1.5,44.5,100.0,-120.0,-115.0,-105.0,-115.0,-105.0,7,6,Bank of America Stadium,outdoors,grass,77.0,8.0
2025_05_LV_IND,2025,REG,5,2025-10-05,13:00,IND,LV,40.0,6.0,34.0,46.0,7.0,46.5,-360.0,285.0,-120.0,100.0,-112.0,-108.0,7,7,Lucas Oil Stadium,closed,fieldturf,,
2025_05_NYG_NO,2025,REG,5,2025-10-05,13:00,NO,NYG,26.0,14.0,12.0,40.0,1.5,41.5,-120.0,100.0,-105.0,-115.0,-115.0,-105.0,7,7,Mercedes-Benz Superdome,dome,sportturf,,
2025_05_DAL_NYJ,2025,REG,5,2025-10-05,13:00,NYJ,DAL,22.0,37.0,-15.0,59.0,1.5,48.5,-115.0,-105.0,100.0,-120.0,-110.0,-110.0,6,7,MetLife Stadium,outdoors,fieldturf,82.0,3.0
2025_05_DEN_PHI,2025,REG,5,2025-10-05,13:00,PHI,DEN,17.0,21.0,-4.0,38.0,3.5,44.5,-218.0,180.0,-115.0,-105.0,-105.0,-115.0,7,6,Lincoln Financial Field,outdoors,grass,80.0,6.0
2025_05_TEN_ARI,2025,REG,5,2025-10-05,16:05,ARI,TEN,21.0,22.0,-1.0,43.0,7.5,41.5,-425.0,330.0,-112.0,-108.0,-110.0,-110.0,10,7,State Farm Stadium,closed,grass,,
2025_05_TB_SEA,2025,REG,5,2025-10-05,16:05,SEA,TB,35.0,38.0,-3.0,73.0,3.5,44.5,-180.0,150.0,-105.0,-115.0,-110.0,-110.0,10,7,Lumen Field,outdoors,fieldturf,61.0,8.0
2025_05_DET_CIN,2025,REG,5,2025-10-05,16:25,CIN,DET,24.0,37.0,-13.0,61.0,-10.5,49.5,425.0,-575.0,-118.0,-102.0,-108.0,-112.0,6,7,Paycor Stadium,outdoors,fieldturf,84.0,7.0
2025_05_WAS_LAC,2025,REG,5,2025-10-05,16:25,LAC,WAS,10.0,27.0,-17.0,37.0,2.5,47.5,-155.0,130.0,-120.0,100.0,-105.0,-115.0,7,7,SoFi Stadium,dome,matrixturf,,
2025_05_NE_BUF,2025,REG,5,2025-10-05,20:20,BUF,NE,20.0,23.0,-3.0,43.0,7.5,49.5,-395.0,310.0,-115.0,-105.0,-112.0,-108.0,7,7,New Era Field,outdoors,a_turf,66.0,3.0
2025_05_KC_JAX,2025,REG,5,2025-10-06,20:15,JAX,KC,31.0,28.0,3.0,59.0,-3.5,45.5,164.0,-198.0,-110.0,-110.0,-112.0,-108.0,8,8,TIAA Bank Stadium,outdoors,grass,80.0,12.0
2025_06_PHI_NYG,2025,REG,6,2025-10-09,20:15,NYG,PHI,34.0,17.0,17.0,51.0,-7.0,40.5,310.0,-395.0,100.0,-120.0,-115.0,-105.0,4,4,MetLife Stadium,outdoors,fieldturf,53.0,3.0
2025_06_DEN_NYJ,2025,REG,6,2025-10-12,09:30,NYJ,DEN,11.0,13.0,-2.0,24.0,-7.5,43.5,310.0,-395.0,-120.0,100.0,-108.0,-112.0,7,7,MetLife Stadium,outdoors,grass,59.0,6.0
2025_06_LA_BAL,2025,REG,6,2025-10-12,13:00,BAL,LA,3.0,17.0,-14.0,20.0,-7.0,43.5,280.0,-355.0,-115.0,-105.0,-112.0,-108.0,7,10,M&T Bank Stadium,outdoors,grass,64.0,15.0
2025_06_DAL_CAR,2025,REG,6,2025-10-12,13:00,CAR,DAL,30.0,27.0,3.0,57.0,-3.0,47.5,145.0,-175.0,-102.0,-118.0,-115.0,-105.0,7,7,Bank of America Stadium,outdoors,grass,68.0,15.0
2025_06_ARI_IND,2025,REG,6,2025-10-12,13:00,IND,ARI,31.0,27.0,4.0,58.0,8.5,46.5,-470.0,360.0,-110.0,-110.0,102.0,-122.0,7,7,Lucas Oil Stadium,closed,fieldturf,,
2025_06_SEA_JAX,2025,REG,6,2025-10-12,13:00,JAX,SEA,12.0,20.0,-8.0,32.0,-1.5,47.5,-105.0,-115.0,-120.0,100.0,-105.0,-115.0,6,7,TIAA Bank Stadium,outdoors,grass,76.0,8.0
2025_06_LAC_MIA,2025,REG,6,2025-10-12,13:00,MIA,LAC,27.0,29.0,-2.0,56.0,-3.5,45.5,170.0,-205.0,-105.0,-115.0,-105.0,-115.0,7,7,Hard Rock Stadium,outdoors,grass,85.0,4.0
2025_06_NE_NO,2025,REG,6,2025-10-12,13:00,NO,NE,19.0,25.0,-6.0,44.0,-3.5,46.5,160.0,-192.0,-115.0,-105.0,-105.0,-115.0,7,7,Mercedes-Benz Superdome,dome,sportturf,,
2025_06_CLE_PIT,2025,REG,6,2025-10-12,13:00,PIT,CLE,23.0,9.0,14.0,32.0,5.5,37.5,-278.0,225.0,-120.0,100.0,-120.0,100.0,14,7,Acrisure Stadium,outdoors,grass,64.0,8.0
2025_06_TEN_LV,2025,REG,6,2025-10-12,16:05,LV,TEN,20.0,10.0,10.0,30.0,3.5,41.5,-185.0,154.0,-110.0,-110.0,-115.0,-105.0,7,7,Allegiant Stadium,dome,grass,,
2025_06_CIN_GB,2025,REG,6,2025-10-12,16:25,GB,CIN,27.0,18.0,9.0,45.0,14.0,44.5,-1000.0,650.0,-110.0,-110.0,-110.0,-110.0,14,7,Lambeau Field,outdoors,grass,64.0,14.0
2025_06_SF_TB,2025,REG,6,2025-10-12,16:25,TB,SF,30.0,19.0,11.0,49.0,3.5,46.5,-192.0,160.0,-115.0,-105.0,-115.0,-105.0,7,10,Raymond James Stadium,outdoors,grass,82.0,10.0
2025_06_DET_KC,2025,REG,6,2025-10-12,20:20,KC,DET,30.0,17.0,13.0,47.0,2.5,51.5,-142.0,120.0,-115.0,-105.0,-115.0,-105.0,6,7,GEHA Field at Arrowhead Stadium,outdoors,grass,85.0,13.0
2025_06_BUF_ATL,2025,REG,6,2025-10-13,19:15,ATL,BUF,24.0,14.0,10.0,38.0,-3.5,49.5,170.0,-205.0,100.0,-120.0,-118.0,-102.0,15,8,Mercedes-Benz Stadium,closed,fieldturf,,
2025_06_CHI_WAS,2025,REG,6,2025-10-13,20:15,WAS,CHI,24.0,25.0,-1.0,49.0,5.5,49.5,-258.0,210.0,-112.0,-108.0,-115.0,-105.0,8,15,FedExField,outdoors,grass,59.0,12.0
2025_07_PIT_CIN,2025,REG,7,2025-10-16,20:15,CIN,PIT,33.0,31.0,2.0,64.0,-5.5,45.5,200.0,-245.0,-115.0,-105.0,-105.0,-115.0,4,4,Paycor Stadium,outdoors,fieldturf,60.0,5.0
2025_07_LA_JAX,2025,REG,7,2025-10-19,09:30,JAX,LA,7.0,35.0,-28.0,42.0,-3.0,44.5,140.0,-166.0,-105.0,-115.0,-115.0,-105.0,7,7,TIAA Bank Stadium,outdoors,grass,59.0,9.0
2025_07_NO_CHI,2025,REG,7,2025-10-19,13:00,CHI,NO,26.0,14.0,12.0,40.0,4.5,43.5,-225.0,185.0,100.0,-120.0,-110.0,-110.0,6,7,Soldier Field,outdoors,grass,49.0,8.0
2025_07_MIA_CLE,2025,REG,7,2025-10-19,13:00,CLE,MIA,31.0,6.0,25.0,37.0,2.5,34.5,-148.0,124.0,-118.0,-102.0,-108.0,-112.0,7,7,FirstEnergy Stadium,outdoors,grass,65.0,17.0
2025_07_LV_KC,2025,REG,7,2025-10-19,13:00,KC,LV,31.0,0.0,31.0,31.0,13.5,44.5,-950.0,625.0,-105.0,-115.0,-105.0,-115.0,7,7,GEHA Field at Arrowhead Stadium,outdoors,grass,57.0,9.0
2025_07_PHI_MIN,2025,REG,7,2025-10-19,13:00,MIN,PHI,22.0,28.0,-6.0,50.0,-2.5,43.5,124.0,-148.0,-110.0,-110.0,-115.0,-105.0,14,10,U.S. Bank Stadium,dome,sportturf,,
2025_07_CAR_NYJ,2025,REG,7,2025-10-19,13:00,NYJ,CAR,6.0,13.0,-7.0,19.0,1.5,39.5,-112.0,-108.0,105.0,-125.0,-118.0,-102.0,7,7,MetLife Stadium,outdoors,fieldturf,71.0,13.0
2025_07_NE_TEN,2025,REG,7,2025-10-19,13:00,TEN,NE,13.0,31.0,-18.0,44.0,-6.5,40.5,235.0,-290.0,-112.0,-108.0,-112.0,-108.0,7,7,Nissan Stadium,outdoors,grass,60.0,18.0
2025_07_NYG_DEN,2025,REG,7,2025-10-19,16:05,DEN,NYG,33.0,32.0,1.0,65.0,7.5,39.5,-425.0,330.0,-115.0,-105.0,-115.0,-105.0,7,10,Empower Field at Mile High,outdoors,grass,72.0,3.0
2025_07_IND_LAC,2025,REG,7,2025-10-19,16:05,LAC,IND,24.0,38.0,-14.0,62.0,2.5,48.5,-135.0,114.0,-112.0,-108.0,-110.0,-110.0,7,7,SoFi Stadium,dome,matrixturf,,
2025_07_GB_ARI,2025,REG,7,2025-10-19,16:25,ARI,GB,23.0,27.0,-4.0,50.0,-7.0,44.5,310.0,-395.0,-105.0,-115.0,-110.0,-110.0,7,7,State Farm Stadium,closed,grass,,
2025_07_WAS_DAL,2025,REG,7,2025-10-19,16:25,DAL,WAS,44.0,22.0,22.0,66.0,1.5,54.5,-125.0,105.0,-112.0,-108.0,-112.0,-108.0,7,6,AT&T Stadium,closed,matrixturf,,
2025_07_ATL_SF,2025,REG,7,2025-10-19,20:20,SF,ATL,20.0,10.0,10.0,30.0,1.5,46.5,-115.0,-105.0,100.0,-120.0,-108.0,-112.0,7,6,Levi's Stadium,outdoors,grass,74.0,5.0
2025_07_TB_DET,2025,REG,7,2025-10-20,19:00,DET,TB,24.0,9.0,15.0,33.0,6.0,54.5,-278.0,225.0,-108.0,-112.0,-105.0,-115.0,8,8,Ford Field,dome,fieldturf,,
2025_07_HOU_SEA,2025,REG,7,2025-10-20,22:00,SEA,HOU,27.0,19.0,8.0,46.0,3.0,41.5,-166.0,140.0,-110.0,-110.0,-110.0,-110.0,8,15,Lumen Field,outdoors,fieldturf,56.0,5.0
2025_08_MIN_LAC,2025,REG,8,2025-10-23,20:15,LAC,MIN,37.0,10.0,27.0,47.0,3.0,45.5,-170.0,142.0,-120.0,100.0,-110.0,-110.0,4,4,SoFi Stadium,dome,matrixturf,,
2025_08_MIA_ATL,2025,REG,8,2025-10-26,13:00,ATL,MIA,10.0,34.0,-24.0,44.0,7.0,44.5,-355.0,280.0,-105.0,-115.0,-105.0,-115.0,7,7,Mercedes-Benz Stadium,closed,fieldturf,,
2025_08_CHI_BAL,2025,REG,8,2025-10-26,13:00,BAL,CHI,30.0,16.0,14.0,46.0,2.5,45.5,-148.0,124.0,-118.0,-102.0,-108.0,-112.0,14,7,M&T Bank Stadium,outdoors,grass,60.0,2.0
2025_08_BUF_CAR,2025,REG,8,2025-10-26,13:00,CAR,BUF,9.0,40.0,-31.0,49.0,-7.0,47.5,310.0,-395.0,-105.0,-115.0,-112.0,-108.0,7,13,Bank of America Stadium,outdoors,grass,63.0,9.0
2025_08_NYJ_CIN,2025,REG,8,2025-10-26,13:00,CIN,NYJ,38.0,39.0,-1.0,77.0,5.5,43.5,-258.0,210.0,-108.0,-112.0,-118.0,-102.0,10,7,Paycor Stadium,outdoors,fieldturf,57.0,8.0
2025_08_SF_HOU,2025,REG,8,2025-10-26,13:00,HOU,SF,26.0,15.0,11.0,41.0,2.5,41.5,-155.0,130.0,-120.0,100.0,-108.0,-112.0,6,7,NRG Stadium,closed,astroturf,,
2025_08_CLE_NE,2025,REG,8,2025-10-26,13:00,NE,CLE,32.0,13.0,19.0,45.0,7.0,40.5,-380.0,300.0,-105.0,-115.0,-105.0,-115.0,7,7,Gillette Stadium,outdoors,fieldturf,53.0,7.0
2025_08_NYG_PHI,2025,REG,8,2025-10-26,13:00,PHI,NYG,38.0,20.0,18.0,58.0,7.0,43.5,-380.0,300.0,-118.0,-102.0,-112.0,-108.0,7,7,Lincoln Financial Field,outdoors,grass,60.0,4.0
2025_08_TB_NO,2025,REG,8,2025-10-26,16:05,NO,TB,3.0,23.0,-20.0,26.0,-4.5,46.5,180.0,-218.0,-115.0,-105.0,-110.0,-110.0,7,6,Mercedes-Benz Superdome,dome,sportturf,,
2025_08_DAL_DEN,2025,REG,8,2025-10-26,16:25,DEN,DAL,44.0,24.0,20.0,68.0,3.5,51.5,-192.0,160.0,-110.0,-110.0,-110.0,-110.0,7,7,Empower Field at Mile High,outdoors,grass,67.0,4.0
2025_08_TEN_IND,2025,REG,8,2025-10-26,16:25,IND,TEN,38.0,14.0,24.0,52.0,15.5,47.5,-1650.0,950.0,-105.0,-115.0,-118.0,-102.0,7,7,Lucas Oil Stadium,closed,fieldturf,,
2025_08_GB_PIT,2025,REG,8,2025-10-26,20:20,PIT,GB,25.0,35.0,-10.0,60.0,-3.0,46.5,130.0,-155.0,-120.0,100.0,-105.0,-115.0,10,7,Acrisure Stadium,outdoors,grass,46.0,5.0
2025_08_WAS_KC,2025,REG,8,2025-10-27,20:15,KC,WAS,28.0,7.0,21.0,35.0,10.5,48.5,-700.0,500.0,-115.0,-105.0,-105.0,-115.0,8,8,GEHA Field at Arrowhead Stadium,outdoors,grass,54.0,8.0
2025_09_BAL_MIA,2025,REG,9,2025-10-30,20:15,MIA,BAL,6.0,28.0,-22.0,34.0,-7.5,51.5,350.0,-455.0,100.0,-120.0,-110.0,-110.0,4,4,Hard Rock Stadium,outdoors,grass,73.0,5.0
2025_09_CHI_CIN,2025,REG,9,2025-11-02,13:00,CIN,CHI,42.0,47.0,-5.0,89.0,-3.0,51.5,136.0,-162.0,-115.0,-105.0,-112.0,-108.0,7,7,Paycor Stadium,outdoors,fieldturf,50.0,6.0
2025_09_MIN_DET,2025,REG,9,2025-11-02,13:00,DET,MIN,24.0,27.0,-3.0,51.0,9.5,47.5,-550.0,410.0,-112.0,-108.0,-115.0,-105.0,13,10,Ford Field,dome,fieldturf,,
2025_09_CAR_GB,2025,REG,9,2025-11-02,13:00,GB,CAR,13.0,16.0,-3.0,29.0,12.5,43.5,-1000.0,650.0,-118.0,-102.0,-105.0,-115.0,7,7,Lambeau Field,outdoors,grass,47.0,15.0
2025_09_DEN_HOU,2025,REG,9,2025-11-02,13:00,HOU,DEN,15.0,18.0,-3.0,33.0,1.5,40.5,-125.0,105.0,-110.0,-110.0,-115.0,-105.0,7,7,NRG Stadium,closed,astroturf,,
2025_09_ATL_NE,2025,REG,9,2025-11-02,13:00,NE,ATL,24.0,23.0,1.0,47.0,5.5,45.5,-250.0,205.0,-110.0,-110.0,-108.0,-112.0,7,7,Gillette Stadium,outdoors,fieldturf,52.0,7.0
2025_09_SF_NYG,2025,REG,9,2025-11-02,13:00,NYG,SF,24.0,34.0,-10.0,58.0,-2.5,47.5,124.0,-148.0,100.0,-120.0,-112.0,-108.0,7,7,MetLife Stadium,outdoors,fieldturf,56.0,5.0
2025_09_IND_PIT,2025,REG,9,2025-11-02,13:00,PIT,IND,27.0,20.0,7.0,47.0,-3.5,51.5,154.0,-185.0,-120.0,100.0,-115.0,-105.0,7,7,Acrisure Stadium,outdoors,grass,56.0,2.0
2025_09_LAC_TEN,2025,REG,9,2025-11-02,13:00,TEN,LAC,20.0,27.0,-7.0,47.0,-10.0,44.5,470.0,-650.0,-108.0,-112.0,-110.0,-110.0,7,10,Nissan Stadium,outdoors,grass,46.0,5.0
2025_09_NO_LA,2025,REG,9,2025-11-02,16:05,LA,NO,34.0,10.0,24.0,44.0,14.0,44.5,-1200.0,750.0,-115.0,-105.0,-115.0,-105.0,14,7,SoFi Stadium,dome,matrixturf,,
2025_09_JAX_LV,2025,REG,9,2025-11-02,16:05,LV,JAX,29.0,30.0,-1.0,59.0,-2.5,43.5,110.0,-130.0,-115.0,-105.0,-115.0,-105.0,14,14,Allegiant Stadium,dome,grass,,
2025_09_KC_BUF,2025,REG,9,2025-11-02,16:25,BUF,KC,28.0,21.0,7.0,49.0,-2.5,53.5,114.0,-135.0,-115.0,-105.0,-105.0,-115.0,7,6,New Era Field,outdoors,a_turf,54.0,6.0
2025_09_SEA_WAS,2025,REG,9,2025-11-02,20:20,WAS,SEA,14.0,38.0,-24.0,52.0,-2.5,47.5,124.0,-148.0,100.0,-120.0,-105.0,-115.0,6,13,FedExField,outdoors,grass,53.0,3.0
2025_09_ARI_DAL,2025,REG,9,2025-11-03,20:15,DAL,ARI,17.0,27.0,-10.0,44.0,3.5,53.5,-175.0,145.0,-105.0,-115.0,-115.0,-105.0,8,15,AT&T Stadium,closed,matrixturf,,
2025_10_LV_DEN,2025,REG,10,2025-11-06,20:15,DEN,LV,10.0,7.0,3.0,17.0,9.5,42.5,-500.0,380.0,-108.0,-112.0,-110.0,-110.0,4,4,Empower Field at Mile High,outdoors,grass,60.0,10.0
2025_10_ATL_IND,2025,REG,10,2025-11-09,09:30,IND,ATL,31.0,25.0,6.0,56.0,6.5,48.5,-310.0,250.0,-108.0,-112.0,-108.0,-112.0,7,7,Lucas Oil Stadium,closed,grass,46.0,2.0
2025_10_NO_CAR,2025,REG,10,2025-11-09,13:00,CAR,NO,7.0,17.0,-10.0,24.0,5.5,38.5,-245.0,200.0,-108.0,-112.0,-115.0,-105.0,7,7,Bank of America Stadium,outdoors,grass,73.0,15.0
2025_10_NYG_CHI,2025,REG,10,2025-11-09,13:00,CHI,NYG,24.0,20.0,4.0,44.0,4.5,45.5,-218.0,180.0,-112.0,-108.0,-108.0,-112.0,7,7,Soldier Field,outdoors,grass,33.0,10.0
2025_10_JAX_HOU,2025,REG,10,2025-11-09,13:00,HOU,JAX,36.0,29.0,7.0,65.0,-1.5,37.5,-105.0,-115.0,-120.0,100.0,-108.0,-112.0,7,7,NRG Stadium,closed,astroturf,,
2025_10_BUF_MIA,2025,REG,10,2025-11-09,13:00,MIA,BUF,30.0,13.0,17.0,43.0,-8.5,50.5,350.0,-455.0,-115.0,-105.0,-105.0,-115.0,10,7,Hard Rock Stadium,outdoors,grass,84.0,6.0
2025_10_BAL_MIN,2025,REG,10,2025-11-09,13:00,MIN,BAL,19.0,27.0,-8.0,46.0,-4.5,48.5,190.0,-230.0,-115.0,-105.0,-115.0,-105.0,7,10,U.S. Bank Stadium,dome,sportturf,,
2025_10_CLE_NYJ,2025,REG,10,2025-11-09,13:00,NYJ,CLE,27.0,20.0,7.0,47.0,-1.5,37.5,110.0,-130.0,-105.0,-115.0,-105.0,-115.0,14,14,MetLife Stadium,outdoors,fieldturf,62.0,12.0
2025_10_NE_TB,2025,REG,10,2025-11-09,13:00,TB,NE,23.0,28.0,-5.0,51.0,2.5,48.5,-148.0,124.0,-120.0,100.0,-115.0,-105.0,14,7,Raymond James Stadium,outdoors,grass,82.0,11.0
2025_10_ARI_SEA,2025,REG,10,2025-11-09,16:05,SEA,ARI,44.0,22.0,22.0,66.0,7.0,44.5,-340.0,270.0,-105.0,-115.0,-118.0,-102.0,7,6,Lumen Field,outdoors,fieldturf,59.0,5.0
2025_10_LA_SF,2025,REG,10,2025-11-09,16:25,SF,LA,26.0,42.0,-16.0,68.0,-5.5,49.5,210.0,-258.0,-105.0,-115.0,-110.0,-110.0,7,7,Levi's Stadium,outdoors,grass,77.0,3.0
2025_10_DET_WAS,2025,REG,10,2025-11-09,16:25,WAS,DET,22.0,44.0,-22.0,66.0,-8.5,49.5,350.0,-455.0,-115.0,-105.0,-108.0,-112.0,7,7,FedExField,outdoors,grass,64.0,9.0
2025_10_PIT_LAC,2025,REG,10,2025-11-09,20:20,LAC,PIT,25.0,10.0,15.0,35.0,3.0,45.5,-162.0,136.0,-102.0,-118.0,-105.0,-115.0,7,7,SoFi Stadium,dome,matrixturf,,
2025_10_PHI_GB,2025,REG,10,2025-11-10,20:15,GB,PHI,7.0,10.0,-3.0,17.0,1.5,45.5,-110.0,-110.0,102.0,-122.0,-112.0,-108.0,8,15,Lambeau Field,outdoors,grass,33.0,9.0
2025_11_NYJ_NE,2025,REG,11,2025-11-13,20:15,NE,NYJ,27.0,14.0,13.0,41.0,12.5,43.5,-950.0,625.0,-115.0,-105.0,-105.0,-115.0,4,4,Gillette Stadium,outdoors,fieldturf,39.0,9.0
2025_11_WAS_MIA,2025,REG,11,2025-11-16,09:30,MIA,WAS,16.0,13.0,3.0,29.0,2.5,47.5,-148.0,124.0,-120.0,100.0,-110.0,-110.0,7,7,Hard Rock Stadium,outdoors,grass,,
2025_11_CAR_ATL,2025,REG,11,2025-11-16,13:00,ATL,CAR,27.0,30.0,-3.0,57.0,4.5,42.5,-218.0,180.0,-102.0,-118.0,-110.0,-110.0,7,7,Mercedes-Benz Stadium,closed,fieldturf,,
2025_11_TB_BUF,2025,REG,11,2025-11-16,13:00,BUF,TB,44.0,32.0,12.0,76.0,6.0,46.5,-285.0,230.0,-112.0,-108.0,-108.0,-112.0,7,7,New Era Field,outdoors,a_turf,38.0,20.0
2025_11_LAC_JAX,2025,REG,11,2025-11-16,13:00,JAX,LAC,35.0,6.0,29.0,41.0,-3.0,43.5,130.0,-155.0,-115.0,-105.0,-110.0,-110.0,7,7,TIAA Bank Stadium,outdoors,grass,74.0,9.0
2025_11_CHI_MIN,2025,REG,11,2025-11-16,13:00,MIN,CHI,17.0,19.0,-2.0,36.0,3.0,47.5,-148.0,124.0,-105.0,-115.0,-118.0,-102.0,7,7,U.S. Bank Stadium,dome,sportturf,,
2025_11_GB_NYG,2025,REG,11,2025-11-16,13:00,NYG,GB,20.0,27.0,-7.0,47.0,-7.5,41.5,340.0,-440.0,-110.0,-110.0,-110.0,-110.0,7,6,MetLife Stadium,outdoors,fieldturf,55.0,17.0
2025_11_CIN_PIT,2025,REG,11,2025-11-16,13:00,PIT,CIN,34.0,12.0,22.0,46.0,5.5,48.5,-250.0,205.0,-112.0,-108.0,-110.0,-110.0,7,14,Acrisure Stadium,outdoors,grass,46.0,17.0
2025_11_HOU_TEN,2025,REG,11,2025-11-16,13:00,TEN,HOU,13.0,16.0,-3.0,29.0,-5.5,37.5,215.0,-265.0,-112.0,-108.0,-102.0,-118.0,14,7,Nissan Stadium,outdoors,grass,64.0,8.0
2025_11_SF_ARI,2025,REG,11,2025-11-16,16:05,ARI,SF,22.0,41.0,-19.0,63.0,-3.5,48.5,160.0,-192.0,-115.0,-105.0,-108.0,-112.0,7,7,State Farm Stadium,closed,grass,,
2025_11_SEA_LA,2025,REG,11,2025-11-16,16:05,LA,SEA,21.0,19.0,2.0,40.0,3.0,49.5,-175.0,145.0,-120.0,100.0,-115.0,-105.0,7,7,SoFi Stadium,dome,matrixturf,,
2025_11_BAL_CLE,2025,REG,11,2025-11-16,16:25,CLE,BAL,16.0,23.0,-7.0,39.0,-7.5,37.5,340.0,-440.0,-115.0,-105.0,-115.0,-105.0,7,7,FirstEnergy Stadium,outdoors,grass,44.0,20.0
2025_11_KC_DEN,2025,REG,11,2025-11-16,16:25,DEN,KC,22.0,19.0,3.0,41.0,-3.5,44.5,180.0,-218.0,100.0,-120.0,-110.0,-110.0,10,14,Empower Field at Mile High,outdoors,grass,70.0,6.0
2025_11_DET_PHI,2025,REG,11,2025-11-16,20:20,PHI,DET,16.0,9.0,7.0,25.0,2.5,46.5,-155.0,130.0,-118.0,-102.0,-112.0,-108.0,6,7,Lincoln Financial Field,outdoors,grass,45.0,15.0
2025_11_DAL_LV,2025,REG,11,2025-11-17,20:15,LV,DAL,16.0,33.0,-17.0,49.0,-3.5,48.5,164.0,-198.0,-105.0,-115.0,-105.0,-115.0,11,14,Allegiant Stadium,dome,grass,,
2025_12_BUF_HOU,2025,REG,12,2025-11-20,20:15,HOU,BUF,23.0,19.0,4.0,42.0,-5.5,43.5,210.0,-258.0,-112.0,-108.0,-115.0,-105.0,4,4,NRG Stadium,closed,astroturf,,
2025_12_NYJ_BAL,2025,REG,12,2025-11-23,13:00,BAL,NYJ,23.0,10.0,13.0,33.0,14.0,44.5,-1050.0,675.0,-110.0,-110.0,-118.0,-102.0,7,10,M&T Bank Stadium,outdoors,grass,54.0,3.0
2025_12_PIT_CHI,2025,REG,12,2025-11-23,13:00,CHI,PIT,31.0,28.0,3.0,59.0,3.0,46.5,-155.0,130.0,-105.0,-115.0,-112.0,-108.0,7,7,Soldier Field,outdoors,grass,51.0,3.0
2025_12_NE_CIN,2025,REG,12,2025-11-23,13:00,CIN,NE,20.0,26.0,-6.0,46.0,-7.5,50.5,310.0,-395.0,-112.0,-108.0,-118.0,-102.0,7,10,Paycor Stadium,outdoors,fieldturf,54.0,7.0
2025_12_NYG_DET,2025,REG,12,2025-11-23,13:00,DET,NYG,34.0,27.0,7.0,61.0,14.0,50.5,-1050.0,675.0,-105.0,-115.0,-120.0,100.0,7,7,Ford Field,dome,fieldturf,,
2025_12_MIN_GB,2025,REG,12,2025-11-23,13:00,GB,MIN,23.0,6.0,17.0,29.0,6.5,41.5,-290.0,235.0,-108.0,-112.0,-108.0,-112.0,7,7,Lambeau Field,outdoors,grass,43.0,10.0
2025_12_IND_KC,2025,REG,12,2025-11-23,13:00,KC,IND,23.0,20.0,3.0,43.0,3.5,50.5,-218.0,180.0,-120.0,100.0,-108.0,-112.0,7,14,GEHA Field at Arrowhead Stadium,outdoors,grass,,
2025_12_SEA_TEN,2025,REG,12,2025-11-23,13:00,TEN,SEA,24.0,30.0,-6.0,54.0,-12.5,41.5,625.0,-950.0,-105.0,-115.0,-110.0,-110.0,7,7,Nissan Stadium,outdoors,grass,55.0,1.0
2025_12_JAX_ARI,2025,REG,12,2025-11-23,16:05,ARI,JAX,24.0,27.0,-3.0,51.0,-2.5,47.5,114.0,-135.0,-112.0,-108.0,-105.0,-115.0,7,7,State Farm Stadium,closed,grass,,
2025_12_CLE_LV,2025,REG,12,2025-11-23,16:05,LV,CLE,10.0,24.0,-14.0,34.0,3.0,35.5,-162.0,136.0,-115.0,-105.0,-118.0,-102.0,6,7,Allegiant Stadium,dome,grass,,
2025_12_PHI_DAL,2025,REG,12,2025-11-23,16:25,DAL,PHI,24.0,21.0,3.0,45.0,-3.0,47.5,136.0,-162.0,-115.0,-105.0,-120.0,100.0,6,7,AT&T Stadium,closed,matrixturf,,
2025_12_ATL_NO,2025,REG,12,2025-11-23,16:25,NO,ATL,10.0,24.0,-14.0,34.0,1.5,41.5,-122.0,102.0,-108.0,-112.0,-102.0,-118.0,14,7,Mercedes-Benz Superdome,dome,sportturf,,
2025_12_TB_LA,2025,REG,12,2025-11-23,20:20,LA,TB,34.0,7.0,27.0,41.0,7.0,49.5,-375.0,295.0,-110.0,-110.0,-120.0,100.0,7,7,SoFi Stadium,dome,matrixturf,,
2025_12_CAR_SF,2025,REG,12,2025-11-24,20:15,SF,CAR,20.0,9.0,11.0,29.0,7.5,48.5,-395.0,310.0,-105.0,-115.0,-115.0,-105.0,8,8,Levi's Stadium,outdoors,grass,58.0,3.0
2025_13_GB_DET,2025,REG,13,2025-11-27,13:00,DET,GB,24.0,31.0,-7.0,55.0,2.5,48.5,-155.0,130.0,-125.0,105.0,-110.0,-110.0,4,4,Ford Field,dome,fieldturf,,
2025_13_KC_DAL,2025,REG,13,2025-11-27,16:30,DAL,KC,31.0,28.0,3.0,59.0,-3.5,53.5,154.0,-185.0,-115.0,-105.0,-110.0,-110.0,4,4,AT&T Stadium,closed,matrixturf,,
2025_13_CIN_BAL,2025,REG,13,2025-11-27,20:20,BAL,CIN,14.0,32.0,-18.0,46.0,7.0,52.5,-375.0,295.0,-120.0,100.0,-105.0,-115.0,4,4,M&T Bank Stadium,outdoors,grass,38.0,11.0
2025_13_CHI_PHI,2025,REG,13,2025-11-28,15:00,PHI,CHI,15.0,24.0,-9.0,39.0,7.0,43.5,-340.0,270.0,-115.0,-105.0,-105.0,-115.0,5,5,Lincoln Financial Field,outdoors,grass,42.0,18.0
2025_13_LA_CAR,2025,REG,13,2025-11-30,13:00,CAR,LA,31.0,28.0,3.0,59.0,-10.0,44.5,425.0,-575.0,-110.0,-110.0,-115.0,-105.0,6,7,Bank of America Stadium,outdoors,grass,45.0,3.0
2025_13_SF_CLE,2025,REG,13,2025-11-30,13:00,CLE,SF,8.0,26.0,-18.0,34.0,-5.5,35.5,205.0,-250.0,-112.0,-108.0,-108.0,-112.0,7,6,FirstEnergy Stadium,outdoors,grass,35.0,20.0
2025_13_HOU_IND,2025,REG,13,2025-11-30,13:00,IND,HOU,16.0,20.0,-4.0,36.0,3.0,44.5,-170.0,142.0,-115.0,-105.0,-108.0,-112.0,7,10,Lucas Oil Stadium,closed,fieldturf,,
2025_13_NO_MIA,2025,REG,13,2025-11-30,13:00,MIA,NO,21.0,17.0,4.0,38.0,5.5,41.5,-250.0,205.0,-110.0,-110.0,-115.0,-105.0,14,7,Hard Rock Stadium,outdoors,grass,76.0,10.0
2025_13_ATL_NYJ,2025,REG,13,2025-11-30,13:00,NYJ,ATL,27.0,24.0,3.0,51.0,-3.0,38.5,140.0,-166.0,-108.0,-112.0,-115.0,-105.0,7,7,MetLife Stadium,outdoors,fieldturf,43.0,8.0
2025_13_ARI_TB,2025,REG,13,2025-11-30,13:00,TB,ARI,20.0,17.0,3.0,37.0,4.5,44.5,-198.0,164.0,-105.0,-115.0,-112.0,-108.0,7,7,Raymond James Stadium,outdoors,grass,80.0,8.0
2025_13_JAX_TEN,2025,REG,13,2025-11-30,13:00,TEN,JAX,3.0,25.0,-22.0,28.0,-6.0,42.5,220.0,-270.0,-112.0,-108.0,-115.0,-105.0,7,7,Nissan Stadium,outdoors,grass,38.0,7.0
2025_13_MIN_SEA,2025,REG,13,2025-11-30,16:05,SEA,MIN,26.0,0.0,26.0,26.0,12.5,42.5,-900.0,600.0,-110.0,-110.0,-110.0,-110.0,7,7,Lumen Field,outdoors,fieldturf,45.0,2.0
2025_13_LV_LAC,2025,REG,13,2025-11-30,16:25,LAC,LV,31.0,14.0,17.0,45.0,10.0,40.5,-600.0,440.0,-105.0,-115.0,-112.0,-108.0,14,7,SoFi Stadium,dome,matrixturf,,
2025_13_BUF_PIT,2025,REG,13,2025-11-30,16:25,PIT,BUF,7.0,26.0,-19.0,33.0,-3.0,44.5,140.0,-166.0,-105.0,-115.0,-108.0,-112.0,7,10,Acrisure Stadium,outdoors,grass,34.0,16.0
2025_13_DEN_WAS,2025,REG,13,2025-11-30,20:20,WAS,DEN,26.0,27.0,-1.0,53.0,-6.5,43.5,250.0,-310.0,-115.0,-105.0,-108.0,-112.0,14,14,FedExField,outdoors,grass,40.0,13.0
2025_13_NYG_NE,2025,REG,13,2025-12-01,20:15,NE,NYG,33.0,15.0,18.0,48.0,7.0,46.5,-375.0,295.0,-115.0,-105.0,-115.0,-105.0,8,8,Gillette Stadium,outdoors,fieldturf,30.0,5.0
2025_14_DAL_DET,2025,REG,14,2025-12-04,20:15,DET,DAL,44.0,30.0,14.0,74.0,3.5,55.5,-192.0,160.0,-110.0,-110.0,-110.0,-110.0,7,7,Ford Field,dome,fieldturf,,
2025_14_SEA_ATL,2025,REG,14,2025-12-07,13:00,ATL,SEA,9.0,37.0,-28.0,46.0,-7.0,44.5,280.0,-355.0,-120.0,100.0,-112.0,-108.0,7,7,Mercedes-Benz Stadium,closed,fieldturf,,
2025_14_PIT_BAL,2025,REG,14,2025-12-07,13:00,BAL,PIT,22.0,27.0,-5.0,49.0,5.5,43.5,-270.0,220.0,-120.0,100.0,-115.0,-105.0,10,7,M&T Bank Stadium,outdoors,grass,44.0,6.0
2025_14_CIN_BUF,2025,REG,14,2025-12-07,13:00,BUF,CIN,39.0,34.0,5.0,73.0,6.0,54.5,-285.0,230.0,-112.0,-108.0,-112.0,-108.0,7,10,New Era Field,outdoors,a_turf,31.0,12.0
2025_14_TEN_CLE,2025,REG,14,2025-12-07,13:00,CLE,TEN,29.0,31.0,-2.0,60.0,4.5,33.5,-205.0,170.0,100.0,-120.0,-115.0,-105.0,7,7,FirstEnergy Stadium,outdoors,grass,33.0,6.0
2025_14_IND_JAX,2025,REG,14,2025-12-07,13:00,JAX,IND,36.0,19.0,17.0,55.0,-2.5,44.5,114.0,-135.0,-108.0,-112.0,-115.0,-105.0,7,7,TIAA Bank Stadium,outdoors,grass,61.0,7.0
2025_14_WAS_MIN,2025,REG,14,2025-12-07,13:00,MIN,WAS,31.0,0.0,31.0,31.0,-1.5,43.5,-105.0,-115.0,-118.0,-102.0,-118.0,-102.0,7,7,U.S. Bank Stadium,dome,sportturf,,
2025_14_MIA_NYJ,2025,REG,14,2025-12-07,13:00,NYJ,MIA,10.0,34.0,-24.0,44.0,-2.5,41.5,124.0,-148.0,-105.0,-115.0,-108.0,-112.0,7,7,MetLife Stadium,outdoors,fieldturf,41.0,6.0
2025_14_NO_TB,2025,REG,14,2025-12-07,13:00,TB,NO,20.0,24.0,-4.0,44.0,7.5,41.5,-425.0,330.0,-118.0,-102.0,-115.0,-105.0,7,7,Raymond James Stadium,outdoors,grass,73.0,6.0
2025_14_DEN_LV,2025,REG,14,2025-12-07,16:05,LV,DEN,17.0,24.0,-7.0,41.0,-8.5,40.5,360.0,-470.0,-110.0,-110.0,-105.0,-115.0,7,7,Allegiant Stadium,dome,grass,,
2025_14_LA_ARI,2025,REG,14,2025-12-07,16:25,ARI,LA,17.0,45.0,-28.0,62.0,-9.5,49.5,380.0,-500.0,-110.0,-110.0,-110.0,-110.0,7,7,State Farm Stadium,closed,grass,,
2025_14_CHI_GB,2025,REG,14,2025-12-07,16:25,GB,CHI,28.0,21.0,7.0,49.0,6.5,44.5,-305.0,245.0,-115.0,-105.0,-105.0,-115.0,10,9,Lambeau Field,outdoors,grass,16.0,9.0
2025_14_HOU_KC,2025,REG,14,2025-12-07,20:20,KC,HOU,10.0,20.0,-10.0,30.0,4.5,41.5,-218.0,180.0,-105.0,-115.0,-110.0,-110.0,10,7,GEHA Field at Arrowhead Stadium,outdoors,grass,27.0,8.0
2025_14_PHI_LAC,2025,REG,14,2025-12-08,20:15,LAC,PHI,22.0,19.0,3.0,41.0,-1.5,41.5,100.0,-120.0,-115.0,-105.0,-115.0,-105.0,8,10,SoFi Stadium,dome,matrixturf,,
2025_15_ATL_TB,2025,REG,15,2025-12-11,20:15,TB,ATL,28.0,29.0,-1.0,57.0,6.0,43.5,-278.0,225.0,-108.0,-112.0,-110.0,-110.0,4,4,Raymond James Stadium,outdoors,grass,56.0,5.0
2025_15_CLE_CHI,2025,REG,15,2025-12-14,13:00,CHI,CLE,31.0,3.0,28.0,34.0,7.5,38.5,-375.0,295.0,-108.0,-112.0,-105.0,-115.0,7,7,Soldier Field,outdoors,grass,8.0,6.0
2025_15_BAL_CIN,2025,REG,15,2025-12-14,13:00,CIN,BAL,0.0,24.0,-24.0,24.0,-2.5,51.5,136.0,-162.0,105.0,-125.0,-110.0,-110.0,7,7,Paycor Stadium,outdoors,fieldturf,10.0,7.0
2025_15_ARI_HOU,2025,REG,15,2025-12-14,13:00,HOU,ARI,40.0,20.0,20.0,60.0,10.5,42.5,-625.0,455.0,-110.0,-110.0,-108.0,-112.0,7,7,NRG Stadium,closed,astroturf,,
2025_15_NYJ_JAX,2025,REG,15,2025-12-14,13:00,JAX,NYJ,48.0,20.0,28.0,68.0,13.5,40.5,-1050.0,675.0,-115.0,-105.0,-105.0,-115.0,7,7,TIAA Bank Stadium,outdoors,grass,70.0,11.0
2025_15_LAC_KC,2025,REG,15,2025-12-14,13:00,KC,LAC,13.0,16.0,-3.0,29.0,5.5,41.5,-258.0,210.0,-120.0,100.0,-112.0,-108.0,7,6,GEHA Field at Arrowhead Stadium,outdoors,grass,,
2025_15_BUF_NE,2025,REG,15,2025-12-14,13:00,NE,BUF,31.0,35.0,-4.0,66.0,-2.5,49.5,120.0,-142.0,-110.0,-110.0,-115.0,-105.0,13,7,Gillette Stadium,outdoors,fieldturf,32.0,6.0
2025_15_WAS_NYG,2025,REG,15,2025-12-14,13:00,NYG,WAS,21.0,29.0,-8.0,50.0,2.5,46.5,-148.0,124.0,-115.0,-105.0,-105.0,-115.0,13,7,MetLife Stadium,outdoors,fieldturf,27.0,13.0
2025_15_LV_PHI,2025,REG,15,2025-12-14,13:00,PHI,LV,31.0,0.0,31.0,31.0,12.5,37.5,-1000.0,650.0,-112.0,-108.0,-102.0,-118.0,6,7,Lincoln Financial Field,outdoors,grass,30.0,20.0
2025_15_GB_DEN,2025,REG,15,2025-12-14,16:25,DEN,GB,34.0,26.0,8.0,60.0,-1.5,42.5,102.0,-122.0,-112.0,-108.0,-105.0,-115.0,7,7,Empower Field at Mile High,outdoors,grass,65.0,3.0
2025_15_DET_LA,2025,REG,15,2025-12-14,16:25,LA,DET,41.0,34.0,7.0,75.0,5.5,54.5,-245.0,200.0,-115.0,-105.0,-115.0,-105.0,7,10,SoFi Stadium,dome,matrixturf,,
2025_15_CAR_NO,2025,REG,15,2025-12-14,16:25,NO,CAR,20.0,17.0,3.0,37.0,-2.5,41.5,124.0,-148.0,-102.0,-118.0,-112.0,-108.0,7,14,Mercedes-Benz Superdome,dome,sportturf,,
2025_15_IND_SEA,2025,REG,15,2025-12-14,16:25,SEA,IND,18.0,16.0,2.0,34.0,13.5,41.5,-1000.0,650.0,-115.0,-105.0,-112.0,-108.0,7,7,Lumen Field,outdoors,fieldturf,51.0,9.0
2025_15_TEN_SF,2025,REG,15,2025-12-14,16:25,SF,TEN,37.0,24.0,13.0,61.0,12.5,44.5,-900.0,600.0,-112.0,-108.0,-108.0,-112.0,14,7,Levi's Stadium,outdoors,grass,54.0,4.0
2025_15_MIN_DAL,2025,REG,15,2025-12-14,20:20,DAL,MIN,26.0,34.0,-8.0,60.0,5.5,47.5,-265.0,215.0,-110.0,-110.0,-118.0,-102.0,10,7,AT&T Stadium,closed,matrixturf,,
2025_15_MIA_PIT,2025,REG,15,2025-12-15,20:15,PIT,MIA,28.0,15.0,13.0,43.0,3.0,42.5,-175.0,145.0,-118.0,-102.0,-115.0,-105.0,8,8,Acrisure Stadium,outdoors,grass,17.0,7.0
2025_16_LA_SEA,2025,REG,16,2025-12-18,20:15,SEA,LA,38.0,37.0,1.0,75.0,1.5,42.5,-122.0,102.0,-110.0,-110.0,-115.0,-105.0,4,4,Lumen Field,outdoors,fieldturf,51.0,17.0
2025_16_PHI_WAS,2025,REG,16,2025-12-20,17:00,WAS,PHI,18.0,29.0,-11.0,47.0,-7.0,43.5,300.0,-380.0,100.0,-120.0,-110.0,-110.0,6,6,FedExField,outdoors,grass,42.0,7.0
2025_16_GB_CHI,2025,REG,16,2025-12-20,20:20,CHI,GB,22.0,16.0,6.0,38.0,1.5,45.5,-118.0,-102.0,-105.0,-115.0,-105.0,-115.0,6,6,Soldier Field,outdoors,grass,37.0,6.0
2025_16_TB_CAR,2025,REG,16,2025-12-21,13:00,CAR,TB,23.0,20.0,3.0,43.0,-3.0,44.5,130.0,-155.0,-120.0,100.0,-112.0,-108.0,7,10,Bank of America Stadium,outdoors,grass,61.0,8.0
2025_16_BUF_CLE,2025,REG,16,2025-12-21,13:00,CLE,BUF,20.0,23.0,-3.0,43.0,-10.5,41.5,425.0,-575.0,-110.0,-110.0,-102.0,-118.0,7,7,FirstEnergy Stadium,outdoors,grass,25.0,16.0
2025_16_LAC_DAL,2025,REG,16,2025-12-21,13:00,DAL,LAC,17.0,34.0,-17.0,51.0,1.5,50.5,-122.0,102.0,-105.0,-115.0,-118.0,-102.0,7,7,AT&T Stadium,closed,matrixturf,,
2025_16_CIN_MIA,2025,REG,16,2025-12-21,13:00,MIA,CIN,21.0,45.0,-24.0,66.0,-3.5,48.5,170.0,-205.0,100.0,-120.0,-108.0,-112.0,6,7,Hard Rock Stadium,outdoors,grass,81.0,7.0
2025_16_NYJ_NO,2025,REG,16,2025-12-21,13:00,NO,NYJ,29.0,6.0,23.0,35.0,6.5,39.5,-298.0,240.0,-115.0,-105.0,-115.0,-105.0,7,7,Mercedes-Benz Superdome,dome,sportturf,,
2025_16_MIN_NYG,2025,REG,16,2025-12-21,13:00,NYG,MIN,13.0,16.0,-3.0,29.0,-2.5,41.5,124.0,-148.0,-102.0,-118.0,-105.0,-115.0,7,7,MetLife Stadium,outdoors,fieldturf,46.0,20.0
2025_16_KC_TEN,2025,REG,16,2025-12-21,13:00,TEN,KC,26.0,9.0,17.0,35.0,-3.5,37.5,154.0,-185.0,-120.0,100.0,-110.0,-110.0,7,7,Nissan Stadium,outdoors,grass,51.0,8.0
2025_16_ATL_ARI,2025,REG,16,2025-12-21,16:05,ARI,ATL,19.0,26.0,-7.0,45.0,-2.5,48.5,124.0,-148.0,-105.0,-115.0,-115.0,-105.0,7,10,State Farm Stadium,closed,grass,,
2025_16_JAX_DEN,2025,REG,16,2025-12-21,16:05,DEN,JAX,20.0,34.0,-14.0,54.0,3.5,46.5,-175.0,145.0,100.0,-120.0,-112.0,-108.0,7,7,Empower Field at Mile High,outdoors,grass,62.0,3.0
2025_16_PIT_DET,2025,REG,16,2025-12-21,16:25,DET,PIT,24.0,29.0,-5.0,53.0,7.5,52.5,-425.0,330.0,-115.0,-105.0,-105.0,-115.0,7,6,Ford Field,dome,fieldturf,,
2025_16_LV_HOU,2025,REG,16,2025-12-21,16:25,HOU,LV,23.0,21.0,2.0,44.0,14.5,39.5,-1600.0,900.0,-105.0,-115.0,-110.0,-110.0,7,7,NRG Stadium,closed,astroturf,,
2025_16_NE_BAL,2025,REG,16,2025-12-21,20:20,BAL,NE,24.0,28.0,-4.0,52.0,3.5,48.5,-185.0,154.0,-105.0,-115.0,-108.0,-112.0,7,7,M&T Bank Stadium,outdoors,grass,40.0,2.0
2025_16_SF_IND,2025,REG,16,2025-12-22,20:15,IND,SF,27.0,48.0,-21.0,75.0,-4.5,46.5,185.0,-225.0,-115.0,-105.0,-102.0,-118.0,8,8,Lucas Oil Stadium,closed,fieldturf,,
2025_17_DAL_WAS,2025,REG,17,2025-12-25,13:00,WAS,DAL,23.0,30.0,-7.0,53.0,-8.5,50.5,380.0,-500.0,100.0,-120.0,-112.0,-108.0,5,4,FedExField,outdoors,grass,50.0,7.0
2025_17_DET_MIN,2025,REG,17,2025-12-25,16:30,MIN,DET,23.0,10.0,13.0,33.0,-7.0,45.5,285.0,-360.0,100.0,-120.0,-105.0,-115.0,4,4,U.S. Bank Stadium,dome,sportturf,,
2025_17_DEN_KC,2025,REG,17,2025-12-25,20:15,KC,DEN,13.0,20.0,-7.0,33.0,-13.5,37.5,700.0,-1100.0,-115.0,-105.0,-120.0,100.0,4,4,GEHA Field at Arrowhead Stadium,outdoors,grass,,
2025_17_HOU_LAC,2025,REG,17,2025-12-27,16:30,LAC,HOU,16.0,20.0,-4.0,36.0,1.5,40.5,-118.0,-102.0,-105.0,-115.0,-115.0,-105.0,6,6,SoFi Stadium,dome,matrixturf,,
2025_17_BAL_GB,2025,REG,17,2025-12-27,20:00,GB,BAL,24.0,41.0,-17.0,65.0,2.5,38.5,-142.0,120.0,-112.0,-108.0,-105.0,-115.0,7,6,Lambeau Field,outdoors,grass,36.0,10.0
2025_17_SEA_CAR,2025,REG,17,2025-12-28,13:00,CAR,SEA,10.0,27.0,-17.0,37.0,-6.5,42.5,245.0,-305.0,-102.0,-118.0,-110.0,-110.0,7,10,Bank of America Stadium,outdoors,grass,43.0,2.0
2025_17_ARI_CIN,2025,REG,17,2025-12-28,13:00,CIN,ARI,37.0,14.0,23.0,51.0,7.0,52.5,-345.0,275.0,-110.0,-110.0,-115.0,-105.0,7,7,Paycor Stadium,outdoors,fieldturf,65.0,9.0
2025_17_PIT_CLE,2025,REG,17,2025-12-28,13:00,CLE,PIT,13.0,6.0,7.0,19.0,-4.5,35.5,170.0,-205.0,-112.0,-108.0,-108.0,-112.0,7,7,FirstEnergy Stadium,outdoors,grass,45.0,14.0
2025_17_JAX_IND,2025,REG,17,2025-12-28,13:00,IND,JAX,17.0,23.0,-6.0,40.0,-3.5,48.5,185.0,-225.0,-105.0,-115.0,-112.0,-108.0,6,7,Lucas Oil Stadium,closed,fieldturf,,
2025_17_TB_MIA,2025,REG,17,2025-12-28,13:00,MIA,TB,20.0,17.0,3.0,37.0,-5.5,44.5,205.0,-250.0,-112.0,-108.0,-102.0,-118.0,7,7,Hard Rock Stadium,outdoors,grass,80.0,3.0
2025_17_NE_NYJ,2025,REG,17,2025-12-28,13:00,NYJ,NE,10.0,42.0,-32.0,52.0,-12.5,42.5,625.0,-950.0,100.0,-120.0,-108.0,-112.0,7,7,MetLife Stadium,outdoors,fieldturf,29.0,4.0
2025_17_NO_TEN,2025,REG,17,2025-12-28,13:00,TEN,NO,26.0,34.0,-8.0,60.0,-1.5,39.5,100.0,-120.0,-110.0,-110.0,-102.0,-118.0,7,7,Nissan Stadium,outdoors,grass,71.0,14.0
2025_17_NYG_LV,2025,REG,17,2025-12-28,16:05,LV,NYG,10.0,34.0,-24.0,44.0,-3.0,40.5,136.0,-162.0,-118.0,-102.0,-108.0,-112.0,7,7,Allegiant Stadium,dome,grass,,
2025_17_PHI_BUF,2025,REG,17,2025-12-28,16:25,BUF,PHI,12.0,13.0,-1.0,25.0,3.0,45.5,-170.0,142.0,-112.0,-108.0,-105.0,-115.0,7,8,New Era Field,outdoors,a_turf,38.0,6.0
2025_17_CHI_SF,2025,REG,17,2025-12-28,20:20,SF,CHI,42.0,38.0,4.0,80.0,3.5,51.5,-205.0,170.0,-115.0,-105.0,-108.0,-112.0,6,8,Levi's Stadium,outdoors,grass,53.0,5.0
2025_17_LA_ATL,2025,REG,17,2025-12-29,20:15,ATL,LA,27.0,24.0,3.0,51.0,-7.5,48.5,300.0,-380.0,-118.0,-102.0,-115.0,-105.0,8,11,Mercedes-Benz Stadium,closed,fieldturf,,
2025_18_CAR_TB,2025,REG,18,2026-01-03,16:30,TB,CAR,16.0,14.0,2.0,30.0,3.0,43.5,-155.0,130.0,-105.0,-115.0,-102.0,-118.0,6,6,Raymond James Stadium,outdoors,grass,69.0,11.0
2025_18_SEA_SF,2025,REG,18,2026-01-03,20:00,SF,SEA,3.0,13.0,-10.0,16.0,-2.5,47.5,124.0,-148.0,100.0,-120.0,-115.0,-105.0,6,6,Levi's Stadium,outdoors,grass,57.0,8.0
2025_18_NO_ATL,2025,REG,18,2026-01-04,13:00,ATL,NO,19.0,17.0,2.0,36.0,4.5,43.5,-205.0,170.0,-105.0,-115.0,-108.0,-112.0,6,7,Mercedes-Benz Stadium,closed,fieldturf,,
2025_18_CLE_CIN,2025,REG,18,2026-01-04,13:00,CIN,CLE,18.0,20.0,-2.0,38.0,9.5,47.5,-455.0,350.0,-108.0,-112.0,-102.0,-118.0,7,7,Paycor Stadium,outdoors,fieldturf,37.0,0.0
2025_18_IND_HOU,2025,REG,18,2026-01-04,13:00,HOU,IND,38.0,30.0,8.0,68.0,9.5,37.5,-535.0,400.0,-110.0,-110.0,-112.0,-108.0,8,7,NRG Stadium,closed,astroturf,,
2025_18_TEN_JAX,2025,REG,18,2026-01-04,13:00,JAX,TEN,41.0,7.0,34.0,48.0,12.5,46.5,-750.0,525.0,-110.0,-110.0,-108.0,-112.0,7,7,TIAA Bank Stadium,outdoors,grass,55.0,8.0
2025_18_GB_MIN,2025,REG,18,2026-01-04,13:00,MIN,GB,16.0,3.0,13.0,19.0,12.5,37.5,-650.0,470.0,-112.0,-108.0,-102.0,-118.0,10,8,U.S. Bank Stadium,dome,sportturf,,
2025_18_DAL_NYG,2025,REG,18,2026-01-04,13:00,NYG,DAL,34.0,17.0,17.0,51.0,-3.0,50.5,140.0,-166.0,-105.0,-115.0,-105.0,-115.0,7,10,MetLife Stadium,outdoors,fieldturf,33.0,7.0
2025_18_NYJ_BUF,2025,REG,18,2026-01-04,16:25,BUF,NYJ,35.0,8.0,27.0,43.0,12.5,39.5,-800.0,550.0,-108.0,-112.0,-105.0,-115.0,7,7,New Era Field,outdoors,a_turf,27.0,13.0
2025_18_DET_CHI,2025,REG,18,2026-01-04,16:25,CHI,DET,16.0,19.0,-3.0,35.0,3.5,51.5,-180.0,150.0,-110.0,-110.0,-105.0,-115.0,7,10,Soldier Field,outdoors,grass,33.0,4.0
2025_18_LAC_DEN,2025,REG,18,2026-01-04,16:25,DEN,LAC,19.0,3.0,16.0,22.0,14.5,37.5,-1600.0,900.0,-112.0,-108.0,-115.0,-105.0,10,8,Empower Field at Mile High,outdoors,grass,66.0,8.0
2025_18_ARI_LA,2025,REG,18,2026-01-04,16:25,LA,ARI,37.0,20.0,17.0,57.0,14.5,49.5,-1350.0,800.0,-105.0,-115.0,-112.0,-108.0,6,7,SoFi Stadium,dome,matrixturf,,
2025_18_KC_LV,2025,REG,18,2026-01-04,16:25,LV,KC,14.0,12.0,2.0,26.0,-3.5,36.5,185.0,-225.0,-108.0,-112.0,-102.0,-118.0,7,10,Allegiant Stadium,dome,grass,,
2025_18_MIA_NE,2025,REG,18,2026-01-04,16:25,NE,MIA,38.0,10.0,28.0,48.0,14.0,44.5,-1000.0,650.0,-108.0,-112.0,-108.0,-112.0,7,7,Gillette Stadium,outdoors,fieldturf,29.0,6.0
2025_18_WAS_PHI,2025,REG,18,2026-01-04,16:25,PHI,WAS,17.0,24.0,-7.0,41.0,3.0,38.5,-180.0,150.0,-115.0,-105.0,-112.0,-108.0,7,10,Lincoln Financial Field,outdoors,grass,35.0,9.0
2025_18_BAL_PIT,2025,REG,18,2026-01-04,20:20,PIT,BAL,26.0,24.0,2.0,50.0,-4.5,41.5,185.0,-225.0,-115.0,-105.0,-110.0,-110.0,7,8,Acrisure Stadium,outdoors,grass,25.0,3.0
2025_19_LA_CAR,2025,WC,19,2026-01-10,16:30,CAR,LA,31.0,34.0,-3.0,65.0,-10.0,44.5,410.0,-550.0,-112.0,-108.0,-112.0,-108.0,7,6,Bank of America Stadium,outdoors,grass,72.0,16.0
2025_19_GB_CHI,2025,WC,19,2026-01-10,20:00,CHI,GB,31.0,27.0,4.0,58.0,-2.5,45.5,114.0,-135.0,-112.0,-108.0,-105.0,-115.0,6,6,Soldier Field,outdoors,grass,32.0,6.0
2025_19_BUF_JAX,2025,WC,19,2026-01-11,13:00,JAX,BUF,24.0,27.0,-3.0,51.0,1.5,51.5,-122.0,102.0,-110.0,-110.0,-108.0,-112.0,7,7,TIAA Bank Stadium,outdoors,grass,62.0,6.0
2025_19_SF_PHI,2025,WC,19,2026-01-11,16:30,PHI,SF,19.0,23.0,-4.0,42.0,6.0,44.5,-265.0,215.0,-105.0,-115.0,-105.0,-115.0,7,8,Lincoln Financial Field,outdoors,grass,46.0,22.0
2025_19_LAC_NE,2025,WC,19,2026-01-11,20:00,NE,LAC,16.0,3.0,13.0,19.0,3.5,45.5,-198.0,164.0,-115.0,-105.0,-112.0,-108.0,7,7,Gillette Stadium,outdoors,fieldturf,35.0,10.0
2025_19_HOU_PIT,2025,WC,19,2026-01-12,20:00,PIT,HOU,6.0,30.0,-24.0,36.0,-3.0,38.5,130.0,-155.0,-115.0,-105.0,-105.0,-115.0,8,8,Acrisure Stadium,outdoors,grass,32.0,9.0
2025_20_BUF_DEN,2025,DIV,20,2026-01-17,16:30,DEN,BUF,33.0,30.0,3.0,63.0,1.5,45.5,-120.0,100.0,-108.0,-112.0,-108.0,-112.0,13,6,Empower Field at Mile High,outdoors,grass,36.0,5.0
2025_20_SF_SEA,2025,DIV,20,2026-01-17,20:00,SEA,SF,41.0,6.0,35.0,47.0,6.5,44.5,-305.0,245.0,-118.0,-102.0,-102.0,-118.0,14,6,Lumen Field,outdoors,fieldturf,46.0,5.0
2025_20_HOU_NE,2025,DIV,20,2026-01-18,15:00,NE,HOU,28.0,16.0,12.0,44.0,3.0,40.5,-180.0,150.0,-122.0,102.0,-115.0,-105.0,7,6,Gillette Stadium,outdoors,fieldturf,35.0,2.0
2025_20_LA_CHI,2025,DIV,20,2026-01-18,18:30,CHI,LA,17.0,20.0,-3.0,37.0,-3.5,49.5,170.0,-205.0,-102.0,-118.0,-110.0,-110.0,8,8,Soldier Field,outdoors,grass,19.0,6.0
2025_21_NE_DEN,2025,CON,21,2026-01-25,15:00,DEN,NE,7.0,10.0,-3.0,17.0,-3.5,43.5,170.0,-205.0,-105.0,-115.0,-102.0,-118.0,8,7,Empower Field at Mile High,outdoors,grass,26.0,10.0
2025_21_LA_SEA,2025,CON,21,2026-01-25,18:30,SEA,LA,31.0,27.0,4.0,58.0,2.5,45.5,-142.0,120.0,-105.0,-115.0,-115.0,-105.0,8,7,Lumen Field,outdoors,fieldturf,41.0,2.0
2025_22_SEA_NE,2025,SB,22,2026-02-08,18:30,NE,SEA,13.0,29.0,-16.0,42.0,-4.5,45.5,195.0,-238.0,-105.0,-115.0,-105.0,-115.0,14,14,Levi's Stadium,outdoors,grass,67.0,7.0
