game_id,season,week,team,opponent,off_epa_play,off_success_rate,pass_epa,rush_epa,explosive_rate,sack_rate_allowed,plays,early_down_epa,early_down_success,neutral_pass_rate,redzone_epa,redzone_success,third_fourth_epa,late_down_success,def_epa_allowed,def_success_allowed,def_explosive_allowed,pressure_rate,early_down_epa_allowed,redzone_epa_allowed,late_down_epa_allowed
2021_01_ARI_TEN,2021,1,ARI,TEN,0.19655597,0.4057971,0.40524176,-0.03110125,0.11594202898550725,0.05555555555555555,69,0.114710316,0.36363637,0.6666666666666666,0.5269941,0.42857143,0.5180925,0.5714286,-0.31678653,0.43076923,0.03076923076923077,0.15384615384615385,-0.22245002,0.5569845,-0.5831485
2021_01_ARI_TEN,2021,1,TEN,ARI,-0.31678653,0.43076923,-0.30990505,-0.33226982,0.03076923076923077,0.13333333333333333,65,-0.22245002,0.45833334,0.5,0.5569845,0.42857143,-0.5831485,0.3529412,0.19655597,0.4057971,0.11594202898550725,0.057971014492753624,0.114710316,0.5269941,0.5180925
2021_01_BAL_LV,2021,1,BAL,LV,-0.032983907,0.41791046,0.08807804,-0.21233492,0.11940298507462686,0.075,67,0.064867444,0.41509435,0.6,0.9196509,0.5,-0.40342113,0.42857143,0.037868857,0.44047618,0.11904761904761904,0.08333333333333333,0.039562494,-0.34786746,0.032449197
2021_01_BAL_LV,2021,1,LV,BAL,0.037868857,0.44047618,0.19949175,-0.44699988,0.11904761904761904,0.047619047619047616,84,0.039562494,0.40625,0.7666666666666667,-0.34786746,0.4,0.032449197,0.55,-0.032983907,0.41791046,0.11940298507462686,0.11940298507462686,0.064867444,0.9196509,-0.40342113
2021_01_CHI_LA,2021,1,CHI,LA,-0.09573872,0.5362319,-0.2088875,0.11641526,0.043478260869565216,0.06666666666666667,69,0.15251614,0.5740741,0.5555555555555556,-0.037579145,0.54545456,-0.9894562,0.4,0.36720613,0.47916666,0.08333333333333333,0.0625,0.24817497,0.3991971,0.7242996
2021_01_CHI_LA,2021,1,LA,CHI,0.36720613,0.47916666,0.6146027,0.02085093,0.08333333333333333,0.03571428571428571,48,0.24817497,0.44444445,0.6875,0.3991971,0.5,0.7242996,0.5833333,-0.09573872,0.5362319,0.043478260869565216,0.057971014492753624,0.15251614,-0.037579145,-0.9894562
2021_01_CLE_KC,2021,1,CLE,KC,0.22345595,0.56666666,0.34777397,0.07151173,0.13333333333333333,0.06060606060606061,60,0.25830576,0.61702126,0.52,0.9279875,0.6923077,0.0178322,0.33333334,0.31913838,0.4920635,0.06349206349206349,0.1111111111111111,0.24726516,0.09660234,0.62875044
2021_01_CLE_KC,2021,1,KC,CLE,0.31913838,0.4920635,0.51113,-0.16084053,0.06349206349206349,0.044444444444444446,63,0.24726516,0.44680852,0.5714285714285714,0.09660234,0.4,0.62875044,0.6666667,0.22345595,0.56666666,0.13333333333333333,0.08333333333333333,0.25830576,0.9279875,0.0178322
2021_01_DAL_TB,2021,1,DAL,TB,0.1304445,0.5119048,0.22219144,-0.29159138,0.08333333333333333,0.014492753623188406,84,0.092636004,0.50769234,0.8913043478260869,-0.23127703,0.33333334,0.25978935,0.5263158,0.054240607,0.52307695,0.09230769230769231,0.03076923076923077,0.063302286,0.04816578,0.009756026
2021_01_DAL_TB,2021,1,TB,DAL,0.054240607,0.52307695,0.1555525,-0.28346568,0.09230769230769231,0.0,65,0.063302286,0.5185185,0.696969696969697,0.04816578,0.5714286,0.009756026,0.54545456,0.1304445,0.5119048,0.08333333333333333,0.08333333333333333,0.092636004,-0.23127703,0.25978935
2021_01_DEN_NYG,2021,1,DEN,NYG,0.28143927,0.45454547,0.47269788,-0.032224853,0.07575757575757576,0.04878048780487805,66,-0.03511877,0.35416666,0.5833333333333334,-0.02072964,0.41666666,1.125594,0.7222222,0.01940061,0.45762712,0.05084745762711865,0.05084745762711865,-0.032212146,-0.26989415,0.14691448
2021_01_DEN_NYG,2021,1,NYG,DEN,0.01940061,0.45762712,0.02575198,0.00076990126,0.05084745762711865,0.045454545454545456,59,-0.032212146,0.42857143,0.5714285714285714,-0.26989415,0.30769232,0.14691448,0.5294118,0.28143927,0.45454547,0.07575757575757576,0.09090909090909091,-0.03511877,-0.02072964,1.125594
2021_01_GB_NO,2021,1,GB,NO,-0.34726477,0.3859649,-0.3694772,-0.29034537,0.03508771929824561,0.04878048780487805,57,-0.3086959,0.3902439,0.5,-1.8336226,0.5,-0.4460975,0.375,0.31581816,0.53333336,0.05,0.05,0.25156072,0.5985772,0.5269498
2021_01_GB_NO,2021,1,NO,GB,0.31581816,0.53333336,0.9085132,-0.10753542,0.05,0.0,60,0.25156072,0.5217391,0.47368421052631576,0.5985772,0.6,0.5269498,0.5714286,-0.34726477,0.3859649,0.03508771929824561,0.12280701754385964,-0.3086959,-1.8336226,-0.4460975
2021_01_JAX_HOU,2021,1,HOU,JAX,0.1546208,0.42857143,0.4403805,-0.1543086,0.09090909090909091,0.025,77,-0.008235159,0.375,0.5454545454545454,0.12810433,0.3529412,0.58890337,0.5714286,-0.057033677,0.44444445,0.08333333333333333,0.05555555555555555,-0.15127984,0.6158945,0.3334147
2021_01_JAX_HOU,2021,1,JAX,HOU,-0.057033677,0.44444445,-0.075404584,0.0072644986,0.08333333333333333,0.017857142857142856,72,-0.15127984,0.44827586,0.8571428571428571,0.6158945,0.33333334,0.3334147,0.42857143,0.1546208,0.42857143,0.09090909090909091,0.07792207792207792,-0.008235159,0.12810433,0.58890337
2021_01_LAC_WAS,2021,1,LAC,WAS,0.094579585,0.47435898,0.18073699,-0.07773519,0.07692307692307693,0.038461538461538464,78,-0.22553875,0.37288135,0.6136363636363636,-0.4957059,0.3043478,1.0886313,0.7894737,-0.048884567,0.4181818,0.03636363636363636,0.12727272727272726,-0.07157453,-0.13079172,0.032421142
2021_01_LAC_WAS,2021,1,WAS,LAC,-0.048884567,0.4181818,0.06741908,-0.18844897,0.03636363636363636,0.03333333333333333,55,-0.07157453,0.41860464,0.5428571428571428,-0.13079172,0.5,0.032421142,0.41666666,0.094579585,0.47435898,0.07692307692307693,0.0641025641025641,-0.22553875,-0.4957059,1.0886313
2021_01_MIA_NE,2021,1,MIA,NE,0.0067637158,0.4509804,0.0179132,-0.009164109,0.09803921568627451,0.06666666666666667,51,0.15085563,0.5,0.59375,0.81486386,1.0,-0.5172069,0.27272728,0.00875042,0.48,0.09333333333333334,0.12,-0.14484467,-0.65266323,0.5327807
2021_01_MIA_NE,2021,1,NE,MIA,0.00875042,0.48,0.15241043,-0.1951541,0.09333333333333334,0.022727272727272728,75,-0.14484467,0.41379312,0.5454545454545454,-0.65266323,0.22222222,0.5327807,0.7058824,0.0067637158,0.4509804,0.09803921568627451,0.0784313725490196,0.15085563,0.81486386,-0.5172069
2021_01_MIN_CIN,2021,1,CIN,MIN,0.0072359145,0.3970588,0.20229936,-0.16615382,0.10294117647058823,0.15625,68,0.120833054,0.4117647,0.4375,0.3860109,0.6,-0.3335555,0.3529412,0.0400364,0.41463414,0.08536585365853659,0.0975609756097561,-0.10670303,0.68346786,0.52659345
2021_01_MIN_CIN,2021,1,MIN,CIN,0.0400364,0.41463414,0.181652,-0.34618792,0.08536585365853659,0.05,82,-0.10670303,0.3968254,0.6875,0.68346786,0.75,0.52659345,0.47368422,0.0072359145,0.3970588,0.10294117647058823,0.10294117647058823,0.120833054,0.3860109,-0.3335555
2021_01_NYJ_CAR,2021,1,CAR,NYJ,-0.03882228,0.4262295,0.03835031,-0.15779668,0.11475409836065574,0.02702702702702703,61,0.20675534,0.4680851,0.6363636363636364,-0.5995203,0.33333334,-0.86326134,0.2857143,-0.15170923,0.36923078,0.09230769230769231,0.13846153846153847,-0.16282173,0.4843529,-0.14465496
2021_01_NYJ_CAR,2021,1,NYJ,CAR,-0.15170923,0.36923078,-0.13726078,-0.1866897,0.09230769230769231,0.13043478260869565,65,-0.16282173,0.3617021,0.6,0.4843529,0.6,-0.14465496,0.375,-0.03882228,0.4262295,0.11475409836065574,0.13114754098360656,0.20675534,-0.5995203,-0.86326134
2021_01_PHI_ATL,2021,1,ATL,PHI,-0.2771746,0.35211268,-0.38154754,-0.107085355,0.08450704225352113,0.06818181818181818,71,-0.16984783,0.3773585,0.4,-0.37060973,0.27272728,-0.5931923,0.2777778,0.15712768,0.5714286,0.1,0.02857142857142857,0.32505986,0.46695796,-0.5071529
2021_01_PHI_ATL,2021,1,PHI,ATL,0.15712768,0.5714286,0.2959817,-0.028011007,0.1,0.025,70,0.32505986,0.6111111,0.75,0.46695796,0.625,-0.5071529,0.4,-0.2771746,0.35211268,0.08450704225352113,0.1267605633802817,-0.16984783,-0.37060973,-0.5931923
2021_01_PIT_BUF,2021,1,BUF,PIT,-0.13245158,0.4,-0.12417621,-0.15348479,0.03529411764705882,0.04918032786885246,85,-0.079213664,0.390625,0.6739130434782609,-0.28959402,0.30769232,-0.29470047,0.42857143,0.010389587,0.4181818,0.09090909090909091,0.10909090909090909,0.03183479,-0.52275,-0.0588949
2021_01_PIT_BUF,2021,1,PIT,BUF,0.010389587,0.4181818,0.07905204,-0.14309117,0.09090909090909091,0.05263157894736842,55,0.03183479,0.42857143,0.6086956521739131,-0.52275,0.2857143,-0.0588949,0.3846154,-0.13245158,0.4,0.03529411764705882,0.09411764705882353,-0.079213664,-0.28959402,-0.29470047
2021_01_SEA_IND,2021,1,IND,SEA,-0.10078635,0.4473684,0.057961617,-0.3580675,0.02631578947368421,0.06382978723404255,76,0.07387907,0.5,0.3333333333333333,-0.30848387,0.36363637,-0.5710521,0.31578946,0.1826951,0.4814815,0.1111111111111111,0.1111111111111111,0.22898966,1.071213,-0.048777632
2021_01_SEA_IND,2021,1,SEA,IND,0.1826951,0.4814815,0.4579101,-0.13655426,0.1111111111111111,0.10344827586206896,54,0.22898966,0.4888889,0.5454545454545454,1.071213,0.5,-0.048777632,0.44444445,-0.10078635,0.4473684,0.02631578947368421,0.13157894736842105,0.07387907,-0.30848387,-0.5710521
2021_01_SF_DET,2021,1,DET,SF,-0.016711544,0.47826087,-0.02607486,0.014945377,0.10869565217391304,0.04225352112676056,92,0.14077789,0.49275362,0.4166666666666667,0.6712646,0.6363636,-0.63605416,0.3809524,0.25036842,0.509434,0.16981132075471697,0.05660377358490566,0.175701,0.5773758,0.615409
2021_01_SF_DET,2021,1,SF,DET,0.25036842,0.509434,0.6802647,-0.19606239,0.16981132075471697,0.037037037037037035,53,0.175701,0.52272725,0.3888888888888889,0.5773758,0.5714286,0.615409,0.44444445,-0.016711544,0.47826087,0.10869565217391304,0.09782608695652174,0.14077789,0.6712646,-0.63605416
2021_02_ATL_TB,2021,2,ATL,TB,-0.2571172,0.45833334,-0.18366596,-0.4480905,0.08333333333333333,0.019230769230769232,72,-0.1787824,0.48076922,0.6428571428571429,0.8033906,0.6,-0.54046077,0.36842105,0.08198317,0.5,0.13333333333333333,0.1,0.22140178,0.5612796,-0.42206872
2021_02_ATL_TB,2021,2,TB,ATL,0.08198317,0.5,0.12738638,-0.02395765,0.13333333333333333,0.07142857142857142,60,0.22140178,0.5319149,0.6060606060606061,0.5612796,0.73333335,-0.42206872,0.3846154,-0.2571172,0.45833334,0.08333333333333333,0.09722222222222222,-0.1787824,0.8033906,-0.54046077
2021_02_BUF_MIA,2021,2,BUF,MIA,0.15787332,0.42857143,0.092541434,0.25084564,0.09523809523809523,0.02702702702702703,63,0.045046818,0.36734694,0.5714285714285714,0.49268335,0.47368422,0.5527661,0.64285713,-0.4165433,0.32876712,0.0273972602739726,0.1506849315068493,-0.38602266,-1.9682811,-0.48289254
2021_02_BUF_MIA,2021,2,MIA,BUF,-0.4165433,0.32876712,-0.4363621,-0.34593892,0.0273972602739726,0.10526315789473684,73,-0.38602266,0.26,0.6666666666666666,-1.9682811,0.0,-0.48289254,0.47826087,0.15787332,0.42857143,0.09523809523809523,0.1111111111111111,0.045046818,0.49268335,0.5527661
2021_02_CIN_CHI,2021,2,CHI,CIN,-0.19437888,0.3548387,-0.05524601,-0.38702443,0.03225806451612903,0.08333333333333333,62,-0.1699656,0.33333334,0.5714285714285714,-0.2668709,0.22222222,-0.25900236,0.4117647,-0.34431672,0.4181818,0.05454545454545454,0.18181818181818182,-0.41067573,1.8275815,-0.14997952
2021_02_CIN_CHI,2021,2,CIN,CHI,-0.34431672,0.4181818,-0.43081692,-0.19294134,0.05454545454545454,0.14285714285714285,55,-0.41067573,0.34146342,0.5714285714285714,1.8275815,1.0,-0.14997952,0.64285713,-0.19437888,0.3548387,0.03225806451612903,0.08064516129032258,-0.1699656,-0.2668709,-0.25900236
2021_02_DAL_LAC,2021,2,DAL,LAC,0.1195273,0.58064514,-0.013906149,0.25296074,0.12903225806451613,0.06451612903225806,62,0.12889409,0.58,0.4722222222222222,0.19337964,0.5555556,0.08049897,0.5833333,0.025211284,0.46478873,0.09859154929577464,0.1267605633802817,-0.05177989,-0.76876825,0.28372732
2021_02_DAL_LAC,2021,2,LAC,DAL,0.025211284,0.46478873,0.033641554,0.0037141168,0.09859154929577464,0.0392156862745098,71,-0.05177989,0.4385965,0.75,-0.76876825,0.25,0.28372732,0.53846157,0.1195273,0.58064514,0.12903225806451613,0.04838709677419355,0.12889409,0.19337964,0.08049897
2021_02_DEN_JAX,2021,2,DEN,JAX,0.19087721,0.49253732,0.31322503,0.009621208,0.07462686567164178,0.075,67,0.23636879,0.5283019,0.6,0.34010342,0.5,0.018659165,0.35714287,-0.12280452,0.39285713,0.05357142857142857,0.05357142857142857,-0.37167576,-0.8161009,0.5957984
2021_02_DEN_JAX,2021,2,JAX,DEN,-0.12280452,0.39285713,-0.117030166,-0.13858782,0.05357142857142857,0.024390243902439025,56,-0.37167576,0.35,0.5833333333333334,-0.8161009,0.0,0.5957984,0.53333336,0.19087721,0.49253732,0.07462686567164178,0.11940298507462686,0.23636879,0.34010342,0.018659165
2021_02_DET_GB,2021,2,DET,GB,-0.019237889,0.54385966,0.06871168,-0.2097953,0.10526315789473684,0.02564102564102564,57,0.09406157,0.5869565,0.5,0.69630086,0.71428573,-0.49303567,0.36363637,0.30892456,0.52459013,0.04918032786885246,0.09836065573770492,0.1461121,0.48990643,1.249619
2021_02_DET_GB,2021,2,GB,DET,0.30892456,0.52459013,0.6324307,-0.1265644,0.04918032786885246,0.08571428571428572,61,0.1461121,0.5,0.55,0.48990643,0.5625,1.249619,0.6666667,-0.019237889,0.54385966,0.10526315789473684,0.12280701754385964,0.09406157,0.69630086,-0.49303567
2021_02_HOU_CLE,2021,2,CLE,HOU,0.1305775,0.5689655,0.11294654,0.14820845,0.1206896551724138,0.06896551724137931,58,0.21219581,0.58,0.5,0.11912556,0.6,-0.379537,0.5,0.1480123,0.40983605,0.06557377049180328,0.04918032786885246,-0.08566005,0.5035346,0.8052157
2021_02_HOU_CLE,2021,2,HOU,CLE,0.1480123,0.40983605,0.47745827,-0.26684558,0.06557377049180328,0.029411764705882353,61,-0.08566005,0.31111112,0.375,0.5035346,0.5555556,0.8052157,0.6875,0.1305775,0.5689655,0.1206896551724138,0.034482758620689655,0.21219581,0.11912556,-0.379537
2021_02_KC_BAL,2021,2,BAL,KC,0.15123925,0.5945946,0.027936792,0.25048268,0.14864864864864866,0.030303030303030304,74,0.27543384,0.6440678,0.4375,0.36133826,0.6111111,-0.26374117,0.5,0.2665366,0.5686275,0.11764705882352941,0.058823529411764705,0.3735671,0.9274458,-0.5361922
2021_02_KC_BAL,2021,2,KC,BAL,0.2665366,0.5686275,0.53601474,-0.2275067,0.11764705882352941,0.0,51,0.3735671,0.6,0.6,0.9274458,0.6666667,-0.5361922,0.33333334,0.15123925,0.5945946,0.14864864864864866,0.013513513513513514,0.27543384,0.36133826,-0.26374117
2021_02_LA_IND,2021,2,IND,LA,-0.080119506,0.43939394,-0.07326419,-0.09480947,0.06060606060606061,0.06666666666666667,66,0.0140737025,0.43396226,0.7,-0.5193181,0.33333334,-0.59056616,0.41666666,0.07605472,0.46666667,0.11666666666666667,0.05,0.25069475,0.17712222,-0.7971454
2021_02_LA_IND,2021,2,LA,IND,0.07605472,0.46666667,0.37854132,-0.26964423,0.11666666666666667,0.03125,60,0.25069475,0.5,0.53125,0.17712222,0.45454547,-0.7971454,0.3,-0.080119506,0.43939394,0.06060606060606061,0.15151515151515152,0.0140737025,-0.5193181,-0.59056616
2021_02_LV_PIT,2021,2,LV,PIT,0.18412763,0.5,0.48640788,-0.3448628,0.10606060606060606,0.047619047619047616,66,0.09050471,0.47058824,0.6666666666666666,-0.117342174,0.33333334,0.5024455,0.6,0.0016314264,0.32142857,0.08928571428571429,0.16071428571428573,-0.013997818,0.67169267,0.053328156
2021_02_LV_PIT,2021,2,PIT,LV,0.0016314264,0.32142857,0.06445328,-0.18683413,0.08928571428571429,0.047619047619047616,56,-0.013997818,0.30232558,0.56,0.67169267,0.5,0.053328156,0.3846154,0.18412763,0.5,0.10606060606060606,0.07575757575757576,0.09050471,-0.117342174,0.5024455
2021_02_MIN_ARI,2021,2,ARI,MIN,0.10368772,0.5081967,0.18709065,-0.0955527,0.09836065573770492,0.06976744186046512,61,0.061772436,0.5294118,0.6206896551724138,0.24715944,0.4,0.3174556,0.4,0.17507014,0.5081967,0.14754098360655737,0.06557377049180328,0.309301,0.75137204,-0.50950724
2021_02_MIN_ARI,2021,2,MIN,ARI,0.17507014,0.5081967,0.280482,0.033169553,0.14754098360655737,0.02857142857142857,61,0.309301,0.5294118,0.46153846153846156,0.75137204,0.6666667,-0.50950724,0.4,0.10368772,0.5081967,0.09836065573770492,0.04918032786885246,0.061772436,0.24715944,0.3174556
2021_02_NE_NYJ,2021,2,NE,NYJ,-0.014553955,0.42372882,-0.061433356,0.05381183,0.1016949152542373,0.08571428571428572,59,0.1274948,0.4680851,0.6129032258064516,-0.3992832,0.33333334,-0.5709116,0.25,-0.29879665,0.3888889,0.1111111111111111,0.09722222222222222,-0.20791166,-0.55597496,-0.6168942
2021_02_NE_NYJ,2021,2,NYJ,NE,-0.29879665,0.3888889,-0.45693886,-0.06430999,0.1111111111111111,0.09302325581395349,72,-0.20791166,0.39285713,0.3,-0.55597496,0.14285715,-0.6168942,0.375,-0.014553955,0.42372882,0.1016949152542373,0.05084745762711865,0.1274948,-0.3992832,-0.5709116
2021_02_NO_CAR,2021,2,CAR,NO,0.086669385,0.46052632,0.2960769,-0.20126595,0.06578947368421052,0.045454545454545456,76,0.058140542,0.4262295,0.5454545454545454,0.19569057,0.54545456,0.20268673,0.6,-0.4947159,0.27906978,0.046511627906976744,0.23255813953488372,-0.2995119,0.47863895,-0.9451866
2021_02_NO_CAR,2021,2,NO,CAR,-0.4947159,0.27906978,-0.4122559,-0.6850081,0.046511627906976744,0.13333333333333333,43,-0.2995119,0.33333334,0.8,0.47863895,0.8,-0.9451866,0.15384616,0.086669385,0.46052632,0.06578947368421052,0.039473684210526314,0.058140542,0.19569057,0.20268673
2021_02_NYG_WAS,2021,2,NYG,WAS,0.15878862,0.45588234,0.1780225,0.12570637,0.08823529411764706,0.09302325581395349,68,0.15106843,0.44444445,0.5952380952380952,-0.10649445,0.2,0.18856648,0.5,0.095053,0.5,0.08571428571428572,0.02857142857142857,0.16260935,1.4345175,-0.13294962
2021_02_NYG_WAS,2021,2,WAS,NYG,0.095053,0.5,0.01308405,0.31507492,0.08571428571428572,0.0196078431372549,70,0.16260935,0.5185185,0.7142857142857143,1.4345175,0.8,-0.13294962,0.4375,0.15878862,0.45588234,0.08823529411764706,0.10294117647058823,0.15106843,-0.10649445,0.18856648
2021_02_SF_PHI,2021,2,PHI,SF,0.058203164,0.49122807,0.24951941,-0.20485663,0.07017543859649122,0.06060606060606061,57,0.16779138,0.5,0.45454545454545453,-0.11792215,0.44444445,-0.34161836,0.42857143,0.102963805,0.43283582,0.04477611940298507,0.029850746268656716,0.095935136,0.75331146,0.12732986
2021_02_SF_PHI,2021,2,SF,PHI,0.102963805,0.43283582,0.2590228,-0.05782424,0.04477611940298507,0.0,67,0.095935136,0.42307693,0.6388888888888888,0.75331146,0.5,0.12732986,0.46666667,0.058203164,0.49122807,0.07017543859649122,0.05263157894736842,0.16779138,-0.11792215,-0.34161836
2021_02_TEN_SEA,2021,2,SEA,TEN,0.15722087,0.4074074,0.22544098,-0.00480181,0.09259259259259259,0.07894736842105263,54,0.23057286,0.42857143,0.6,0.23293856,0.625,-0.099510975,0.33333334,0.16602594,0.51724136,0.05747126436781609,0.09195402298850575,0.18670492,-0.10768237,0.07426293
2021_02_TEN_SEA,2021,2,TEN,SEA,0.16602594,0.51724136,0.25079843,0.06169055,0.05747126436781609,0.0625,87,0.18670492,0.5070422,0.5,-0.10768237,0.4117647,0.07426293,0.5625,0.15722087,0.4074074,0.09259259259259259,0.09259259259259259,0.23057286,0.23293856,-0.099510975
2021_03_ARI_JAX,2021,3,ARI,JAX,0.17187434,0.5151515,0.23399295,0.082147494,0.07575757575757576,0.0,66,0.2406016,0.5740741,0.5945945945945946,0.5100789,0.6363636,-0.13739823,0.25,-0.18314113,0.52238804,0.08955223880597014,0.11940298507462686,-0.028002517,-0.3009075,-0.82756305
2021_03_ARI_JAX,2021,3,JAX,ARI,-0.18314113,0.52238804,-0.3886474,0.121312656,0.08955223880597014,0.075,67,-0.028002517,0.5740741,0.3684210526315789,-0.3009075,0.5555556,-0.82756305,0.30769232,0.17187434,0.5151515,0.07575757575757576,0.015151515151515152,0.2406016,0.5100789,-0.13739823
2021_03_ATL_NYG,2021,3,ATL,NYG,0.069143325,0.38709676,0.20649748,-0.19902429,0.11290322580645161,0.07317073170731707,62,0.009748221,0.34042552,0.6,0.343553,0.5,0.25524798,0.53333336,0.042547107,0.47826087,0.028985507246376812,0.07246376811594203,-0.11355209,-0.13415073,0.4867162
2021_03_ATL_NYG,2021,3,NYG,ATL,0.042547107,0.47826087,0.13115701,-0.13467272,0.028985507246376812,0.043478260869565216,69,-0.11355209,0.42307693,0.5952380952380952,-0.13415073,0.44444445,0.4867162,0.625,0.069143325,0.38709676,0.11290322580645161,0.0967741935483871,0.009748221,0.343553,0.25524798
2021_03_BAL_DET,2021,3,BAL,DET,0.032552138,0.42105263,0.18034878,-0.3152047,0.14035087719298245,0.1,57,0.2065798,0.47826087,0.6333333333333333,0.010288136,0.14285715,-0.6951999,0.18181819,-0.003156739,0.3968254,0.09523809523809523,0.09523809523809523,0.1187905,0.16359837,-0.6494771
2021_03_BAL_DET,2021,3,DET,BAL,-0.003156739,0.3968254,0.10254467,-0.14409195,0.09523809523809523,0.05555555555555555,63,0.1187905,0.41509435,0.5,0.16359837,0.3846154,-0.6494771,0.3,0.032552138,0.42105263,0.14035087719298245,0.10526315789473684,0.2065798,0.010288136,-0.6951999
2021_03_CAR_HOU,2021,3,CAR,HOU,0.20173459,0.47142857,0.3652424,-0.029431667,0.14285714285714285,0.07317073170731707,70,0.23157296,0.45762712,0.6136363636363636,-0.14993574,0.35714287,0.041692365,0.54545456,-0.17376386,0.4074074,0.018518518518518517,0.14814814814814814,0.027006188,1.3195752,-0.95859224
2021_03_CAR_HOU,2021,3,HOU,CAR,-0.17376386,0.4074074,-0.07375467,-0.3579913,0.018518518518518517,0.11428571428571428,54,0.027006188,0.4651163,0.5,1.3195752,1.0,-0.95859224,0.18181819,0.20173459,0.47142857,0.14285714285714285,0.08571428571428572,0.23157296,-0.14993574,0.041692365
2021_03_CHI_CLE,2021,3,CHI,CLE,-0.4591494,0.26666668,-0.50275296,-0.3392396,0.022222222222222223,0.2727272727272727,45,-0.3644671,0.29032257,0.5714285714285714,-0.6828998,0.33333334,-0.66880304,0.21428572,0.022158906,0.44871795,0.1282051282051282,0.0641025641025641,0.079037875,-0.30588025,-0.13222687
2021_03_CHI_CLE,2021,3,CLE,CHI,0.022158906,0.44871795,0.032323975,0.011458834,0.1282051282051282,0.125,78,0.079037875,0.4385965,0.5714285714285714,-0.30588025,0.41666666,-0.13222687,0.47619048,-0.4591494,0.26666668,0.022222222222222223,0.28888888888888886,-0.3644671,-0.6828998,-0.66880304
2021_03_CIN_PIT,2021,3,CIN,PIT,0.08279776,0.4318182,0.32064012,-0.15504462,0.09090909090909091,0.0,44,0.04309125,0.47058824,0.44,0.84896153,0.6,0.21779986,0.3,-0.16078417,0.33734939,0.04819277108433735,0.08433734939759036,-0.15580235,-0.4566193,-0.17378014
2021_03_CIN_PIT,2021,3,PIT,CIN,-0.16078417,0.33734939,-0.0956464,-0.43354854,0.04819277108433735,0.05970149253731343,83,-0.15580235,0.28333333,0.5862068965517241,-0.4566193,0.33333334,-0.17378014,0.47826087,0.08279776,0.4318182,0.09090909090909091,0.0,0.04309125,0.84896153,0.21779986
2021_03_GB_SF,2021,3,GB,SF,0.21832365,0.4918033,0.37868822,-0.012601345,0.09836065573770492,0.027777777777777776,61,0.10613257,0.47826087,0.5238095238095238,-0.104651734,0.3125,0.56237626,0.53333336,0.1399162,0.5,0.02857142857142857,0.14285714285714285,-0.049148083,0.59377,0.9688903
2021_03_GB_SF,2021,3,SF,GB,0.1399162,0.5,0.15695055,0.1001694,0.02857142857142857,0.08163265306122448,70,-0.049148083,0.45614034,0.5,0.59377,0.5625,0.9688903,0.6923077,0.21832365,0.4918033,0.09836065573770492,0.03278688524590164,0.10613257,-0.104651734,0.56237626
2021_03_IND_TEN,2021,3,IND,TEN,0.0061308597,0.4262295,-0.13032044,0.3320979,0.04918032786885246,0.046511627906976744,61,0.07989257,0.44680852,0.5882352941176471,-0.13657257,0.27272728,-0.24149774,0.35714287,0.065869644,0.45454547,0.10606060606060606,0.030303030303030304,0.043635875,-0.03567719,0.07635474
2021_03_IND_TEN,2021,3,TEN,IND,0.065869644,0.45454547,0.15333027,-0.016446244,0.10606060606060606,0.03125,66,0.043635875,0.4117647,0.4166666666666667,-0.03567719,0.33333334,0.07635474,0.5714286,0.0061308597,0.4262295,0.04918032786885246,0.14754098360655737,0.07989257,-0.13657257,-0.24149774
2021_03_LAC_KC,2021,3,KC,LAC,0.060029875,0.5443038,0.11192256,-0.045751378,0.08860759493670886,0.03773584905660377,79,-0.035098962,0.5362319,0.6129032258064516,0.38247263,0.45454547,0.71641886,0.6,0.27173325,0.53846157,0.07692307692307693,0.09230769230769231,0.23377852,0.5469053,0.3436342
2021_03_LAC_KC,2021,3,LAC,KC,0.27173325,0.53846157,0.42426494,-0.09755404,0.07692307692307693,0.021739130434782608,65,0.23377852,0.5510204,0.6071428571428571,0.5469053,0.6111111,0.3436342,0.46666667,0.060029875,0.5443038,0.08860759493670886,0.0759493670886076,-0.035098962,0.38247263,0.71641886
2021_03_MIA_LV,2021,3,LV,MIA,-0.011427864,0.44444445,0.11588511,-0.18741933,0.14814814814814814,0.06382978723404255,81,-0.117778786,0.43076923,0.5185185185185185,0.2490314,0.5,0.4206228,0.5,-0.01179461,0.3902439,0.04878048780487805,0.07317073170731707,-0.15099025,0.37681907,0.31310302
2021_03_MIA_LV,2021,3,MIA,LV,-0.01179461,0.3902439,0.082264274,-0.28501326,0.04878048780487805,0.03278688524590164,82,-0.15099025,0.33898306,0.6363636363636364,0.37681907,0.4,0.31310302,0.5,-0.011427864,0.44444445,0.14814814814814814,0.1111111111111111,-0.117778786,0.2490314,0.4206228
2021_03_NO_NE,2021,3,NE,NO,-0.25957495,0.375,-0.28277126,-0.171429,0.041666666666666664,0.03508771929824561,72,-0.28374547,0.34,0.6875,-0.31725007,0.4,-0.20464192,0.45454547,0.06569205,0.53333336,0.03333333333333333,0.1,-0.06166377,0.42885095,0.52613235
2021_03_NO_NE,2021,3,NO,NE,0.06569205,0.53333336,0.19028632,-0.036248714,0.03333333333333333,0.1111111111111111,60,-0.06166377,0.5106383,0.42857142857142855,0.42885095,0.6923077,0.52613235,0.61538464,-0.25957495,0.375,0.041666666666666664,0.1527777777777778,-0.28374547,-0.31725007,-0.20464192
2021_03_NYJ_DEN,2021,3,DEN,NYJ,0.031568408,0.46969697,0.5208552,-0.40179992,0.12121212121212122,0.06451612903225806,66,-0.0862628,0.42592594,0.5263157894736842,-0.25861838,0.5263158,0.5618089,0.6666667,-0.5132807,0.33333334,0.05555555555555555,0.16666666666666666,-0.35255656,,-0.9311635
2021_03_NYJ_DEN,2021,3,NYJ,DEN,-0.5132807,0.33333334,-0.6031828,-0.22974338,0.05555555555555555,0.12195121951219512,54,-0.35255656,0.33333334,0.4,,,-0.9311635,0.33333334,0.031568408,0.46969697,0.12121212121212122,0.045454545454545456,-0.0862628,-0.25861838,0.5618089
2021_03_PHI_DAL,2021,3,DAL,PHI,0.07841,0.5890411,0.2890976,-0.115644366,0.0684931506849315,0.11428571428571428,73,0.017147802,0.5862069,0.3611111111111111,0.13693175,0.6315789,0.31529045,0.6,-0.26336345,0.36206895,0.10344827586206896,0.06896551724137931,-0.25065213,0.9423795,-0.30331326
2021_03_PHI_DAL,2021,3,PHI,DAL,-0.26336345,0.36206895,-0.2709546,-0.18289724,0.10344827586206896,0.03773584905660377,58,-0.25065213,0.36363637,0.8571428571428571,0.9423795,0.75,-0.30331326,0.35714287,0.07841,0.5890411,0.0684931506849315,0.0821917808219178,0.017147802,0.13693175,0.31529045
2021_03_SEA_MIN,2021,3,MIN,SEA,0.22196381,0.48,0.51162624,-0.10907899,0.10666666666666667,0.025,75,0.15567724,0.43333334,0.5833333333333334,-0.0030534863,0.3888889,0.4871101,0.6666667,0.115269005,0.5283019,0.11320754716981132,0.1320754716981132,0.20171757,0.9033823,-0.3073684
2021_03_SEA_MIN,2021,3,SEA,MIN,0.115269005,0.5283019,0.014953318,0.36940205,0.11320754716981132,0.05263157894736842,53,0.20171757,0.5681818,0.59375,0.9033823,0.5,-0.3073684,0.33333334,0.22196381,0.48,0.10666666666666667,0.06666666666666667,0.15567724,-0.0030534863,0.4871101
2021_03_TB_LA,2021,3,LA,TB,0.2376871,0.44444445,0.46017873,-0.17695644,0.12698412698412698,0.024390243902439025,63,-0.0034103144,0.375,0.7058823529411765,0.3631827,0.5555556,1.0091988,0.6666667,0.15873374,0.5068493,0.0821917808219178,0.0684931506849315,0.20132771,0.27716893,-0.00596296
2021_03_TB_LA,2021,3,TB,LA,0.15873374,0.5068493,0.18986228,-0.016718008,0.0821917808219178,0.04838709677419355,73,0.20132771,0.5,0.7407407407407407,0.27716893,0.45454547,-0.00596296,0.53333336,0.2376871,0.44444445,0.12698412698412698,0.06349206349206349,-0.0034103144,0.3631827,1.0091988
2021_03_WAS_BUF,2021,3,BUF,WAS,0.25454396,0.5,0.44809434,-0.096714124,0.06578947368421052,0.0,76,0.1802367,0.47457626,0.6071428571428571,0.13248587,0.33333334,0.60364854,0.625,-0.21308824,0.35185185,0.05555555555555555,0.05555555555555555,-0.06140809,0.5244112,-0.6464601
2021_03_WAS_BUF,2021,3,WAS,BUF,-0.21308824,0.35185185,-0.07515106,-0.44758147,0.05555555555555555,0.029411764705882353,54,-0.06140809,0.375,0.5,0.5244112,0.375,-0.6464601,0.2857143,0.25454396,0.5,0.06578947368421052,0.09210526315789473,0.1802367,0.13248587,0.60364854
2021_04_ARI_LA,2021,4,ARI,LA,0.280711,0.55263156,0.42853612,0.107544474,0.11842105263157894,0.07317073170731707,76,0.12389287,0.5409836,0.5714285714285714,0.080085985,0.47368422,0.9184381,0.6,0.030285038,0.5970149,0.08955223880597014,0.07462686567164178,0.060135514,-0.17703731,-0.106529646
2021_04_ARI_LA,2021,4,LA,ARI,0.030285038,0.5970149,0.10996589,-0.15696499,0.08955223880597014,0.0,67,0.060135514,0.6181818,0.47058823529411764,-0.17703731,0.5,-0.106529646,0.5,0.280711,0.55263156,0.11842105263157894,0.039473684210526314,0.12389287,0.080085985,0.9184381
2021_04_BAL_DEN,2021,4,BAL,DEN,0.06450055,0.4722222,0.20556675,-0.13299213,0.08333333333333333,0.07142857142857142,72,0.09598821,0.47272727,0.6153846153846154,-0.008205223,0.5,-0.037371285,0.47058824,-0.23248987,0.3442623,0.08196721311475409,0.18032786885245902,-0.028488701,-0.37952885,-0.85809344
2021_04_BAL_DEN,2021,4,DEN,BAL,-0.23248987,0.3442623,-0.36305115,0.10543347,0.08196721311475409,0.11363636363636363,61,-0.028488701,0.39130434,0.5,-0.37952885,0.33333334,-0.85809344,0.2,0.06450055,0.4722222,0.08333333333333333,0.09722222222222222,0.09598821,-0.008205223,-0.037371285
2021_04_CAR_DAL,2021,4,CAR,DAL,0.09570396,0.5,0.04618002,0.2037562,0.08571428571428572,0.10416666666666667,70,0.15577558,0.5185185,0.5454545454545454,0.81764424,0.7777778,-0.10703781,0.4375,0.24140479,0.55172414,0.20689655172413793,0.017241379310344827,0.42918724,0.043330237,-0.38471353
2021_04_CAR_DAL,2021,4,DAL,CAR,0.24140479,0.55172414,0.35583282,0.14174166,0.20689655172413793,0.0,58,0.42918724,0.6086956,0.5,0.043330237,0.54545456,-0.38471353,0.4,0.09570396,0.5,0.08571428571428572,0.14285714285714285,0.15577558,0.81764424,-0.10703781
2021_04_CLE_MIN,2021,4,CLE,MIN,-0.057660397,0.3846154,-0.14085214,0.034525055,0.07692307692307693,0.07317073170731707,78,-0.049850028,0.3508772,0.45454545454545453,-0.15016927,0.4375,-0.13545294,0.45,-0.24350129,0.3181818,0.10606060606060606,0.13636363636363635,-0.18124932,0.2567226,-0.36800525
2021_04_CLE_MIN,2021,4,MIN,CLE,-0.24350129,0.3181818,-0.23829828,-0.25465062,0.10606060606060606,0.044444444444444446,66,-0.18124932,0.3181818,0.5925925925925926,0.2567226,0.2857143,-0.36800525,0.3181818,-0.057660397,0.3846154,0.07692307692307693,0.038461538461538464,-0.049850028,-0.15016927,-0.13545294
2021_04_DET_CHI,2021,4,CHI,DET,0.20674717,0.4642857,0.27609688,0.16821954,0.17857142857142858,0.05,56,0.30696145,0.5,0.2,0.378254,0.5,-0.25423843,0.3,-0.003939669,0.49295774,0.09859154929577464,0.09859154929577464,0.062039252,-0.9400928,-0.21351977
2021_04_DET_CHI,2021,4,DET,CHI,-0.003939669,0.49295774,0.14199544,-0.28972927,0.09859154929577464,0.0851063829787234,71,0.062039252,0.4814815,0.3,-0.9400928,0.2631579,-0.21351977,0.5294118,0.20674717,0.4642857,0.17857142857142858,0.07142857142857142,0.30696145,0.378254,-0.25423843
2021_04_HOU_BUF,2021,4,BUF,HOU,0.11665777,0.6,0.08879152,0.1429759,0.14285714285714285,0.029411764705882353,70,0.16831668,0.64285713,0.5,-0.15105277,0.5263158,-0.089977846,0.42857143,-0.836259,0.19148937,0.0425531914893617,0.0851063829787234,-0.7630445,-1.3169742,-1.0498012
2021_04_HOU_BUF,2021,4,HOU,BUF,-0.836259,0.19148937,-1.1075147,-0.35757253,0.0425531914893617,0.1,47,-0.7630445,0.2,0.4,-1.3169742,0.0,-1.0498012,0.16666667,0.11665777,0.6,0.14285714285714285,0.05714285714285714,0.16831668,-0.15105277,-0.089977846
2021_04_IND_MIA,2021,4,IND,MIA,0.14756945,0.4117647,0.301666,-0.025789171,0.1323529411764706,0.05555555555555555,68,-0.02801307,0.3653846,0.5,0.18328454,0.4,0.71821266,0.5625,-0.08185469,0.3846154,0.07692307692307693,0.07692307692307693,-0.029934902,0.14518791,-0.22277978
2021_04_IND_MIA,2021,4,MIA,IND,-0.08185469,0.3846154,0.032524962,-0.39231372,0.07692307692307693,0.07894736842105263,52,-0.029934902,0.36842105,0.5909090909090909,0.14518791,0.44444445,-0.22277978,0.42857143,0.14756945,0.4117647,0.1323529411764706,0.10294117647058823,-0.02801307,0.18328454,0.71821266
2021_04_JAX_CIN,2021,4,CIN,JAX,0.28778437,0.5344828,0.480633,-0.0056809485,0.13793103448275862,0.02857142857142857,58,0.22412814,0.5319149,0.5714285714285714,0.49602193,0.6,0.5597701,0.54545456,0.19907261,0.5535714,0.125,0.017857142857142856,0.2734751,0.11182782,-0.024134848
2021_04_JAX_CIN,2021,4,JAX,CIN,0.19907261,0.5535714,0.30986387,0.08828137,0.125,0.03571428571428571,56,0.2734751,0.54761904,0.42424242424242425,0.11182782,0.5833333,-0.024134848,0.5714286,0.28778437,0.5344828,0.13793103448275862,0.05172413793103448,0.22412814,0.49602193,0.5597701
2021_04_KC_PHI,2021,4,KC,PHI,0.47339892,0.6212121,0.6452282,0.2402021,0.13636363636363635,0.02631578947368421,66,0.3668739,0.5925926,0.6341463414634146,0.8228508,0.6363636,0.95276165,0.75,0.2462842,0.5135135,0.10810810810810811,0.0945945945945946,0.2884945,0.19100492,0.080257066
2021_04_KC_PHI,2021,4,PHI,KC,0.2462842,0.5135135,0.23531264,0.28943902,0.10810810810810811,0.05084745762711865,74,0.2884945,0.5254237,0.7368421052631579,0.19100492,0.4347826,0.080257066,0.46666667,0.47339892,0.6212121,0.13636363636363635,0.06060606060606061,0.3668739,0.8228508,0.95276165
2021_04_LV_LAC,2021,4,LAC,LV,0.058075435,0.45945945,0.060300678,0.0551548,0.0945945945945946,0.047619047619047616,74,0.118616976,0.4827586,0.4827586206896552,0.65271693,0.53846157,-0.16138764,0.375,-0.1786472,0.36842105,0.05263157894736842,0.12280701754385964,-0.04158667,0.5552251,-0.52986485
2021_04_LV_LAC,2021,4,LV,LAC,-0.1786472,0.36842105,-0.13418421,-0.29258364,0.05263157894736842,0.0975609756097561,57,-0.04158667,0.3902439,0.6666666666666666,0.5552251,0.5714286,-0.52986485,0.3125,0.058075435,0.45945945,0.0945945945945946,0.0945945945945946,0.118616976,0.65271693,-0.16138764
2021_04_NYG_NO,2021,4,NO,NYG,0.07750745,0.5147059,0.28974816,-0.062260807,0.04411764705882353,0.0,68,0.076295294,0.509434,0.375,0.7022789,0.7,0.08179044,0.53333336,0.1931899,0.421875,0.140625,0.09375,0.24050051,-0.43637738,-0.108624764
2021_04_NYG_NO,2021,4,NYG,NO,0.1931899,0.421875,0.30231452,-0.08568408,0.140625,0.0,64,0.24050051,0.42307693,0.6,-0.43637738,0.2857143,-0.108624764,0.36363637,0.07750745,0.5147059,0.04411764705882353,0.0,0.076295294,0.7022789,0.08179044
2021_04_PIT_GB,2021,4,GB,PIT,0.039181173,0.4857143,0.12498977,-0.07523033,0.1,0.075,70,-0.006230418,0.46296296,0.6052631578947368,-0.14526537,0.4,0.19244528,0.5625,-0.111555055,0.38333333,0.06666666666666667,0.08333333333333333,0.04567177,0.5066549,-0.6281575
2021_04_PIT_GB,2021,4,PIT,GB,-0.111555055,0.38333333,-0.18962793,0.0859234,0.06666666666666667,0.046511627906976744,60,0.04567177,0.39130434,0.5555555555555556,0.5066549,0.5,-0.6281575,0.35714287,0.039181173,0.4857143,0.1,0.1,-0.006230418,-0.14526537,0.19244528
2021_04_SEA_SF,2021,4,SEA,SF,0.013367506,0.3888889,0.10761137,-0.10443732,0.05555555555555555,0.1,54,0.13172472,0.4047619,0.48484848484848486,1.1345774,0.5,-0.40088272,0.33333334,0.05700028,0.4868421,0.05263157894736842,0.07894736842105263,0.20210026,1.6335636,-0.42308387
2021_04_SEA_SF,2021,4,SF,SEA,0.05700028,0.4868421,0.14873327,-0.11940934,0.05263157894736842,0.04,76,0.20210026,0.51785713,0.5277777777777778,1.6335636,1.0,-0.42308387,0.36842105,0.013367506,0.3888889,0.05555555555555555,0.1111111111111111,0.13172472,1.1345774,-0.40088272
2021_04_TB_NE,2021,4,NE,TB,-0.052071244,0.4827586,0.04891885,-0.6019062,0.05172413793103448,0.08163265306122448,58,0.016407205,0.5,0.75,0.28036413,0.42857143,-0.38076776,0.4,0.09660841,0.43243244,0.0945945945945946,0.04054054054054054,0.05094287,-0.29191384,0.2287981
2021_04_TB_NE,2021,4,TB,NE,0.09660841,0.43243244,0.08159912,0.12431787,0.0945945945945946,0.020833333333333332,74,0.05094287,0.4181818,0.6666666666666666,-0.29191384,0.25,0.2287981,0.47368422,-0.052071244,0.4827586,0.05172413793103448,0.20689655172413793,0.016407205,0.28036413,-0.38076776
2021_04_TEN_NYJ,2021,4,NYJ,TEN,0.07448079,0.45,0.2833538,-0.26153234,0.1,0.02702702702702703,60,0.07682978,0.45652175,0.47058823529411764,0.06193249,0.53846157,0.06676272,0.42857143,0.033303794,0.46,0.09,0.14,0.075047135,-0.42039597,-0.1396315
2021_04_TEN_NYJ,2021,4,TEN,NYJ,0.033303794,0.46,0.046174236,0.011389249,0.09,0.1111111111111111,100,0.075047135,0.46666667,0.5238095238095238,-0.42039597,0.3529412,-0.1396315,0.41666666,0.07448079,0.45,0.1,0.016666666666666666,0.07682978,0.06193249,0.06676272
2021_04_WAS_ATL,2021,4,ATL,WAS,0.18567339,0.45333335,0.40306664,-0.20080347,0.06666666666666667,0.020833333333333332,75,-0.0061320984,0.39285713,0.5652173913043478,0.25916275,0.2857143,0.84532785,0.6666667,0.23956133,0.5,0.12121212121212122,0.06060606060606061,0.25957808,-0.09286096,0.3824534
2021_04_WAS_ATL,2021,4,WAS,ATL,0.23956133,0.5,0.53230286,-0.27273634,0.12121212121212122,0.023809523809523808,66,0.25957808,0.5192308,0.4444444444444444,-0.09286096,0.3,0.3824534,0.54545456,0.18567339,0.45333335,0.06666666666666667,0.09333333333333334,-0.0061320984,0.25916275,0.84532785
2021_05_BUF_KC,2021,5,BUF,KC,0.3284621,0.4814815,0.60216033,-0.06964436,0.12962962962962962,0.0,54,0.37801424,0.4878049,0.5789473684210527,0.38622025,0.375,0.1721823,0.46153846,-0.034674928,0.53488374,0.03488372093023256,0.08139534883720931,-0.056306504,-0.6757499,0.04704432
2021_05_BUF_KC,2021,5,KC,BUF,-0.034674928,0.53488374,0.061226096,-0.45424193,0.03488372093023256,0.02857142857142857,86,-0.056306504,0.5,0.6896551724137931,-0.6757499,0.42857143,0.04704432,0.6666667,0.3284621,0.4814815,0.12962962962962962,0.018518518518518517,0.37801424,0.38622025,0.1721823
2021_05_CHI_LV,2021,5,CHI,LV,0.02107233,0.47619048,0.26309577,-0.13815361,0.031746031746031744,0.08,63,0.03459036,0.46,0.35714285714285715,0.47653517,0.6666667,-0.030920086,0.53846157,-0.18247545,0.3880597,0.04477611940298507,0.05970149253731343,-0.10388731,-0.09100107,-0.36402217
2021_05_CHI_LV,2021,5,LV,CHI,-0.18247545,0.3880597,-0.2181422,-0.10434832,0.04477611940298507,0.06521739130434782,67,-0.10388731,0.40816328,0.5882352941176471,-0.09100107,0.42857143,-0.36402217,0.3529412,0.02107233,0.47619048,0.031746031746031744,0.09523809523809523,0.03459036,0.47653517,-0.030920086
2021_05_CLE_LAC,2021,5,CLE,LAC,0.28696895,0.49295774,0.30666548,0.26553452,0.1267605633802817,0.02702702702702703,71,0.40217674,0.537037,0.42105263157894735,0.022079468,0.47058824,-0.14973423,0.3125,0.36106807,0.45945945,0.10810810810810811,0.12162162162162163,0.057533093,0.5961121,1.2401991
2021_05_CLE_LAC,2021,5,LAC,CLE,0.36106807,0.45945945,0.43343914,0.17841731,0.10810810810810811,0.03773584905660377,74,0.057533093,0.3962264,0.7272727272727273,0.5961121,0.5,1.2401991,0.6315789,0.28696895,0.49295774,0.1267605633802817,0.014084507042253521,0.40217674,0.022079468,-0.14973423
2021_05_DEN_PIT,2021,5,DEN,PIT,0.105739325,0.48333332,0.15380982,-0.01585073,0.1,0.046511627906976744,60,0.023281932,0.4883721,0.3,-0.5355892,0.30769232,0.39313978,0.5,0.14517005,0.453125,0.109375,0.03125,-0.091491625,0.61041,1.073612
2021_05_DEN_PIT,2021,5,PIT,DEN,0.14517005,0.453125,0.44813994,-0.09047324,0.109375,0.03571428571428571,64,-0.091491625,0.4117647,0.2962962962962963,0.61041,0.375,1.073612,0.61538464,0.105739325,0.48333332,0.1,0.08333333333333333,0.023281932,-0.5355892,0.39313978
2021_05_DET_MIN,2021,5,DET,MIN,-0.17706884,0.38235295,-0.29790926,0.04447186,0.07352941176470588,0.09090909090909091,68,-0.103858635,0.3962264,0.42424242424242425,0.83979225,0.75,-0.54208386,0.2857143,-0.12673262,0.36363637,0.07575757575757576,0.030303030303030304,-0.117202945,0.27892974,-0.16212855
2021_05_DET_MIN,2021,5,MIN,DET,-0.12673262,0.36363637,0.10210189,-0.41869387,0.07575757575757576,0.05405405405405406,66,-0.117202945,0.3653846,0.4857142857142857,0.27892974,0.33333334,-0.16212855,0.35714287,-0.17706884,0.38235295,0.07352941176470588,0.10294117647058823,-0.103858635,0.83979225,-0.54208386
2021_05_GB_CIN,2021,5,CIN,GB,-0.014179972,0.47761193,0.006078495,-0.052935306,0.08955223880597014,0.06818181818181818,67,-0.012845601,0.48979592,0.7037037037037037,0.89464873,0.8333333,-0.080801405,0.4117647,0.15255138,0.46031746,0.1746031746031746,0.07936507936507936,0.11975227,-0.18440396,0.29194757
2021_05_GB_CIN,2021,5,GB,CIN,0.15255138,0.46031746,0.21718442,0.040146105,0.1746031746031746,0.05,63,0.11975227,0.4509804,0.6216216216216216,-0.18440396,0.25,0.29194757,0.5,-0.014179972,0.47761193,0.08955223880597014,0.1044776119402985,-0.012845601,0.89464873,-0.080801405
2021_05_IND_BAL,2021,5,BAL,IND,0.29063082,0.6164383,0.674253,-0.79966384,0.0684931506849315,0.037037037037037035,73,0.33995846,0.6451613,0.55,0.10098902,0.6,-0.1275469,0.375,0.2977307,0.49275362,0.17391304347826086,0.10144927536231885,0.23674938,-0.9250646,0.7268822
2021_05_IND_BAL,2021,5,IND,BAL,0.2977307,0.49275362,0.384537,0.14495164,0.17391304347826086,0.045454545454545456,69,0.23674938,0.49122807,0.6774193548387096,-0.9250646,0.22222222,0.7268822,0.54545456,0.29063082,0.6164383,0.0684931506849315,0.0547945205479452,0.33995846,0.10098902,-0.1275469
2021_05_LA_SEA,2021,5,LA,SEA,0.21501252,0.5151515,0.36988497,0.004828521,0.16666666666666666,0.02631578947368421,66,0.24809463,0.54545456,0.65,-0.162015,0.6,0.049602125,0.36363637,-0.003874117,0.44615385,0.1076923076923077,0.07692307692307693,0.15524094,-0.09665376,-0.7849844
2021_05_LA_SEA,2021,5,SEA,LA,-0.003874117,0.44615385,0.17887625,-0.361068,0.1076923076923077,0.046511627906976744,65,0.15524094,0.4814815,0.6451612903225806,-0.09665376,0.2,-0.7849844,0.27272728,0.21501252,0.5151515,0.16666666666666666,0.045454545454545456,0.24809463,-0.162015,0.049602125
2021_05_MIA_TB,2021,5,MIA,TB,0.04335959,0.4814815,0.059076395,-0.035224445,0.12962962962962962,0.06666666666666667,54,0.09951758,0.5,0.7727272727272727,0.019070545,0.5,-0.27954882,0.375,0.5484101,0.62857145,0.11428571428571428,0.08571428571428572,0.34624755,0.32890615,1.6327362
2021_05_MIA_TB,2021,5,TB,MIA,0.5484101,0.62857145,0.7435453,0.093094505,0.11428571428571428,0.04081632653061224,70,0.34624755,0.59322035,0.6666666666666666,0.32890615,0.375,1.6327362,0.8181818,0.04335959,0.4814815,0.12962962962962962,0.12962962962962962,0.09951758,0.019070545,-0.27954882
2021_05_NE_HOU,2021,5,HOU,NE,0.19834024,0.40677965,0.5360268,-0.2941193,0.0847457627118644,0.08571428571428572,59,-0.16097015,0.275,0.39285714285714285,-0.044347465,0.42857143,0.9547831,0.68421054,0.0433727,0.4920635,0.1111111111111111,0.06349206349206349,-0.13404885,-0.2873785,0.79741436
2021_05_NE_HOU,2021,5,NE,HOU,0.0433727,0.4920635,0.3755367,-0.29950628,0.1111111111111111,0.03125,63,-0.13404885,0.4509804,0.3125,-0.2873785,0.44444445,0.79741436,0.6666667,0.19834024,0.40677965,0.0847457627118644,0.0847457627118644,-0.16097015,-0.044347465,0.9547831
2021_05_NO_WAS,2021,5,NO,WAS,0.15142132,0.4,0.27054358,-0.05704263,0.10909090909090909,0.05714285714285714,55,-0.016333023,0.36363637,0.7096774193548387,1.3903279,0.5,0.82243866,0.54545456,-0.12922235,0.45783132,0.07228915662650602,0.0963855421686747,-0.0016962063,-0.39265838,-0.5090313
2021_05_NO_WAS,2021,5,WAS,NO,-0.12922235,0.45783132,-0.16318552,-0.06922076,0.07228915662650602,0.03773584905660377,83,-0.0016962063,0.4920635,0.5,-0.39265838,0.4117647,-0.5090313,0.36842105,0.15142132,0.4,0.10909090909090909,0.16363636363636364,-0.016333023,1.3903279,0.82243866
2021_05_NYG_DAL,2021,5,DAL,NYG,0.19876571,0.4871795,0.38431725,0.013214183,0.16666666666666666,0.05128205128205128,78,-0.01680969,0.41666666,0.5,-0.27377895,0.3125,0.9173505,0.7222222,-0.11250137,0.40298507,0.07462686567164178,0.1044776119402985,-0.20643719,-0.11679094,0.1637805
2021_05_NYG_DAL,2021,5,NYG,DAL,-0.11250137,0.40298507,-0.0315447,-0.26737496,0.07462686567164178,0.0,67,-0.20643719,0.4,0.4090909090909091,-0.11679094,0.35714287,0.1637805,0.4117647,0.19876571,0.4871795,0.16666666666666666,0.05128205128205128,-0.01680969,-0.27377895,0.9173505
2021_05_NYJ_ATL,2021,5,ATL,NYJ,0.22098853,0.5064935,0.37039754,-0.040477164,0.07792207792207792,0.0,77,-0.0029755135,0.43333334,0.5789473684210527,0.5172024,0.54545456,1.0114499,0.7647059,0.04119202,0.48214287,0.05357142857142857,0.08928571428571429,-0.06767606,-0.020546492,0.38468182
2021_05_NYJ_ATL,2021,5,NYJ,ATL,0.04119202,0.48214287,-0.026656726,0.19684504,0.05357142857142857,0.05128205128205128,56,-0.06767606,0.4318182,0.5,-0.020546492,0.3846154,0.38468182,0.6363636,0.22098853,0.5064935,0.07792207792207792,0.11688311688311688,-0.0029755135,0.5172024,1.0114499
2021_05_PHI_CAR,2021,5,CAR,PHI,-0.3018454,0.3943662,-0.4056419,-0.14244361,0.056338028169014086,0.06976744186046512,71,-0.26307264,0.4107143,0.46153846153846156,0.03563589,0.25,-0.446597,0.33333334,-0.24523033,0.35384616,0.07692307692307693,0.06153846153846154,-0.1234833,0.104763575,-0.6916108
2021_05_PHI_CAR,2021,5,PHI,CAR,-0.24523033,0.35384616,-0.37037075,0.05774119,0.07692307692307693,0.043478260869565216,65,-0.1234833,0.39583334,0.75,0.104763575,0.36363637,-0.6916108,0.1875,-0.3018454,0.3943662,0.056338028169014086,0.11267605633802817,-0.26307264,0.03563589,-0.446597
2021_05_SF_ARI,2021,5,ARI,SF,-0.002399629,0.46551725,0.013434168,-0.024830813,0.10344827586206896,0.058823529411764705,58,-0.019885475,0.4489796,0.52,0.09260823,0.5714286,0.092801146,0.5555556,-0.1981895,0.36923078,0.09230769230769231,0.1076923076923077,-0.012052376,-0.33081517,-0.7237531
2021_05_SF_ARI,2021,5,SF,ARI,-0.1981895,0.36923078,-0.078129195,-0.36716324,0.09230769230769231,0.05263157894736842,65,-0.012052376,0.39583334,0.5,-0.33081517,0.42857143,-0.7237531,0.29411766,-0.002399629,0.46551725,0.10344827586206896,0.05172413793103448,-0.019885475,0.09260823,0.092801146
2021_05_TEN_JAX,2021,5,JAX,TEN,-0.043081585,0.5492958,-0.15838791,0.133996,0.09859154929577464,0.046511627906976744,71,0.20071013,0.58928573,0.391304347826087,-0.14083569,0.47619048,-0.95368284,0.42857143,0.25225276,0.484375,0.15625,0.109375,0.14039654,0.5725659,0.6910733
2021_05_TEN_JAX,2021,5,TEN,JAX,0.25225276,0.484375,0.42807248,0.12395189,0.15625,0.1111111111111111,64,0.14039654,0.4509804,0.4074074074074074,0.5725659,0.44444445,0.6910733,0.61538464,-0.043081585,0.5492958,0.09859154929577464,0.07042253521126761,0.20071013,-0.14083569,-0.95368284
2021_06_ARI_CLE,2021,6,ARI,CLE,0.26418442,0.45833334,0.54293174,-0.030491332,0.08333333333333333,0.05405405405405406,72,0.003134222,0.39285713,0.47368421052631576,0.004825561,0.47826087,1.1778601,0.6875,-0.30241972,0.3220339,0.11864406779661017,0.1016949152542373,-0.0497849,-0.7050385,-1.043482
2021_06_ARI_CLE,2021,6,CLE,ARI,-0.30241972,0.3220339,-0.32235196,-0.26045713,0.11864406779661017,0.125,59,-0.0497849,0.36363637,0.6,-0.7050385,0.09090909,-1.043482,0.2,0.26418442,0.45833334,0.08333333333333333,0.041666666666666664,0.003134222,0.004825561,1.1778601
2021_06_BUF_TEN,2021,6,BUF,TEN,0.16401933,0.48051947,0.3281246,-0.3036807,0.06493506493506493,0.05263157894736842,77,0.070010036,0.45901638,0.6470588235294118,-0.1311377,0.35,0.48705834,0.53333336,0.22273788,0.46153846,0.11538461538461539,0.057692307692307696,0.19011907,0.8129872,0.34431717
2021_06_BUF_TEN,2021,6,TEN,BUF,0.22273788,0.46153846,0.19304812,0.26656565,0.11538461538461539,0.0,52,0.19011907,0.46341464,0.4642857142857143,0.8129872,0.71428573,0.34431717,0.45454547,0.16401933,0.48051947,0.06493506493506493,0.1038961038961039,0.070010036,-0.1311377,0.48705834
2021_06_CIN_DET,2021,6,CIN,DET,0.21572904,0.44927537,0.38689926,-0.034913033,0.10144927536231885,0.04878048780487805,69,0.04104125,0.3877551,0.6521739130434783,0.3856095,0.5,0.6437142,0.6,-0.17584579,0.3548387,0.016129032258064516,0.08064516129032258,-0.18744844,0.3048687,-0.22001624
2021_06_CIN_DET,2021,6,DET,CIN,-0.17584579,0.3548387,-0.18160926,-0.16058955,0.016129032258064516,0.022222222222222223,62,-0.18744844,0.33333334,0.5238095238095238,0.3048687,0.375,-0.22001624,0.375,0.21572904,0.44927537,0.10144927536231885,0.07246376811594203,0.04104125,0.3856095,0.6437142
2021_06_DAL_NE,2021,6,DAL,NE,0.10835187,0.47191012,0.37419972,-0.3651896,0.10112359550561797,0.0,89,0.28357068,0.47887325,0.6122448979591837,-0.58343065,0.2631579,-0.56136477,0.47058824,-0.018724075,0.49019608,0.13725490196078433,0.09803921568627451,0.033758312,0.8035786,-0.42822218
2021_06_DAL_NE,2021,6,NE,DAL,-0.018724075,0.49019608,-0.13738519,0.10468346,0.13725490196078433,0.07692307692307693,51,0.033758312,0.5,0.5,0.8035786,0.8888889,-0.42822218,0.375,0.10835187,0.47191012,0.10112359550561797,0.0449438202247191,0.28357068,-0.58343065,-0.56136477
2021_06_GB_CHI,2021,6,CHI,GB,0.024008743,0.44262296,-0.024396524,0.10981807,0.09836065573770492,0.10256410256410256,61,0.12409067,0.45833334,0.5,0.39196372,0.6666667,-0.3455245,0.3846154,0.2454784,0.54545456,0.07272727272727272,0.07272727272727272,0.30202472,0.4027547,-0.0089801075
2021_06_GB_CHI,2021,6,GB,CHI,0.2454784,0.54545456,0.32631463,0.14847492,0.07272727272727272,0.1,55,0.30202472,0.53333336,0.43333333333333335,0.4027547,0.6,-0.0089801075,0.6,0.024008743,0.44262296,0.09836065573770492,0.08196721311475409,0.12409067,0.39196372,-0.3455245
2021_06_HOU_IND,2021,6,HOU,IND,-0.22704762,0.4,-0.21356437,-0.24968025,0.05333333333333334,0.0425531914893617,75,-0.30757138,0.35714287,0.5714285714285714,-0.67087585,0.33333334,0.01028549,0.5263158,0.28282315,0.40425533,0.1702127659574468,0.10638297872340426,0.25187796,0.7296362,0.3840984
2021_06_HOU_IND,2021,6,IND,HOU,0.28282315,0.40425533,0.2626237,0.30218098,0.1702127659574468,0.08695652173913043,47,0.25187796,0.3611111,0.5909090909090909,0.7296362,0.5,0.3840984,0.54545456,-0.22704762,0.4,0.05333333333333334,0.06666666666666667,-0.30757138,-0.67087585,0.01028549
2021_06_KC_WAS,2021,6,KC,WAS,0.12148888,0.5121951,0.2799949,-0.2399049,0.08536585365853659,0.05263157894736842,82,-0.0506713,0.45901638,0.6956521739130435,-0.3420645,0.53333336,0.62157315,0.6666667,-0.17341106,0.3898305,0.05084745762711865,0.11864406779661017,-0.17869441,-2.1708474,-0.15642895
2021_06_KC_WAS,2021,6,WAS,KC,-0.17341106,0.3898305,-0.15465173,-0.21290442,0.05084745762711865,0.0,59,-0.17869441,0.37777779,0.6486486486486487,-2.1708474,0.0,-0.15642895,0.42857143,0.12148888,0.5121951,0.08536585365853659,0.12195121951219512,-0.0506713,-0.3420645,0.62157315
2021_06_LAC_BAL,2021,6,BAL,LAC,0.042134326,0.5522388,-0.079963095,0.16064064,0.1044776119402985,0.09090909090909091,67,0.052477244,0.5535714,0.5,0.5777767,0.6666667,-0.010520589,0.54545456,-0.33120492,0.3392857,0.03571428571428571,0.07142857142857142,-0.15594625,-0.098783284,-0.7011955
2021_06_LAC_BAL,2021,6,LAC,BAL,-0.33120492,0.3392857,-0.32707626,-0.34809494,0.03571428571428571,0.044444444444444446,56,-0.15594625,0.34210527,0.6666666666666666,-0.098783284,0.5,-0.7011955,0.33333334,0.042134326,0.5522388,0.1044776119402985,0.11940298507462686,0.052477244,0.5777767,-0.010520589
2021_06_LA_NYG,2021,6,LA,NYG,0.16316028,0.4848485,0.43150952,-0.13981469,0.09090909090909091,0.05714285714285714,66,0.34541416,0.53846157,0.6875,0.54504216,0.61538464,-0.5137827,0.2857143,-0.2566459,0.38666666,0.013333333333333334,0.08,-0.32639223,0.09860549,-0.123677306
2021_06_LA_NYG,2021,6,NYG,LA,-0.2566459,0.38666666,-0.21879409,-0.38578725,0.013333333333333334,0.06896551724137931,75,-0.32639223,0.36363637,0.6666666666666666,0.09860549,0.36363637,-0.123677306,0.42105263,0.16316028,0.4848485,0.09090909090909091,0.045454545454545456,0.34541416,0.54504216,-0.5137827
2021_06_LV_DEN,2021,6,DEN,LV,-0.0023814116,0.45679012,0.0099657085,-0.03549415,0.07407407407407407,0.0847457627118644,81,0.03915089,0.47619048,0.5416666666666666,0.28924367,0.5555556,-0.14774448,0.3888889,0.28341898,0.46296296,0.14814814814814814,0.09259259259259259,0.22685301,0.34098837,0.50454056
2021_06_LV_DEN,2021,6,LV,DEN,0.28341898,0.46296296,0.57213116,-0.07747119,0.14814814814814814,0.06666666666666667,54,0.22685301,0.4883721,0.6153846153846154,0.34098837,0.5,0.50454056,0.36363637,-0.0023814116,0.45679012,0.07407407407407407,0.16049382716049382,0.03915089,0.28924367,-0.14774448
2021_06_MIA_JAX,2021,6,JAX,MIA,0.056017894,0.44615385,0.21291372,-0.3238352,0.1076923076923077,0.043478260869565216,65,0.131446,0.48,0.5,-0.80163175,0.4,-0.19540916,0.33333334,0.10079156,0.46376812,0.11594202898550725,0.043478260869565216,-0.0043198382,-0.083005205,0.3774005
2021_06_MIA_JAX,2021,6,MIA,JAX,0.10079156,0.46376812,0.24490187,-0.30752096,0.11594202898550725,0.0,69,-0.0043198382,0.44,0.6857142857142857,-0.083005205,0.27272728,0.3774005,0.5263158,0.056017894,0.44615385,0.1076923076923077,0.1076923076923077,0.131446,-0.80163175,-0.19540916
2021_06_MIN_CAR,2021,6,CAR,MIN,-0.18000281,0.41095892,-0.23470628,-0.02452977,0.0547945205479452,0.07407407407407407,73,-0.30525845,0.4181818,0.5405405405405406,0.32954022,0.5714286,0.15270649,0.3529412,0.065892786,0.42045453,0.14772727272727273,0.03409090909090909,0.08028991,-0.103222355,0.12951699
2021_06_MIN_CAR,2021,6,MIN,CAR,0.065892786,0.42045453,0.16633366,-0.06626626,0.14772727272727273,0.0,88,0.08028991,0.42857143,0.5,-0.103222355,0.3529412,0.12951699,0.4375,-0.18000281,0.41095892,0.0547945205479452,0.0547945205479452,-0.30525845,0.32954022,0.15270649
2021_06_SEA_PIT,2021,6,PIT,SEA,-0.045109976,0.4054054,-0.099557795,0.039378017,0.06756756756756757,0.022222222222222223,74,-0.08536266,0.40677965,0.5641025641025641,0.18839784,0.5,0.11321725,0.4,-0.06658612,0.46031746,0.12698412698412698,0.1111111111111111,0.04369329,0.05852241,-0.5352736
2021_06_SEA_PIT,2021,6,SEA,PIT,-0.06658612,0.46031746,-0.23407099,0.15672705,0.12698412698412698,0.1388888888888889,63,0.04369329,0.50980395,0.6,0.05852241,0.44444445,-0.5352736,0.25,-0.045109976,0.4054054,0.06756756756756757,0.02702702702702703,-0.08536266,0.18839784,0.11321725
2021_06_TB_PHI,2021,6,PHI,TB,0.113395326,0.42307693,0.089072965,0.17941315,0.11538461538461539,0.05263157894736842,52,0.089888684,0.425,0.7857142857142857,0.57915926,0.6666667,0.11345536,0.36363637,0.25253385,0.5416667,0.05555555555555555,0.041666666666666664,0.22897945,0.43144226,0.35943466
2021_06_TB_PHI,2021,6,TB,PHI,0.25253385,0.5416667,0.3272258,0.14178376,0.05555555555555555,0.0,72,0.22897945,0.5423729,0.5806451612903226,0.43144226,0.6875,0.35943466,0.53846157,0.113395326,0.42307693,0.11538461538461539,0.09615384615384616,0.089888684,0.57915926,0.11345536
2021_07_ATL_MIA,2021,7,ATL,MIA,0.11623988,0.44262296,0.18541625,-0.036676288,0.13114754098360656,0.023809523809523808,61,0.14850935,0.40816328,0.75,0.23878765,0.44444445,-0.0155271515,0.5833333,0.071997285,0.5205479,0.0410958904109589,0.0410958904109589,-0.043261003,0.15717757,0.6578936
2021_07_ATL_MIA,2021,7,MIA,ATL,0.071997285,0.5205479,0.1667233,-0.08938779,0.0410958904109589,0.021739130434782608,73,-0.043261003,0.5081967,0.5666666666666667,0.15717757,0.47058824,0.6578936,0.5833333,0.11623988,0.44262296,0.13114754098360656,0.09836065573770492,0.14850935,0.23878765,-0.0155271515
2021_07_CAR_NYG,2021,7,CAR,NYG,-0.37545648,0.34375,-0.47523406,-0.076123655,0.03125,0.125,64,-0.22709179,0.4,0.5161290322580645,-0.9759388,0.0,-0.7268465,0.21052632,-0.1205055,0.3768116,0.057971014492753624,0.07246376811594203,-0.045236167,-0.010066163,-0.33376864
2021_07_CAR_NYG,2021,7,NYG,CAR,-0.1205055,0.3768116,-0.058538243,-0.21124327,0.057971014492753624,0.04878048780487805,69,-0.045236167,0.39215687,0.6216216216216216,-0.010066163,0.36363637,-0.33376864,0.33333334,-0.37545648,0.34375,0.03125,0.15625,-0.22709179,-0.9759388,-0.7268465
2021_07_CHI_TB,2021,7,CHI,TB,-0.45218617,0.4090909,-0.6483983,-0.059762087,0.09090909090909091,0.09090909090909091,66,-0.15348394,0.4716981,0.5714285714285714,-0.50905275,0.33333334,-1.6699722,0.15384616,0.14419365,0.49315068,0.1506849315068493,0.0136986301369863,0.21621294,0.01902965,-0.134281
2021_07_CHI_TB,2021,7,TB,CHI,0.14419365,0.49315068,0.24860777,0.010413047,0.1506849315068493,0.0,73,0.21621294,0.51724136,0.6,0.01902965,0.36,-0.134281,0.4,-0.45218617,0.4090909,0.09090909090909091,0.09090909090909091,-0.15348394,-0.50905275,-1.6699722
2021_07_CIN_BAL,2021,7,BAL,CIN,-0.1533626,0.34246576,-0.22642583,0.06988616,0.1232876712328767,0.09090909090909091,73,-0.042194262,0.3653846,0.625,0.7120355,0.5,-0.42863655,0.2857143,0.30219376,0.43548387,0.1774193548387097,0.0967741935483871,0.3515213,-1.3242157,0.14763409
2021_07_CIN_BAL,2021,7,CIN,BAL,0.30219376,0.43548387,0.5182729,-0.039931547,0.1774193548387097,0.02631578947368421,62,0.3515213,0.4680851,0.6896551724137931,-1.3242157,0.0,0.14763409,0.33333334,-0.1533626,0.34246576,0.1232876712328767,0.0821917808219178,-0.042194262,0.7120355,-0.42863655
2021_07_DEN_CLE,2021,7,CLE,DEN,0.1745549,0.55714285,0.19495425,0.15295559,0.1,0.027777777777777776,70,0.13247335,0.5471698,0.48,0.2957598,0.6666667,0.30575034,0.5882353,0.10296722,0.46,0.02,0.1,0.048083454,0.4100174,0.27676573
2021_07_DEN_CLE,2021,7,DEN,CLE,0.10296722,0.46,0.16859822,-0.06579823,0.02,0.05555555555555555,50,0.048083454,0.42105263,0.0,0.4100174,0.41666666,0.27676573,0.5833333,0.1745549,0.55714285,0.1,0.07142857142857142,0.13247335,0.2957598,0.30575034
2021_07_DET_LA,2021,7,DET,LA,0.026448049,0.44927537,0.0612904,-0.01884696,0.13043478260869565,0.05128205128205128,69,-0.13557528,0.4117647,0.5135135135135135,-1.5223621,0.1,0.48551416,0.5555556,0.2335847,0.47619048,0.09523809523809523,0.015873015873015872,-0.010830178,0.4617389,0.88506407
2021_07_DET_LA,2021,7,LA,DET,0.2335847,0.47619048,0.41649646,-0.26135296,0.09523809523809523,0.021739130434782608,63,-0.010830178,0.36956522,0.75,0.4617389,0.5714286,0.88506407,0.75,0.026448049,0.44927537,0.13043478260869565,0.057971014492753624,-0.13557528,-1.5223621,0.48551416
2021_07_HOU_ARI,2021,7,ARI,HOU,0.12841533,0.49275362,0.3696211,-0.11988473,0.11594202898550725,0.11428571428571428,69,-0.079663575,0.44642857,0.4782608695652174,0.41289362,0.5555556,1.0247552,0.6923077,-0.5260124,0.26785713,0.03571428571428571,0.08928571428571429,-0.36615804,,-0.8927371
2021_07_HOU_ARI,2021,7,HOU,ARI,-0.5260124,0.26785713,-0.51074475,-0.56103826,0.03571428571428571,0.05128205128205128,56,-0.36615804,0.25641027,0.5294117647058824,,,-0.8927371,0.29411766,0.12841533,0.49275362,0.11594202898550725,0.057971014492753624,-0.079663575,0.41289362,1.0247552
2021_07_IND_SF,2021,7,IND,SF,0.0054774494,0.3382353,0.17927718,-0.1788556,0.07352941176470588,0.02857142857142857,68,-0.25183153,0.3,0.42424242424242425,-0.22118542,0.42857143,0.81829673,0.47058824,-0.2976387,0.3272727,0.12727272727272726,0.09090909090909091,0.057572905,0.081948124,-1.7956337
2021_07_IND_SF,2021,7,SF,IND,-0.2976387,0.3272727,-0.47340506,-0.053094212,0.12727272727272726,0.0625,55,0.057572905,0.38636363,0.38235294117647056,0.081948124,0.33333334,-1.7956337,0.1,0.0054774494,0.3382353,0.07352941176470588,0.04411764705882353,-0.25183153,-0.22118542,0.81829673
2021_07_KC_TEN,2021,7,KC,TEN,-0.12388589,0.47887325,-0.1213209,-0.14733733,0.07042253521126761,0.0625,71,-0.119775765,0.49122807,0.6666666666666666,-1.4835745,0.0,-0.14061998,0.42857143,0.19745898,0.530303,0.09090909090909091,0.06060606060606061,0.19796672,-0.37115225,0.19557302
2021_07_KC_TEN,2021,7,TEN,KC,0.19745898,0.530303,0.6181014,-0.22318342,0.09090909090909091,0.030303030303030304,66,0.19796672,0.5192308,0.4666666666666667,-0.37115225,0.33333334,0.19557302,0.5714286,-0.12388589,0.47887325,0.07042253521126761,0.1267605633802817,-0.119775765,-1.4835745,-0.14061998
2021_07_NO_SEA,2021,7,NO,SEA,-0.11359581,0.3888889,-0.038699165,-0.23842356,0.041666666666666664,0.044444444444444446,72,-0.059396844,0.4,0.5609756097560976,-0.101958916,0.375,-0.28894544,0.3529412,-0.124350384,0.34545454,0.07272727272727272,0.14545454545454545,0.049693935,,-0.6866474
2021_07_NO_SEA,2021,7,SEA,NO,-0.124350384,0.34545454,-0.12098999,-0.12809852,0.07272727272727272,0.1724137931034483,55,0.049693935,0.35714287,0.4375,,,-0.6866474,0.30769232,-0.11359581,0.3888889,0.041666666666666664,0.027777777777777776,-0.059396844,-0.101958916,-0.28894544
2021_07_NYJ_NE,2021,7,NE,NYJ,0.48061642,0.53424656,0.62823623,0.22911604,0.2191780821917808,0.021739130434782608,73,0.34805003,0.5,0.45454545454545453,0.6290644,0.64285713,1.0924615,0.6923077,-0.072406635,0.46969697,0.06060606060606061,0.09090909090909091,-0.07620772,0.3694041,-0.0061036646
2021_07_NYJ_NE,2021,7,NYJ,NE,-0.072406635,0.46969697,0.022589374,-0.3073967,0.06060606060606061,0.0425531914893617,66,-0.07620772,0.46938777,0.0,0.3694041,0.33333334,-0.0061036646,0.5,0.48061642,0.53424656,0.2191780821917808,0.0547945205479452,0.34805003,0.6290644,1.0924615
2021_07_PHI_LV,2021,7,LV,PHI,0.19800232,0.5538462,0.42040527,-0.09588729,0.1076923076923077,0.0,65,0.2605518,0.5740741,0.65625,0.008121644,0.42857143,-0.109058745,0.45454547,0.0285278,0.5147059,0.08823529411764706,0.10294117647058823,0.07834793,0.040637452,-0.19430338
2021_07_PHI_LV,2021,7,PHI,LV,0.0285278,0.5147059,0.18505968,-0.20916875,0.08823529411764706,0.04878048780487805,68,0.07834793,0.50980395,0.42857142857142855,0.040637452,0.5833333,-0.19430338,0.5,0.19800232,0.5538462,0.1076923076923077,0.03076923076923077,0.2605518,0.008121644,-0.109058745
2021_07_WAS_GB,2021,7,GB,WAS,0.08129043,0.42857143,0.329773,-0.6641573,0.07142857142857142,0.07142857142857142,56,-0.13263178,0.4047619,0.75,0.28013492,0.30769232,0.72305715,0.5,-0.07818999,0.51428574,0.07142857142857142,0.1,0.1667222,-1.051324,-0.90476865
2021_07_WAS_GB,2021,7,WAS,GB,-0.07818999,0.51428574,-0.09670463,-0.04035573,0.07142857142857142,0.0851063829787234,70,0.1667222,0.5555556,0.5294117647058824,-1.051324,0.29411766,-0.90476865,0.375,0.08129043,0.42857143,0.07142857142857142,0.10714285714285714,-0.13263178,0.28013492,0.72305715
2021_08_CAR_ATL,2021,8,ATL,CAR,-0.14356467,0.41509435,-0.14882453,-0.1341523,0.03773584905660377,0.08823529411764706,53,-0.16459012,0.41463414,0.43333333333333335,2.445814,1.0,-0.07172773,0.41666666,0.036646005,0.49315068,0.0410958904109589,0.0410958904109589,-0.067860834,-0.1305139,0.35597247
2021_08_CAR_ATL,2021,8,CAR,ATL,0.036646005,0.49315068,0.2238223,-0.0867202,0.0410958904109589,0.0,73,-0.067860834,0.45454547,0.41025641025641024,-0.1305139,0.36363637,0.35597247,0.6111111,-0.14356467,0.41509435,0.03773584905660377,0.1320754716981132,-0.16459012,2.445814,-0.07172773
2021_08_CIN_NYJ,2021,8,CIN,NYJ,0.02732713,0.4814815,0.08074351,-0.11155538,0.09259259259259259,0.07692307692307693,54,0.06751809,0.5116279,0.6551724137931034,-0.18057184,0.33333334,-0.12978293,0.36363637,0.084460355,0.5802469,0.06172839506172839,0.06172839506172839,0.058051564,0.3065998,0.2534347
2021_08_CIN_NYJ,2021,8,NYJ,CIN,0.084460355,0.5802469,0.11032476,0.023032367,0.06172839506172839,0.03508771929824561,81,0.058051564,0.5882353,0.7045454545454546,0.3065998,0.4375,0.2534347,0.54545456,0.02732713,0.4814815,0.09259259259259259,0.09259259259259259,0.06751809,-0.18057184,-0.12978293
2021_08_DAL_MIN,2021,8,DAL,MIN,0.022391692,0.41095892,0.08515022,-0.11403994,0.0684931506849315,0.06,73,-0.10622946,0.3898305,0.5609756097560976,-0.093728065,0.42857143,0.5644379,0.5,-0.17464247,0.33846155,0.07692307692307693,0.13846153846153847,-0.109780475,-0.025521372,-0.3732823
2021_08_DAL_MIN,2021,8,MIN,DAL,-0.17464247,0.33846155,-0.17375463,-0.17637776,0.07692307692307693,0.023255813953488372,65,-0.109780475,0.3877551,0.5882352941176471,-0.025521372,0.2857143,-0.3732823,0.1875,0.022391692,0.41095892,0.0684931506849315,0.0821917808219178,-0.10622946,-0.093728065,0.5644379
2021_08_GB_ARI,2021,8,ARI,GB,0.06941032,0.5254237,0.08954424,0.030149177,0.1016949152542373,0.05128205128205128,59,0.033069335,0.5319149,0.47058823529411764,0.110027835,0.7,0.2117458,0.5,0.08826177,0.4722222,0.06944444444444445,0.05555555555555555,0.116996676,0.017638268,0.002057049
2021_08_GB_ARI,2021,8,GB,ARI,0.08826177,0.4722222,0.057120394,0.12718849,0.06944444444444445,0.025,72,0.116996676,0.46296296,0.4772727272727273,0.017638268,0.4347826,0.002057049,0.5,0.06941032,0.5254237,0.1016949152542373,0.05084745762711865,0.033069335,0.110027835,0.2117458
2021_08_JAX_SEA,2021,8,JAX,SEA,-0.138166,0.44,-0.11413372,-0.22015847,0.013333333333333334,0.017241379310344827,75,-0.01607148,0.47272727,0.6153846153846154,0.6375786,0.6,-0.47392592,0.35,0.06670205,0.5,0.07142857142857142,0.05357142857142857,0.03981262,0.13319455,0.155644
2021_08_JAX_SEA,2021,8,SEA,JAX,0.06670205,0.5,0.26893637,-0.20294367,0.07142857142857142,0.09375,56,0.03981262,0.4883721,0.5,0.13319455,0.5,0.155644,0.53846157,-0.138166,0.44,0.013333333333333334,0.09333333333333334,-0.01607148,0.6375786,-0.47392592
2021_08_LA_HOU,2021,8,HOU,LA,-0.12958914,0.4262295,-0.17064983,-0.014105953,0.09836065573770492,0.1111111111111111,61,0.046419512,0.4375,0.2857142857142857,0.67582756,0.75,-0.9321728,0.33333334,0.26254642,0.52238804,0.14925373134328357,0.029850746268656716,0.3624868,0.10742215,-0.15259053
2021_08_LA_HOU,2021,8,LA,HOU,0.26254642,0.52238804,0.46313715,0.029602343,0.14925373134328357,0.027777777777777776,67,0.3624868,0.537037,0.625,0.10742215,0.52,-0.15259053,0.46153846,-0.12958914,0.4262295,0.09836065573770492,0.09836065573770492,0.046419512,0.67582756,-0.9321728
2021_08_MIA_BUF,2021,8,BUF,MIA,0.052324694,0.44444445,0.24623021,-0.38836974,0.06944444444444445,0.0,72,-0.0074923015,0.42857143,0.7027027027027027,0.37962192,0.46153846,0.3422631,0.53333336,-0.08591476,0.4057971,0.057971014492753624,0.10144927536231885,-0.10551413,-0.48658317,-0.0941116
2021_08_MIA_BUF,2021,8,MIA,BUF,-0.08591476,0.4057971,0.003937585,-0.2912915,0.057971014492753624,0.041666666666666664,69,-0.10551413,0.4117647,0.5555555555555556,-0.48658317,0.5,-0.0941116,0.3529412,0.052324694,0.44444445,0.06944444444444445,0.06944444444444445,-0.0074923015,0.37962192,0.3422631
2021_08_NE_LAC,2021,8,LAC,NE,-0.057664517,0.3559322,-0.21669349,0.27713338,0.06779661016949153,0.075,59,0.024089891,0.3478261,0.5172413793103449,0.42760527,0.375,-0.34694928,0.3846154,-0.042403303,0.46052632,0.05263157894736842,0.05263157894736842,0.0060253274,-0.34459296,-0.23035221
2021_08_NE_LAC,2021,8,NE,LAC,-0.042403303,0.46052632,-0.0021515626,-0.084830835,0.05263157894736842,0.02564102564102564,76,0.0060253274,0.43636364,0.4772727272727273,-0.34459296,0.47368422,-0.23035221,0.5,-0.057664517,0.3559322,0.06779661016949153,0.11864406779661017,0.024089891,0.42760527,-0.34694928
2021_08_NYG_KC,2021,8,KC,NYG,-0.006232064,0.4875,-0.027660599,0.04091072,0.0375,0.03636363636363636,80,0.0067602308,0.49253732,0.6170212765957447,-0.28810832,0.3888889,-0.07319233,0.46153846,-0.027225062,0.42372882,0.1016949152542373,0.0847457627118644,-0.03824453,0.22655736,0.0050987243
2021_08_NYG_KC,2021,8,NYG,KC,-0.027225062,0.42372882,0.0057740794,-0.10238976,0.1016949152542373,0.07317073170731707,59,-0.03824453,0.4318182,0.6,0.22655736,0.54545456,0.0050987243,0.4,-0.006232064,0.4875,0.0375,0.0625,0.0067602308,-0.28810832,-0.07319233
2021_08_PHI_DET,2021,8,DET,PHI,-0.40352726,0.3548387,-0.4970058,-0.15608403,0.016129032258064516,0.13333333333333333,62,-0.38449505,0.3902439,0.5555555555555556,0.34576723,0.33333334,-0.4153696,0.3,0.2467022,0.53125,0.109375,0.0,0.24089697,0.386694,0.27805036
2021_08_PHI_DET,2021,8,PHI,DET,0.2467022,0.53125,0.4023169,0.17596823,0.109375,0.0,64,0.24089697,0.537037,0.29411764705882354,0.386694,0.55,0.27805036,0.5,-0.40352726,0.3548387,0.016129032258064516,0.1935483870967742,-0.38449505,0.34576723,-0.4153696
2021_08_PIT_CLE,2021,8,CLE,PIT,-0.07597927,0.42372882,0.013133868,-0.22585139,0.11864406779661017,0.10810810810810811,59,0.011269633,0.42553192,0.6060606060606061,-0.028884308,0.42857143,-0.4177042,0.41666666,0.03258842,0.3783784,0.0945945945945946,0.06756756756756757,0.06052173,-0.22018836,0.06099397
2021_08_PIT_CLE,2021,8,PIT,CLE,0.03258842,0.3783784,0.05204011,0.009704077,0.0945945945945946,0.05,74,0.06052173,0.3962264,0.475,-0.22018836,0.31578946,0.06099397,0.3888889,-0.07597927,0.42372882,0.11864406779661017,0.1016949152542373,0.011269633,-0.028884308,-0.4177042
2021_08_SF_CHI,2021,8,CHI,SF,0.09143331,0.41428572,0.33787116,-0.27822348,0.07142857142857142,0.09523809523809523,70,-0.11333678,0.33962265,0.47619047619047616,-0.14713855,0.33333334,0.72983414,0.64705884,0.44750085,0.5,0.19230769230769232,0.0,0.21439096,0.30427295,1.2401278
2021_08_SF_CHI,2021,8,SF,CHI,0.44750085,0.5,0.5209863,0.3548453,0.19230769230769232,0.0,52,0.21439096,0.45,0.6785714285714286,0.30427295,0.6363636,1.2401278,0.6363636,0.09143331,0.41428572,0.07142857142857142,0.07142857142857142,-0.11333678,-0.14713855,0.72983414
2021_08_TB_NO,2021,8,NO,TB,0.091076165,0.41333333,0.18910427,-0.08319603,0.08,0.020833333333333332,75,0.09063721,0.40350878,0.6363636363636364,0.014338079,0.36842105,0.09246619,0.44444445,-0.06643342,0.45901638,0.13114754098360656,0.06557377049180328,-0.20810722,0.27114582,0.4619638
2021_08_TB_NO,2021,8,TB,NO,-0.06643342,0.45901638,-0.019809235,-0.19756395,0.13114754098360656,0.06666666666666667,61,-0.20810722,0.4347826,0.6086956521739131,0.27114582,0.2857143,0.4619638,0.5714286,0.091076165,0.41333333,0.08,0.09333333333333334,0.09063721,0.014338079,0.09246619
2021_08_TEN_IND,2021,8,IND,TEN,-0.054558903,0.4875,-0.08082736,0.019242978,0.05,0.01694915254237288,80,-0.12994483,0.47457626,0.7096774193548387,0.35209706,0.45454547,0.15723962,0.52380955,0.048622873,0.41666666,0.041666666666666664,0.06944444444444445,-0.2015303,0.61338955,0.6990211
2021_08_TEN_IND,2021,8,TEN,IND,0.048622873,0.41666666,0.15239604,-0.081093594,0.041666666666666664,0.075,72,-0.2015303,0.32692307,0.4583333333333333,0.61338955,0.5,0.6990211,0.65,-0.054558903,0.4875,0.05,0.0875,-0.12994483,0.35209706,0.15723962
2021_08_WAS_DEN,2021,8,DEN,WAS,0.055563275,0.43396226,0.11345554,-0.026012182,0.07547169811320754,0.12903225806451613,53,0.030128665,0.41025642,0.52,1.1413814,0.75,0.12641683,0.5,-0.003651752,0.4,0.11428571428571428,0.08571428571428572,0.16191712,-1.0497532,-0.44807345
2021_08_WAS_DEN,2021,8,WAS,DEN,-0.003651752,0.4,-0.009062448,0.007404882,0.11428571428571428,0.10638297872340426,70,0.16191712,0.43137255,0.5789473684210527,-1.0497532,0.14285715,-0.44807345,0.31578946,0.055563275,0.43396226,0.07547169811320754,0.1320754716981132,0.030128665,1.1413814,0.12641683
2021_09_ARI_SF,2021,9,ARI,SF,0.25589615,0.44927537,0.59169436,-0.034523915,0.11594202898550725,0.0625,69,0.2703407,0.4117647,0.5789473684210527,0.20419987,0.6,0.21496993,0.5555556,-0.09101045,0.45762712,0.0847457627118644,0.13559322033898305,-0.08996669,0.010486147,-0.095565006
2021_09_ARI_SF,2021,9,SF,ARI,-0.09101045,0.45762712,-0.0771884,-0.15873851,0.0847457627118644,0.10204081632653061,59,-0.08996669,0.45833334,0.7777777777777778,0.010486147,0.36363637,-0.095565006,0.45454547,0.25589615,0.44927537,0.11594202898550725,0.07246376811594203,0.2703407,0.20419987,0.21496993
2021_09_ATL_NO,2021,9,ATL,NO,0.073430054,0.3859649,0.48728108,-0.6921943,0.08771929824561403,0.05405405405405406,57,0.13416007,0.39534885,0.53125,0.27614865,0.53846157,-0.113097906,0.35714287,-0.065440305,0.43421054,0.06578947368421052,0.06578947368421052,0.003910461,0.1493975,-0.27682593
2021_09_ATL_NO,2021,9,NO,ATL,-0.065440305,0.43421054,-0.017917404,-0.14690815,0.06578947368421052,0.020833333333333332,76,0.003910461,0.4516129,0.2857142857142857,0.1493975,0.46153846,-0.27682593,0.41666666,0.073430054,0.3859649,0.08771929824561403,0.15789473684210525,0.13416007,0.27614865,-0.113097906
2021_09_BUF_JAX,2021,9,BUF,JAX,-0.19607212,0.3880597,-0.09859829,-0.69230264,0.04477611940298507,0.07142857142857142,67,-0.08512696,0.37254903,0.7567567567567568,-0.31832322,0.2,-0.5497099,0.4375,-0.14574544,0.38333333,0.06666666666666667,0.06666666666666667,-0.20057908,-0.6772268,0.018755551
2021_09_BUF_JAX,2021,9,JAX,BUF,-0.14574544,0.38333333,0.023517072,-0.33918828,0.06666666666666667,0.0625,60,-0.20057908,0.37777779,0.5294117647058824,-0.6772268,0.25,0.018755551,0.4,-0.19607212,0.3880597,0.04477611940298507,0.11940298507462686,-0.08512696,-0.31832322,-0.5497099
2021_09_CHI_PIT,2021,9,CHI,PIT,0.0539612,0.41935483,0.034188617,0.092564784,0.16129032258064516,0.07317073170731707,62,0.08051054,0.4489796,0.5,0.16689384,0.4,-0.0461094,0.30769232,0.09056151,0.42857143,0.11428571428571428,0.07142857142857142,0.014614927,0.6765135,0.29441813
2021_09_CHI_PIT,2021,9,PIT,CHI,0.09056151,0.42857143,0.24142833,-0.09923867,0.11428571428571428,0.10256410256410256,70,0.014614927,0.4117647,0.4782608695652174,0.6765135,0.5555556,0.29441813,0.47368422,0.0539612,0.41935483,0.16129032258064516,0.12903225806451613,0.08051054,0.16689384,-0.0461094
2021_09_CLE_CIN,2021,9,CIN,CLE,-0.27945116,0.45333335,-0.37845844,-0.08143657,0.04,0.1,75,0.063687235,0.4915254,0.5833333333333334,-0.8448979,0.3846154,-1.5846255,0.33333334,0.30892947,0.39583334,0.20833333333333334,0.10416666666666667,0.3122026,0.0544027,0.29649156
2021_09_CLE_CIN,2021,9,CLE,CIN,0.30892947,0.39583334,0.5201089,0.09775009,0.20833333333333334,0.08333333333333333,48,0.3122026,0.39473686,0.6,0.0544027,0.46666667,0.29649156,0.4,-0.27945116,0.45333335,0.04,0.14666666666666667,0.063687235,-0.8448979,-1.5846255
2021_09_DEN_DAL,2021,9,DAL,DEN,-0.17107148,0.38709676,-0.20541598,-0.072331056,0.11290322580645161,0.043478260869565216,62,0.0067465506,0.3809524,0.36363636363636365,0.32575324,0.71428573,-0.72198814,0.33333334,0.15333581,0.43421054,0.17105263157894737,0.06578947368421052,-0.004007174,0.18833824,0.6372316
2021_09_DEN_DAL,2021,9,DEN,DAL,0.15333581,0.43421054,0.32356846,0.008015249,0.17105263157894737,0.11428571428571428,76,-0.004007174,0.39655173,0.4117647058823529,0.18833824,0.41666666,0.6372316,0.5294118,-0.17107148,0.38709676,0.11290322580645161,0.08064516129032258,0.0067465506,0.32575324,-0.72198814
2021_09_GB_KC,2021,9,GB,KC,-0.010920721,0.3968254,0.0066789067,-0.043720007,0.06349206349206349,0.024390243902439025,63,0.096723974,0.4375,0.42105263157894735,1.6888721,0.5,-0.35538375,0.26666668,-0.11034447,0.3968254,0.047619047619047616,0.047619047619047616,-0.09132835,0.15431276,-0.15788476
2021_09_GB_KC,2021,9,KC,GB,-0.11034447,0.3968254,-0.16141829,-0.021520432,0.047619047619047616,0.025,63,-0.09132835,0.37777779,0.6363636363636364,0.15431276,0.33333334,-0.15788476,0.44444445,-0.010920721,0.3968254,0.06349206349206349,0.1111111111111111,0.096723974,1.6888721,-0.35538375
2021_09_HOU_MIA,2021,9,HOU,MIA,-0.33584478,0.32352942,-0.37369806,-0.21282175,0.029411764705882353,0.09615384615384616,68,-0.2979154,0.3,0.6153846153846154,-0.8803881,0.18181819,-0.44120422,0.3888889,-0.16447276,0.4,0.013333333333333334,0.10666666666666667,-0.2926626,0.4887628,0.2728808
2021_09_HOU_MIA,2021,9,MIA,HOU,-0.16447276,0.4,-0.011897101,-0.46962407,0.013333333333333334,0.08,75,-0.2926626,0.3448276,0.65625,0.4887628,0.42857143,0.2728808,0.5882353,-0.33584478,0.32352942,0.029411764705882353,0.1323529411764706,-0.2979154,-0.8803881,-0.44120422
2021_09_LAC_PHI,2021,9,LAC,PHI,0.26335222,0.5147059,0.5839628,-0.2545572,0.08823529411764706,0.0,68,0.27957597,0.5,0.6410256410256411,-0.16678146,0.35714287,0.15446669,0.53333336,0.22310251,0.50877196,0.12280701754385964,0.03508771929824561,0.120345965,0.25666335,0.6084395
2021_09_LAC_PHI,2021,9,PHI,LAC,0.22310251,0.50877196,0.44676057,0.06044208,0.12280701754385964,0.041666666666666664,57,0.120345965,0.46666667,0.2972972972972973,0.25666335,0.46666667,0.6084395,0.6666667,0.26335222,0.5147059,0.08823529411764706,0.0,0.27957597,-0.16678146,0.15446669
2021_09_LV_NYG,2021,9,LV,NYG,-0.054718915,0.5507246,-0.14876214,0.175687,0.14492753623188406,0.02040816326530612,69,0.087820075,0.58928573,0.631578947368421,-0.52366316,0.22222222,-0.668733,0.3846154,-0.027726425,0.4909091,0.09090909090909091,0.12727272727272726,-0.0956251,-0.7977873,0.21557717
2021_09_LV_NYG,2021,9,NYG,LV,-0.027726425,0.4909091,0.016844185,-0.07394778,0.09090909090909091,0.10714285714285714,55,-0.0956251,0.4883721,0.46875,-0.7977873,0.25,0.21557717,0.5,-0.054718915,0.5507246,0.14492753623188406,0.043478260869565216,0.087820075,-0.52366316,-0.668733
2021_09_MIN_BAL,2021,9,BAL,MIN,0.13417996,0.5102041,0.017339207,0.29661712,0.09183673469387756,0.05263157894736842,98,0.011656499,0.4871795,0.5,0.46010658,0.6,0.6120215,0.6,0.18611772,0.38181818,0.12727272727272726,0.10909090909090909,-0.12573938,0.1790141,0.88321006
2021_09_MIN_BAL,2021,9,MIN,BAL,0.18611772,0.38181818,0.32518548,0.01923643,0.12727272727272726,0.0,55,-0.12573938,0.34210527,0.42105263157894735,0.1790141,0.33333334,0.88321006,0.47058824,0.13417996,0.5102041,0.09183673469387756,0.07142857142857142,0.011656499,0.46010658,0.6120215
2021_09_NE_CAR,2021,9,CAR,NE,-0.51197046,0.2881356,-0.69604194,-0.17888877,0.06779661016949153,0.02631578947368421,59,-0.46326244,0.29787233,0.4074074074074074,-3.83489,0.0,-0.7027435,0.25,-0.033754487,0.45762712,0.13559322033898305,0.03389830508474576,-0.07541047,0.30677506,0.10013976
2021_09_NE_CAR,2021,9,NE,CAR,-0.033754487,0.45762712,-0.15805079,0.04015143,0.13559322033898305,0.09090909090909091,59,-0.07541047,0.44444445,0.3793103448275862,0.30677506,0.33333334,0.10013976,0.5,-0.51197046,0.2881356,0.06779661016949153,0.05084745762711865,-0.46326244,-3.83489,-0.7027435
2021_09_NYJ_IND,2021,9,IND,NYJ,0.43596867,0.55737704,0.45914146,0.40865788,0.19672131147540983,0.030303030303030304,61,0.5308182,0.5714286,0.4090909090909091,0.13063785,0.46153846,0.048666388,0.5,0.2089473,0.47368422,0.06578947368421052,0.10526315789473684,-0.033937477,-0.08695,1.2575495
2021_09_NYJ_IND,2021,9,NYJ,IND,0.2089473,0.47368422,0.40033683,-0.40775222,0.06578947368421052,0.034482758620689655,76,-0.033937477,0.43333334,0.6875,-0.08695,0.36363637,1.2575495,0.6666667,0.43596867,0.55737704,0.19672131147540983,0.04918032786885246,0.5308182,0.13063785,0.048666388
2021_09_TEN_LA,2021,9,LA,TEN,-0.23936412,0.41025642,-0.29225498,-0.08598052,0.0641025641025641,0.08620689655172414,78,-0.16269213,0.41379312,0.631578947368421,-0.044967096,0.35714287,-0.46171275,0.4,-0.018929003,0.4385965,0.03508771929824561,0.10526315789473684,-0.11148416,0.37248352,0.24022545
2021_09_TEN_LA,2021,9,TEN,LA,-0.018929003,0.4385965,-0.033127364,-0.000755105,0.03508771929824561,0.09375,57,-0.11148416,0.4047619,0.5555555555555556,0.37248352,0.6666667,0.24022545,0.53333336,-0.23936412,0.41025642,0.0641025641025641,0.1282051282051282,-0.16269213,-0.044967096,-0.46171275
2021_10_ATL_DAL,2021,10,ATL,DAL,-0.47866976,0.3148148,-0.7782186,-0.13119315,0.07407407407407407,0.06896551724137931,54,-0.0668759,0.3902439,0.5454545454545454,-0.68710965,0.0,-1.7774043,0.07692308,0.15425143,0.4189189,0.08108108108108109,0.02702702702702703,-0.012882473,0.4698135,0.6519426
2021_10_ATL_DAL,2021,10,DAL,ATL,0.15425143,0.4189189,0.628933,-0.3746795,0.08108108108108109,0.0,74,-0.012882473,0.39285713,0.5,0.4698135,0.47368422,0.6519426,0.47058824,-0.47866976,0.3148148,0.07407407407407407,0.09259259259259259,-0.0668759,-0.68710965,-1.7774043
2021_10_BAL_MIA,2021,10,BAL,MIA,-0.22083019,0.44285715,-0.24998051,-0.14258449,0.07142857142857142,0.0784313725490196,70,0.088854045,0.5090909,0.5454545454545454,-0.94631726,0.25,-1.356339,0.2,-0.07486586,0.34848484,0.10606060606060606,0.19696969696969696,0.08559673,-0.17179093,-0.55159885
2021_10_BAL_MIA,2021,10,MIA,BAL,-0.07486586,0.34848484,-0.053308133,-0.12819286,0.10606060606060606,0.0851063829787234,66,0.08559673,0.4,0.7105263157894737,-0.17179093,0.2777778,-0.55159885,0.2,-0.22083019,0.44285715,0.07142857142857142,0.08571428571428572,0.088854045,-0.94631726,-1.356339
2021_10_BUF_NYJ,2021,10,BUF,NYJ,0.3903879,0.58181816,0.55383956,0.12575185,0.2,0.058823529411764705,55,0.37439018,0.59574467,0.8,0.644206,0.5714286,0.4843746,0.5,-0.13320093,0.38961038,0.07792207792207792,0.09090909090909091,-0.14034931,0.46258244,-0.10797137
2021_10_BUF_NYJ,2021,10,NYJ,BUF,-0.13320093,0.38961038,-0.089164086,-0.22479758,0.07792207792207792,0.019230769230769232,77,-0.14034931,0.4,0.8571428571428571,0.46258244,0.5,-0.10797137,0.3529412,0.3903879,0.58181816,0.2,0.07272727272727272,0.37439018,0.644206,0.4843746
2021_10_CAR_ARI,2021,10,ARI,CAR,-0.5396382,0.29090908,-0.53037214,-0.55585396,0.07272727272727272,0.11428571428571428,55,-0.29794383,0.30769232,0.75,0.9311353,0.5,-1.1287683,0.25,-0.010155338,0.47297296,0.12162162162162163,0.04054054054054054,0.014777918,0.3325248,-0.17744094
2021_10_CAR_ARI,2021,10,CAR,ARI,-0.010155338,0.47297296,0.1489632,-0.1608992,0.12162162162162163,0.0,74,0.014777918,0.46551725,0.375,0.3325248,0.5625,-0.17744094,0.46666667,-0.5396382,0.29090908,0.07272727272727272,0.14545454545454545,-0.29794383,0.9311353,-1.1287683
2021_10_CLE_NE,2021,10,CLE,NE,-0.16360253,0.40677965,-0.22433968,-0.045165095,0.05084745762711865,0.1282051282051282,59,0.022382442,0.44186047,0.5333333333333333,-0.39266947,0.22222222,-0.6634371,0.3125,0.46229982,0.5625,0.203125,0.03125,0.28661382,0.30924708,1.4110043
2021_10_CLE_NE,2021,10,NE,CLE,0.46229982,0.5625,0.7919167,0.15265965,0.203125,0.06451612903225806,64,0.28661382,0.5185185,0.2727272727272727,0.30924708,0.4375,1.4110043,0.8,-0.16360253,0.40677965,0.05084745762711865,0.13559322033898305,0.022382442,-0.39266947,-0.6634371
2021_10_DET_PIT,2021,10,DET,PIT,-0.09836713,0.29577464,-0.3738293,0.12765312,0.14084507042253522,0.125,71,-0.07572958,0.28,0.3333333333333333,-0.699526,0.0,-0.15226606,0.33333334,-0.12486915,0.4,0.058823529411764705,0.0,-0.13489293,-0.094920084,-0.09004975
2021_10_DET_PIT,2021,10,PIT,DET,-0.12486915,0.4,-0.13604186,-0.10329426,0.058823529411764705,0.0,85,-0.13489293,0.3939394,0.5681818181818182,-0.094920084,0.26666668,-0.09004975,0.42105263,-0.09836713,0.29577464,0.14084507042253522,0.08450704225352113,-0.07572958,-0.699526,-0.15226606
2021_10_JAX_IND,2021,10,IND,JAX,-0.07632549,0.37704918,-0.10356008,-0.0371077,0.04918032786885246,0.027777777777777776,61,-0.02378344,0.38297874,0.2857142857142857,-0.15718797,0.4,-0.2527167,0.35714287,-0.023200361,0.4090909,0.09090909090909091,0.15151515151515152,-0.034551363,0.50308055,-0.057110373
2021_10_JAX_IND,2021,10,JAX,IND,-0.023200361,0.4090909,-0.11556791,0.1747301,0.09090909090909091,0.06666666666666667,66,-0.034551363,0.4,0.0,0.50308055,0.5,-0.057110373,0.4,-0.07632549,0.37704918,0.04918032786885246,0.13114754098360656,-0.02378344,-0.15718797,-0.2527167
2021_10_KC_LV,2021,10,KC,LV,0.36872634,0.53333336,0.56712896,-0.05287919,0.10666666666666667,0.0,75,0.093025945,0.47368422,0.6857142857142857,0.13584262,0.44444445,1.2417777,0.7222222,-0.13133295,0.35185185,0.1111111111111111,0.09259259259259259,0.053539217,-0.4132421,-0.71439135
2021_10_KC_LV,2021,10,LV,KC,-0.13133295,0.35185185,-0.09921937,-0.25686783,0.1111111111111111,0.046511627906976744,54,0.053539217,0.36585367,0.5,-0.4132421,0.22222222,-0.71439135,0.30769232,0.36872634,0.53333336,0.10666666666666667,0.04,0.093025945,0.13584262,1.2417777
2021_10_LA_SF,2021,10,LA,SF,-0.18707399,0.39285713,-0.24188557,0.09916423,0.08928571428571429,0.0425531914893617,56,0.033244904,0.4318182,0.8571428571428571,-0.57913476,0.13333334,-0.99491,0.25,0.16842349,0.4477612,0.07462686567164178,0.014925373134328358,-0.041925434,0.73238736,0.78709686
2021_10_LA_SF,2021,10,SF,LA,0.16842349,0.4477612,0.71570116,-0.081420645,0.07462686567164178,0.047619047619047616,67,-0.041925434,0.38,0.16,0.73238736,0.8,0.78709686,0.64705884,-0.18707399,0.39285713,0.08928571428571429,0.07142857142857142,0.033244904,-0.57913476,-0.99491
2021_10_MIN_LAC,2021,10,LAC,MIN,-0.041509047,0.47457626,-0.053547706,-0.014087658,0.05084745762711865,0.04878048780487805,59,0.0008940557,0.4893617,0.5666666666666667,0.1921742,0.61538464,-0.20758785,0.41666666,0.07467737,0.47368422,0.09210526315789473,0.07894736842105263,0.043105174,0.19106084,0.1842515
2021_10_MIN_LAC,2021,10,MIN,LAC,0.07467737,0.47368422,0.12491513,0.009216063,0.09210526315789473,0.046511627906976744,76,0.043105174,0.47457626,0.5434782608695652,0.19106084,0.5555556,0.1842515,0.47058824,-0.041509047,0.47457626,0.05084745762711865,0.1016949152542373,0.0008940557,0.1921742,-0.20758785
2021_10_NO_TEN,2021,10,NO,TEN,0.10508682,0.41791046,0.13597767,0.03742112,0.11940298507462686,0.08695652173913043,67,-0.011566466,0.4117647,0.6071428571428571,0.19713952,0.4117647,0.5718471,0.46666667,-0.011484351,0.41379312,0.034482758620689655,0.10344827586206896,0.062373992,0.0020358562,-0.26714784
2021_10_NO_TEN,2021,10,TEN,NO,-0.011484351,0.41379312,0.13784829,-0.19527839,0.034482758620689655,0.0625,58,0.062373992,0.42222223,0.5151515151515151,0.0020358562,0.4117647,-0.26714784,0.3846154,0.10508682,0.41791046,0.11940298507462686,0.08955223880597014,-0.011566466,0.19713952,0.5718471
2021_10_PHI_DEN,2021,10,DEN,PHI,-0.21975498,0.39655173,-0.08125344,-0.48290786,0.08620689655172414,0.02631578947368421,58,0.12870283,0.45454547,0.6666666666666666,-0.62071216,0.16666667,-1.314908,0.21428572,0.13432294,0.4918033,0.16393442622950818,0.06557377049180328,0.09683106,-0.05233321,0.28741482
2021_10_PHI_DEN,2021,10,PHI,DEN,0.13432294,0.4918033,0.27306587,0.03125677,0.16393442622950818,0.07692307692307693,61,0.09683106,0.48979592,0.4864864864864865,-0.05233321,0.35714287,0.28741482,0.5,-0.21975498,0.39655173,0.08620689655172414,0.05172413793103448,0.12870283,-0.62071216,-1.314908
2021_10_SEA_GB,2021,10,GB,SEA,0.057980485,0.45945945,0.06592322,0.04696315,0.08108108108108109,0.023255813953488372,74,0.10039225,0.45614034,0.625,-0.104183145,0.47826087,-0.084223665,0.47058824,-0.28026,0.4262295,0.03278688524590164,0.08196721311475409,-0.19112447,-1.122655,-0.53095365
2021_10_SEA_GB,2021,10,SEA,GB,-0.28026,0.4262295,-0.36528012,0.106195085,0.03278688524590164,0.06,61,-0.19112447,0.42222223,0.7272727272727273,-1.122655,0.2,-0.53095365,0.4375,0.057980485,0.45945945,0.08108108108108109,0.06756756756756757,0.10039225,-0.104183145,-0.084223665
2021_10_TB_WAS,2021,10,TB,WAS,-0.041012336,0.45833334,-0.11392626,0.15529442,0.0625,0.0,48,-0.16257177,0.44444445,0.7142857142857143,0.04907486,0.5,0.32366595,0.5,0.059467196,0.43835616,0.0684931506849315,0.1095890410958904,-0.20276505,0.21170788,0.744244
2021_10_TB_WAS,2021,10,WAS,TB,0.059467196,0.43835616,0.18053581,-0.095651954,0.0684931506849315,0.12195121951219512,73,-0.20276505,0.33333334,0.5,0.21170788,0.375,0.744244,0.71428573,-0.041012336,0.45833334,0.0625,0.020833333333333332,-0.16257177,0.04907486,0.32366595
2021_11_ARI_SEA,2021,11,ARI,SEA,0.21707568,0.5555556,0.40862,-0.091866806,0.07407407407407407,0.04,81,0.097648606,0.52380955,0.6571428571428571,0.3354548,0.5714286,0.63507044,0.6666667,-0.11601083,0.36734694,0.12244897959183673,0.12244897959183673,0.14872466,-0.16909856,-1.0305516
2021_11_ARI_SEA,2021,11,SEA,ARI,-0.11601083,0.36734694,-0.1622587,-0.042987864,0.12244897959183673,0.13333333333333333,49,0.14872466,0.42105263,0.3333333333333333,-0.16909856,0.22222222,-1.0305516,0.18181819,0.21707568,0.5555556,0.07407407407407407,0.07407407407407407,0.097648606,0.3354548,0.63507044
2021_11_BAL_CHI,2021,11,BAL,CHI,-0.05899887,0.41975307,-0.060590666,-0.056561407,0.037037037037037035,0.12244897959183673,81,-0.14597143,0.4032258,0.5957446808510638,0.09491277,0.4,0.22480635,0.47368422,-0.020646747,0.3559322,0.1694915254237288,0.11864406779661017,0.0070235147,-1.413188,-0.03821125
2021_11_BAL_CHI,2021,11,CHI,BAL,-0.020646747,0.3559322,0.03035498,-0.1280188,0.1694915254237288,0.075,59,0.0070235147,0.37209302,0.5,-1.413188,0.0,-0.03821125,0.33333334,-0.05899887,0.41975307,0.037037037037037035,0.09876543209876543,-0.14597143,0.09491277,0.22480635
2021_11_CIN_LV,2021,11,CIN,LV,0.07823479,0.5,0.22706883,-0.08760881,0.08108108108108109,0.07692307692307693,74,0.043251853,0.44642857,0.46153846153846156,0.7827436,0.6666667,0.18707064,0.6666667,-0.27526113,0.4680851,0.1276595744680851,0.10638297872340426,-0.12737349,-0.30155894,-1.1203334
2021_11_CIN_LV,2021,11,LV,CIN,-0.27526113,0.4680851,-0.30673856,-0.22454752,0.1276595744680851,0.06896551724137931,47,-0.12737349,0.525,0.44,-0.30155894,0.2,-1.1203334,0.14285715,0.07823479,0.5,0.08108108108108109,0.06756756756756757,0.043251853,0.7827436,0.18707064
2021_11_DAL_KC,2021,11,DAL,KC,-0.23881918,0.36363637,-0.2903048,-0.07792655,0.015151515151515152,0.1,66,-0.16384727,0.3877551,0.75,-1.0877174,0.14285715,-0.45491466,0.29411766,-0.112892024,0.45454547,0.10606060606060606,0.10606060606060606,0.04258895,0.1431137,-0.8125563
2021_11_DAL_KC,2021,11,KC,DAL,-0.112892024,0.45454547,-0.21529694,0.09191782,0.10606060606060606,0.06818181818181818,66,0.04258895,0.46296296,0.6111111111111112,0.1431137,0.5,-0.8125563,0.41666666,-0.23881918,0.36363637,0.015151515151515152,0.12121212121212122,-0.16384727,-1.0877174,-0.45491466
2021_11_DET_CLE,2021,11,CLE,DET,-0.0261869,0.4027778,-0.020603044,-0.032786008,0.16666666666666666,0.02564102564102564,72,0.001477555,0.3888889,0.6060606060606061,0.9661474,0.6,-0.10918028,0.44444445,-0.24035762,0.3125,0.125,0.041666666666666664,-0.13221557,-1.1147772,-0.6041081
2021_11_DET_CLE,2021,11,DET,CLE,-0.24035762,0.3125,-0.50382614,0.046021223,0.125,0.0,48,-0.13221557,0.35135135,0.3125,-1.1147772,0.0,-0.6041081,0.18181819,-0.0261869,0.4027778,0.16666666666666666,0.027777777777777776,0.001477555,0.9661474,-0.10918028
2021_11_GB_MIN,2021,11,GB,MIN,0.37902984,0.4827586,0.5755419,-0.094911054,0.1206896551724138,0.04878048780487805,58,0.19047065,0.4347826,0.7058823529411765,0.31338385,0.33333334,1.1018399,0.6666667,0.34212723,0.52238804,0.1044776119402985,0.07462686567164178,0.18282062,0.48823583,0.88306093
2021_11_GB_MIN,2021,11,MIN,GB,0.34212723,0.52238804,0.643646,-0.07784529,0.1044776119402985,0.05128205128205128,67,0.18282062,0.46153846,0.45714285714285713,0.48823583,0.53846157,0.88306093,0.71428573,0.37902984,0.4827586,0.1206896551724138,0.06896551724137931,0.19047065,0.31338385,1.1018399
2021_11_HOU_TEN,2021,11,HOU,TEN,-0.080911264,0.328125,0.23561142,-0.360196,0.0,0.0,64,-0.14883211,0.3043478,0.5,-0.049432896,0.30769232,0.09266422,0.3888889,-0.17881137,0.5,0.0625,0.1,-0.0058542658,-1.2241247,-0.73409474
2021_11_HOU_TEN,2021,11,TEN,HOU,-0.17881137,0.5,-0.18498115,-0.16599724,0.0625,0.037037037037037035,80,-0.0058542658,0.5081967,0.375,-1.2241247,0.6,-0.73409474,0.47368422,-0.080911264,0.328125,0.0,0.015625,-0.14883211,-0.049432896,0.09266422
2021_11_IND_BUF,2021,11,BUF,IND,-0.014302501,0.53571427,-0.116651736,0.32423723,0.07142857142857142,0.023255813953488372,56,0.038342703,0.52272725,0.7142857142857143,0.73186046,0.71428573,-0.32191083,0.54545456,0.29164076,0.5362319,0.11594202898550725,0.028985507246376812,0.19564903,0.32651415,0.6372111
2021_11_IND_BUF,2021,11,IND,BUF,0.29164076,0.5362319,0.43315232,0.21616796,0.11594202898550725,0.0,69,0.19564903,0.5,0.4,0.32651415,0.5714286,0.6372111,0.6666667,-0.014302501,0.53571427,0.07142857142857142,0.07142857142857142,0.038342703,0.73186046,-0.32191083
2021_11_MIA_NYJ,2021,11,MIA,NYJ,0.19236518,0.47887325,0.4285778,-0.11242526,0.056338028169014086,0.0,71,0.1892739,0.46296296,0.5384615384615384,0.20912045,0.47619048,0.20218459,0.5294118,0.04212111,0.5,0.11666666666666667,0.13333333333333333,-0.100211754,-1.0132337,0.4691197
2021_11_MIA_NYJ,2021,11,NYJ,MIA,0.04212111,0.5,0.014993747,0.10541829,0.11666666666666667,0.047619047619047616,60,-0.100211754,0.4888889,0.5675675675675675,-1.0132337,0.22222222,0.4691197,0.53333336,0.19236518,0.47887325,0.056338028169014086,0.028169014084507043,0.1892739,0.20912045,0.20218459
2021_11_NE_ATL,2021,11,ATL,NE,-0.5562029,0.35185185,-0.5933669,-0.46793836,0.037037037037037035,0.10526315789473684,54,-0.3517111,0.36585367,0.5714285714285714,-1.9448247,0.25,-1.2011386,0.30769232,-0.042049978,0.5081967,0.09836065573770492,0.06557377049180328,-0.026171634,0.010039227,-0.10067773
2021_11_NE_ATL,2021,11,NE,ATL,-0.042049978,0.5081967,-0.0006063953,-0.08778084,0.09836065573770492,0.09375,61,-0.026171634,0.5208333,0.47058823529411764,0.010039227,0.2857143,-0.10067773,0.46153846,-0.5562029,0.35185185,0.037037037037037035,0.2222222222222222,-0.3517111,-1.9448247,-1.2011386
2021_11_NO_PHI,2021,11,NO,PHI,-0.16832921,0.390625,-0.12443548,-0.26489544,0.09375,0.0,64,-0.32072395,0.3877551,0.42857142857142855,0.21428195,0.27272728,0.42067173,0.42857143,-0.009544542,0.40789473,0.11842105263157894,0.09210526315789473,-0.21652433,0.05253585,0.5325454
2021_11_NO_PHI,2021,11,PHI,NO,-0.009544542,0.40789473,0.024620697,-0.034391977,0.11842105263157894,0.09375,76,-0.21652433,0.34545454,0.4444444444444444,0.05253585,0.33333334,0.5325454,0.5714286,-0.16832921,0.390625,0.09375,0.078125,-0.32072395,0.21428195,0.42067173
2021_11_NYG_TB,2021,11,NYG,TB,-0.32773152,0.36206895,-0.44125235,0.02904835,0.06896551724137931,0.045454545454545456,58,-0.2162582,0.37777779,0.6923076923076923,0.17698918,0.5,-0.71360075,0.30769232,0.0929718,0.5194805,0.03896103896103896,0.03896103896103896,0.0250634,0.14356005,0.3736599
2021_11_NYG_TB,2021,11,TB,NYG,0.0929718,0.5194805,0.14083448,-0.012724943,0.03896103896103896,0.018867924528301886,77,0.0250634,0.5322581,0.7021276595744681,0.14356005,0.3888889,0.3736599,0.46666667,-0.32773152,0.36206895,0.06896551724137931,0.15517241379310345,-0.2162582,0.17698918,-0.71360075
2021_11_PIT_LAC,2021,11,LAC,PIT,0.2540097,0.53424656,0.4407444,-0.24083725,0.0821917808219178,0.03773584905660377,73,0.13896255,0.51666665,0.7222222222222222,0.19078073,0.54545456,0.78499645,0.61538464,0.058215667,0.47826087,0.07246376811594203,0.08695652173913043,0.07719173,-0.10858915,0.0044501624
2021_11_PIT_LAC,2021,11,PIT,LAC,0.058215667,0.47826087,0.11540973,-0.10383418,0.07246376811594203,0.058823529411764705,69,0.07719173,0.47058824,0.42105263157894735,-0.10858915,0.47368422,0.0044501624,0.5,0.2540097,0.53424656,0.0821917808219178,0.0547945205479452,0.13896255,0.19078073,0.78499645
2021_11_SF_JAX,2021,11,JAX,SF,-0.084642164,0.4347826,-0.02683775,-0.20410462,0.021739130434782608,0.0967741935483871,46,-0.1976993,0.4117647,0.5,0.36921105,0.6,0.23568636,0.5,0.24774939,0.5074627,0.11940298507462686,0.05970149253731343,0.19979042,0.15043877,0.4140072
2021_11_SF_JAX,2021,11,SF,JAX,0.24774939,0.5074627,0.46804687,0.08958711,0.11940298507462686,0.07142857142857142,67,0.19979042,0.48076922,0.3181818181818182,0.15043877,0.42857143,0.4140072,0.6,-0.084642164,0.4347826,0.021739130434782608,0.13043478260869565,-0.1976993,0.36921105,0.23568636
2021_11_WAS_CAR,2021,11,CAR,WAS,0.112888545,0.46,0.13167915,0.08693961,0.08,0.034482758620689655,50,0.35184723,0.5263158,0.4,0.38002986,0.5,-0.6438139,0.25,0.21416046,0.4923077,0.15384615384615385,0.09230769230769231,0.027559802,0.06969791,0.8361627
2021_11_WAS_CAR,2021,11,WAS,CAR,0.21416046,0.4923077,0.58725405,-0.050932363,0.15384615384615385,0.1111111111111111,65,0.027559802,0.44,0.34210526315789475,0.06969791,0.45454547,0.8361627,0.6666667,0.112888545,0.46,0.08,0.08,0.35184723,0.38002986,-0.6438139
2021_12_ATL_JAX,2021,12,ATL,JAX,0.122816905,0.4827586,0.18560338,0.045541268,0.10344827586206896,0.03125,58,0.13321581,0.4888889,0.4090909090909091,1.1072823,0.6666667,0.086820714,0.46153846,-0.032889076,0.47945204,0.0958904109589041,0.0821917808219178,-0.07133722,-0.1363935,0.022128157
2021_12_ATL_JAX,2021,12,JAX,ATL,-0.032889076,0.47945204,-0.026777633,-0.04271106,0.0958904109589041,0.022222222222222223,73,-0.07133722,0.46296296,0.42857142857142855,-0.1363935,0.27272728,0.022128157,0.5,0.122816905,0.4827586,0.10344827586206896,0.06896551724137931,0.13321581,1.1072823,0.086820714
2021_12_BUF_NO,2021,12,BUF,NO,0.1252732,0.530303,0.3765201,-0.21570475,0.10606060606060606,0.05263157894736842,66,-0.062449124,0.5,0.4117647058823529,-0.12622492,0.5,0.8225275,0.64285713,-0.3406374,0.28070176,0.03508771929824561,0.08771929824561403,-0.30718058,0.41574612,-0.38172287
2021_12_BUF_NO,2021,12,NO,BUF,-0.3406374,0.28070176,-0.25878564,-0.46163562,0.03508771929824561,0.058823529411764705,57,-0.30718058,0.25641027,0.6363636363636364,0.41574612,0.33333334,-0.38172287,0.3529412,0.1252732,0.530303,0.10606060606060606,0.045454545454545456,-0.062449124,-0.12622492,0.8225275
2021_12_CAR_MIA,2021,12,CAR,MIA,-0.3381684,0.30357143,-0.5207897,0.017462505,0.07142857142857142,0.13513513513513514,56,-0.4933728,0.25641027,0.3125,-0.17183638,0.5,0.017888742,0.4117647,0.035471305,0.43055555,0.041666666666666664,0.027777777777777776,-0.020097421,0.26676327,0.22996186
2021_12_CAR_MIA,2021,12,MIA,CAR,0.035471305,0.43055555,0.118464604,-0.04303587,0.041666666666666664,0.05714285714285714,72,-0.020097421,0.4107143,0.5238095238095238,0.26676327,0.46666667,0.22996186,0.5,-0.3381684,0.30357143,0.07142857142857142,0.19642857142857142,-0.4933728,-0.17183638,0.017888742
2021_12_CHI_DET,2021,12,CHI,DET,0.02605265,0.35820895,0.23081584,-0.36566827,0.04477611940298507,0.022727272727272728,67,0.060499027,0.35185185,0.6410256410256411,0.0065190643,0.25,-0.117032304,0.3846154,-0.08819179,0.36734694,0.061224489795918366,0.061224489795918366,-0.18743409,1.793236,0.29885322
2021_12_CHI_DET,2021,12,DET,CHI,-0.08819179,0.36734694,0.014960624,-0.21478792,0.061224489795918366,0.037037037037037035,49,-0.18743409,0.35897437,0.5454545454545454,1.793236,1.0,0.29885322,0.4,0.02605265,0.35820895,0.04477611940298507,0.05970149253731343,0.060499027,0.0065190643,-0.117032304
2021_12_CLE_BAL,2021,12,BAL,CLE,-0.13238266,0.41558442,-0.20235832,-0.056733325,0.03896103896103896,0.05,77,-0.26863906,0.37704918,0.5526315789473685,0.22991821,0.5555556,0.38709477,0.5625,-0.14390208,0.35,0.06666666666666667,0.1,-0.16897236,3.146168,-0.06869126
2021_12_CLE_BAL,2021,12,CLE,BAL,-0.14390208,0.35,-0.09414782,-0.2697511,0.06666666666666667,0.06976744186046512,60,-0.16897236,0.35555556,0.7037037037037037,3.146168,1.0,-0.06869126,0.33333334,-0.13238266,0.41558442,0.03896103896103896,0.05194805194805195,-0.26863906,0.22991821,0.38709477
2021_12_LAC_DEN,2021,12,DEN,LAC,0.09886109,0.4,0.17876036,0.028949242,0.08333333333333333,0.03571428571428571,60,-0.060434658,0.33333334,0.41379310344827586,0.4406923,0.45454547,0.7360441,0.6666667,-0.068479106,0.47887325,0.028169014084507043,0.1267605633802817,-0.15526731,0.24824674,0.23104912
2021_12_LAC_DEN,2021,12,LAC,DEN,-0.068479106,0.47887325,-0.04779861,-0.16074593,0.028169014084507043,0.05172413793103448,71,-0.15526731,0.5,0.625,0.24824674,0.22222222,0.23104912,0.44444445,0.09886109,0.4,0.08333333333333333,0.05,-0.060434658,0.4406923,0.7360441
2021_12_LA_GB,2021,12,GB,LA,0.052187886,0.39506173,0.15962406,-0.11232376,0.04938271604938271,0.02040816326530612,81,-0.030486463,0.3898305,0.5384615384615384,-0.01913325,0.33333334,0.3320438,0.42857143,-0.11762416,0.44262296,0.04918032786885246,0.08196721311475409,0.06062296,0.46293974,-0.7869092
2021_12_LA_GB,2021,12,LA,GB,-0.11762416,0.44262296,-0.06493808,-0.23408812,0.04918032786885246,0.047619047619047616,61,0.06062296,0.47826087,0.5,0.46293974,0.5,-0.7869092,0.2857143,0.052187886,0.39506173,0.04938271604938271,0.06172839506172839,-0.030486463,-0.01913325,0.3320438
2021_12_LV_DAL,2021,12,DAL,LV,0.08387668,0.44594595,0.17774995,-0.15304157,0.06756756756756757,0.018867924528301886,74,0.24984357,0.49122807,0.5,0.21948504,0.45454547,-0.5426806,0.26666668,0.1504765,0.37209302,0.10465116279069768,0.09302325581395349,0.071399495,-0.10681009,0.429327
2021_12_LV_DAL,2021,12,LV,DAL,0.1504765,0.37209302,0.4729053,-0.27652377,0.10465116279069768,0.061224489795918366,86,0.071399495,0.35820895,0.4888888888888889,-0.10681009,0.5,0.429327,0.42105263,0.08387668,0.44594595,0.06756756756756757,0.06756756756756757,0.24984357,0.21948504,-0.5426806
2021_12_MIN_SF,2021,12,MIN,SF,-0.097221196,0.4,0.060482636,-0.42139018,0.10909090909090909,0.02702702702702703,55,-0.10677401,0.42857143,0.625,-0.022774037,0.3846154,0.007028555,0.33333334,0.107525885,0.45588234,0.16176470588235295,0.08823529411764706,0.10003537,0.36552918,0.13921648
2021_12_MIN_SF,2021,12,SF,MIN,0.107525885,0.45588234,0.1186571,0.09873808,0.16176470588235295,0.06666666666666667,68,0.10003537,0.43636364,0.391304347826087,0.36552918,0.5555556,0.13921648,0.53846157,-0.097221196,0.4,0.10909090909090909,0.05454545454545454,-0.10677401,-0.022774037,0.007028555
2021_12_NYJ_HOU,2021,12,HOU,NYJ,-0.23497523,0.2982456,-0.2753285,-0.17532255,0.08771929824561403,0.14705882352941177,57,-0.43849865,0.25,0.4666666666666667,-0.99824715,0.2857143,0.24390338,0.4117647,-0.05028599,0.42424244,0.10606060606060606,0.07575757575757576,-0.043512885,-0.07807676,-0.14641541
2021_12_NYJ_HOU,2021,12,NYJ,HOU,-0.05028599,0.42424244,-0.24811617,0.11457249,0.10606060606060606,0.13333333333333333,66,-0.043512885,0.42,0.36,-0.07807676,0.47058824,-0.14641541,0.4,-0.23497523,0.2982456,0.08771929824561403,0.14035087719298245,-0.43849865,-0.99824715,0.24390338
2021_12_PHI_NYG,2021,12,NYG,PHI,-0.035578113,0.42372882,0.13723367,-0.2875953,0.03389830508474576,0.02857142857142857,59,-0.060709137,0.42222223,0.5333333333333333,-0.08893143,0.42857143,0.045200177,0.42857143,-0.20509967,0.43939394,0.12121212121212122,0.030303030303030304,0.03817759,-1.1377046,-1.1969223
2021_12_PHI_NYG,2021,12,PHI,NYG,-0.20509967,0.43939394,-0.5273609,0.13730292,0.12121212121212122,0.029411764705882353,66,0.03817759,0.4716981,0.3793103448275862,-1.1377046,0.2857143,-1.1969223,0.30769232,-0.035578113,0.42372882,0.03389830508474576,0.0847457627118644,-0.060709137,-0.08893143,0.045200177
2021_12_PIT_CIN,2021,12,CIN,PIT,0.17082562,0.5441176,0.09238754,0.23275039,0.058823529411764705,0.06666666666666667,68,0.13761143,0.53571427,0.5,0.25122687,0.7,0.3258251,0.5833333,-0.31112605,0.33870968,0.04838709677419355,0.0967741935483871,-0.49201414,2.3941226,0.37068272
2021_12_PIT_CIN,2021,12,PIT,CIN,-0.31112605,0.33870968,-0.332128,-0.2453201,0.04838709677419355,0.06382978723404255,62,-0.49201414,0.2857143,0.6666666666666666,2.3941226,1.0,0.37068272,0.53846157,0.17082562,0.5441176,0.058823529411764705,0.04411764705882353,0.13761143,0.25122687,0.3258251
2021_12_SEA_WAS,2021,12,SEA,WAS,-0.05785597,0.34042552,0.00990398,-0.2796158,0.0851063829787234,0.05555555555555555,47,-0.04762391,0.33333334,0.6190476190476191,0.28659803,0.25,-0.01543399,0.3846154,0.039038766,0.5365854,0.04878048780487805,0.024390243902439025,0.117307305,-0.16179016,-0.29123226
2021_12_SEA_WAS,2021,12,WAS,SEA,0.039038766,0.5365854,0.18450585,-0.10642831,0.04878048780487805,0.024390243902439025,82,0.117307305,0.53968257,0.5306122448979592,-0.16179016,0.4,-0.29123226,0.5,-0.05785597,0.34042552,0.0851063829787234,0.2127659574468085,-0.04762391,0.28659803,-0.01543399
2021_12_TB_IND,2021,12,IND,TB,-0.012423042,0.46376812,-0.070569634,0.15232566,0.10144927536231885,0.058823529411764705,69,-0.15315488,0.44642857,0.7894736842105263,0.0532354,0.5,0.5938064,0.53846157,0.17018221,0.6515151,0.10606060606060606,0.045454545454545456,0.2937098,0.30738562,-0.6121594
2021_12_TB_IND,2021,12,TB,IND,0.17018221,0.6515151,0.05352316,0.33868974,0.10606060606060606,0.05128205128205128,66,0.2937098,0.7017544,0.5172413793103449,0.30738562,0.75,-0.6121594,0.33333334,-0.012423042,0.46376812,0.10144927536231885,0.10144927536231885,-0.15315488,0.0532354,0.5938064
2021_12_TEN_NE,2021,12,NE,TEN,0.22459017,0.45762712,0.39240745,-0.03808034,0.15254237288135594,0.05555555555555555,59,0.1997136,0.46938777,0.6,-0.031757794,0.23076923,0.34648535,0.4,-0.07774706,0.46774194,0.11290322580645161,0.06451612903225806,-0.07450778,-0.3403241,-0.08885319
2021_12_TEN_NE,2021,12,TEN,NE,-0.07774706,0.46774194,-0.3112545,0.09089717,0.11290322580645161,0.07692307692307693,62,-0.07450778,0.47916666,0.39285714285714285,-0.3403241,0.45454547,-0.08885319,0.42857143,0.22459017,0.45762712,0.15254237288135594,0.1016949152542373,0.1997136,-0.031757794,0.34648535
2021_13_ARI_CHI,2021,13,ARI,CHI,0.15819174,0.46296296,0.504579,-0.098805256,0.09259259259259259,0.043478260869565216,54,0.024373097,0.41025642,0.3076923076923077,0.29778782,0.5,0.6099145,0.64285713,-0.12691994,0.43421054,0.05263157894736842,0.06578947368421052,-0.20209798,-0.060324773,0.010208334
2021_13_ARI_CHI,2021,13,CHI,ARI,-0.12691994,0.43421054,-0.25613585,0.12157217,0.05263157894736842,0.06,76,-0.20209798,0.3888889,0.36363636363636365,-0.060324773,0.5,0.010208334,0.52380955,0.15819174,0.46296296,0.09259259259259259,0.018518518518518517,0.024373097,0.29778782,0.6099145
2021_13_BAL_PIT,2021,13,BAL,PIT,0.09349385,0.3918919,0.20517011,-0.1253916,0.04054054054054054,0.14285714285714285,74,0.005320183,0.375,0.5227272727272727,-0.54662776,0.23076923,0.44515383,0.47058824,0.1260025,0.5,0.06896551724137931,0.05172413793103448,0.1286723,0.7272581,0.045658752
2021_13_BAL_PIT,2021,13,PIT,BAL,0.1260025,0.5,0.29850754,-0.11837965,0.06896551724137931,0.029411764705882353,58,0.1286723,0.5,0.6,0.7272581,0.5,0.045658752,0.46153846,0.09349385,0.3918919,0.04054054054054054,0.12162162162162163,0.005320183,-0.54662776,0.44515383
2021_13_DAL_NO,2021,13,DAL,NO,-0.13162181,0.31343284,-0.22893117,0.08153208,0.11940298507462686,0.021739130434782608,67,0.06756784,0.33962265,0.675,-0.15367498,0.4,-0.8856969,0.21428572,-0.28497455,0.3857143,0.1,0.08571428571428572,-0.31045952,,-0.19152959
2021_13_DAL_NO,2021,13,NO,DAL,-0.28497455,0.3857143,-0.41679898,0.0026425219,0.1,0.041666666666666664,70,-0.31045952,0.38181818,0.5833333333333334,,,-0.19152959,0.4,-0.13162181,0.31343284,0.11940298507462686,0.1044776119402985,0.06756784,-0.15367498,-0.8856969
2021_13_DEN_KC,2021,13,DEN,KC,-0.15712585,0.48051947,-0.25305516,0.010750443,0.07792207792207792,0.02040816326530612,77,-0.045235213,0.5272727,0.3333333333333333,-0.519122,0.2,-0.41255966,0.3809524,-0.09517258,0.4181818,0.07272727272727272,0.05454545454545454,-0.108748436,0.19172135,-0.046525735
2021_13_DEN_KC,2021,13,KC,DEN,-0.09517258,0.4181818,-0.14554176,-0.00702647,0.07272727272727272,0.02857142857142857,55,-0.108748436,0.41860464,0.6470588235294118,0.19172135,0.4,-0.046525735,0.41666666,-0.15712585,0.48051947,0.07792207792207792,0.09090909090909091,-0.045235213,-0.519122,-0.41255966
2021_13_IND_HOU,2021,13,HOU,IND,-0.62110984,0.26923078,-0.762644,-0.27199218,0.019230769230769232,0.10810810810810811,52,-0.52544576,0.27027026,0.5333333333333333,,,-0.857081,0.26666668,0.15581046,0.55714285,0.14285714285714285,0.04285714285714286,0.14733633,0.29578725,0.18970703
2021_13_IND_HOU,2021,13,IND,HOU,0.15581046,0.55714285,0.07933956,0.1982943,0.14285714285714285,0.04,70,0.14733633,0.53571427,0.25925925925925924,0.29578725,0.57894737,0.18970703,0.64285713,-0.62110984,0.26923078,0.019230769230769232,0.21153846153846154,-0.52544576,,-0.857081
2021_13_JAX_LA,2021,13,JAX,LA,-0.324823,0.33898306,0.0042896103,-0.8399558,0.05084745762711865,0.05555555555555555,59,-0.45262975,0.27272728,0.5714285714285714,0.56369305,1.0,0.050076794,0.53333336,0.23539591,0.5147059,0.08823529411764706,0.014705882352941176,0.2282101,0.1375136,0.26579738
2021_13_JAX_LA,2021,13,LA,JAX,0.23539591,0.5147059,0.3219879,0.10390438,0.08823529411764706,0.024390243902439025,68,0.2282101,0.5090909,0.6666666666666666,0.1375136,0.33333334,0.26579738,0.53846157,-0.324823,0.33898306,0.05084745762711865,0.06779661016949153,-0.45262975,0.56369305,0.050076794
2021_13_LAC_CIN,2021,13,CIN,LAC,-0.32505617,0.34666666,-0.15127358,-0.67262125,0.10666666666666667,0.12,75,-0.41604143,0.3220339,0.5,-0.30385944,0.44444445,0.074282214,0.46666667,-0.016937226,0.453125,0.09375,0.140625,0.038419206,0.60409737,-0.2871088
2021_13_LAC_CIN,2021,13,LAC,CIN,-0.016937226,0.453125,0.0018774715,-0.055462576,0.09375,0.09302325581395349,64,0.038419206,0.42857143,0.7777777777777778,0.60409737,0.6666667,-0.2871088,0.5,-0.32505617,0.34666666,0.10666666666666667,0.14666666666666667,-0.41604143,-0.30385944,0.074282214
2021_13_MIN_DET,2021,13,DET,MIN,-0.050161023,0.47142857,0.11463389,-0.3290447,0.1,0.06818181818181818,70,0.21395704,0.53571427,0.46875,0.5077805,0.375,-1.1066333,0.21428572,0.015670395,0.46666667,0.06666666666666667,0.10666666666666667,0.040807996,-0.06030188,0.11781539
2021_13_MIN_DET,2021,13,MIN,DET,0.015670395,0.46666667,0.09953503,-0.11735627,0.06666666666666667,0.06521739130434782,75,0.040807996,0.5,0.5769230769230769,-0.06030188,0.33333334,0.11781539,0.42857143,-0.050161023,0.47142857,0.1,0.1,0.21395704,0.5077805,-1.1066333
2021_13_NE_BUF,2021,13,BUF,NE,-0.20894562,0.3448276,-0.093835324,-0.41175905,0.05172413793103448,0.05405405405405406,58,-0.15232347,0.3488372,0.4230769230769231,-0.43249357,0.23076923,-0.3712625,0.33333334,-0.019310763,0.3877551,0.16326530612244897,0.0,-0.14442718,-0.18857522,0.2666793
2021_13_NE_BUF,2021,13,NE,BUF,-0.019310763,0.3877551,0.011864901,-0.021343958,0.16326530612244897,0.0,49,-0.14442718,0.3888889,0.03333333333333333,-0.18857522,0.4,0.2666793,0.33333334,-0.20894562,0.3448276,0.05172413793103448,0.08620689655172414,-0.15232347,-0.43249357,-0.3712625
2021_13_NYG_MIA,2021,13,MIA,NYG,-0.02915112,0.44117647,0.08615782,-0.25475556,0.029411764705882353,0.044444444444444446,68,0.035610322,0.43396226,0.6666666666666666,0.5853436,0.5,-0.2579749,0.46666667,-0.15445367,0.33333334,0.07936507936507936,0.12698412698412698,-0.3208902,-0.68654245,0.29590395
2021_13_NYG_MIA,2021,13,NYG,MIA,-0.15445367,0.33333334,-0.2604074,0.1322446,0.07936507936507936,0.06521739130434782,63,-0.3208902,0.2826087,0.6176470588235294,-0.68654245,0.0,0.29590395,0.47058824,-0.02915112,0.44117647,0.029411764705882353,0.04411764705882353,0.035610322,0.5853436,-0.2579749
2021_13_PHI_NYJ,2021,13,NYJ,PHI,0.027754944,0.4385965,0.054786436,-0.041513275,0.05263157894736842,0.04878048780487805,57,0.10698844,0.45454547,0.4090909090909091,0.3417932,0.53846157,-0.18153827,0.41666666,0.25201502,0.49295774,0.09859154929577464,0.056338028169014086,0.17875162,-0.30652648,0.5255317
2021_13_PHI_NYJ,2021,13,PHI,NYJ,0.25201502,0.49295774,0.6077921,-0.008309667,0.09859154929577464,0.06666666666666667,71,0.17875162,0.48214287,0.41025641025641024,-0.30652648,0.14285715,0.5255317,0.53333336,0.027754944,0.4385965,0.05263157894736842,0.07017543859649122,0.10698844,0.3417932,-0.18153827
2021_13_SF_SEA,2021,13,SEA,SF,-0.049014065,0.4,-0.14258005,0.119404696,0.07142857142857142,0.08888888888888889,70,-0.16319127,0.3773585,0.52,-0.13058624,0.35,0.30695015,0.47058824,-0.02512046,0.45614034,0.08771929824561403,0.05263157894736842,0.022992505,-0.5441418,-0.20554407
2021_13_SF_SEA,2021,13,SF,SEA,-0.02512046,0.45614034,0.041455686,-0.11033793,0.08771929824561403,0.03125,57,0.022992505,0.4888889,0.41935483870967744,-0.5441418,0.5,-0.20554407,0.33333334,-0.049014065,0.4,0.07142857142857142,0.1,-0.16319127,-0.13058624,0.30695015
2021_13_TB_ATL,2021,13,ATL,TB,-0.06588007,0.45070422,-0.10435027,0.01980355,0.08450704225352113,0.10204081632653061,71,-0.11539348,0.4074074,0.5666666666666667,-0.39076573,0.3,0.091397814,0.5882353,0.19562197,0.46376812,0.057971014492753624,0.014492753623188406,-0.0050014257,0.45135862,0.98378533
2021_13_TB_ATL,2021,13,TB,ATL,0.19562197,0.46376812,0.32204723,-0.19109055,0.057971014492753624,0.0,69,-0.0050014257,0.4,0.775,0.45135862,0.6,0.98378533,0.71428573,-0.06588007,0.45070422,0.08450704225352113,0.15492957746478872,-0.11539348,-0.39076573,0.091397814
2021_13_WAS_LV,2021,13,LV,WAS,0.015533593,0.47457626,0.06316102,-0.13755457,0.06779661016949153,0.044444444444444446,59,0.19929844,0.52,0.7272727272727273,-0.35119182,0.25,-1.0126799,0.25,0.09604901,0.46969697,0.07575757575757576,0.07575757575757576,0.057509378,0.42647097,0.23919627
2021_13_WAS_LV,2021,13,WAS,LV,0.09604901,0.46969697,0.29313964,-0.15541142,0.07575757575757576,0.02702702702702703,66,0.057509378,0.44230768,0.5135135135135135,0.42647097,0.6666667,0.23919627,0.5714286,0.015533593,0.47457626,0.06779661016949153,0.05084745762711865,0.19929844,-0.35119182,-1.0126799
2021_14_ATL_CAR,2021,14,ATL,CAR,0.036494076,0.36363637,0.18943281,-0.09896596,0.10606060606060606,0.0,66,-0.11935071,0.30612245,0.3888888888888889,0.055713885,0.46153846,0.5752371,0.5625,-0.15109205,0.484375,0.09375,0.0625,0.07794567,0.93660325,-0.96908396
2021_14_ATL_CAR,2021,14,CAR,ATL,-0.15109205,0.484375,-0.10161574,-0.22827512,0.09375,0.02564102564102564,64,0.07794567,0.52,0.48,0.93660325,0.85714287,-0.96908396,0.35714287,0.036494076,0.36363637,0.10606060606060606,0.10606060606060606,-0.11935071,0.055713885,0.5752371
2021_14_BAL_CLE,2021,14,BAL,CLE,-0.1535786,0.43835616,-0.113014325,-0.28720212,0.0821917808219178,0.07142857142857142,73,-0.09859919,0.48214287,0.8,-0.95051605,0.4,-0.29641768,0.3125,-0.0034697575,0.41269842,0.07936507936507936,0.015873015873015872,-0.012366071,0.6140397,0.027667334
2021_14_BAL_CLE,2021,14,CLE,BAL,-0.0034697575,0.41269842,0.14071646,-0.22263281,0.07936507936507936,0.0,63,-0.012366071,0.40816328,0.625,0.6140397,0.75,0.027667334,0.42857143,-0.1535786,0.43835616,0.0821917808219178,0.0958904109589041,-0.09859919,-0.95051605,-0.29641768
2021_14_BUF_TB,2021,14,BUF,TB,0.08059935,0.49367088,-0.019589793,0.47509414,0.13924050632911392,0.047619047619047616,79,0.18653378,0.52380955,0.875,0.33525762,0.54545456,-0.33651745,0.375,0.20295124,0.5,0.0875,0.05,0.12634961,-0.042585686,0.43275613
2021_14_BUF_TB,2021,14,TB,BUF,0.20295124,0.5,0.27012488,0.055169225,0.0875,0.03636363636363636,80,0.12634961,0.48333332,0.7083333333333334,-0.042585686,0.33333334,0.43275613,0.55,0.08059935,0.49367088,0.13924050632911392,0.12658227848101267,0.18653378,0.33525762,-0.33651745
2021_14_CHI_GB,2021,14,CHI,GB,-0.10222667,0.37096775,-0.12381352,-0.034587916,0.08064516129032258,0.0425531914893617,62,-0.055082332,0.35416666,0.5625,-0.23302194,0.2,-0.2638644,0.42857143,0.29922622,0.5714286,0.15873015873015872,0.06349206349206349,0.30417415,0.28936747,0.275836
2021_14_CHI_GB,2021,14,GB,CHI,0.29922622,0.5714286,0.39613092,0.13069628,0.15873015873015872,0.075,63,0.30417415,0.59615386,0.5185185185185185,0.28936747,0.5,0.275836,0.45454547,-0.10222667,0.37096775,0.08064516129032258,0.14516129032258066,-0.055082332,-0.23302194,-0.2638644
2021_14_DAL_WAS,2021,14,DAL,WAS,-0.13549335,0.40243903,-0.1823487,-0.054277364,0.04878048780487805,0.07692307692307693,82,-0.22856046,0.36666667,0.6470588235294118,-0.2504824,0.29411766,0.073817834,0.47619048,-0.42040405,0.3432836,0.05970149253731343,0.13432835820895522,-0.22877519,0.35579225,-0.97336864
2021_14_DAL_WAS,2021,14,WAS,DAL,-0.42040405,0.3432836,-0.70717156,0.2077534,0.05970149253731343,0.10869565217391304,67,-0.22877519,0.34042552,0.6,0.35579225,0.6666667,-0.97336864,0.33333334,-0.13549335,0.40243903,0.04878048780487805,0.07317073170731707,-0.22856046,-0.2504824,0.073817834
2021_14_DET_DEN,2021,14,DEN,DET,0.26759687,0.53731346,0.4179045,0.1661392,0.1044776119402985,0.037037037037037035,67,0.10869847,0.49056605,0.3783783783783784,0.65801954,0.6875,0.8691406,0.71428573,-0.15308368,0.44444445,0.031746031746031744,0.06349206349206349,-0.21526222,-1.0377183,-0.019399827
2021_14_DET_DEN,2021,14,DET,DEN,-0.15308368,0.44444445,-0.15431722,-0.15061665,0.031746031746031744,0.047619047619047616,63,-0.21526222,0.44186047,0.5333333333333333,-1.0377183,0.33333334,-0.019399827,0.45,0.26759687,0.53731346,0.1044776119402985,0.05970149253731343,0.10869847,0.65801954,0.8691406
2021_14_JAX_TEN,2021,14,JAX,TEN,-0.454665,0.27272728,-0.41224414,-0.7038874,0.03636363636363636,0.06382978723404255,55,-0.5798503,0.225,0.6666666666666666,,,-0.120837495,0.4,0.016950328,0.3970588,0.029411764705882353,0.14705882352941177,-0.023942648,0.1691826,0.17468034
2021_14_JAX_TEN,2021,14,TEN,JAX,0.016950328,0.3970588,0.19643137,-0.22442074,0.029411764705882353,0.10256410256410256,68,-0.023942648,0.3888889,0.48148148148148145,0.1691826,0.45454547,0.17468034,0.42857143,-0.454665,0.27272728,0.03636363636363636,0.10909090909090909,-0.5798503,,-0.120837495
2021_14_LA_ARI,2021,14,ARI,LA,-0.07817136,0.43589744,-0.04363955,-0.20207962,0.07692307692307693,0.06557377049180328,78,-0.2743467,0.37931034,0.7419354838709677,-0.80019057,0.36363637,0.49073714,0.6,0.18633762,0.44827586,0.13793103448275862,0.08620689655172414,0.13467628,-0.036993135,0.36516535
2021_14_LA_ARI,2021,14,LA,ARI,0.18633762,0.44827586,0.36658147,-0.1312349,0.13793103448275862,0.08108108108108109,58,0.13467628,0.42222223,0.5862068965517241,-0.036993135,0.4375,0.36516535,0.53846157,-0.07817136,0.43589744,0.07692307692307693,0.07692307692307693,-0.2743467,-0.80019057,0.49073714
2021_14_LV_KC,2021,14,KC,LV,0.38497272,0.5873016,0.5745735,0.07687149,0.07936507936507936,0.07692307692307693,63,0.082421444,0.5,0.5,0.6499164,0.9,1.2036409,0.8235294,-0.251106,0.421875,0.0,0.125,-0.36327484,0.32236496,0.14949706
2021_14_LV_KC,2021,14,LV,KC,-0.251106,0.421875,-0.16235565,-0.5992804,0.0,0.0784313725490196,64,-0.36327484,0.38,0.45454545454545453,0.32236496,0.5,0.14949706,0.5714286,0.38497272,0.5873016,0.07936507936507936,0.06349206349206349,0.082421444,0.6499164,1.2036409
2021_14_NO_NYJ,2021,14,NO,NYJ,0.14736202,0.47142857,0.22459257,0.09587499,0.08571428571428572,0.10714285714285714,70,0.027825596,0.4814815,0.4358974358974359,-0.0082444195,0.26666668,0.55079746,0.4375,-0.27854508,0.27272728,0.045454545454545456,0.07575757575757576,-0.20453091,-0.91257983,-0.47591624
2021_14_NO_NYJ,2021,14,NYJ,NO,-0.27854508,0.27272728,-0.29591295,-0.20773765,0.045454545454545456,0.05660377358490566,66,-0.20453091,0.27083334,0.6129032258064516,-0.91257983,0.0,-0.47591624,0.2777778,0.14736202,0.47142857,0.08571428571428572,0.04285714285714286,0.027825596,-0.0082444195,0.55079746
2021_14_NYG_LAC,2021,14,LAC,NYG,0.22348894,0.5217391,0.4643267,-0.039243136,0.08695652173913043,0.05555555555555555,69,0.1077383,0.5,0.4827586206896552,-0.0018239074,0.5217391,0.72210705,0.61538464,-0.04429855,0.49275362,0.043478260869565216,0.10144927536231885,0.041128963,0.86958486,-0.32876104
2021_14_NYG_LAC,2021,14,NYG,LAC,-0.04429855,0.49275362,-0.24647346,0.29006767,0.043478260869565216,0.046511627906976744,69,0.041128963,0.5294118,0.6,0.86958486,0.71428573,-0.32876104,0.375,0.22348894,0.5217391,0.08695652173913043,0.08695652173913043,0.1077383,-0.0018239074,0.72210705
2021_14_PIT_MIN,2021,14,MIN,PIT,-0.008049149,0.42857143,-0.2383297,0.20943801,0.12857142857142856,0.0,70,0.08432945,0.43636364,0.5333333333333333,-0.15002935,0.30769232,-0.34677073,0.4,-0.038492236,0.4520548,0.0958904109589041,0.0958904109589041,-0.09975354,0.3109596,0.1453387
2021_14_PIT_MIN,2021,14,PIT,MIN,-0.038492236,0.4520548,-0.021763181,-0.07485977,0.0958904109589041,0.1,73,-0.09975354,0.42592594,0.5,0.3109596,0.54545456,0.1453387,0.5294118,-0.008049149,0.42857143,0.12857142857142856,0.08571428571428572,0.08432945,-0.15002935,-0.34677073
2021_14_SEA_HOU,2021,14,HOU,SEA,-0.14809118,0.4625,-0.0958801,-0.26991707,0.025,0.03571428571428571,80,0.015685797,0.5,0.5476190476190477,-0.43103993,0.375,-0.7122119,0.33333334,0.3301407,0.47540984,0.18032786885245902,0.01639344262295082,0.241178,0.19210812,0.59617054
2021_14_SEA_HOU,2021,14,SEA,HOU,0.3301407,0.47540984,0.52904636,0.09571622,0.18032786885245902,0.0,61,0.241178,0.42553192,0.5151515151515151,0.19210812,0.625,0.59617054,0.61538464,-0.14809118,0.4625,0.025,0.05,0.015685797,-0.43103993,-0.7122119
2021_14_SF_CIN,2021,14,CIN,SF,0.12892486,0.42424244,0.28098565,-0.13718149,0.12121212121212122,0.11904761904761904,66,0.17708032,0.44230768,0.5,-0.2172643,0.2,-0.049938288,0.35714287,0.08613099,0.4084507,0.09859154929577464,0.14084507042253522,0.17138314,0.2633354,-0.20692326
2021_14_SF_CIN,2021,14,SF,CIN,0.08613099,0.4084507,0.09346946,0.06978622,0.09859154929577464,0.10204081632653061,71,0.17138314,0.4,0.5909090909090909,0.2633354,0.2857143,-0.20692326,0.4375,0.12892486,0.42424244,0.12121212121212122,0.10606060606060606,0.17708032,-0.2172643,-0.049938288
2021_15_ARI_DET,2021,15,ARI,DET,-0.17105335,0.4189189,-0.25279984,0.06558131,0.0945945945945946,0.03636363636363636,74,-0.07648544,0.42592594,0.5,-1.0254817,0.06666667,-0.39898595,0.42105263,0.080900975,0.46153846,0.07692307692307693,0.07692307692307693,-0.067004345,0.10225445,0.57391864
2021_15_ARI_DET,2021,15,DET,ARI,0.080900975,0.46153846,0.566272,-0.33513138,0.07692307692307693,0.06666666666666667,65,-0.067004345,0.38,0.5294117647058824,0.10225445,0.5,0.57391864,0.73333335,-0.17105335,0.4189189,0.0945945945945946,0.04054054054054054,-0.07648544,-1.0254817,-0.39898595
2021_15_ATL_SF,2021,15,ATL,SF,-0.20022693,0.33898306,-0.12525778,-0.35805672,0.06779661016949153,0.075,59,0.07780394,0.33333334,0.5652173913043478,-0.63867587,0.2857143,-0.88712674,0.3529412,0.3135482,0.50877196,0.19298245614035087,0.05263157894736842,0.26550165,0.43896982,0.49372277
2021_15_ATL_SF,2021,15,SF,ATL,0.3135482,0.50877196,0.5340281,0.14129831,0.19298245614035087,0.0,57,0.26550165,0.4888889,0.5,0.43896982,0.45454547,0.49372277,0.5833333,-0.20022693,0.33898306,0.06779661016949153,0.1694915254237288,0.07780394,-0.63867587,-0.88712674
2021_15_CAR_BUF,2021,15,BUF,CAR,0.07870952,0.45588234,0.22717187,-0.1611143,0.07352941176470588,0.09523809523809523,68,-0.10602841,0.40384614,0.7307692307692307,0.7890242,0.41666666,0.6791077,0.625,-0.1489248,0.40789473,0.05263157894736842,0.07894736842105263,-0.07762074,-0.40125075,-0.3358185
2021_15_CAR_BUF,2021,15,CAR,BUF,-0.1489248,0.40789473,-0.2348419,-0.0016383423,0.05263157894736842,0.08333333333333333,76,-0.07762074,0.40384614,0.2857142857142857,-0.40125075,0.375,-0.3358185,0.4090909,0.07870952,0.45588234,0.07352941176470588,0.08823529411764706,-0.10602841,0.7890242,0.6791077
2021_15_CIN_DEN,2021,15,CIN,DEN,-0.04896172,0.34615386,-0.028801896,-0.07872145,0.057692307692307696,0.0967741935483871,52,-0.018768169,0.34210527,0.5333333333333333,-0.75288486,0.0,-0.06813991,0.3846154,-0.12950033,0.42666668,0.09333333333333334,0.08,-0.14121027,-2.7033901,-0.094986804
2021_15_CIN_DEN,2021,15,DEN,CIN,-0.12950033,0.42666668,-0.13711058,-0.11981457,0.09333333333333334,0.07142857142857142,75,-0.14121027,0.4107143,0.5128205128205128,-2.7033901,0.0,-0.094986804,0.47368422,-0.04896172,0.34615386,0.057692307692307696,0.11538461538461539,-0.018768169,-0.75288486,-0.06813991
2021_15_DAL_NYG,2021,15,DAL,NYG,0.036510993,0.47826087,0.02101467,0.05920201,0.07246376811594203,0.07317073170731707,69,0.015798882,0.45454547,0.5333333333333333,-0.036188304,0.33333334,0.11787998,0.5714286,-0.30035958,0.36507937,0.047619047619047616,0.06349206349206349,-0.33333656,-1.2775775,-0.2179171
2021_15_DAL_NYG,2021,15,NYG,DAL,-0.30035958,0.36507937,-0.361448,-0.20750518,0.047619047619047616,0.02631578947368421,63,-0.33333656,0.31111112,0.14285714285714285,-1.2775775,0.0,-0.2179171,0.5,0.036510993,0.47826087,0.07246376811594203,0.08695652173913043,0.015798882,-0.036188304,0.11787998
2021_15_GB_BAL,2021,15,BAL,GB,0.2047198,0.49275362,0.18401384,0.26805565,0.07246376811594203,0.019230769230769232,69,0.19330582,0.49019608,0.59375,0.24398103,0.42307693,0.30670995,0.5294118,0.3856375,0.6166667,0.1,0.05,0.31525788,0.45555204,0.73753566
2021_15_GB_BAL,2021,15,GB,BAL,0.3856375,0.6166667,0.57999575,0.024686428,0.1,0.07692307692307693,60,0.31525788,0.62,0.5609756097560976,0.45555204,0.53846157,0.73753566,0.6,0.2047198,0.49275362,0.07246376811594203,0.028985507246376812,0.19330582,0.24398103,0.30670995
2021_15_HOU_JAX,2021,15,HOU,JAX,-0.046404686,0.33898306,0.113015175,-0.22290526,0.05084745762711865,0.03225806451612903,59,-0.29585707,0.2195122,0.42857142857142855,-0.6934578,0.0,0.5217924,0.6111111,-0.09532525,0.3768116,0.07246376811594203,0.057971014492753624,0.016506517,-0.18832451,-0.41218194
2021_15_HOU_JAX,2021,15,JAX,HOU,-0.09532525,0.3768116,-0.14466546,-0.008486483,0.07246376811594203,0.06818181818181818,69,0.016506517,0.4117647,0.35714285714285715,-0.18832451,0.375,-0.41218194,0.2777778,-0.046404686,0.33898306,0.05084745762711865,0.05084745762711865,-0.29585707,-0.6934578,0.5217924
2021_15_KC_LAC,2021,15,KC,LAC,0.18914092,0.4857143,0.25728264,-0.02330089,0.12857142857142856,0.018867924528301886,70,0.17208345,0.4642857,0.6666666666666666,-0.1785574,0.42105263,0.19616857,0.53846157,-0.002961616,0.48101267,0.0759493670886076,0.0379746835443038,0.0949098,-0.19641544,-0.33463696
2021_15_KC_LAC,2021,15,LAC,KC,-0.002961616,0.48101267,-0.032909557,0.03280956,0.0759493670886076,0.0,79,0.0949098,0.47540984,0.5483870967741935,-0.19641544,0.4827586,-0.33463696,0.5,0.18914092,0.4857143,0.12857142857142856,0.07142857142857142,0.17208345,-0.1785574,0.19616857
2021_15_LV_CLE,2021,15,CLE,LV,-0.024576955,0.34545454,0.10495815,-0.18001908,0.05454545454545454,0.0,55,-0.15155669,0.3,0.5,0.50667363,0.2857143,0.31403562,0.46666667,-0.015534548,0.49275362,0.014492753623188406,0.028985507246376812,-0.17614734,0.10935045,0.56267154
2021_15_LV_CLE,2021,15,LV,CLE,-0.015534548,0.49275362,0.034498572,-0.093363866,0.014492753623188406,0.047619047619047616,69,-0.17614734,0.46296296,0.4722222222222222,0.10935045,0.33333334,0.56267154,0.6,-0.024576955,0.34545454,0.05454545454545454,0.07272727272727272,-0.15155669,0.50667363,0.31403562
2021_15_MIN_CHI,2021,15,CHI,MIN,-0.16893688,0.45070422,0.016597757,-0.5322755,0.08450704225352113,0.06382978723404255,71,-0.07941962,0.4814815,0.2857142857142857,-0.7394034,0.21428572,-0.45328587,0.3529412,-0.059546974,0.36507937,0.06349206349206349,0.1111111111111111,-0.18080221,0.21581075,0.22125463
2021_15_MIN_CHI,2021,15,MIN,CHI,-0.059546974,0.36507937,-0.13251409,0.011139944,0.06349206349206349,0.12903225806451613,63,-0.18080221,0.3409091,0.42857142857142855,0.21581075,0.33333334,0.22125463,0.42105263,-0.16893688,0.45070422,0.08450704225352113,0.09859154929577464,-0.07941962,-0.7394034,-0.45328587
2021_15_NE_IND,2021,15,IND,NE,0.0027400875,0.42,-0.4823246,0.19137637,0.1,0.07142857142857142,50,0.12298545,0.43243244,0.3333333333333333,-0.19942662,0.3846154,-0.33949673,0.3846154,-0.10161984,0.42647058,0.07352941176470588,0.07352941176470588,0.04101078,-0.3796988,-0.46945667
2021_15_NE_IND,2021,15,NE,IND,-0.10161984,0.42647058,-0.010325427,-0.33706325,0.07352941176470588,0.02040816326530612,68,0.04101078,0.40816328,0.4,-0.3796988,0.2,-0.46945667,0.47368422,0.0027400875,0.42,0.1,0.02,0.12298545,-0.19942662,-0.33949673
2021_15_NO_TB,2021,15,NO,TB,-0.2959901,0.32786885,-0.14080934,-0.44616506,0.03278688524590164,0.06666666666666667,61,-0.21065411,0.37777779,0.40625,-0.5814318,0.0,-0.5359976,0.1875,-0.2703377,0.36486486,0.05405405405405406,0.0945945945945946,-0.08505063,,-0.7379669
2021_15_NO_TB,2021,15,TB,NO,-0.2703377,0.36486486,-0.33701804,-0.09030072,0.05405405405405406,0.07407407407407407,74,-0.08505063,0.35849056,0.5641025641025641,,,-0.7379669,0.3809524,-0.2959901,0.32786885,0.03278688524590164,0.04918032786885246,-0.21065411,-0.5814318,-0.5359976
2021_15_NYJ_MIA,2021,15,MIA,NYJ,-0.016871465,0.47826087,0.03400866,-0.060875885,0.13043478260869565,0.03125,69,-0.057151284,0.4814815,0.375,0.32886267,0.5,0.1281359,0.46666667,-0.15533124,0.39285713,0.10714285714285714,0.14285714285714285,-0.113566235,0.169764,-0.30846956
2021_15_NYJ_MIA,2021,15,NYJ,MIA,-0.15533124,0.39285713,-0.32611784,0.12931311,0.10714285714285714,0.17142857142857143,56,-0.113566235,0.4090909,0.53125,0.169764,0.5,-0.30846956,0.33333334,-0.016871465,0.47826087,0.13043478260869565,0.057971014492753624,-0.057151284,0.32886267,0.1281359
2021_15_SEA_LA,2021,15,LA,SEA,-0.04101137,0.3809524,-0.0035023175,-0.094389625,0.12698412698412698,0.10810810810810811,63,-0.15658952,0.34042552,0.5555555555555556,-0.15700343,0.25,0.29849944,0.5,-0.20213547,0.40350878,0.05263157894736842,0.10526315789473684,-0.08240083,0.061056674,-0.56989187
2021_15_SEA_LA,2021,15,SEA,LA,-0.20213547,0.40350878,-0.256312,-0.10926141,0.05263157894736842,0.08333333333333333,57,-0.08240083,0.39534885,0.4375,0.061056674,0.5,-0.56989187,0.42857143,-0.04101137,0.3809524,0.12698412698412698,0.09523809523809523,-0.15658952,-0.15700343,0.29849944
2021_15_TEN_PIT,2021,15,PIT,TEN,-0.1593605,0.41666666,-0.14513278,-0.1878159,0.020833333333333332,0.09375,48,-0.0050409646,0.4864865,0.6666666666666666,-0.11005503,0.33333334,-0.67843527,0.18181819,-0.22487018,0.4375,0.0625,0.1,-0.15173084,-0.23196024,-0.44428825
2021_15_TEN_PIT,2021,15,TEN,PIT,-0.22487018,0.4375,-0.46081454,-0.00043531015,0.0625,0.10256410256410256,80,-0.15173084,0.41666666,0.5151515151515151,-0.23196024,0.3888889,-0.44428825,0.5,-0.1593605,0.41666666,0.020833333333333332,0.08333333333333333,-0.0050409646,-0.11005503,-0.67843527
2021_15_WAS_PHI,2021,15,PHI,WAS,0.1089844,0.5070422,0.15350467,0.070322044,0.1267605633802817,0.09090909090909091,71,0.120968714,0.5,0.4411764705882353,-0.3035129,0.5833333,0.064242914,0.53333336,-0.08490469,0.38181818,0.07272727272727272,0.12727272727272726,-0.08914803,0.10829261,-0.07358916
2021_15_WAS_PHI,2021,15,WAS,PHI,-0.08490469,0.38181818,-0.012103908,-0.20277262,0.07272727272727272,0.058823529411764705,55,-0.08914803,0.35,0.5652173913043478,0.10829261,0.5555556,-0.07358916,0.46666667,0.1089844,0.5070422,0.1267605633802817,0.04225352112676056,0.120968714,-0.3035129,0.064242914
2021_16_BAL_CIN,2021,16,BAL,CIN,0.08845457,0.47457626,0.32024023,-0.59145004,0.03389830508474576,0.022727272727272728,59,0.101416424,0.4680851,0.6666666666666666,0.7390875,0.7777778,0.0376873,0.5,0.44767064,0.48,0.10666666666666667,0.08,0.25685883,0.13916449,1.3576964
2021_16_BAL_CIN,2021,16,CIN,BAL,0.44767064,0.48,0.6370486,-0.07311864,0.10666666666666667,0.05454545454545454,75,0.25685883,0.46774194,0.6875,0.13916449,0.3181818,1.3576964,0.53846157,0.08845457,0.47457626,0.03389830508474576,0.0847457627118644,0.101416424,0.7390875,0.0376873
2021_16_BUF_NE,2021,16,BUF,NE,0.27366427,0.5194805,0.42199823,-0.03487041,0.03896103896103896,0.0,77,0.19030844,0.51666665,0.6206896551724138,-0.042187065,0.33333334,0.6625401,0.5625,0.10285774,0.46031746,0.07936507936507936,0.06349206349206349,0.008042073,0.68262845,0.3594178
2021_16_BUF_NE,2021,16,NE,BUF,0.10285774,0.46031746,-0.020500345,0.30331463,0.07936507936507936,0.02564102564102564,63,0.008042073,0.45652175,0.5294117647058824,0.68262845,0.6666667,0.3594178,0.47058824,0.27366427,0.5194805,0.03896103896103896,0.05194805194805195,0.19030844,-0.042187065,0.6625401
2021_16_CHI_SEA,2021,16,CHI,SEA,0.1114795,0.4520548,0.25635993,-0.09618241,0.0547945205479452,0.09302325581395349,73,0.03021843,0.42592594,0.30434782608695654,0.022772187,0.39130434,0.30295604,0.5,0.12109127,0.39285713,0.10714285714285714,0.10714285714285714,0.21563621,-0.078587815,-0.22557348
2021_16_CHI_SEA,2021,16,SEA,CHI,0.12109127,0.39285713,0.058226343,0.20491119,0.10714285714285714,0.0625,56,0.21563621,0.38636363,0.4482758620689655,-0.078587815,0.25,-0.22557348,0.41666666,0.1114795,0.4520548,0.0547945205479452,0.1232876712328767,0.03021843,0.022772187,0.30295604
2021_16_CLE_GB,2021,16,CLE,GB,0.13646661,0.53731346,-0.028516946,0.45208737,0.16417910447761194,0.11363636363636363,67,0.096532404,0.509434,0.6521739130434783,0.09945077,0.5,0.3826189,0.6923077,0.14812082,0.4827586,0.06896551724137931,0.06896551724137931,0.1497443,0.31165946,0.14118412
2021_16_CLE_GB,2021,16,GB,CLE,0.14812082,0.4827586,0.14398448,0.15441522,0.06896551724137931,0.0,58,0.1497443,0.5106383,0.6785714285714286,0.31165946,0.46666667,0.14118412,0.36363637,0.13646661,0.53731346,0.16417910447761194,0.08955223880597014,0.096532404,0.09945077,0.3826189
2021_16_DEN_LV,2021,16,DEN,LV,-0.20570005,0.2857143,-0.057545025,-0.47237912,0.047619047619047616,0.07407407407407407,42,-0.19579206,0.26666668,0.5,1.0933222,1.0,-0.23047002,0.33333334,-0.06864157,0.4923077,0.07692307692307693,0.046153846153846156,-0.09551894,0.08404723,0.038867906
2021_16_DEN_LV,2021,16,LV,DEN,-0.06864157,0.4923077,-0.06271962,-0.07371753,0.07692307692307693,0.06666666666666667,65,-0.09551894,0.46153846,0.43902439024390244,0.08404723,0.5,0.038867906,0.61538464,-0.20570005,0.2857143,0.047619047619047616,0.07142857142857142,-0.19579206,1.0933222,-0.23047002
2021_16_DET_ATL,2021,16,ATL,DET,0.041975584,0.42222223,0.2096371,-0.20951673,0.022222222222222223,0.1111111111111111,45,0.14331557,0.44444445,0.5806451612903226,0.72125185,0.6,-0.36338443,0.33333334,0.08526056,0.42647058,0.10294117647058823,0.029411764705882353,-0.09066414,-0.43243378,0.50747985
2021_16_DET_ATL,2021,16,DET,ATL,0.08526056,0.42647058,0.14171398,0.025385723,0.10294117647058823,0.0,68,-0.09066414,0.39583334,0.45454545454545453,-0.43243378,0.30769232,0.50747985,0.5,0.041975584,0.42222223,0.022222222222222223,0.08888888888888889,0.14331557,0.72125185,-0.36338443
2021_16_IND_ARI,2021,16,ARI,IND,0.04133525,0.46153846,-0.069142096,0.27281162,0.07692307692307693,0.0,65,0.12728219,0.46938777,0.5384615384615384,-0.13526557,0.42857143,-0.22187722,0.4375,0.05692633,0.36764705,0.10294117647058823,0.10294117647058823,-0.024407627,-0.012837847,0.32126167
2021_16_IND_ARI,2021,16,IND,ARI,0.05692633,0.36764705,0.2568689,-0.18171482,0.10294117647058823,0.05405405405405406,68,-0.024407627,0.32692307,0.46511627906976744,-0.012837847,0.33333334,0.32126167,0.5,0.04133525,0.46153846,0.07692307692307693,0.0,0.12728219,-0.13526557,-0.22187722
2021_16_JAX_NYJ,2021,16,JAX,NYJ,0.14809318,0.53424656,0.22528368,0.02403708,0.0547945205479452,0.022222222222222223,73,0.1054418,0.53571427,0.5384615384615384,-0.2781631,0.35714287,0.45333752,0.6,0.14506944,0.4915254,0.15254237288135594,0.03389830508474576,0.08559173,-0.48253727,0.29201436
2021_16_JAX_NYJ,2021,16,NYJ,JAX,0.14506944,0.4915254,0.3179769,0.00883932,0.15254237288135594,0.038461538461538464,59,0.08559173,0.52380955,0.34615384615384615,-0.48253727,0.29411766,0.29201436,0.4117647,0.14809318,0.53424656,0.0547945205479452,0.0547945205479452,0.1054418,-0.2781631,0.45333752
2021_16_LAC_HOU,2021,16,HOU,LAC,0.31146383,0.46268657,0.60095394,0.0767421,0.13432835820895522,0.03333333333333333,67,0.22162321,0.42592594,0.3902439024390244,0.17929618,0.45454547,0.684648,0.61538464,0.0660207,0.5967742,0.08064516129032258,0.016129032258064516,-0.0514563,0.2283815,0.834122
2021_16_LAC_HOU,2021,16,LAC,HOU,0.0660207,0.5967742,0.22694688,-0.3273544,0.08064516129032258,0.022727272727272728,62,-0.0514563,0.6,0.5483870967741935,0.2283815,0.45454547,0.834122,0.6666667,0.31146383,0.46268657,0.13432835820895522,0.029850746268656716,0.22162321,0.17929618,0.684648
2021_16_LA_MIN,2021,16,LA,MIN,-0.04217988,0.46376812,-0.23706378,0.19671007,0.08695652173913043,0.0,69,-0.1308596,0.44444445,0.5588235294117647,-0.080821544,0.3125,0.27706715,0.53333336,-0.061167013,0.38709676,0.0967741935483871,0.08064516129032258,0.07122628,-0.5372358,-0.5601879
2021_16_LA_MIN,2021,16,MIN,LA,-0.061167013,0.38709676,0.055404197,-0.32498607,0.0967741935483871,0.06976744186046512,62,0.07122628,0.42857143,0.5294117647058824,-0.5372358,0.35714287,-0.5601879,0.23076923,-0.04217988,0.46376812,0.08695652173913043,0.07246376811594203,-0.1308596,-0.080821544,0.27706715
2021_16_MIA_NO,2021,16,MIA,NO,-0.10118683,0.3846154,0.042457074,-0.25873175,0.046153846153846156,0.08823529411764706,65,-0.017197572,0.39583334,0.5333333333333333,-0.3050589,0.44444445,-0.33833295,0.3529412,-0.660901,0.25,0.057692307692307696,0.23076923076923078,-0.2276219,-0.70745593,-1.7296562
2021_16_MIA_NO,2021,16,NO,MIA,-0.660901,0.25,-0.9898308,-0.17533799,0.057692307692307696,0.25806451612903225,52,-0.2276219,0.2972973,0.6,-0.70745593,0.5,-1.7296562,0.13333334,-0.10118683,0.3846154,0.046153846153846156,0.07692307692307693,-0.017197572,-0.3050589,-0.33833295
2021_16_NYG_PHI,2021,16,NYG,PHI,-0.34372115,0.34210527,-0.38591072,-0.24650167,0.013157894736842105,0.03773584905660377,76,-0.5737596,0.24528302,0.5357142857142857,0.43698305,0.6,0.18636753,0.5652174,-0.003424743,0.3968254,0.09523809523809523,0.07936507936507936,0.04538082,0.15498778,-0.15960254
2021_16_NYG_PHI,2021,16,PHI,NYG,-0.003424743,0.3968254,0.028094249,-0.03596046,0.09523809523809523,0.03125,63,0.04538082,0.41666666,0.5483870967741935,0.15498778,0.5,-0.15960254,0.33333334,-0.34372115,0.34210527,0.013157894736842105,0.06578947368421052,-0.5737596,0.43698305,0.18636753
2021_16_PIT_KC,2021,16,KC,PIT,0.21121708,0.49275362,0.5004687,-0.05393022,0.057971014492753624,0.06060606060606061,69,0.23226453,0.5090909,0.625,0.086755306,0.36842105,0.12853055,0.42857143,-0.20592985,0.43661973,0.04225352112676056,0.04225352112676056,-0.3347382,-0.32254913,0.17333926
2021_16_PIT_KC,2021,16,PIT,KC,-0.20592985,0.43661973,-0.25666162,-0.10658013,0.04225352112676056,0.0425531914893617,71,-0.3347382,0.41509435,0.6,-0.32254913,0.11111111,0.17333926,0.5,0.21121708,0.49275362,0.057971014492753624,0.043478260869565216,0.23226453,0.086755306,0.12853055
2021_16_SF_TEN,2021,16,SF,TEN,0.039401047,0.43333334,0.032548636,0.052126985,0.06666666666666667,0.05128205128205128,60,0.06262329,0.46938777,0.5333333333333333,-0.7533888,0.42857143,-0.064043455,0.27272728,0.00840437,0.37096775,0.06451612903225806,0.12903225806451613,-0.27731946,0.48296985,0.8298604
2021_16_SF_TEN,2021,16,TEN,SF,0.00840437,0.37096775,0.21558975,-0.29823,0.06451612903225806,0.10810810810810811,62,-0.27731946,0.2826087,0.5384615384615384,0.48296985,0.6666667,0.8298604,0.625,0.039401047,0.43333334,0.06666666666666667,0.05,0.06262329,-0.7533888,-0.064043455
2021_16_TB_CAR,2021,16,CAR,TB,-0.30537638,0.31428573,-0.35686597,-0.116581134,0.02857142857142857,0.12727272727272726,70,-0.19816838,0.2857143,0.5,-0.75268054,0.083333336,-0.55552834,0.3809524,0.18758313,0.43283582,0.1044776119402985,0.029850746268656716,0.15025237,0.13724501,0.40728194
2021_16_TB_CAR,2021,16,TB,CAR,0.18758313,0.43283582,0.28942758,0.07619083,0.1044776119402985,0.0,67,0.15025237,0.42307693,0.5,0.13724501,0.4,0.40728194,0.5,-0.30537638,0.31428573,0.02857142857142857,0.15714285714285714,-0.19816838,-0.75268054,-0.55552834
2021_16_WAS_DAL,2021,16,DAL,WAS,0.34290922,0.5,0.5530195,-0.0520982,0.08333333333333333,0.06382978723404255,72,0.17125891,0.4642857,0.7368421052631579,0.8469166,0.625,0.94368523,0.625,-0.292886,0.33898306,0.1016949152542373,0.15254237288135594,-0.07664953,0.7155125,-0.87402153
2021_16_WAS_DAL,2021,16,WAS,DAL,-0.292886,0.33898306,-0.40802187,-0.050494716,0.1016949152542373,0.125,59,-0.07664953,0.3488372,0.8,0.7155125,0.6666667,-0.87402153,0.3125,0.34290922,0.5,0.08333333333333333,0.06944444444444445,0.17125891,0.8469166,0.94368523
2021_17_ARI_DAL,2021,17,ARI,DAL,0.16120493,0.45945945,0.27451295,-0.024943957,0.12162162162162163,0.021739130434782608,74,-0.014259714,0.42592594,0.6363636363636364,0.010360443,0.46153846,0.71822053,0.57894737,0.040045194,0.5,0.046875,0.09375,-0.010926244,0.6196103,0.11119853
2021_17_ARI_DAL,2021,17,DAL,ARI,0.040045194,0.5,0.19416116,-0.46340027,0.046875,0.02040816326530612,64,-0.010926244,0.51111114,0.6,0.6196103,0.75,0.11119853,0.44444445,0.16120493,0.45945945,0.12162162162162163,0.05405405405405406,-0.014259714,0.010360443,0.71822053
2021_17_ATL_BUF,2021,17,ATL,BUF,-0.13786079,0.4716981,-0.28639042,0.10721312,0.09433962264150944,0.15151515151515152,53,0.0181049,0.52272725,0.6190476190476191,-0.32982385,0.46153846,-0.9003597,0.22222222,0.10915274,0.47945204,0.0684931506849315,0.0410958904109589,0.028187465,0.19011593,0.40400693
2021_17_ATL_BUF,2021,17,BUF,ATL,0.10915274,0.47945204,-0.04823237,0.2622842,0.0684931506849315,0.027777777777777776,73,0.028187465,0.42372882,0.5405405405405406,0.19011593,0.4827586,0.40400693,0.6923077,-0.13786079,0.4716981,0.09433962264150944,0.1509433962264151,0.0181049,-0.32982385,-0.9003597
2021_17_CAR_NO,2021,17,CAR,NO,-0.25938213,0.36065573,-0.3948961,-0.06424202,0.06557377049180328,0.19444444444444445,61,-0.1918845,0.32608697,0.4375,-0.42286587,0.2,-0.46637487,0.46666667,-0.13374375,0.35185185,0.07407407407407407,0.1111111111111111,-0.0963002,-0.36205223,-0.25183484
2021_17_CAR_NO,2021,17,NO,CAR,-0.13374375,0.35185185,0.043063726,-0.39091823,0.07407407407407407,0.0625,54,-0.0963002,0.34146342,0.5294117647058824,-0.36205223,0.125,-0.25183484,0.3846154,-0.25938213,0.36065573,0.06557377049180328,0.14754098360655737,-0.1918845,-0.42286587,-0.46637487
2021_17_CLE_PIT,2021,17,CLE,PIT,-0.18694279,0.29577464,-0.20120989,-0.15056166,0.07042253521126761,0.17647058823529413,71,-0.1353899,0.2857143,0.5384615384615384,0.645084,0.71428573,-0.30176514,0.3181818,-0.073471546,0.3375,0.05,0.0625,-0.10600473,-0.1636044,0.01793119
2021_17_CLE_PIT,2021,17,PIT,CLE,-0.073471546,0.3375,-0.32378265,0.34371364,0.05,0.04,80,-0.10600473,0.3220339,0.6666666666666666,-0.1636044,0.33333334,0.01793119,0.3809524,-0.18694279,0.29577464,0.07042253521126761,0.15492957746478872,-0.1353899,0.645084,-0.30176514
2021_17_DEN_LAC,2021,17,DEN,LAC,-0.10626051,0.48333332,-0.029758677,-0.20630136,0.08333333333333333,0.029411764705882353,60,0.18098338,0.53488374,0.6,-0.2872723,0.35714287,-0.8328185,0.3529412,0.15640435,0.50769234,0.046153846153846156,0.046153846153846156,0.025345992,0.05974229,0.55777055
2021_17_DEN_LAC,2021,17,LAC,DEN,0.15640435,0.50769234,0.4857873,-0.18327183,0.046153846153846156,0.0,65,0.025345992,0.46938777,0.3333333333333333,0.05974229,0.5555556,0.55777055,0.625,-0.10626051,0.48333332,0.08333333333333333,0.05,0.18098338,-0.2872723,-0.8328185
2021_17_DET_SEA,2021,17,DET,SEA,0.032634716,0.44444445,0.25739992,-0.3862459,0.09523809523809523,0.0,63,-0.11333376,0.42,0.5,0.5156463,0.46153846,0.5558062,0.5,0.40805373,0.5857143,0.12857142857142856,0.04285714285714286,0.3020915,0.77902716,0.87265724
2021_17_DET_SEA,2021,17,SEA,DET,0.40805373,0.5857143,0.5121192,0.3152386,0.12857142857142856,0.030303030303030304,70,0.3020915,0.54385966,0.4666666666666667,0.77902716,0.6666667,0.87265724,0.7692308,0.032634716,0.44444445,0.09523809523809523,0.07936507936507936,-0.11333376,0.5156463,0.5558062
2021_17_HOU_SF,2021,17,HOU,SF,-0.18267171,0.41791046,-0.23365436,-0.102275975,0.029850746268656716,0.07317073170731707,67,-0.0997317,0.42857143,0.41935483870967744,-0.035473567,0.42857143,-0.40845287,0.3888889,0.04414066,0.42857143,0.14285714285714285,0.031746031746031744,0.07551564,-0.044959515,-0.056259282
2021_17_HOU_SF,2021,17,SF,HOU,0.04414066,0.42857143,0.36213192,-0.19435279,0.14285714285714285,0.037037037037037035,63,0.07551564,0.4375,0.45714285714285713,-0.044959515,0.375,-0.056259282,0.4,-0.18267171,0.41791046,0.029850746268656716,0.1044776119402985,-0.0997317,-0.035473567,-0.40845287
2021_17_JAX_NE,2021,17,JAX,NE,-0.2639957,0.38297874,-0.3357416,-0.12498815,0.0851063829787234,0.06451612903225806,47,-0.18314779,0.39473686,0.7142857142857143,-0.62394875,0.33333334,-0.60535383,0.33333334,0.40410239,0.6527778,0.06944444444444445,0.0,0.38002175,0.7183757,0.6861045
2021_17_JAX_NE,2021,17,NE,JAX,0.40410239,0.6527778,0.668587,0.13961771,0.06944444444444445,0.0,72,0.38002175,0.6557377,0.2631578947368421,0.7183757,0.7647059,0.6861045,0.7,-0.2639957,0.38297874,0.0851063829787234,0.06382978723404255,-0.18314779,-0.62394875,-0.60535383
2021_17_KC_CIN,2021,17,CIN,KC,0.3796641,0.5,0.59840226,-0.22794193,0.08823529411764706,0.08,68,0.19884644,0.46153846,0.5714285714285714,0.5352648,0.6666667,0.9673214,0.625,0.3417285,0.57377046,0.14754098360655737,0.06557377049180328,0.30341694,0.35646486,0.48318675
2021_17_KC_CIN,2021,17,KC,CIN,0.3417285,0.57377046,0.34953198,0.32686478,0.14754098360655737,0.0,61,0.30341694,0.6041667,0.6216216216216216,0.35646486,0.6363636,0.48318675,0.46153846,0.3796641,0.5,0.08823529411764706,0.14705882352941177,0.19884644,0.5352648,0.9673214
2021_17_LA_BAL,2021,17,BAL,LA,-0.032026827,0.44927537,-0.07443272,0.019954594,0.07246376811594203,0.13157894736842105,69,-0.017610233,0.44230768,0.5714285714285714,-0.3394038,0.5,-0.076124646,0.47058824,0.071430534,0.50877196,0.10526315789473684,0.07017543859649122,0.15456188,0.028926551,-0.20913061
2021_17_LA_BAL,2021,17,LA,BAL,0.071430534,0.50877196,0.16310798,-0.09817274,0.10526315789473684,0.02702702702702703,57,0.15456188,0.5217391,0.5217391304347826,0.028926551,0.5833333,-0.20913061,0.5,-0.032026827,0.44927537,0.07246376811594203,0.08695652173913043,-0.017610233,-0.3394038,-0.076124646
2021_17_LV_IND,2021,17,IND,LV,-0.03858242,0.39655173,-0.19312629,0.15162542,0.06896551724137931,0.03125,58,0.012835447,0.4090909,0.35294117647058826,0.5635937,0.4,-0.20018141,0.35714287,0.058676813,0.46774194,0.04838709677419355,0.0967741935483871,-0.06107438,0.25927356,0.4029615
2021_17_LV_IND,2021,17,LV,IND,0.058676813,0.46774194,0.1498879,-0.0520795,0.04838709677419355,0.058823529411764705,62,-0.06107438,0.4347826,0.4,0.25927356,0.54545456,0.4029615,0.5625,-0.03858242,0.39655173,0.06896551724137931,0.1206896551724138,0.012835447,0.5635937,-0.20018141
2021_17_MIA_TEN,2021,17,MIA,TEN,-0.30773047,0.29032257,-0.34405854,-0.20328723,0.0967741935483871,0.08695652173913043,62,-0.21829435,0.2826087,0.6363636363636364,,,-0.56485933,0.3125,0.0710014,0.36507937,0.1111111111111111,0.031746031746031744,-0.043887775,0.38940886,0.38187802
2021_17_MIA_TEN,2021,17,TEN,MIA,0.0710014,0.36507937,0.18954057,0.011731829,0.1111111111111111,0.047619047619047616,63,-0.043887775,0.2826087,0.3333333333333333,0.38940886,0.5,0.38187802,0.5882353,-0.30773047,0.29032257,0.0967741935483871,0.06451612903225806,-0.21829435,,-0.56485933
2021_17_MIN_GB,2021,17,GB,MIN,0.23038709,0.5810811,0.2775927,0.15283504,0.06756756756756757,0.0,74,0.3150312,0.6,0.5652173913043478,-0.036215603,0.44444445,-0.13237341,0.5,-0.2773414,0.3148148,0.037037037037037035,0.09259259259259259,-0.12681334,2.0789912,-0.6049613
2021_17_MIN_GB,2021,17,MIN,GB,-0.2773414,0.3148148,-0.29151276,-0.21498737,0.037037037037037035,0.045454545454545456,54,-0.12681334,0.35135135,0.5555555555555556,2.0789912,1.0,-0.6049613,0.23529412,0.23038709,0.5810811,0.06756756756756757,0.04054054054054054,0.3150312,-0.036215603,-0.13237341
2021_17_NYG_CHI,2021,17,CHI,NYG,-0.13653001,0.35384616,-0.15975246,-0.096858315,0.03076923076923077,0.04878048780487805,65,-0.16417398,0.31914893,0.6,-0.10646568,0.3529412,-0.06434855,0.44444445,-0.6132216,0.375,0.017857142857142856,0.10714285714285714,-0.23696227,,-1.8577715
2021_17_NYG_CHI,2021,17,NYG,CHI,-0.6132216,0.375,-1.8466743,-0.07556266,0.017857142857142856,0.23529411764705882,56,-0.23696227,0.44186047,0.2,,,-1.8577715,0.15384616,-0.13653001,0.35384616,0.03076923076923077,0.07692307692307693,-0.16417398,-0.10646568,-0.06434855
2021_17_PHI_WAS,2021,17,PHI,WAS,0.16107377,0.48333332,0.354034,-0.019437412,0.06666666666666667,0.034482758620689655,60,0.10513191,0.47727272,0.5333333333333333,0.30040985,0.25,0.3149139,0.5,-0.008927361,0.516129,0.04838709677419355,0.06451612903225806,0.033009414,-0.94558674,-0.12949562
2021_17_PHI_WAS,2021,17,WAS,PHI,-0.008927361,0.516129,-0.06894477,0.11710918,0.04838709677419355,0.07142857142857142,62,0.033009414,0.47826087,0.5454545454545454,-0.94558674,0.16666667,-0.12949562,0.625,0.16107377,0.48333332,0.06666666666666667,0.05,0.10513191,0.30040985,0.3149139
2021_17_TB_NYJ,2021,17,NYJ,TB,0.14280757,0.44262296,0.25737852,-0.01142257,0.14754098360655737,0.02857142857142857,61,0.19769976,0.42857143,0.5277777777777778,-0.097852215,0.30769232,-0.08133557,0.5,0.24742688,0.5205479,0.136986301369863,0.0547945205479452,0.09348322,0.1878042,0.7358814
2021_17_TB_NYJ,2021,17,TB,NYJ,0.24742688,0.5205479,0.4352103,-0.1878892,0.136986301369863,0.0196078431372549,73,0.09348322,0.48214287,0.6,0.1878042,0.36363637,0.7358814,0.625,0.14280757,0.44262296,0.14754098360655737,0.06557377049180328,0.19769976,-0.097852215,-0.08133557
2021_18_CAR_TB,2021,18,CAR,TB,-0.20114306,0.3943662,-0.16737264,-0.28725767,0.07042253521126761,0.0392156862745098,71,-0.13377462,0.4117647,0.6,0.10236935,0.45454547,-0.3729326,0.35,0.29629102,0.47457626,0.13559322033898305,0.03389830508474576,0.36333743,0.6878683,0.03369275
2021_18_CAR_TB,2021,18,TB,CAR,0.29629102,0.47457626,0.3918067,0.09520543,0.13559322033898305,0.025,59,0.36333743,0.4893617,0.7096774193548387,0.6878683,0.6,0.03369275,0.41666666,-0.20114306,0.3943662,0.07042253521126761,0.08450704225352113,-0.13377462,0.10236935,-0.3729326
2021_18_CHI_MIN,2021,18,CHI,MIN,-0.25530183,0.42682928,-0.32915944,-0.07681257,0.036585365853658534,0.1206896551724138,82,0.012209308,0.43333334,0.5652173913043478,-1.0509894,0.44444445,-1.0819193,0.3809524,0.07758329,0.40425533,0.1702127659574468,0.14893617021276595,-0.15261169,-1.0622748,0.67963177
2021_18_CHI_MIN,2021,18,MIN,CHI,0.07758329,0.40425533,0.27151155,-0.16251837,0.1702127659574468,0.11538461538461539,47,-0.15261169,0.3529412,0.375,-1.0622748,0.0,0.67963177,0.53846157,-0.25530183,0.42682928,0.036585365853658534,0.12195121951219512,0.012209308,-1.0509894,-1.0819193
2021_18_CIN_CLE,2021,18,CIN,CLE,-0.1517535,0.2962963,-0.25693306,0.04199835,0.09259259259259259,0.11428571428571428,54,-0.35274902,0.21621622,0.5,0.017241133,0.33333334,0.3627516,0.5,-0.007974872,0.52307695,0.12307692307692308,0.046153846153846156,0.01890738,-0.32093495,-0.11550388
2021_18_CIN_CLE,2021,18,CLE,CIN,-0.007974872,0.52307695,-0.11337737,0.06691637,0.12307692307692308,0.037037037037037035,65,0.01890738,0.53846157,0.4594594594594595,-0.32093495,0.30769232,-0.11550388,0.46153846,-0.1517535,0.2962963,0.09259259259259259,0.1111111111111111,-0.35274902,0.017241133,0.3627516
2021_18_DAL_PHI,2021,18,DAL,PHI,0.6177368,0.59322035,0.8333009,0.39473948,0.15254237288135594,0.03333333333333333,59,0.32353917,0.5555556,0.6071428571428571,0.6552104,0.5625,1.5633723,0.71428573,0.070401914,0.41095892,0.0958904109589041,0.0821917808219178,-0.24361587,0.03734252,0.8814643
2021_18_DAL_PHI,2021,18,PHI,DAL,0.070401914,0.41095892,0.014857591,0.15001544,0.0958904109589041,0.06976744186046512,73,-0.24361587,0.3137255,0.6451612903225806,0.03734252,0.375,0.8814643,0.6666667,0.6177368,0.59322035,0.15254237288135594,0.03389830508474576,0.32353917,0.6552104,1.5633723
2021_18_GB_DET,2021,18,DET,GB,0.15717664,0.47457626,0.38553414,-0.13266173,0.13559322033898305,0.030303030303030304,59,0.24024676,0.46666667,0.7407407407407407,0.05725547,0.4,-0.109834425,0.5,0.019824907,0.53731346,0.07462686567164178,0.08955223880597014,0.09075156,0.13750938,-0.20153487
2021_18_GB_DET,2021,18,GB,DET,0.019824907,0.53731346,-0.07048522,0.16223702,0.07462686567164178,0.0975609756097561,67,0.09075156,0.53061223,0.5,0.13750938,0.5,-0.20153487,0.5625,0.15717664,0.47457626,0.13559322033898305,0.06779661016949153,0.24024676,0.05725547,-0.109834425
2021_18_IND_JAX,2021,18,IND,JAX,-0.2940117,0.40350878,-0.27704403,-0.3374914,0.07017543859649122,0.14634146341463414,57,-0.39868996,0.3846154,0.5833333333333334,-0.36293653,0.36363637,-0.13310343,0.4117647,0.078783676,0.4375,0.046875,0.03125,-0.08679101,-0.09824732,0.57550776
2021_18_IND_JAX,2021,18,JAX,IND,0.078783676,0.4375,0.21412322,-0.13234597,0.046875,0.02564102564102564,64,-0.08679101,0.39583334,0.7419354838709677,-0.09824732,0.4117647,0.57550776,0.5625,-0.2940117,0.40350878,0.07017543859649122,0.17543859649122806,-0.39868996,-0.36293653,-0.13310343
2021_18_KC_DEN,2021,18,DEN,KC,0.03834096,0.4814815,0.31714657,-0.31016606,0.12962962962962962,0.03333333333333333,54,-0.19229335,0.45238096,0.4642857142857143,-1.7753361,0.2857143,0.845561,0.5833333,0.22403835,0.50666666,0.05333333333333334,0.06666666666666667,0.022704355,0.36280215,0.9606879
2021_18_KC_DEN,2021,18,KC,DEN,0.22403835,0.50666666,0.30668744,0.024929143,0.05333333333333334,0.018867924528301886,75,0.022704355,0.44067797,0.6981132075471698,0.36280215,0.4117647,0.9606879,0.73333335,0.03834096,0.4814815,0.12962962962962962,0.037037037037037035,-0.19229335,-1.7753361,0.845561
2021_18_LAC_LV,2021,18,LAC,LV,0.13498227,0.41935483,0.2571766,-0.2839697,0.06451612903225806,0.041666666666666664,93,0.054368634,0.4,0.5833333333333334,0.9740725,0.6363636,0.2950515,0.44444445,0.04832267,0.4177215,0.11392405063291139,0.08860759493670886,-0.09441884,-0.08231012,0.5120392
2021_18_LAC_LV,2021,18,LV,LAC,0.04832267,0.4177215,0.07831171,0.0065197456,0.11392405063291139,0.06521739130434782,79,-0.09441884,0.37931034,0.575,-0.08231012,0.3,0.5120392,0.55,0.13498227,0.41935483,0.06451612903225806,0.0967741935483871,0.054368634,0.9740725,0.2950515
2021_18_NE_MIA,2021,18,MIA,NE,0.07568409,0.4347826,0.2670728,-0.07153801,0.057971014492753624,0.03333333333333333,69,0.0020035643,0.42307693,0.3684210526315789,0.057036255,0.42857143,0.3010598,0.47058824,0.003456208,0.5967742,0.12903225806451613,0.04838709677419355,0.0053329375,0.65147245,-0.0052449484
2021_18_NE_MIA,2021,18,NE,MIA,0.003456208,0.5967742,-0.07869222,0.10994491,0.12903225806451613,0.05714285714285714,62,0.0053329375,0.5882353,0.0,0.65147245,0.7,-0.0052449484,0.6363636,0.07568409,0.4347826,0.057971014492753624,0.014492753623188406,0.0020035643,0.057036255,0.3010598
2021_18_NO_ATL,2021,18,ATL,NO,-0.2455776,0.34,-0.3534608,0.1369173,0.1,0.07692307692307693,50,-0.3268395,0.30555555,0.6923076923076923,-0.01119929,0.27272728,-0.039435294,0.46153846,0.16374184,0.47887325,0.09859154929577464,0.014084507042253521,0.06753505,-0.03448465,0.44701734
2021_18_NO_ATL,2021,18,NO,ATL,0.16374184,0.47887325,0.49036667,-0.0489441,0.09859154929577464,0.03571428571428571,71,0.06753505,0.43396226,0.4,-0.03448465,0.29411766,0.44701734,0.6111111,-0.2455776,0.34,0.1,0.16,-0.3268395,-0.01119929,-0.039435294
2021_18_NYJ_BUF,2021,18,BUF,NYJ,0.031196624,0.4177215,0.1395552,-0.18968815,0.0759493670886076,0.0,79,-0.04351087,0.38333333,0.6585365853658537,0.31474718,0.4117647,0.26711503,0.5263158,-0.5187688,0.1521739,0.06521739130434782,0.2391304347826087,-0.43713295,,-0.68748283
2021_18_NYJ_BUF,2021,18,NYJ,BUF,-0.5187688,0.1521739,-0.56843865,-0.41611782,0.06521739130434782,0.2903225806451613,46,-0.43713295,0.16129032,0.3076923076923077,,,-0.68748283,0.13333334,0.031196624,0.4177215,0.0759493670886076,0.06329113924050633,-0.04351087,0.31474718,0.26711503
2021_18_PIT_BAL,2021,18,BAL,PIT,-0.22318594,0.3888889,-0.32185817,-0.068129554,0.1111111111111111,0.06818181818181818,72,-0.13498257,0.42857143,0.55,-0.6947858,0.3,-0.53189766,0.25,-0.0770661,0.369863,0.0684931506849315,0.0273972602739726,-0.14719626,0.28645054,0.13722052
2021_18_PIT_BAL,2021,18,PIT,BAL,-0.0770661,0.369863,0.03906455,-0.27491832,0.0684931506849315,0.021739130434782608,73,-0.14719626,0.34545454,0.42857142857142855,0.28645054,0.375,0.13722052,0.44444445,-0.22318594,0.3888889,0.1111111111111111,0.09722222222222222,-0.13498257,-0.6947858,-0.53189766
2021_18_SEA_ARI,2021,18,ARI,SEA,-0.08197927,0.44155845,-0.13370231,0.025604688,0.06493506493506493,0.09615384615384616,77,-0.09437179,0.4181818,0.6857142857142857,-0.0267652,0.3846154,-0.050997984,0.5,0.15702172,0.4385965,0.17543859649122806,0.12280701754385964,-0.0009798035,0.26840544,0.69179606
2021_18_SEA_ARI,2021,18,SEA,ARI,0.15702172,0.4385965,0.13413583,0.180725,0.17543859649122806,0.034482758620689655,57,-0.0009798035,0.38636363,0.43243243243243246,0.26840544,0.44444445,0.69179606,0.61538464,-0.08197927,0.44155845,0.06493506493506493,0.07792207792207792,-0.09437179,-0.0267652,-0.050997984
2021_18_SF_LA,2021,18,LA,SF,0.05541756,0.3846154,0.35688633,-0.36887184,0.07692307692307693,0.13157894736842105,65,-0.31194654,0.26086956,0.4,0.23424664,0.35714287,0.9448254,0.68421054,0.10114664,0.5147059,0.16176470588235295,0.08823529411764706,-0.020139582,0.3743605,0.56896496
2021_18_SF_LA,2021,18,SF,LA,0.10114664,0.5147059,0.1675241,0.030746294,0.16176470588235295,0.08571428571428572,68,-0.020139582,0.4814815,0.1875,0.3743605,0.375,0.56896496,0.64285713,0.05541756,0.3846154,0.07692307692307693,0.16923076923076924,-0.31194654,0.23424664,0.9448254
2021_18_TEN_HOU,2021,18,HOU,TEN,0.1817228,0.4642857,0.23771966,0.053259473,0.16071428571428573,0.05128205128205128,56,0.16420911,0.4651163,0.4666666666666667,0.18006457,0.5714286,0.17187382,0.41666666,0.27209672,0.43283582,0.13432835820895522,0.1044776119402985,0.061413746,0.7810673,1.0696822
2021_18_TEN_HOU,2021,18,TEN,HOU,0.27209672,0.43283582,0.6410793,-0.13147803,0.13432835820895522,0.02857142857142857,67,0.061413746,0.3773585,0.4827586206896552,0.7810673,0.6,1.0696822,0.64285713,0.1817228,0.4642857,0.16071428571428573,0.05357142857142857,0.16420911,0.18006457,0.17187382
2021_18_WAS_NYG,2021,18,NYG,WAS,-0.4258634,0.28333333,-0.33377504,-0.5849251,0.03333333333333333,0.07894736842105263,60,-0.6817464,0.18421052,0.38095238095238093,-2.556099,0.0,0.016116349,0.45454547,-0.02814722,0.47457626,0.1694915254237288,0.1016949152542373,0.15126772,-0.26814756,-0.52639043
2021_18_WAS_NYG,2021,18,WAS,NYG,-0.02814722,0.47457626,-0.3567503,0.18179366,0.1694915254237288,0.13043478260869565,59,0.15126772,0.52272725,0.3870967741935484,-0.26814756,0.44444445,-0.52639043,0.35714287,-0.4258634,0.28333333,0.03333333333333333,0.15,-0.6817464,-2.556099,0.016116349
2021_19_ARI_LA,2021,19,ARI,LA,-0.39261633,0.35714287,-0.49381632,-0.16045167,0.05357142857142857,0.05128205128205128,56,-0.18553896,0.41860464,0.5,0.5957431,1.0,-1.2053748,0.083333336,0.091308184,0.38333333,0.11666666666666667,0.05,0.06268878,-0.051100243,0.18534337
2021_19_ARI_LA,2021,19,LA,ARI,0.091308184,0.38333333,0.5986349,-0.27106807,0.11666666666666667,0.04,60,0.06268878,0.3478261,0.2222222222222222,-0.051100243,0.3,0.18534337,0.5,-0.39261633,0.35714287,0.05357142857142857,0.07142857142857142,-0.18553896,0.5957431,-1.2053748
2021_19_LV_CIN,2021,19,CIN,LV,0.10421634,0.4,0.27816033,-0.15669964,0.08333333333333333,0.05555555555555555,60,0.07880685,0.38297874,0.5454545454545454,-0.12927197,0.26666668,0.19608141,0.46153846,0.046974264,0.40789473,0.06578947368421052,0.039473684210526314,-0.015586941,-0.36907408,0.21082506
2021_19_LV_CIN,2021,19,LV,CIN,0.046974264,0.40789473,0.08761656,-0.1183044,0.06578947368421052,0.04918032786885246,76,-0.015586941,0.38181818,0.5454545454545454,-0.36907408,0.16666667,0.21082506,0.47619048,0.10421634,0.4,0.08333333333333333,0.08333333333333333,0.07880685,-0.12927197,0.19608141
2021_19_NE_BUF,2021,19,BUF,NE,0.72296476,0.6792453,0.8505332,0.5565712,0.18867924528301888,0.0,53,0.6994349,0.63829786,0.8125,1.0197644,0.6666667,0.9072821,1.0,0.10847997,0.39344263,0.06557377049180328,0.08196721311475409,-0.35259467,0.30630043,1.1276976
2021_19_NE_BUF,2021,19,NE,BUF,0.10847997,0.39344263,0.17366485,-0.04723946,0.06557377049180328,0.06976744186046512,61,-0.35259467,0.2857143,0.7142857142857143,0.30630043,0.27272728,1.1276976,0.6315789,0.72296476,0.6792453,0.18867924528301888,0.018867924528301886,0.6994349,1.0197644,0.9072821
2021_19_PHI_TB,2021,19,PHI,TB,-0.11532984,0.3939394,-0.14088474,-0.035470743,0.10606060606060606,0.04,66,-0.16256095,0.39583334,0.5,1.1264929,0.6666667,-0.05069664,0.3529412,0.072508745,0.49315068,0.0410958904109589,0.0547945205479452,0.19246767,0.10132247,-0.43303245
2021_19_PHI_TB,2021,19,TB,PHI,0.072508745,0.49315068,0.22637263,-0.13595203,0.0410958904109589,0.09523809523809523,73,0.19246767,0.5423729,0.6086956521739131,0.10132247,0.5882353,-0.43303245,0.2857143,-0.11532984,0.3939394,0.10606060606060606,0.16666666666666666,-0.16256095,1.1264929,-0.05069664
2021_19_PIT_KC,2021,19,KC,PIT,0.21324469,0.53846157,0.45904252,-0.3818448,0.2153846153846154,0.06521739130434782,65,0.0058956346,0.509434,0.7272727272727273,0.6055155,0.6666667,1.1290363,0.6666667,-0.095754065,0.40298507,0.014925373134328358,0.05970149253731343,-0.1161666,0.38537097,-0.04018665
2021_19_PIT_KC,2021,19,PIT,KC,-0.095754065,0.40298507,-0.15170455,0.04559448,0.014925373134328358,0.041666666666666664,67,-0.1161666,0.36734694,0.3888888888888889,0.38537097,0.6,-0.04018665,0.5,0.21324469,0.53846157,0.2153846153846154,0.1076923076923077,0.0058956346,0.6055155,1.1290363
2021_19_SF_DAL,2021,19,DAL,SF,-0.16628575,0.3888889,-0.18335924,-0.11506532,0.06944444444444445,0.09259259259259259,72,-0.15090157,0.4,0.5,0.77133065,0.5,-0.21605806,0.3529412,-0.007391914,0.44615385,0.06153846153846154,0.06153846153846154,-0.11844298,1.1097213,0.39715126
2021_19_SF_DAL,2021,19,SF,DAL,-0.007391914,0.44615385,0.057156608,-0.053255327,0.06153846153846154,0.0,65,-0.11844298,0.43137255,0.5,1.1097213,1.0,0.39715126,0.5,-0.16628575,0.3888889,0.06944444444444445,0.16666666666666666,-0.15090157,0.77133065,-0.21605806
2021_20_BUF_KC,2021,20,BUF,KC,0.39558548,0.5,0.49963203,0.21011123,0.125,0.04878048780487805,64,0.3430231,0.46666667,0.64,0.8999927,0.5555556,0.49046844,0.5555556,0.37514547,0.5263158,0.13157894736842105,0.06578947368421052,0.28486064,0.18118449,0.7137135
2021_20_BUF_KC,2021,20,KC,BUF,0.37514547,0.5263158,0.5092227,-0.0002707988,0.13157894736842105,0.03571428571428571,76,0.28486064,0.5,0.6904761904761905,0.18118449,0.47058824,0.7137135,0.625,0.39558548,0.5,0.125,0.03125,0.3430231,0.8999927,0.49046844
2021_20_CIN_TEN,2021,20,CIN,TEN,-0.08240051,0.3968254,-0.083634265,-0.07906209,0.12698412698412698,0.1956521739130435,63,-0.07887684,0.375,0.6857142857142857,0.34788582,0.33333334,-0.09367624,0.46666667,-0.16194618,0.43396226,0.11320754716981132,0.09433962264150944,0.09673904,-0.9674133,-1.3106583
2021_20_CIN_TEN,2021,20,TEN,CIN,-0.16194618,0.43396226,-0.22024877,-0.10140114,0.11320754716981132,0.037037037037037035,53,0.09673904,0.5116279,0.5,-0.9674133,0.6,-1.3106583,0.11111111,-0.08240051,0.3968254,0.12698412698412698,0.1746031746031746,-0.07887684,0.34788582,-0.09367624
2021_20_LA_TB,2021,20,LA,TB,-0.12541589,0.46478873,0.29183424,-0.69565773,0.08450704225352113,0.04878048780487805,71,-0.2265444,0.46666667,0.6666666666666666,-0.14556251,0.5,0.4261941,0.45454547,-0.13465574,0.36619717,0.08450704225352113,0.08450704225352113,-0.047811363,0.20315723,-0.39036423
2021_20_LA_TB,2021,20,TB,LA,-0.13465574,0.36619717,-0.22322258,0.26048863,0.08450704225352113,0.05172413793103448,71,-0.047811363,0.3962264,0.3333333333333333,0.20315723,0.3,-0.39036423,0.2777778,-0.12541589,0.46478873,0.08450704225352113,0.09859154929577464,-0.2265444,-0.14556251,0.4261941
2021_20_SF_GB,2021,20,GB,SF,-0.12626162,0.36363637,-0.19092625,-0.0130985435,0.05454545454545454,0.14285714285714285,55,-0.16792686,0.3488372,0.5428571428571428,-0.16144103,0.33333334,0.023038829,0.41666666,-0.27468494,0.3888889,0.037037037037037035,0.12962962962962962,-0.19091323,-1.8536314,-0.5678859
2021_20_SF_GB,2021,20,SF,GB,-0.27468494,0.3888889,-0.32975322,-0.23063026,0.037037037037037035,0.16666666666666666,54,-0.19091323,0.4047619,0.41379310344827586,-1.8536314,0.2,-0.5678859,0.33333334,-0.12626162,0.36363637,0.05454545454545454,0.10909090909090909,-0.16792686,-0.16144103,0.023038829
2021_21_CIN_KC,2021,21,CIN,KC,0.097896434,0.46376812,0.21878491,-0.11486727,0.08695652173913043,0.022727272727272728,69,0.022097616,0.42592594,0.6,-0.37403104,0.25,0.32204166,0.5714286,0.0076437206,0.5652174,0.057971014492753624,0.057971014492753624,0.06336879,0.09534073,-0.25705037
2021_21_CIN_KC,2021,21,KC,CIN,0.0076437206,0.5652174,-0.060415167,0.16320689,0.057971014492753624,0.08333333333333333,69,0.06336879,0.57894737,0.631578947368421,0.09534073,0.5882353,-0.25705037,0.5,0.097896434,0.46376812,0.08695652173913043,0.057971014492753624,0.022097616,-0.37403104,0.32204166
2021_21_SF_LA,2021,21,LA,SF,0.085423715,0.45945945,0.33664972,-0.4069792,0.06756756756756757,0.04081632653061224,74,-0.009835126,0.38181818,0.5675675675675675,-0.49026045,0.30769232,0.36117297,0.68421054,-0.04901187,0.34,0.06,0.06,0.121617675,0.90858924,-0.8263242
2021_21_SF_LA,2021,21,SF,LA,-0.04901187,0.34,0.19843458,-0.4527403,0.06,0.0,50,0.121617675,0.34146342,0.5,0.90858924,0.5,-0.8263242,0.33333334,0.085423715,0.45945945,0.06756756756756757,0.10810810810810811,-0.009835126,-0.49026045,0.36117297
2021_22_LA_CIN,2021,22,CIN,LA,-0.11960807,0.36666667,-0.09383961,-0.17973447,0.08333333333333333,0.16666666666666666,60,0.08620389,0.37209302,0.8095238095238095,-0.22488981,0.27272728,-0.6401913,0.3529412,-0.031071173,0.42028984,0.057971014492753624,0.07246376811594203,-0.14221267,0.46323723,0.3562315
2021_22_LA_CIN,2021,22,LA,CIN,-0.031071173,0.42028984,0.13228126,-0.40444815,0.057971014492753624,0.041666666666666664,69,-0.14221267,0.4117647,0.5882352941176471,0.46323723,0.61538464,0.3562315,0.47058824,-0.11960807,0.36666667,0.08333333333333333,0.18333333333333332,0.08620389,-0.22488981,-0.6401913
2022_01_BAL_NYJ,2022,1,BAL,NYJ,0.048968825,0.3888889,0.22361596,-0.27274957,0.05555555555555555,0.05714285714285714,54,0.04450416,0.3902439,0.6428571428571429,0.055072308,0.33333334,0.063049704,0.3846154,-0.15731642,0.39285713,0.047619047619047616,0.11904761904761904,-0.21851112,-0.36088374,0.015141368
2022_01_BAL_NYJ,2022,1,NYJ,BAL,-0.15731642,0.39285713,-0.120960034,-0.2906232,0.047619047619047616,0.045454545454545456,84,-0.21851112,0.38709676,0.64,-0.36088374,0.23076923,0.015141368,0.4090909,0.048968825,0.3888889,0.05555555555555555,0.07407407407407407,0.04450416,0.055072308,0.063049704
2022_01_BUF_LA,2022,1,BUF,LA,0.17534752,0.5263158,0.5296342,-0.5332258,0.10526315789473684,0.05263157894736842,57,-0.26105452,0.44680852,0.625,-0.2430418,0.5,2.226437,0.9,-0.2513932,0.40298507,0.05970149253731343,0.22388059701492538,-0.46474484,-0.56464416,0.3761116
2022_01_BUF_LA,2022,1,LA,BUF,-0.2513932,0.40298507,-0.30832863,-0.08393606,0.05970149253731343,0.14,67,-0.46474484,0.34,0.6521739130434783,-0.56464416,0.33333334,0.3761116,0.5882353,0.17534752,0.5263158,0.10526315789473684,0.03508771929824561,-0.26105452,-0.2430418,2.226437
2022_01_CLE_CAR,2022,1,CAR,CLE,0.051892307,0.3653846,0.083642885,-0.01347656,0.07692307692307693,0.11428571428571428,52,0.07152756,0.325,0.8,0.117134556,0.375,-0.013558595,0.5,0.08182023,0.43589744,0.08974358974358974,0.0641025641025641,-0.044087898,-0.37200665,0.4235708
2022_01_CLE_CAR,2022,1,CLE,CAR,0.08182023,0.43589744,-0.04969089,0.22754875,0.08974358974358974,0.024390243902439025,78,-0.044087898,0.40350878,0.4827586206896552,-0.37200665,0.2,0.4235708,0.52380955,0.051892307,0.3653846,0.07692307692307693,0.07692307692307693,0.07152756,0.117134556,-0.013558595
2022_01_DEN_SEA,2022,1,DEN,SEA,0.16144477,0.5,0.42568427,-0.49220026,0.12121212121212122,0.0425531914893617,66,0.07515503,0.4489796,0.6060606060606061,-0.8929123,0.26666668,0.4101622,0.64705884,0.061268866,0.44230768,0.07692307692307693,0.07692307692307693,-0.06210637,-1.164642,0.47251964
2022_01_DEN_SEA,2022,1,SEA,DEN,0.061268866,0.44230768,0.18799227,-0.2238588,0.07692307692307693,0.05555555555555555,52,-0.06210637,0.4,0.6388888888888888,-1.164642,0.2,0.47251964,0.5833333,0.16144477,0.5,0.12121212121212122,0.12121212121212122,0.07515503,-0.8929123,0.4101622
2022_01_GB_MIN,2022,1,GB,MIN,-0.19153766,0.45762712,-0.28447565,0.038073886,0.15254237288135594,0.09523809523809523,59,0.0028767455,0.47916666,0.5,-0.7276711,0.5,-1.0398915,0.36363637,0.09619988,0.41935483,0.14516129032258066,0.12903225806451613,0.18174025,-0.17933282,-0.17182668
2022_01_GB_MIN,2022,1,MIN,GB,0.09619988,0.41935483,0.21746151,-0.051046405,0.14516129032258066,0.029411764705882353,62,0.18174025,0.42553192,0.47368421052631576,-0.17933282,0.36363637,-0.17182668,0.4,-0.19153766,0.45762712,0.15254237288135594,0.0847457627118644,0.0028767455,-0.7276711,-1.0398915
2022_01_IND_HOU,2022,1,HOU,IND,-0.11165816,0.46376812,-0.03173616,-0.24383686,0.028985507246376812,0.06976744186046512,69,0.028001606,0.5,0.5185185185185185,2.3255796,1.0,-0.61443335,0.33333334,0.0022051425,0.48913044,0.10869565217391304,0.07608695652173914,0.12311105,-0.30277544,-0.5720979
2022_01_IND_HOU,2022,1,IND,HOU,0.0022051425,0.48913044,0.100358196,-0.15047738,0.10869565217391304,0.03571428571428571,92,0.12311105,0.5131579,0.5172413793103449,-0.30277544,0.4117647,-0.5720979,0.375,-0.11165816,0.46376812,0.028985507246376812,0.07246376811594203,0.028001606,2.3255796,-0.61443335
2022_01_JAX_WAS,2022,1,JAX,WAS,0.060867727,0.47142857,0.057140354,0.07018616,0.1,0.04,70,0.25125322,0.53571427,0.5,-0.35480973,0.26666668,-0.6817261,0.23076923,0.08643388,0.43243244,0.12162162162162163,0.05405405405405406,-0.13543187,0.49617282,1.3228593
2022_01_JAX_WAS,2022,1,WAS,JAX,0.08643388,0.43243244,0.23224178,-0.25820297,0.12162162162162163,0.019230769230769232,74,-0.13543187,0.37704918,0.6666666666666666,0.49617282,0.5,1.3228593,0.72727275,0.060867727,0.47142857,0.1,0.14285714285714285,0.25125322,-0.35480973,-0.6817261
2022_01_KC_ARI,2022,1,ARI,KC,0.007048833,0.40625,0.025349867,-0.039720464,0.078125,0.06521739130434782,64,0.11037875,0.41304347,0.5,0.43765774,0.4,-0.2957686,0.375,0.43495074,0.5857143,0.14285714285714285,0.08571428571428572,0.31489998,0.5092287,1.2486281
2022_01_KC_ARI,2022,1,KC,ARI,0.43495074,0.5857143,0.6984041,-0.010893309,0.14285714285714285,0.0,70,0.31489998,0.57377046,0.6666666666666666,0.5092287,0.68421054,1.2486281,0.6666667,0.007048833,0.40625,0.078125,0.09375,0.11037875,0.43765774,-0.2957686
2022_01_LV_LAC,2022,1,LAC,LV,0.06716737,0.453125,0.44002926,-0.41222647,0.078125,0.0,64,0.12444197,0.42857143,0.6486486486486487,0.50268114,0.44444445,-0.119929634,0.53333336,-0.13714653,0.41379312,0.10344827586206896,0.15517241379310345,-0.25008965,-0.09802837,0.2881812
2022_01_LV_LAC,2022,1,LV,LAC,-0.13714653,0.41379312,-0.16216716,-0.05053664,0.10344827586206896,0.13333333333333333,58,-0.25008965,0.41860464,0.7058823529411765,-0.09802837,0.22222222,0.2881812,0.46153846,0.06716737,0.453125,0.078125,0.046875,0.12444197,0.50268114,-0.119929634
2022_01_NE_MIA,2022,1,MIA,NE,0.051403496,0.4827586,0.16267586,-0.13067852,0.06896551724137931,0.08333333333333333,58,0.010277434,0.47619048,0.5,-0.6657876,0.25,0.15935946,0.5,-0.20149352,0.47272727,0.09090909090909091,0.05454545454545454,-0.3570442,0.5552551,0.35589632
2022_01_NE_MIA,2022,1,NE,MIA,-0.20149352,0.47272727,-0.21071346,-0.18535863,0.09090909090909091,0.05714285714285714,55,-0.3570442,0.4651163,0.5625,0.5552551,0.33333334,0.35589632,0.5,0.051403496,0.4827586,0.06896551724137931,0.1206896551724138,0.010277434,-0.6657876,0.15935946
2022_01_NO_ATL,2022,1,ATL,NO,0.0026539934,0.5135135,0.045938198,-0.045576964,0.08108108108108109,0.0,74,0.11560003,0.53333336,0.5,-0.44102794,0.5555556,-0.48140046,0.42857143,0.12825972,0.5254237,0.15254237288135594,0.11864406779661017,0.23277664,0.77819973,-0.25113538
2022_01_NO_ATL,2022,1,NO,ATL,0.12825972,0.5254237,0.005712724,0.3862534,0.15254237288135594,0.1,59,0.23277664,0.5555556,0.5555555555555556,0.77819973,0.6666667,-0.25113538,0.41666666,0.0026539934,0.5135135,0.08108108108108109,0.013513513513513514,0.11560003,-0.44102794,-0.48140046
2022_01_NYG_TEN,2022,1,NYG,TEN,0.012798092,0.44262296,-0.21382135,0.26286092,0.09836065573770492,0.15625,61,0.15337975,0.45833334,0.5,-0.046290442,0.53846157,-0.60795856,0.36363637,0.06092514,0.453125,0.125,0.078125,0.18843895,-0.18980037,-0.39448133
2022_01_NYG_TEN,2022,1,TEN,NYG,0.06092514,0.453125,0.33573285,-0.3407169,0.125,0.02631578947368421,64,0.18843895,0.46,0.48148148148148145,-0.18980037,0.33333334,-0.39448133,0.42857143,0.012798092,0.44262296,0.09836065573770492,0.13114754098360656,0.15337975,-0.046290442,-0.60795856
2022_01_PHI_DET,2022,1,DET,PHI,0.12964097,0.44117647,0.036810443,0.2706059,0.1323529411764706,0.024390243902439025,68,-0.12981835,0.3653846,0.35294117647058826,0.6180419,0.71428573,0.9728838,0.6875,0.26825774,0.527027,0.08108108108108109,0.06756756756756757,0.054227065,0.21483208,0.80843043
2022_01_PHI_DET,2022,1,PHI,DET,0.26825774,0.527027,0.29178923,0.22959886,0.08108108108108109,0.021739130434782608,74,0.054227065,0.509434,0.6875,0.21483208,0.53333336,0.80843043,0.5714286,0.12964097,0.44117647,0.1323529411764706,0.07352941176470588,-0.12981835,0.6180419,0.9728838
2022_01_PIT_CIN,2022,1,CIN,PIT,-0.1621503,0.4,-0.1354698,-0.22747149,0.06,0.09859154929577464,100,-0.2759321,0.35897437,0.55,-0.18986262,0.2857143,0.20260361,0.52380955,-0.11741659,0.3442623,0.11475409836065574,0.09836065573770492,-0.030247508,-0.12478482,-0.3430307
2022_01_PIT_CIN,2022,1,PIT,CIN,-0.11741659,0.3442623,-0.086373694,-0.18603773,0.11475409836065574,0.023809523809523808,61,-0.030247508,0.36363637,0.5,-0.12478482,0.375,-0.3430307,0.29411766,-0.1621503,0.4,0.06,0.11,-0.2759321,-0.18986262,0.20260361
2022_01_SF_CHI,2022,1,CHI,SF,-0.0038947994,0.3272727,0.10234225,-0.08614284,0.07272727272727272,0.08333333333333333,55,-0.17019524,0.2682927,0.4230769230769231,0.9351128,0.6,0.48312792,0.5,-0.19040486,0.4057971,0.11594202898550725,0.043478260869565216,-0.13912186,-0.58229667,-0.31604818
2022_01_SF_CHI,2022,1,SF,CHI,-0.19040486,0.4057971,-0.30481625,-0.065592445,0.11594202898550725,0.05555555555555555,69,-0.13912186,0.40816328,0.2647058823529412,-0.58229667,0.36363637,-0.31604818,0.4,-0.0038947994,0.3272727,0.07272727272727272,0.05454545454545454,-0.17019524,0.9351128,0.48312792
2022_01_TB_DAL,2022,1,DAL,TB,-0.33711472,0.38235295,-0.40625763,-0.14505114,0.029411764705882353,0.08,68,-0.18281376,0.41304347,0.47619047619047616,,,-0.659744,0.3181818,0.01367861,0.5,0.16666666666666666,0.06666666666666667,0.28546575,-0.60486174,-0.87933636
2022_01_TB_DAL,2022,1,TB,DAL,0.01367861,0.5,0.036236323,-0.00742377,0.16666666666666666,0.06896551724137931,60,0.28546575,0.54347825,0.5,-0.60486174,0.375,-0.87933636,0.35714287,-0.33711472,0.38235295,0.029411764705882353,0.11764705882352941,-0.18281376,,-0.659744
2022_02_ARI_LV,2022,2,ARI,LV,0.07853483,0.50574714,0.051936705,0.13458087,0.05747126436781609,0.01694915254237288,87,0.09621674,0.52307695,0.5,0.076934986,0.5,-0.07637791,0.4,-0.048175633,0.4477612,0.07462686567164178,0.1044776119402985,-0.19957623,-0.21028064,0.6457437
2022_02_ARI_LV,2022,2,LV,ARI,-0.048175633,0.4477612,0.008959943,-0.15747847,0.07462686567164178,0.022727272727272728,67,-0.19957623,0.4181818,0.5238095238095238,-0.21028064,0.30769232,0.6457437,0.5833333,0.07853483,0.50574714,0.05747126436781609,0.05747126436781609,0.09621674,0.076934986,-0.07637791
2022_02_ATL_LA,2022,2,ATL,LA,-0.094002604,0.44262296,0.14583659,-0.41686308,0.04918032786885246,0.08571428571428572,61,0.07705995,0.44680852,0.38461538461538464,-0.024199793,0.36842105,-0.8006906,0.3846154,0.011383627,0.5555556,0.047619047619047616,0.047619047619047616,0.035376873,0.3580416,-0.102039024
2022_02_ATL_LA,2022,2,LA,ATL,0.011383627,0.5555556,0.03727601,-0.025463242,0.047619047619047616,0.02702702702702703,63,0.035376873,0.5576923,0.5333333333333333,0.3580416,0.64705884,-0.102039024,0.54545456,-0.094002604,0.44262296,0.04918032786885246,0.09836065573770492,0.07705995,-0.024199793,-0.8006906
2022_02_CAR_NYG,2022,2,CAR,NYG,-0.05989151,0.44827586,-0.30205247,0.47824398,0.034482758620689655,0.05,58,0.16125369,0.52272725,0.6,-0.2779893,0.27272728,-0.75491923,0.21428572,-0.13189015,0.32394367,0.07042253521126761,0.1267605633802817,-0.16805522,-0.12361047,-0.032912053
2022_02_CAR_NYG,2022,2,NYG,CAR,-0.13189015,0.32394367,-0.029327605,-0.3206052,0.07042253521126761,0.06521739130434782,71,-0.16805522,0.30769232,0.6388888888888888,-0.12361047,0.375,-0.032912053,0.36842105,-0.05989151,0.44827586,0.034482758620689655,0.06896551724137931,0.16125369,-0.2779893,-0.75491923
2022_02_CHI_GB,2022,2,CHI,GB,-0.076533936,0.41463414,-0.47132277,0.17613095,0.1951219512195122,0.1875,41,0.1097801,0.45454547,0.2727272727272727,-0.22617882,0.5,-0.8450793,0.25,0.20939453,0.5522388,0.13432835820895522,0.05970149253731343,0.15741412,0.2700721,0.5056828
2022_02_CHI_GB,2022,2,GB,CHI,0.20939453,0.5522388,0.479704,-0.009775297,0.13432835820895522,0.1,67,0.15741412,0.5263158,0.4827586206896552,0.2700721,0.5,0.5056828,0.7,-0.076533936,0.41463414,0.1951219512195122,0.12195121951219512,0.1097801,-0.22617882,-0.8450793
2022_02_CIN_DAL,2022,2,CIN,DAL,0.03289742,0.38235295,0.15594792,-0.22439002,0.014705882352941176,0.13043478260869565,68,-0.115397096,0.3265306,0.375,0.67466915,0.6,0.37991562,0.5,0.027260764,0.41666666,0.1,0.08333333333333333,-0.045527276,0.6246089,0.29041755
2022_02_CIN_DAL,2022,2,DAL,CIN,0.027260764,0.41666666,0.11779785,-0.09113388,0.1,0.029411764705882353,60,-0.045527276,0.40425533,0.36363636363636365,0.6246089,0.75,0.29041755,0.46153846,0.03289742,0.38235295,0.014705882352941176,0.1323529411764706,-0.115397096,0.67466915,0.37991562
2022_02_HOU_DEN,2022,2,DEN,HOU,0.03135291,0.3943662,0.11408378,-0.08171261,0.11267605633802817,0.07317073170731707,71,0.06687849,0.39285713,0.5365853658536586,-0.54595083,0.2857143,-0.101275966,0.4,-0.16474736,0.37704918,0.13114754098360656,0.11475409836065574,0.027843682,-0.23701,-0.70640963
2022_02_HOU_DEN,2022,2,HOU,DEN,-0.16474736,0.37704918,-0.27341422,0.09484571,0.13114754098360656,0.06976744186046512,61,0.027843682,0.44444445,0.6176470588235294,-0.23701,0.2857143,-0.70640963,0.1875,0.03135291,0.3943662,0.11267605633802817,0.08450704225352113,0.06687849,-0.54595083,-0.101275966
2022_02_IND_JAX,2022,2,IND,JAX,-0.41928273,0.28,-0.57999873,-0.006013151,0.08,0.1388888888888889,50,-0.21467088,0.3243243,0.4444444444444444,-1.1574173,0.11111111,-1.0016396,0.15384616,0.10379093,0.44285715,0.04285714285714286,0.02857142857142857,0.020539267,0.4825972,0.3442957
2022_02_IND_JAX,2022,2,JAX,IND,0.10379093,0.44285715,0.56244814,-0.28244674,0.04285714285714286,0.0,70,0.020539267,0.42307693,0.3684210526315789,0.4825972,0.6666667,0.3442957,0.5,-0.41928273,0.28,0.08,0.24,-0.21467088,-1.1574173,-1.0016396
2022_02_LAC_KC,2022,2,KC,LAC,0.09667971,0.45454547,0.14841217,-0.029418122,0.07272727272727272,0.02564102564102564,55,0.16528992,0.47619048,0.6818181818181818,-0.46080643,0.2857143,-0.12498399,0.3846154,0.026019914,0.5,0.05405405405405406,0.10810810810810811,-0.05001355,-0.73609483,0.21791388
2022_02_LAC_KC,2022,2,LAC,KC,0.026019914,0.5,0.0066588065,0.06895108,0.05405405405405406,0.0392156862745098,74,-0.05001355,0.509434,0.6,-0.73609483,0.36363637,0.21791388,0.47619048,0.09667971,0.45454547,0.07272727272727272,0.07272727272727272,0.16528992,-0.46080643,-0.12498399
2022_02_MIA_BAL,2022,2,BAL,MIA,0.28305122,0.4827586,0.66460735,-0.25748658,0.10344827586206896,0.0,58,0.3994543,0.53333336,0.5,-0.06158471,0.4,-0.11988233,0.30769232,0.40989438,0.52112675,0.09859154929577464,0.028169014084507043,0.11196342,0.83158255,1.7391249
2022_02_MIA_BAL,2022,2,MIA,BAL,0.40989438,0.52112675,0.4728883,0.22441226,0.09859154929577464,0.018867924528301886,71,0.11196342,0.4827586,0.7058823529411765,0.83158255,0.6,1.7391249,0.6923077,0.28305122,0.4827586,0.10344827586206896,0.0,0.3994543,-0.06158471,-0.11988233
2022_02_MIN_PHI,2022,2,MIN,PHI,-0.20438476,0.47540984,-0.24039762,0.0036895822,0.01639344262295082,0.038461538461538464,61,-0.0199501,0.5102041,0.5,-1.3320737,0.2,-0.9574929,0.33333334,0.16362594,0.47945204,0.1095890410958904,0.0684931506849315,0.083504766,0.36589837,0.47342777
2022_02_MIN_PHI,2022,2,PHI,MIN,0.16362594,0.47945204,0.17017613,0.15423732,0.1095890410958904,0.06976744186046512,73,0.083504766,0.46551725,0.5517241379310345,0.36589837,0.6666667,0.47342777,0.53333336,-0.20438476,0.47540984,0.01639344262295082,0.11475409836065574,-0.0199501,-1.3320737,-0.9574929
2022_02_NE_PIT,2022,2,NE,PIT,0.109656215,0.47692308,0.09060444,0.14013904,0.06153846153846154,0.0,65,-0.05461988,0.4375,0.65625,0.2675306,0.42857143,0.57349455,0.5882353,-0.06259912,0.44067797,0.03389830508474576,0.05084745762711865,-0.18956515,0.3031041,0.22699688
2022_02_NE_PIT,2022,2,PIT,NE,-0.06259912,0.44067797,-0.12041584,0.042021602,0.03389830508474576,0.07894736842105263,59,-0.18956515,0.39534885,0.6129032258064516,0.3031041,0.4,0.22699688,0.53333336,0.109656215,0.47692308,0.06153846153846154,0.046153846153846156,-0.05461988,0.2675306,0.57349455
2022_02_NYJ_CLE,2022,2,CLE,NYJ,0.29189593,0.5151515,0.49293992,0.09085191,0.15151515151515152,0.030303030303030304,66,0.19871843,0.4814815,0.5151515151515151,0.43813425,0.46666667,0.7111947,0.6666667,0.20834517,0.42857143,0.07142857142857142,0.08571428571428572,0.0744233,0.20218992,0.6603315
2022_02_NYJ_CLE,2022,2,NYJ,CLE,0.20834517,0.42857143,0.32408768,-0.08101108,0.07142857142857142,0.04,70,0.0744233,0.3888889,0.5263157894736842,0.20218992,0.36363637,0.6603315,0.5625,0.29189593,0.5151515,0.15151515151515152,0.06060606060606061,0.19871843,0.43813425,0.7111947
2022_02_SEA_SF,2022,2,SEA,SF,-0.28292462,0.40816328,-0.28766736,-0.27106783,0.02040816326530612,0.05714285714285714,49,-0.31474358,0.41463414,0.375,-2.3664162,0.5,-0.11985254,0.375,0.15045331,0.43421054,0.07894736842105263,0.05263157894736842,0.05658105,0.07889981,0.39630926
2022_02_SEA_SF,2022,2,SF,SEA,0.15045331,0.43421054,0.3583904,0.022151709,0.07894736842105263,0.034482758620689655,76,0.05658105,0.4,0.2777777777777778,0.07889981,0.3888889,0.39630926,0.52380955,-0.28292462,0.40816328,0.02040816326530612,0.1836734693877551,-0.31474358,-2.3664162,-0.11985254
2022_02_TB_NO,2022,2,NO,TB,-0.37839487,0.3970588,-0.41682482,-0.27928618,0.07352941176470588,0.12244897959183673,68,-0.46684757,0.37037036,0.5555555555555556,-0.68443775,0.2857143,-0.03722035,0.5,-0.21373978,0.30769232,0.06153846153846154,0.03076923076923077,-0.28800994,-1.3604239,-0.03392779
2022_02_TB_NO,2022,2,TB,NO,-0.21373978,0.30769232,0.13738954,-0.6777321,0.06153846153846154,0.02702702702702703,65,-0.28800994,0.26086956,0.5,-1.3604239,0.25,-0.03392779,0.42105263,-0.37839487,0.3970588,0.07352941176470588,0.11764705882352941,-0.46684757,-0.68443775,-0.03722035
2022_02_TEN_BUF,2022,2,BUF,TEN,0.2574005,0.46969697,0.42320564,-0.09789618,0.09090909090909091,0.022222222222222223,66,0.26836088,0.45833334,0.72,0.43661046,0.41666666,0.22817285,0.5,-0.39653867,0.39285713,0.0,0.05357142857142857,-0.42440024,0.524156,-0.3043813
2022_02_TEN_BUF,2022,2,TEN,BUF,-0.39653867,0.39285713,-0.48259798,-0.29723948,0.0,0.06666666666666667,56,-0.42440024,0.37209302,0.5,0.524156,0.5,-0.3043813,0.46153846,0.2574005,0.46969697,0.09090909090909091,0.045454545454545456,0.26836088,0.43661046,0.22817285
2022_02_WAS_DET,2022,2,DET,WAS,0.059413005,0.37288135,0.032987367,0.10385609,0.15254237288135594,0.08108108108108109,59,0.15737525,0.4090909,0.4666666666666667,-0.12056578,0.45454547,-0.22794291,0.26666668,0.050606042,0.4054054,0.06756756756756757,0.14864864864864866,-0.008215938,0.6099536,0.24063076
2022_02_WAS_DET,2022,2,WAS,DET,0.050606042,0.4054054,0.09487268,-0.07753427,0.06756756756756757,0.09090909090909091,74,-0.008215938,0.36363637,0.5,0.6099536,0.53333336,0.24063076,0.5294118,0.059413005,0.37288135,0.15254237288135594,0.1694915254237288,0.15737525,-0.12056578,-0.22794291
2022_03_ATL_SEA,2022,3,ATL,SEA,0.31004295,0.5272727,0.54417163,0.06724287,0.18181818181818182,0.10714285714285714,55,0.20863475,0.5208333,0.5135135135135135,0.3593756,0.44444445,1.0054134,0.5714286,0.15594277,0.5492958,0.11267605633802817,0.07042253521126761,0.0770634,-0.035191823,0.35708514
2022_03_ATL_SEA,2022,3,SEA,ATL,0.15594277,0.5492958,0.22529669,0.020124655,0.11267605633802817,0.0425531914893617,71,0.0770634,0.54901963,0.5641025641025641,-0.035191823,0.5,0.35708514,0.55,0.31004295,0.5272727,0.18181818181818182,0.10909090909090909,0.20863475,0.3593756,1.0054134
2022_03_BAL_NE,2022,3,BAL,NE,0.22223063,0.5,0.08886702,0.42833802,0.17857142857142858,0.11764705882352941,56,0.21189074,0.5,0.5142857142857142,0.7487973,0.64285713,0.26979414,0.5,-0.024102548,0.43939394,0.18181818181818182,0.06060606060606061,0.1324398,-0.18882683,-0.7086835
2022_03_BAL_NE,2022,3,NE,BAL,-0.024102548,0.43939394,-0.07728247,0.06896231,0.18181818181818182,0.07142857142857142,66,0.1324398,0.46296296,0.5405405405405406,-0.18882683,0.3846154,-0.7086835,0.36363637,0.22223063,0.5,0.17857142857142858,0.10714285714285714,0.21189074,0.7487973,0.26979414
2022_03_BUF_MIA,2022,3,BUF,MIA,0.10146625,0.51111114,0.16932726,-0.1521196,0.044444444444444446,0.056338028169014086,90,0.061951086,0.49275362,0.7346938775510204,-0.090095915,0.42857143,0.23130178,0.5714286,0.16872936,0.44186047,0.06976744186046512,0.046511627906976744,0.100921564,0.5399802,0.42489213
2022_03_BUF_MIA,2022,3,MIA,BUF,0.16872936,0.44186047,0.3533398,-0.087674,0.06976744186046512,0.08,43,0.100921564,0.44117647,0.56,0.5399802,0.5555556,0.42489213,0.44444445,0.10146625,0.51111114,0.044444444444444446,0.12222222222222222,0.061951086,-0.090095915,0.23130178
2022_03_CIN_NYJ,2022,3,CIN,NYJ,0.07073907,0.45454547,0.31805903,-0.3348657,0.045454545454545456,0.04878048780487805,66,-0.17321509,0.42,0.6666666666666666,-0.22832194,0.3846154,0.83309585,0.5625,-0.3156646,0.37179488,0.05128205128205128,0.1282051282051282,-0.102935724,-1.9288843,-0.8930715
2022_03_CIN_NYJ,2022,3,NYJ,CIN,-0.3156646,0.37179488,-0.4078062,-0.04845391,0.05128205128205128,0.06896551724137931,78,-0.102935724,0.36842105,0.5,-1.9288843,0.0,-0.8930715,0.3809524,0.07073907,0.45454547,0.045454545454545456,0.13636363636363635,-0.17321509,-0.22832194,0.83309585
2022_03_DAL_NYG,2022,3,DAL,NYG,0.15476802,0.48387095,0.1092611,0.20027494,0.11290322580645161,0.0,62,0.17832202,0.4893617,0.46875,0.07566976,0.41666666,0.08096549,0.46666667,-0.018624127,0.45833334,0.05555555555555555,0.16666666666666666,0.049561083,,-0.2777279
2022_03_DAL_NYG,2022,3,NYG,DAL,-0.018624127,0.45833334,-0.066226035,0.12418161,0.05555555555555555,0.09259259259259259,72,0.049561083,0.47368422,0.6511627906976745,,,-0.2777279,0.4,0.15476802,0.48387095,0.11290322580645161,0.03225806451612903,0.17832202,0.07566976,0.08096549
2022_03_DET_MIN,2022,3,DET,MIN,0.06113434,0.44155845,0.1786464,-0.09554841,0.1038961038961039,0.0,77,0.060480732,0.47272727,0.5142857142857142,1.0833274,1.0,0.06276836,0.36363637,0.04012755,0.5714286,0.07142857142857142,0.1,0.08987681,0.6864337,-0.20032714
2022_03_DET_MIN,2022,3,MIN,DET,0.04012755,0.5714286,0.06882273,-0.014871518,0.07142857142857142,0.021739130434782608,70,0.08987681,0.6034483,0.5,0.6864337,0.7,-0.20032714,0.41666666,0.06113434,0.44155845,0.1038961038961039,0.025974025974025976,0.060480732,1.0833274,0.06276836
2022_03_GB_TB,2022,3,GB,TB,-0.09135225,0.40983605,0.031364776,-0.28054097,0.08196721311475409,0.02702702702702703,61,0.04733764,0.41304347,0.47619047619047616,-0.19576141,0.5,-0.5166679,0.4,-0.18969306,0.421875,0.03125,0.0625,-0.09620363,0.20230749,-0.49101338
2022_03_GB_TB,2022,3,TB,GB,-0.18969306,0.421875,-0.13717319,-0.377264,0.03125,0.06,64,-0.09620363,0.48,0.5384615384615384,0.20230749,0.375,-0.49101338,0.23076923,-0.09135225,0.40983605,0.08196721311475409,0.09836065573770492,0.04733764,-0.19576141,-0.5166679
2022_03_HOU_CHI,2022,3,CHI,HOU,-0.028013526,0.40983605,-0.1343392,0.050971277,0.16393442622950818,0.19230769230769232,61,-0.04140299,0.39583334,0.43243243243243246,0.2589117,0.6,0.021424524,0.46153846,-0.06353582,0.41666666,0.08333333333333333,0.05,-0.032738954,-0.3181333,-0.16472554
2022_03_HOU_CHI,2022,3,HOU,CHI,-0.06353582,0.41666666,-0.098238066,-0.014952698,0.08333333333333333,0.02857142857142857,60,-0.032738954,0.4347826,0.4838709677419355,-0.3181333,0.6666667,-0.16472554,0.35714287,-0.028013526,0.40983605,0.16393442622950818,0.13114754098360656,-0.04140299,0.2589117,0.021424524
2022_03_JAX_LAC,2022,3,JAX,LAC,0.21725348,0.5,0.34507227,0.058448344,0.05405405405405406,0.0,74,0.092893496,0.47272727,0.5757575757575758,0.008363038,0.33333334,0.550812,0.5555556,-0.28608018,0.37704918,0.03278688524590164,0.09836065573770492,-0.25962484,-0.6645253,-0.3672099
2022_03_JAX_LAC,2022,3,LAC,JAX,-0.28608018,0.37704918,-0.20416261,-0.6584328,0.03278688524590164,0.02,61,-0.25962484,0.39130434,0.7,-0.6645253,0.25,-0.3672099,0.33333334,0.21725348,0.5,0.05405405405405406,0.02702702702702703,0.092893496,0.008363038,0.550812
2022_03_KC_IND,2022,3,IND,KC,-0.15523435,0.42857143,-0.093184814,-0.26692352,0.05714285714285714,0.1111111111111111,70,-0.06466903,0.4117647,0.5454545454545454,0.3509684,0.5,-0.39833072,0.47368422,0.049864322,0.421875,0.078125,0.078125,0.043107618,-0.0066241096,-0.0050142608
2022_03_KC_IND,2022,3,KC,IND,0.049864322,0.421875,0.16196778,-0.21564385,0.078125,0.022222222222222223,64,0.043107618,0.43137255,0.6341463414634146,-0.0066241096,0.47058824,-0.0050142608,0.33333334,-0.15523435,0.42857143,0.05714285714285714,0.14285714285714285,-0.06466903,0.3509684,-0.39833072
2022_03_LA_ARI,2022,3,ARI,LA,-0.058444954,0.38554215,-0.110247254,0.10473231,0.03614457831325301,0.031746031746031744,83,-0.0915376,0.35,0.5714285714285714,-0.39828062,0.22222222,0.027883684,0.47826087,0.16812101,0.5,0.17391304347826086,0.10869565217391304,0.17120849,-0.11858979,0.15345547
2022_03_LA_ARI,2022,3,LA,ARI,0.16812101,0.5,0.40569156,-0.16947928,0.17391304347826086,0.037037037037037035,46,0.17120849,0.5263158,0.43478260869565216,-0.11858979,0.54545456,0.15345547,0.375,-0.058444954,0.38554215,0.03614457831325301,0.060240963855421686,-0.0915376,-0.39828062,0.027883684
2022_03_LV_TEN,2022,3,LV,TEN,0.1544153,0.42857143,0.22128876,-0.054072477,0.11428571428571428,0.018867924528301886,70,0.20400672,0.4716981,0.5714285714285714,-0.21756457,0.3043478,0.058982223,0.3125,0.14600344,0.4909091,0.16363636363636364,0.09090909090909091,0.17658703,0.3933265,0.023669137
2022_03_LV_TEN,2022,3,TEN,LV,0.14600344,0.4909091,0.34404427,-0.09164552,0.16363636363636364,0.03333333333333333,55,0.17658703,0.5,0.4166666666666667,0.3933265,0.85714287,0.023669137,0.45454547,0.1544153,0.42857143,0.11428571428571428,0.07142857142857142,0.20400672,-0.21756457,0.058982223
2022_03_NO_CAR,2022,3,CAR,NO,-0.14505486,0.31666666,-0.17087638,-0.122461066,0.1,0.10714285714285714,60,0.025107544,0.3488372,0.46153846153846156,-0.676947,0.0,-0.55224484,0.25,-0.10625524,0.44927537,0.08695652173913043,0.08695652173913043,-0.0739448,-0.31577468,-0.22257282
2022_03_NO_CAR,2022,3,NO,CAR,-0.10625524,0.44927537,0.13345174,-0.5856692,0.08695652173913043,0.021739130434782608,69,-0.0739448,0.4814815,0.36363636363636365,-0.31577468,0.375,-0.22257282,0.33333334,-0.14505486,0.31666666,0.1,0.08333333333333333,0.025107544,-0.676947,-0.55224484
2022_03_PHI_WAS,2022,3,PHI,WAS,0.07576352,0.38235295,0.4239104,-0.5230492,0.10294117647058823,0.06976744186046512,68,0.14604622,0.38,0.5333333333333333,-0.24222524,0.14285715,-0.119466215,0.3888889,-0.2749017,0.37662336,0.03896103896103896,0.2077922077922078,-0.1939071,-0.4299167,-0.4680817
2022_03_PHI_WAS,2022,3,WAS,PHI,-0.2749017,0.37662336,-0.31212488,-0.1612731,0.03896103896103896,0.15517241379310345,77,-0.1939071,0.375,0.5,-0.4299167,0.41666666,-0.4680817,0.4,0.07576352,0.38235295,0.10294117647058823,0.10294117647058823,0.14604622,-0.24222524,-0.119466215
2022_03_PIT_CLE,2022,3,CLE,PIT,0.0890238,0.4722222,-0.0016888906,0.17018777,0.08333333333333333,0.058823529411764705,72,0.08701675,0.48076922,0.5641025641025641,0.2551589,0.5625,0.09424211,0.45,-0.026217202,0.5084746,0.11864406779661017,0.03389830508474576,0.112251304,0.7735836,-0.70471287
2022_03_PIT_CLE,2022,3,PIT,CLE,-0.026217202,0.5084746,-0.21101192,0.28457388,0.11864406779661017,0.02702702702702703,59,0.112251304,0.5714286,0.46153846153846156,0.7735836,1.0,-0.70471287,0.2,0.0890238,0.4722222,0.08333333333333333,0.041666666666666664,0.08701675,0.2551589,0.09424211
2022_03_SF_DEN,2022,3,DEN,SF,-0.2214011,0.30985916,-0.24122334,-0.18909818,0.056338028169014086,0.09090909090909091,71,-0.22815895,0.3,0.4864864864864865,0.14750655,0.6666667,-0.16822651,0.35,-0.30670422,0.39285713,0.08928571428571429,0.125,-0.17906708,0.5724305,-0.8288562
2022_03_SF_DEN,2022,3,SF,DEN,-0.30670422,0.39285713,-0.29111606,-0.33268452,0.08928571428571429,0.11428571428571428,56,-0.17906708,0.44444445,0.45714285714285713,0.5724305,1.0,-0.8288562,0.18181819,-0.2214011,0.30985916,0.056338028169014086,0.1267605633802817,-0.22815895,0.14750655,-0.16822651
2022_04_ARI_CAR,2022,4,ARI,CAR,-0.06873529,0.43835616,0.0013618947,-0.15370157,0.0821917808219178,0.025,73,0.1351626,0.47272727,0.5454545454545454,-0.40344667,0.25,-0.6767423,0.3529412,-0.46890965,0.35849056,0.07547169811320754,0.05660377358490566,-0.29290506,0.42845216,-0.9124871
2022_04_ARI_CAR,2022,4,CAR,ARI,-0.46890965,0.35849056,-0.34271336,-0.85720605,0.07547169811320754,0.05,53,-0.29290506,0.42105263,0.6206896551724138,0.42845216,0.33333334,-0.9124871,0.21428572,-0.06873529,0.43835616,0.0821917808219178,0.0273972602739726,0.1351626,-0.40344667,-0.6767423
2022_04_BUF_BAL,2022,4,BAL,BUF,-0.05938252,0.46376812,-0.16029298,0.10750787,0.10144927536231885,0.046511627906976744,69,-0.08538507,0.4528302,0.4090909090909091,-0.33764458,0.5,0.026750952,0.5,0.045942493,0.5081967,0.08196721311475409,0.08196721311475409,0.1504245,0.6968495,-0.38069233
2022_04_BUF_BAL,2022,4,BUF,BAL,0.045942493,0.5081967,0.19104682,-0.3006956,0.08196721311475409,0.023255813953488372,61,0.1504245,0.53061223,0.6666666666666666,0.6968495,0.75,-0.38069233,0.41666666,-0.05938252,0.46376812,0.10144927536231885,0.057971014492753624,-0.08538507,-0.33764458,0.026750952
2022_04_CHI_NYG,2022,4,CHI,NYG,-0.08254811,0.32258064,0.03853308,-0.25019902,0.0967741935483871,0.16666666666666666,62,-0.11690236,0.29787233,0.5,-0.6891234,0.11111111,0.025095183,0.4,0.08751758,0.41538462,0.12307692307692308,0.03076923076923077,0.09832392,0.47176358,0.051496472
2022_04_CHI_NYG,2022,4,NYG,CHI,0.08751758,0.41538462,0.260814,-0.028013373,0.12307692307692308,0.038461538461538464,65,0.09832392,0.4,0.4117647058823529,0.47176358,0.5,0.051496472,0.46666667,-0.08254811,0.32258064,0.0967741935483871,0.1774193548387097,-0.11690236,-0.6891234,0.025095183
2022_04_CLE_ATL,2022,4,ATL,CLE,0.03669118,0.46153846,-0.2567153,0.22007021,0.19230769230769232,0.05,52,0.094374925,0.4883721,0.3793103448275862,-0.2021745,0.4,-0.2389089,0.33333334,0.01402765,0.43835616,0.136986301369863,0.0958904109589041,0.021798532,-0.46878427,-0.011570545
2022_04_CLE_ATL,2022,4,CLE,ATL,0.01402765,0.43835616,-0.15969346,0.22459868,0.136986301369863,0.025,73,0.021798532,0.44642857,0.56,-0.46878427,0.35714287,-0.011570545,0.4117647,0.03669118,0.46153846,0.19230769230769232,0.09615384615384616,0.094374925,-0.2021745,-0.2389089
2022_04_DEN_LV,2022,4,DEN,LV,-0.23345037,0.3018868,-0.07584787,-0.5671968,0.1320754716981132,0.08333333333333333,53,-0.26544702,0.3,0.5,0.34170434,0.33333334,-0.13499914,0.30769232,0.04285886,0.46575344,0.0821917808219178,0.0684931506849315,0.10303653,-0.17094652,-0.21074702
2022_04_DEN_LV,2022,4,LV,DEN,0.04285886,0.46575344,0.0046826066,0.08913312,0.0821917808219178,0.05,73,0.10303653,0.47457626,0.5555555555555556,-0.17094652,0.42857143,-0.21074702,0.42857143,-0.23345037,0.3018868,0.1320754716981132,0.07547169811320754,-0.26544702,0.34170434,-0.13499914
2022_04_JAX_PHI,2022,4,JAX,PHI,-0.309761,0.42553192,-0.2940903,-0.3328546,0.0851063829787234,0.14285714285714285,47,-0.2074349,0.46153846,0.46153846153846156,-0.12825899,0.5,-0.8086006,0.25,-0.03328634,0.443038,0.13924050632911392,0.05063291139240506,0.026064062,0.32494313,-0.16949473
2022_04_JAX_PHI,2022,4,PHI,JAX,-0.03328634,0.443038,-0.25687945,0.118947275,0.13924050632911392,0.0625,79,0.026064062,0.45762712,0.38235294117647056,0.32494313,0.3,-0.16949473,0.42105263,-0.309761,0.42553192,0.0851063829787234,0.10638297872340426,-0.2074349,-0.12825899,-0.8086006
2022_04_KC_TB,2022,4,KC,TB,0.2315425,0.5375,0.2713755,0.1828577,0.05,0.06818181818181818,80,0.18481496,0.4918033,0.6363636363636364,0.47000387,0.57894737,0.3815625,0.68421054,0.13720462,0.546875,0.046875,0.078125,0.16167544,0.92990875,0.0412037
2022_04_KC_TB,2022,4,TB,KC,0.13720462,0.546875,0.18174471,-0.22547905,0.046875,0.017543859649122806,64,0.16167544,0.54901963,0.6,0.92990875,0.7,0.0412037,0.53846157,0.2315425,0.5375,0.05,0.075,0.18481496,0.47000387,0.3815625
2022_04_LAC_HOU,2022,4,HOU,LAC,-0.06708849,0.33333334,-0.20797774,0.36564276,0.12280701754385964,0.09302325581395349,57,0.18820843,0.35714287,0.5833333333333334,0.4005416,0.5,-0.7819199,0.26666668,0.2474864,0.43939394,0.15151515151515152,0.015151515151515152,0.11542838,0.4704661,0.66016775
2022_04_LAC_HOU,2022,4,LAC,HOU,0.2474864,0.43939394,0.40593788,-0.012373985,0.15151515151515152,0.024390243902439025,66,0.11542838,0.38,0.4166666666666667,0.4704661,0.46153846,0.66016775,0.625,-0.06708849,0.33333334,0.12280701754385964,0.17543859649122806,0.18820843,0.4005416,-0.7819199
2022_04_LA_SF,2022,4,LA,SF,-0.20268203,0.43243244,-0.20926972,-0.18059383,0.013513513513513514,0.12280701754385964,74,-0.2454545,0.4385965,0.717948717948718,-0.7689466,0.11111111,-0.059268404,0.4117647,0.17186603,0.34,0.1,0.02,0.024916176,-0.086125195,0.590108
2022_04_LA_SF,2022,4,SF,LA,0.17186603,0.34,0.4112069,-0.13274962,0.1,0.0,50,0.024916176,0.3243243,0.4666666666666667,-0.086125195,0.5,0.590108,0.3846154,-0.20268203,0.43243244,0.013513513513513514,0.16216216216216217,-0.2454545,-0.7689466,-0.059268404
2022_04_MIA_CIN,2022,4,CIN,MIA,0.09315315,0.4262295,0.41401365,-0.368886,0.08196721311475409,0.027777777777777776,61,0.054964703,0.4,0.59375,0.04823266,0.6666667,0.20055814,0.5,-0.018856466,0.421875,0.078125,0.140625,0.069014005,-0.16913868,-0.3996285
2022_04_MIA_CIN,2022,4,MIA,CIN,-0.018856466,0.421875,0.07784124,-0.20346117,0.078125,0.023809523809523808,64,0.069014005,0.46153846,0.5897435897435898,-0.16913868,0.5,-0.3996285,0.25,0.09315315,0.4262295,0.08196721311475409,0.04918032786885246,0.054964703,0.04823266,0.20055814
2022_04_MIN_NO,2022,4,MIN,NO,0.08367022,0.4520548,0.17386429,-0.07937296,0.0547945205479452,0.06382978723404255,73,-0.10824725,0.3773585,0.6,-0.06767298,0.33333334,0.5922515,0.65,0.14675215,0.5833333,0.1,0.05,0.10871413,0.73769855,0.22021373
2022_04_MIN_NO,2022,4,NO,MIN,0.14675215,0.5833333,0.2223617,0.06034124,0.1,0.0625,60,0.10871413,0.59574467,0.42105263157894735,0.73769855,0.8,0.22021373,0.5,0.08367022,0.4520548,0.0547945205479452,0.0958904109589041,-0.10824725,-0.06767298,0.5922515
2022_04_NE_GB,2022,4,GB,NE,0.015798375,0.46575344,-0.086977355,0.12738347,0.1643835616438356,0.02631578947368421,73,0.03122073,0.45614034,0.4411764705882353,0.6292727,0.5,-0.039143734,0.5,0.022529766,0.5344828,0.1206896551724138,0.08620689655172414,0.110669844,0.026120614,-0.35406876
2022_04_NE_GB,2022,4,NE,GB,0.022529766,0.5344828,-0.2754215,0.24825041,0.1206896551724138,0.16,58,0.110669844,0.5744681,0.47058823529411764,0.026120614,0.4,-0.35406876,0.36363637,0.015798375,0.46575344,0.1643835616438356,0.0410958904109589,0.03122073,0.6292727,-0.039143734
2022_04_NYJ_PIT,2022,4,NYJ,PIT,0.016642319,0.3857143,0.01628754,0.017207332,0.1,0.023255813953488372,70,-0.018135516,0.35849056,0.4857142857142857,0.65843004,0.6923077,0.12506726,0.47058824,-0.09034873,0.421875,0.109375,0.109375,-0.22559594,0.87164164,0.44023654
2022_04_NYJ_PIT,2022,4,PIT,NYJ,-0.09034873,0.421875,-0.15649006,0.00028938276,0.109375,0.08108108108108109,64,-0.22559594,0.39215687,0.5454545454545454,0.87164164,0.6,0.44023654,0.53846157,0.016642319,0.3857143,0.1,0.08571428571428572,-0.018135516,0.65843004,0.12506726
2022_04_SEA_DET,2022,4,DET,SEA,0.20953824,0.42666668,0.21698274,0.19550815,0.10666666666666667,0.02040816326530612,75,0.0657627,0.3898305,0.5,0.4622576,0.46666667,0.74841297,0.53846157,0.49726188,0.53846157,0.16923076923076924,0.046153846153846156,0.31621537,0.41575104,1.2968837
2022_04_SEA_DET,2022,4,SEA,DET,0.49726188,0.53846157,0.5851382,0.39473945,0.16923076923076924,0.0,65,0.31621537,0.49056605,0.6363636363636364,0.41575104,0.42857143,1.2968837,0.75,0.20953824,0.42666668,0.10666666666666667,0.04,0.0657627,0.4622576,0.74841297
2022_04_TEN_IND,2022,4,IND,TEN,-0.07247872,0.36923078,0.24054568,-0.6440885,0.12307692307692308,0.07142857142857142,65,-0.052809812,0.3137255,0.5294117647058824,0.04004035,0.3,-0.14412975,0.5714286,0.05703513,0.49019608,0.11764705882352941,0.09803921568627451,0.1745981,1.0057884,-0.3704666
2022_04_TEN_IND,2022,4,TEN,IND,0.05703513,0.49019608,0.03421491,0.084816255,0.11764705882352941,0.10714285714285714,51,0.1745981,0.5,0.45454545454545453,1.0057884,0.6666667,-0.3704666,0.45454547,-0.07247872,0.36923078,0.12307692307692308,0.09230769230769231,-0.052809812,0.04004035,-0.14412975
2022_04_WAS_DAL,2022,4,DAL,WAS,-0.042922486,0.37704918,0.27260327,-0.41479212,0.06557377049180328,0.030303030303030304,61,-0.041836567,0.37777779,0.45714285714285713,-0.035323143,0.2857143,-0.045976643,0.375,-0.2725405,0.2972973,0.06756756756756757,0.14864864864864866,-0.18256438,-0.5207083,-0.57422507
2022_04_WAS_DAL,2022,4,WAS,DAL,-0.2725405,0.2972973,-0.3751608,-0.09390513,0.06756756756756757,0.0425531914893617,74,-0.18256438,0.28070176,0.4166666666666667,-0.5207083,0.27272728,-0.57422507,0.3529412,-0.042922486,0.37704918,0.06557377049180328,0.06557377049180328,-0.041836567,-0.035323143,-0.045976643
2022_05_ATL_TB,2022,5,ATL,TB,0.04410114,0.4090909,-0.040254664,0.1517275,0.06060606060606061,0.13513513513513514,66,-0.0021102626,0.35416666,0.4117647058823529,0.7875201,0.5714286,0.11523338,0.5294118,0.16279641,0.5394737,0.07894736842105263,0.05263157894736842,0.09421773,-0.37580582,0.33050644
2022_05_ATL_TB,2022,5,TB,ATL,0.16279641,0.5394737,0.30516133,-0.21006407,0.07894736842105263,0.0,76,0.09421773,0.49122807,0.696969696969697,-0.37580582,0.36363637,0.33050644,0.6666667,0.04410114,0.4090909,0.06060606060606061,0.15151515151515152,-0.0021102626,0.7875201,0.11523338
2022_05_CHI_MIN,2022,5,CHI,MIN,0.031791687,0.38,0.25470906,-0.3645059,0.08,0.0625,50,-0.09557852,0.36842105,0.5,0.57524645,0.5,0.5607789,0.45454547,0.23678754,0.57894737,0.07894736842105263,0.039473684210526314,0.015246223,0.6159899,1.0027078
2022_05_CHI_MIN,2022,5,MIN,CHI,0.23678754,0.57894737,0.3661681,0.02710178,0.07894736842105263,0.02127659574468085,76,0.015246223,0.5084746,0.4444444444444444,0.6159899,0.625,1.0027078,0.8125,0.031791687,0.38,0.08,0.06,-0.09557852,0.57524645,0.5607789
2022_05_CIN_BAL,2022,5,BAL,CIN,-0.031702228,0.46875,-0.13968918,0.11627989,0.125,0.02702702702702703,64,-0.07706608,0.47058824,0.5294117647058824,0.16164736,0.16666667,0.14626363,0.46153846,0.006388053,0.47619048,0.06349206349206349,0.07936507936507936,-0.039538056,0.12153275,0.18302694
2022_05_CIN_BAL,2022,5,CIN,BAL,0.006388053,0.47619048,-0.06410009,0.14736435,0.06349206349206349,0.07142857142857142,63,-0.039538056,0.44,0.7142857142857143,0.12153275,0.53846157,0.18302694,0.61538464,-0.031702228,0.46875,0.125,0.0625,-0.07706608,0.16164736,0.14626363
2022_05_DAL_LA,2022,5,DAL,LA,-0.1582907,0.35849056,-0.35092655,-0.050641242,0.05660377358490566,0.15789473684210525,53,-0.093262956,0.3783784,0.32,-0.7093564,0.25,-0.26611182,0.33333334,-0.3069624,0.33333334,0.045454545454545456,0.18181818181818182,-0.28507432,-0.9932928,-0.36533058
2022_05_DAL_LA,2022,5,LA,DAL,-0.3069624,0.33333334,-0.2740596,-0.40978363,0.045454545454545456,0.1,66,-0.28507432,0.29166666,0.5909090909090909,-0.9932928,0.0,-0.36533058,0.44444445,-0.1582907,0.35849056,0.05660377358490566,0.1320754716981132,-0.093262956,-0.7093564,-0.26611182
2022_05_DET_NE,2022,5,DET,NE,-0.40613803,0.3846154,-0.4986222,-0.2481442,0.12307692307692308,0.04878048780487805,65,0.030322047,0.4347826,0.35,-1.3811579,0.1,-1.4628308,0.2631579,0.12938766,0.44827586,0.13793103448275862,0.0,0.19284873,-0.87415636,-0.26724392
2022_05_DET_NE,2022,5,NE,DET,0.12938766,0.44827586,0.3739719,-0.069337025,0.13793103448275862,0.0,58,0.19284873,0.46,0.4375,-0.87415636,0.0,-0.26724392,0.375,-0.40613803,0.3846154,0.12307692307692308,0.09230769230769231,0.030322047,-1.3811579,-1.4628308
2022_05_HOU_JAX,2022,5,HOU,JAX,-0.059383284,0.40350878,-0.07044394,-0.050106604,0.08771929824561403,0.038461538461538464,57,-0.04143827,0.4090909,0.41379310344827586,0.43739855,0.5,-0.12012026,0.3846154,-0.123556,0.41095892,0.1095890410958904,0.0136986301369863,0.016839633,-0.87747574,-0.5525427
2022_05_HOU_JAX,2022,5,JAX,HOU,-0.123556,0.41095892,-0.1220763,-0.12677276,0.1095890410958904,0.0,73,0.016839633,0.43636364,0.48717948717948717,-0.87747574,0.22222222,-0.5525427,0.33333334,-0.059383284,0.40350878,0.08771929824561403,0.08771929824561403,-0.04143827,0.43739855,-0.12012026
2022_05_IND_DEN,2022,5,DEN,IND,-0.2006999,0.4084507,-0.2129548,-0.17815086,0.08450704225352113,0.08695652173913043,71,0.020484557,0.44444445,0.6842105263157895,-1.0943636,0.14285715,-0.9032858,0.29411766,-0.22821884,0.37179488,0.0641025641025641,0.15384615384615385,-0.15351695,-0.73912627,-0.49626675
2022_05_IND_DEN,2022,5,IND,DEN,-0.22821884,0.37179488,-0.28041524,-0.12382599,0.0641025641025641,0.11538461538461539,78,-0.15351695,0.39344263,0.5263157894736842,-0.73912627,0.33333334,-0.49626675,0.29411766,-0.2006999,0.4084507,0.08450704225352113,0.09859154929577464,0.020484557,-1.0943636,-0.9032858
2022_05_LAC_CLE,2022,5,CLE,LAC,0.18957976,0.49253732,0.29840395,0.0469825,0.14925373134328357,0.0,67,0.29016164,0.4909091,0.5,0.014469529,0.53333336,-0.27142066,0.5,0.28113258,0.46376812,0.14492753623188406,0.043478260869565216,0.41130218,-0.12149087,-0.27959812
2022_05_LAC_CLE,2022,5,LAC,CLE,0.28113258,0.46376812,0.19837563,0.3952801,0.14492753623188406,0.025,69,0.41130218,0.5,0.6111111111111112,-0.12149087,0.21428572,-0.27959812,0.30769232,0.18957976,0.49253732,0.14925373134328357,0.04477611940298507,0.29016164,0.014469529,-0.27142066
2022_05_LV_KC,2022,5,KC,LV,0.19926831,0.5070422,0.3022847,-0.06342344,0.056338028169014086,0.058823529411764705,71,0.09266309,0.50877196,0.7222222222222222,0.23072262,0.45,0.75486577,0.53846157,0.17804456,0.421875,0.09375,0.09375,-0.06268611,-0.4446838,0.89561254
2022_05_LV_KC,2022,5,LV,KC,0.17804456,0.421875,0.33638507,-0.038940545,0.09375,0.05405405405405406,64,-0.06268611,0.39130434,0.4782608695652174,-0.4446838,0.25,0.89561254,0.5294118,0.19926831,0.5070422,0.056338028169014086,0.08450704225352113,0.09266309,0.23072262,0.75486577
2022_05_MIA_NYJ,2022,5,MIA,NYJ,-0.107901864,0.5074627,-0.2786283,0.14502615,0.08955223880597014,0.05,67,-0.025090758,0.54901963,0.4,0.061682146,0.5,-0.37186223,0.375,0.17906603,0.5,0.14285714285714285,0.05357142857142857,0.24381584,0.43375513,-0.05834995
2022_05_MIA_NYJ,2022,5,NYJ,MIA,0.17906603,0.5,0.2183432,0.1450258,0.14285714285714285,0.07692307692307693,56,0.24381584,0.5,0.45454545454545453,0.43375513,0.54545456,-0.05834995,0.5,-0.107901864,0.5074627,0.08955223880597014,0.22388059701492538,-0.025090758,0.061682146,-0.37186223
2022_05_NYG_GB,2022,5,GB,NYG,0.1296595,0.52380955,0.16318692,0.05757553,0.07936507936507936,0.046511627906976744,63,0.2352727,0.5576923,0.6410256410256411,-0.038578812,0.6363636,-0.3696029,0.36363637,0.2691224,0.5254237,0.06779661016949153,0.06779661016949153,0.23542754,0.4564978,0.41615435
2022_05_NYG_GB,2022,5,NYG,GB,0.2691224,0.5254237,0.4827568,-0.0020289696,0.06779661016949153,0.030303030303030304,59,0.23542754,0.5208333,0.5555555555555556,0.4564978,0.6,0.41615435,0.54545456,0.1296595,0.52380955,0.07936507936507936,0.09523809523809523,0.2352727,-0.038578812,-0.3696029
2022_05_PHI_ARI,2022,5,ARI,PHI,0.082733475,0.47058824,0.16554518,-0.051039293,0.10294117647058823,0.023809523809523808,68,-0.052083828,0.42592594,0.59375,0.22117217,0.5,0.602743,0.64285713,0.10915414,0.5833333,0.08333333333333333,0.06944444444444445,0.13144441,0.055873685,0.016808791
2022_05_PHI_ARI,2022,5,PHI,ARI,0.10915414,0.5833333,0.12475312,0.08852325,0.08333333333333333,0.04878048780487805,72,0.13144441,0.5862069,0.6818181818181818,0.055873685,0.5555556,0.016808791,0.5714286,0.082733475,0.47058824,0.10294117647058823,0.029411764705882353,-0.052083828,0.22117217,0.602743
2022_05_PIT_BUF,2022,5,BUF,PIT,0.3770239,0.49056605,0.45166636,0.14735492,0.20754716981132076,0.0,53,0.11102342,0.47727272,0.6111111111111112,-0.8122413,0.33333334,1.6774708,0.5555556,-0.117807426,0.42666668,0.06666666666666667,0.10666666666666667,-0.035163637,-1.0007526,-0.37951273
2022_05_PIT_BUF,2022,5,PIT,BUF,-0.117807426,0.42666668,-0.06499154,-0.31256598,0.06666666666666667,0.05084745762711865,75,-0.035163637,0.47368422,0.46153846153846156,-1.0007526,0.0,-0.37951273,0.2777778,0.3770239,0.49056605,0.20754716981132076,0.018867924528301886,0.11102342,-0.8122413,1.6774708
2022_05_SEA_NO,2022,5,NO,SEA,0.099340744,0.45833334,0.005848864,0.1623934,0.08333333333333333,0.034482758620689655,72,-0.03809174,0.40350878,0.4186046511627907,0.77633643,0.6666667,0.5907688,0.64285713,0.01750933,0.35849056,0.11320754716981132,0.09433962264150944,0.34778154,-0.7481125,-1.1258225
2022_05_SEA_NO,2022,5,SEA,NO,0.01750933,0.35849056,0.099679135,-0.12953134,0.11320754716981132,0.08823529411764706,53,0.34778154,0.4390244,0.6060606060606061,-0.7481125,0.0,-1.1258225,0.09090909,0.099340744,0.45833334,0.08333333333333333,0.06944444444444445,-0.03809174,0.77633643,0.5907688
2022_05_SF_CAR,2022,5,CAR,SF,-0.20351292,0.35714287,-0.26258746,-0.04494445,0.07142857142857142,0.11764705882352941,70,-0.29930842,0.33333334,0.6,-0.01584084,0.2,0.05085232,0.42857143,0.27563092,0.46875,0.140625,0.078125,0.06307231,0.48682892,1.1143665
2022_05_SF_CAR,2022,5,SF,CAR,0.27563092,0.46875,0.45529726,0.04463138,0.140625,0.05555555555555555,64,0.06307231,0.44,0.5428571428571428,0.48682892,0.41666666,1.1143665,0.61538464,-0.20351292,0.35714287,0.07142857142857142,0.12857142857142856,-0.29930842,-0.01584084,0.05085232
2022_05_TEN_WAS,2022,5,TEN,WAS,-0.019121438,0.40625,-0.05905904,0.023392783,0.0625,0.15151515151515152,64,0.03335395,0.39583334,0.43902439024390244,0.85586596,0.8,-0.17654759,0.4375,-0.03813872,0.4032258,0.0967741935483871,0.0967741935483871,0.28093323,-0.94331115,-1.2407945
2022_05_TEN_WAS,2022,5,WAS,TEN,-0.03813872,0.4032258,0.05143511,-0.31880337,0.0967741935483871,0.06382978723404255,62,0.28093323,0.46938777,0.6071428571428571,-0.94331115,0.25,-1.2407945,0.15384616,-0.019121438,0.40625,0.0625,0.1875,0.03335395,0.85586596,-0.17654759
2022_06_ARI_SEA,2022,6,ARI,SEA,-0.20328896,0.32394367,-0.25940982,-0.09338564,0.07042253521126761,0.1276595744680851,71,-0.048420236,0.36,0.4,-1.4626052,0.2,-0.57202405,0.23809524,-0.14635268,0.42028984,0.08695652173913043,0.10144927536231885,0.036723368,-0.3512357,-0.75279206
2022_06_ARI_SEA,2022,6,SEA,ARI,-0.14635268,0.42028984,-0.04680924,-0.29211268,0.08695652173913043,0.12195121951219512,69,0.036723368,0.4528302,0.6578947368421053,-0.3512357,0.35714287,-0.75279206,0.3125,-0.20328896,0.32394367,0.07042253521126761,0.11267605633802817,-0.048420236,-1.4626052,-0.57202405
2022_06_BAL_NYG,2022,6,BAL,NYG,0.10780655,0.47457626,0.021393802,0.24306123,0.11864406779661017,0.05555555555555555,59,0.21650012,0.5,0.6052631578947368,-0.17616421,0.22222222,-0.36649272,0.36363637,0.1320968,0.47540984,0.0,0.09836065573770492,-0.04064677,0.25919956,0.6618437
2022_06_BAL_NYG,2022,6,NYG,BAL,0.1320968,0.47540984,0.31493384,-0.09814242,0.0,0.11764705882352941,61,-0.04064677,0.4347826,0.45161290322580644,0.25919956,0.5882353,0.6618437,0.6,0.10780655,0.47457626,0.11864406779661017,0.05084745762711865,0.21650012,-0.17616421,-0.36649272
2022_06_BUF_KC,2022,6,BUF,KC,0.14221142,0.49295774,0.30652153,-0.14217143,0.11267605633802817,0.022222222222222223,71,0.32489723,0.51724136,0.6444444444444445,-0.5995718,0.33333334,-0.6728484,0.3846154,0.048523176,0.40298507,0.1044776119402985,0.13432835820895522,-0.04392444,-0.359234,0.39850345
2022_06_BUF_KC,2022,6,KC,BUF,0.048523176,0.40298507,0.1331372,-0.27180132,0.1044776119402985,0.05660377358490566,67,-0.04392444,0.3773585,0.7380952380952381,-0.359234,0.33333334,0.39850345,0.5,0.14221142,0.49295774,0.11267605633802817,0.056338028169014086,0.32489723,-0.5995718,-0.6728484
2022_06_CAR_LA,2022,6,CAR,LA,-0.3516854,0.3255814,-0.5629362,-0.108746946,0.06976744186046512,0.08695652173913043,43,-0.27211004,0.36363637,0.375,-1.4404297,0.5,-0.61428404,0.2,-0.008195017,0.42857143,0.1111111111111111,0.031746031746031744,-0.06854541,0.33258474,0.24829419
2022_06_CAR_LA,2022,6,LA,CAR,-0.008195017,0.42857143,0.08645591,-0.12650867,0.1111111111111111,0.02857142857142857,63,-0.06854541,0.43137255,0.5526315789473685,0.33258474,0.46153846,0.24829419,0.41666666,-0.3516854,0.3255814,0.06976744186046512,0.06976744186046512,-0.27211004,-1.4404297,-0.61428404
2022_06_CIN_NO,2022,6,CIN,NO,0.28780907,0.58928573,0.31802797,0.16418633,0.07142857142857142,0.06666666666666667,56,0.2207617,0.5777778,0.7894736842105263,0.6311316,0.4,0.71300304,0.7,0.091794185,0.45833334,0.125,0.05555555555555555,0.025753215,-0.5139682,0.27601373
2022_06_CIN_NO,2022,6,NO,CIN,0.091794185,0.45833334,0.06872068,0.117582224,0.125,0.02631578947368421,72,0.025753215,0.43396226,0.325,-0.5139682,0.16666667,0.27601373,0.5263158,0.28780907,0.58928573,0.07142857142857142,0.10714285714285714,0.2207617,0.6311316,0.71300304
2022_06_DAL_PHI,2022,6,DAL,PHI,-0.055723004,0.4477612,-0.19492154,0.16378239,0.08955223880597014,0.0,67,0.06013301,0.45454547,0.5,0.27063337,0.44444445,-0.5867297,0.41666666,0.026942816,0.46376812,0.057971014492753624,0.057971014492753624,0.05888347,-0.0053417883,-0.02098465
2022_06_DAL_PHI,2022,6,PHI,DAL,0.026942816,0.46376812,0.15000871,-0.06772326,0.057971014492753624,0.13333333333333333,69,0.05888347,0.4528302,0.5238095238095238,-0.0053417883,0.33333334,-0.02098465,0.53333336,-0.055723004,0.4477612,0.08955223880597014,0.05970149253731343,0.06013301,0.27063337,-0.5867297
2022_06_DEN_LAC,2022,6,DEN,LAC,-0.1025663,0.36206895,-0.08628257,-0.1292124,0.08620689655172414,0.1111111111111111,58,-0.020662434,0.37209302,0.6071428571428571,-0.2633804,0.25,-0.3373574,0.33333334,-0.10339608,0.37634408,0.021505376344086023,0.08602150537634409,-0.29873595,-0.26996627,0.3500715
2022_06_DEN_LAC,2022,6,LAC,DEN,-0.10339608,0.37634408,-0.10851155,-0.09021388,0.021505376344086023,0.029850746268656716,93,-0.29873595,0.2923077,0.6764705882352942,-0.26996627,0.35714287,0.3500715,0.5714286,-0.1025663,0.36206895,0.08620689655172414,0.10344827586206896,-0.020662434,-0.2633804,-0.3373574
2022_06_JAX_IND,2022,6,IND,JAX,0.23040333,0.4814815,0.30731007,-0.05912785,0.06172839506172839,0.0,81,0.026057547,0.41935483,0.7428571428571429,0.21772458,0.53333336,0.9965355,0.7058824,0.24956451,0.58064514,0.12903225806451613,0.06451612903225806,0.24511352,0.45318276,0.34997603
2022_06_JAX_IND,2022,6,JAX,IND,0.24956451,0.58064514,0.16041341,0.33871558,0.12903225806451613,0.12903225806451613,62,0.24511352,0.59574467,0.4827586206896552,0.45318276,0.7777778,0.34997603,0.5714286,0.23040333,0.4814815,0.06172839506172839,0.07407407407407407,0.026057547,0.21772458,0.9965355
2022_06_MIN_MIA,2022,6,MIA,MIN,-0.1724212,0.39240506,-0.07675881,-0.474513,0.0759493670886076,0.1,79,-0.053445674,0.40983605,0.675,0.44176334,0.5555556,-0.55376995,0.3529412,-0.08211692,0.38,0.08,0.12,0.10547199,0.57675153,-0.75510913
2022_06_MIN_MIA,2022,6,MIN,MIA,-0.08211692,0.38,-0.09287811,-0.05700748,0.08,0.08571428571428572,50,0.10547199,0.43243244,0.6896551724137931,0.57675153,0.8333333,-0.75510913,0.16666667,-0.1724212,0.39240506,0.0759493670886076,0.16455696202531644,-0.053445674,0.44176334,-0.55376995
2022_06_NE_CLE,2022,6,CLE,NE,-0.25705594,0.31428573,-0.20003732,-0.4217764,0.07142857142857142,0.07692307692307693,70,-0.45225775,0.29166666,0.5217391304347826,-0.3849957,0.33333334,0.22197415,0.3809524,0.20441099,0.40298507,0.11940298507462686,0.04477611940298507,-0.048857033,0.1724129,1.0117028
2022_06_NE_CLE,2022,6,NE,CLE,0.20441099,0.40298507,0.3193055,0.034196917,0.11940298507462686,0.05,67,-0.048857033,0.33333334,0.5483870967741935,0.1724129,0.42105263,1.0117028,0.625,-0.25705594,0.31428573,0.07142857142857142,0.14285714285714285,-0.45225775,-0.3849957,0.22197415
2022_06_NYJ_GB,2022,6,GB,NYJ,-0.2752339,0.4520548,-0.24256475,-0.36180717,0.0410958904109589,0.07547169811320754,73,-0.1242337,0.5,0.6176470588235294,0.31723183,1.0,-0.60349524,0.3478261,0.004651177,0.40384614,0.1346153846153846,0.038461538461538464,0.22409713,-0.036009863,-0.81328374
2022_06_NYJ_GB,2022,6,NYJ,GB,0.004651177,0.40384614,-0.27647907,0.21081336,0.1346153846153846,0.09090909090909091,52,0.22409713,0.46341464,0.5,-0.036009863,0.53846157,-0.81328374,0.18181819,-0.2752339,0.4520548,0.0410958904109589,0.1232876712328767,-0.1242337,0.31723183,-0.60349524
2022_06_SF_ATL,2022,6,ATL,SF,0.11240013,0.5,0.3751032,-0.015583431,0.06896551724137931,0.10526315789473684,58,0.041567504,0.45454547,0.3125,0.53350145,0.6666667,0.33501697,0.64285713,-0.15176517,0.51666665,0.03333333333333333,0.06666666666666667,0.09448594,-0.24784856,-1.547188
2022_06_SF_ATL,2022,6,SF,ATL,-0.15176517,0.51666665,0.02678841,-0.68742585,0.03333333333333333,0.0,60,0.09448594,0.54901963,0.7333333333333333,-0.24784856,0.42857143,-1.547188,0.33333334,0.11240013,0.5,0.06896551724137931,0.034482758620689655,0.041567504,0.53350145,0.33501697
2022_06_TB_PIT,2022,6,PIT,TB,0.028984688,0.41935483,0.26008287,-0.29099745,0.04838709677419355,0.05555555555555555,62,-0.23247185,0.35555556,0.6060606060606061,0.18417878,0.6,0.72107553,0.5882353,0.060450137,0.49295774,0.056338028169014086,0.07042253521126761,0.1253853,-0.16957846,-0.09574041
2022_06_TB_PIT,2022,6,TB,PIT,0.060450137,0.49295774,0.1880907,-0.14755668,0.056338028169014086,0.045454545454545456,71,0.1253853,0.5185185,0.5454545454545454,-0.16957846,0.36842105,-0.09574041,0.4375,0.028984688,0.41935483,0.04838709677419355,0.03225806451612903,-0.23247185,0.18417878,0.72107553
2022_06_WAS_CHI,2022,6,CHI,WAS,-0.09391013,0.43055555,-0.18050137,0.050408594,0.08333333333333333,0.1111111111111111,72,0.05501265,0.44444445,0.5945945945945946,-1.144931,0.23076923,-0.54067844,0.3888889,-0.06532726,0.40350878,0.05263157894736842,0.05263157894736842,0.099903695,-0.18503663,-0.5977014
2022_06_WAS_CHI,2022,6,WAS,CHI,-0.06532726,0.40350878,-0.21318318,0.077430174,0.05263157894736842,0.10714285714285714,57,0.099903695,0.45454547,0.4444444444444444,-0.18503663,0.4,-0.5977014,0.25,-0.09391013,0.43055555,0.08333333333333333,0.18055555555555555,0.05501265,-1.144931,-0.54067844
2022_07_ATL_CIN,2022,7,ATL,CIN,0.026174784,0.40425533,0.05682178,0.0014214286,0.06382978723404255,0.14285714285714285,47,0.1257553,0.3783784,0.5,0.3314313,0.42857143,-0.34227315,0.5,0.40442213,0.5671642,0.16417910447761194,0.08955223880597014,0.44833484,0.21070935,0.22201546
2022_07_ATL_CIN,2022,7,CIN,ATL,0.40442213,0.5671642,0.56887114,0.017966965,0.16417910447761194,0.06382978723404255,67,0.44833484,0.5555556,0.7142857142857143,0.21070935,0.5,0.22201546,0.61538464,0.026174784,0.40425533,0.06382978723404255,0.10638297872340426,0.1257553,0.3314313,-0.34227315
2022_07_CHI_NE,2022,7,CHI,NE,0.13632658,0.54285717,0.16124992,0.12067704,0.12857142857142856,0.14814814814814814,70,0.046219762,0.5,0.3939393939393939,0.21879934,0.72727275,0.39663517,0.6666667,-0.26806754,0.39215687,0.058823529411764705,0.058823529411764705,-0.21040776,0.8150037,-0.47773945
2022_07_CHI_NE,2022,7,NE,CHI,-0.26806754,0.39215687,-0.23857461,-0.33885053,0.058823529411764705,0.027777777777777776,51,-0.21040776,0.375,0.5833333333333334,0.8150037,1.0,-0.47773945,0.45454547,0.13632658,0.54285717,0.12857142857142856,0.08571428571428572,0.046219762,0.21879934,0.39663517
2022_07_CLE_BAL,2022,7,BAL,CLE,-0.050753057,0.44444445,-0.118642874,-0.014324372,0.09523809523809523,0.13636363636363635,63,-0.21213174,0.37777779,0.36666666666666664,0.07668227,0.5833333,0.35269368,0.6111111,0.08926677,0.48333332,0.1,0.11666666666666667,0.21392043,0.18271585,-0.32030958
2022_07_CLE_BAL,2022,7,CLE,BAL,0.08926677,0.48333332,0.035939343,0.18137775,0.1,0.13157894736842105,60,0.21392043,0.54347825,0.64,0.18271585,0.5,-0.32030958,0.2857143,-0.050753057,0.44444445,0.09523809523809523,0.07936507936507936,-0.21213174,0.07668227,0.35269368
2022_07_DET_DAL,2022,7,DAL,DET,0.05076868,0.5409836,0.21579592,-0.119759485,0.09836065573770492,0.06451612903225806,61,0.21521331,0.5686275,0.5294117647058824,-0.13267258,0.61538464,-0.78789896,0.4,-0.3140369,0.47457626,0.0847457627118644,0.1016949152542373,-0.28951907,-2.1912923,-0.42102376
2022_07_DET_DAL,2022,7,DET,DAL,-0.3140369,0.47457626,-0.2768599,-0.36122304,0.0847457627118644,0.15151515151515152,59,-0.28951907,0.5208333,0.45714285714285713,-2.1912923,0.5,-0.42102376,0.27272728,0.05076868,0.5409836,0.09836065573770492,0.08196721311475409,0.21521331,-0.13267258,-0.78789896
2022_07_GB_WAS,2022,7,GB,WAS,-0.04004615,0.41509435,0.004467451,-0.17701112,0.03773584905660377,0.0,53,0.08137856,0.45454547,0.6071428571428571,0.7047394,0.6666667,-0.6336781,0.22222222,-0.034577988,0.36486486,0.08108108108108109,0.12162162162162163,0.022546468,-0.21174882,-0.2261129
2022_07_GB_WAS,2022,7,WAS,GB,-0.034577988,0.36486486,-0.0057434174,-0.06189495,0.08108108108108109,0.027777777777777776,74,0.022546468,0.33333334,0.3333333333333333,-0.21174882,0.29411766,-0.2261129,0.47058824,-0.04004615,0.41509435,0.03773584905660377,0.018867924528301886,0.08137856,0.7047394,-0.6336781
2022_07_HOU_LV,2022,7,HOU,LV,0.057531945,0.46153846,0.073154986,0.029002897,0.12307692307692308,0.023809523809523808,65,-0.14691065,0.41666666,0.5161290322580645,-0.41176006,0.18181819,0.6347816,0.5882353,0.3281164,0.5925926,0.2037037037037037,0.05555555555555555,0.3023407,1.4012413,0.44152936
2022_07_HOU_LV,2022,7,LV,HOU,0.3281164,0.5925926,0.4387524,0.19977857,0.2037037037037037,0.034482758620689655,54,0.3023407,0.59090906,0.5,1.4012413,1.0,0.44152936,0.6,0.057531945,0.46153846,0.12307692307692308,0.12307692307692308,-0.14691065,-0.41176006,0.6347816
2022_07_IND_TEN,2022,7,IND,TEN,-0.21598998,0.484375,-0.2951771,0.021571357,0.046875,0.0625,64,-0.1463935,0.52,0.6428571428571429,0.4930872,0.6,-0.4645489,0.35714287,-0.09080426,0.40350878,0.08771929824561403,0.12280701754385964,-0.13179839,-0.70225924,0.06292375
2022_07_IND_TEN,2022,7,TEN,IND,-0.09080426,0.40350878,0.18545456,-0.27768523,0.08771929824561403,0.08695652173913043,57,-0.13179839,0.4,0.36363636363636365,-0.70225924,0.0,0.06292375,0.41666666,-0.21598998,0.484375,0.046875,0.15625,-0.1463935,0.4930872,-0.4645489
2022_07_KC_SF,2022,7,KC,SF,0.50017995,0.57377046,0.62287533,0.22895864,0.16393442622950818,0.023809523809523808,61,0.3144556,0.54,0.6774193548387096,0.43637657,0.72727275,1.3443815,0.72727275,0.015929475,0.46753246,0.12987012987012986,0.09090909090909091,-0.034331217,-0.6498064,0.24210261
2022_07_KC_SF,2022,7,SF,KC,0.015929475,0.46753246,0.024537828,-0.00702612,0.12987012987012986,0.08928571428571429,77,-0.034331217,0.44444445,0.5277777777777778,-0.6498064,0.33333334,0.24210261,0.5714286,0.50017995,0.57377046,0.16393442622950818,0.04918032786885246,0.3144556,0.43637657,1.3443815
2022_07_NO_ARI,2022,7,ARI,NO,0.17337689,0.46875,0.19494793,0.14564271,0.09375,0.05555555555555555,64,0.18308468,0.4489796,0.47619047619047616,0.32196796,0.54545456,0.0015809933,0.5,0.045225594,0.5492958,0.09859154929577464,0.04225352112676056,0.07847601,-0.13562648,-0.0789093
2022_07_NO_ARI,2022,7,NO,ARI,0.045225594,0.5492958,0.10464038,-0.12971792,0.09859154929577464,0.0,71,0.07847601,0.53571427,0.48,-0.13562648,0.41666666,-0.0789093,0.6,0.17337689,0.46875,0.09375,0.03125,0.18308468,0.32196796,0.0015809933
2022_07_NYG_JAX,2022,7,JAX,NYG,0.09372243,0.45070422,0.22594765,-0.16521859,0.1267605633802817,0.0,71,0.13700321,0.4528302,0.5641025641025641,-0.6341953,0.3529412,-0.09763983,0.4117647,0.18557662,0.5394737,0.11842105263157894,0.039473684210526314,0.21176,-0.5263449,0.07909753
2022_07_NYG_JAX,2022,7,NYG,JAX,0.18557662,0.5394737,0.18938258,0.18087514,0.11842105263157894,0.023809523809523808,76,0.21176,0.5081967,0.6,-0.5263449,0.4,0.07909753,0.6666667,0.09372243,0.45070422,0.1267605633802817,0.028169014084507043,0.13700321,-0.6341953,-0.09763983
2022_07_NYJ_DEN,2022,7,DEN,NYJ,-0.11195447,0.35443038,-0.19419624,0.029841686,0.0379746835443038,0.02,79,-0.08294196,0.3559322,0.4444444444444444,0.6106328,1.0,-0.19754134,0.35,-0.13318102,0.3275862,0.05172413793103448,0.06896551724137931,-0.00852425,-1.0521797,-0.46040502
2022_07_NYJ_DEN,2022,7,NYJ,DEN,-0.13318102,0.3275862,-0.2264621,-0.0010328144,0.05172413793103448,0.08823529411764706,58,-0.00852425,0.35714287,0.6,-1.0521797,0.0,-0.46040502,0.25,-0.11195447,0.35443038,0.0379746835443038,0.0759493670886076,-0.08294196,0.6106328,-0.19754134
2022_07_PIT_MIA,2022,7,MIA,PIT,-0.03248141,0.4262295,0.13045977,-0.30168858,0.13114754098360656,0.0,61,0.096539676,0.45652175,0.5714285714285714,-0.61822784,0.33333334,-0.42814603,0.33333334,-0.14712161,0.3918919,0.05405405405405406,0.06756756756756757,-0.08968376,-0.043096684,-0.32581714
2022_07_PIT_MIA,2022,7,PIT,MIA,-0.14712161,0.3918919,-0.13937654,-0.16542815,0.05405405405405406,0.038461538461538464,74,-0.08968376,0.4107143,0.5714285714285714,-0.043096684,0.2,-0.32581714,0.33333334,-0.03248141,0.4262295,0.13114754098360656,0.01639344262295082,0.096539676,-0.61822784,-0.42814603
2022_07_SEA_LAC,2022,7,LAC,SEA,-0.22584397,0.36619717,-0.14189124,-0.6386115,0.07042253521126761,0.05084745762711865,71,-0.06635156,0.3653846,0.5714285714285714,0.5916257,0.54545456,-0.66234946,0.36842105,0.16135734,0.46376812,0.14492753623188406,0.057971014492753624,0.029219454,-0.052583754,0.940971
2022_07_SEA_LAC,2022,7,SEA,LAC,0.16135734,0.46376812,0.27921644,0.025082795,0.14492753623188406,0.05405405405405406,69,0.029219454,0.44067797,0.5666666666666667,-0.052583754,0.2857143,0.940971,0.6,-0.22584397,0.36619717,0.07042253521126761,0.1267605633802817,-0.06635156,0.5916257,-0.66234946
2022_07_TB_CAR,2022,7,CAR,TB,0.13568357,0.38,0.22908148,0.05612238,0.18,0.043478260869565216,50,0.15052015,0.39473686,0.5555555555555556,2.5180068,1.0,0.08870112,0.33333334,-0.16407268,0.37313432,0.05970149253731343,0.04477611940298507,0.07376085,-0.24417388,-0.92216706
2022_07_TB_CAR,2022,7,TB,CAR,-0.16407268,0.37313432,-0.071547754,-0.48482573,0.05970149253731343,0.019230769230769232,67,0.07376085,0.43137255,0.6944444444444444,-0.24417388,0.14285715,-0.92216706,0.1875,0.13568357,0.38,0.18,0.06,0.15052015,2.5180068,0.08870112
2022_08_ARI_MIN,2022,8,ARI,MIN,-0.04356276,0.46753246,-0.00732555,-0.16234027,0.05194805194805195,0.06779661016949153,77,0.01348554,0.48387095,0.6086956521739131,0.05858363,0.45454547,-0.23167397,0.42857143,-0.007288555,0.5070422,0.11267605633802817,0.14084507042253522,0.1215386,0.5926717,-0.4882433
2022_08_ARI_MIN,2022,8,MIN,ARI,-0.007288555,0.5070422,-0.03340498,0.035271525,0.11267605633802817,0.06818181818181818,71,0.1215386,0.53571427,0.627906976744186,0.5926717,0.61538464,-0.4882433,0.4,-0.04356276,0.46753246,0.05194805194805195,0.07792207792207792,0.01348554,0.05858363,-0.23167397
2022_08_BAL_TB,2022,8,BAL,TB,0.13361737,0.5205479,0.022655627,0.3019731,0.136986301369863,0.06818181818181818,73,0.15431371,0.5254237,0.6458333333333334,-0.12607254,0.4,0.04639703,0.5,0.11396355,0.46268657,0.07462686567164178,0.08955223880597014,0.20333338,-0.1307106,-0.10560738
2022_08_BAL_TB,2022,8,TB,BAL,0.11396355,0.46268657,0.15080765,-0.013762621,0.07462686567164178,0.057692307692307696,67,0.20333338,0.52,0.6,-0.1307106,0.2857143,-0.10560738,0.33333334,0.13361737,0.5205479,0.136986301369863,0.0410958904109589,0.15431371,-0.12607254,0.04639703
2022_08_CAR_ATL,2022,8,ATL,CAR,0.035043806,0.45454547,0.20232181,-0.11311672,0.12121212121212122,0.06451612903225806,66,-0.014008092,0.44444445,0.4375,-0.2332495,0.4,0.25577733,0.5,0.06055621,0.425,0.125,0.025,-0.024524441,0.3456563,0.31247127
2022_08_CAR_ATL,2022,8,CAR,ATL,0.06055621,0.425,0.0024256024,0.124805816,0.125,0.023809523809523808,80,-0.024524441,0.4032258,0.5,0.3456563,0.625,0.31247127,0.47058824,0.035043806,0.45454547,0.12121212121212122,0.10606060606060606,-0.014008092,-0.2332495,0.25577733
2022_08_CHI_DAL,2022,8,CHI,DAL,0.0267851,0.43037975,-0.10647862,0.1502978,0.11392405063291139,0.10526315789473684,79,0.009124553,0.40350878,0.6666666666666666,0.08494648,0.44444445,0.17449614,0.55,0.44670805,0.56363636,0.16363636363636364,0.03636363636363636,0.12637705,0.854144,1.728032
2022_08_CHI_DAL,2022,8,DAL,CHI,0.44670805,0.56363636,0.5259174,0.364565,0.16363636363636364,0.03571428571428571,55,0.12637705,0.5,0.5384615384615384,0.854144,0.7777778,1.728032,0.8181818,0.0267851,0.43037975,0.11392405063291139,0.06329113924050633,0.009124553,0.08494648,0.17449614
2022_08_CIN_CLE,2022,8,CIN,CLE,-0.118577614,0.4716981,-0.15789637,0.05049313,0.05660377358490566,0.11627906976744186,53,-0.12216672,0.46341464,0.75,1.2304324,1.0,-0.10631483,0.5,0.19101483,0.5588235,0.14705882352941177,0.08823529411764706,0.043751262,0.7477846,0.7364185
2022_08_CIN_CLE,2022,8,CLE,CIN,0.19101483,0.5588235,0.40495613,0.06663034,0.14705882352941177,0.08,68,0.043751262,0.5185185,0.46153846153846156,0.7477846,0.90909094,0.7364185,0.6923077,-0.118577614,0.4716981,0.05660377358490566,0.1320754716981132,-0.12216672,1.2304324,-0.10631483
2022_08_DEN_JAX,2022,8,DEN,JAX,0.019854939,0.45,0.12791298,-0.121451735,0.06666666666666667,0.08823529411764706,60,0.12850988,0.5,0.6153846153846154,0.80062956,0.8333333,-0.33715418,0.2857143,-0.08028013,0.4861111,0.09722222222222222,0.041666666666666664,-0.046979725,-0.28721318,-0.26494607
2022_08_DEN_JAX,2022,8,JAX,DEN,-0.08028013,0.4861111,-0.3097917,0.19096082,0.09722222222222222,0.05128205128205128,72,-0.046979725,0.5081967,0.574468085106383,-0.28721318,0.6363636,-0.26494607,0.36363637,0.019854939,0.45,0.06666666666666667,0.11666666666666667,0.12850988,0.80062956,-0.33715418
2022_08_GB_BUF,2022,8,BUF,GB,0.13861157,0.51724136,0.2241991,0.017362561,0.1206896551724138,0.058823529411764705,58,0.24452518,0.54,0.42857142857142855,-0.49278894,0.44444445,-0.5233486,0.375,0.05408824,0.4848485,0.12121212121212122,0.06060606060606061,0.15813816,0.21946087,-0.29968148
2022_08_GB_BUF,2022,8,GB,BUF,0.05408824,0.4848485,-0.013799704,0.13555378,0.12121212121212122,0.05555555555555555,66,0.15813816,0.50980395,0.625,0.21946087,0.4,-0.29968148,0.4,0.13861157,0.51724136,0.1206896551724138,0.06896551724137931,0.24452518,-0.49278894,-0.5233486
2022_08_LV_NO,2022,8,LV,NO,-0.3568021,0.3275862,-0.2761042,-0.61042404,0.017241379310344827,0.09090909090909091,58,-0.41857594,0.275,0.5,-1.1114436,0.25,-0.21952693,0.44444445,0.17931885,0.53125,0.078125,0.0,0.14704522,0.6851775,0.29458174
2022_08_LV_NO,2022,8,NO,LV,0.17931885,0.53125,0.3650348,-0.0063971095,0.078125,0.0,64,0.14704522,0.5,0.5384615384615384,0.6851775,0.85714287,0.29458174,0.64285713,-0.3568021,0.3275862,0.017241379310344827,0.15517241379310345,-0.41857594,-1.1114436,-0.21952693
2022_08_MIA_DET,2022,8,DET,MIA,0.18871209,0.5409836,0.23586087,0.08448851,0.09836065573770492,0.023809523809523808,61,0.11574381,0.54,0.6486486486486487,0.46265703,0.75,0.52038616,0.54545456,0.32161102,0.4923077,0.12307692307692308,0.03076923076923077,-0.047779005,0.4727173,1.7991712
2022_08_MIA_DET,2022,8,MIA,DET,0.32161102,0.4923077,0.5322535,-0.063040435,0.12307692307692308,0.047619047619047616,65,-0.047779005,0.40384614,0.6153846153846154,0.4727173,0.41666666,1.7991712,0.84615386,0.18871209,0.5409836,0.09836065573770492,0.06557377049180328,0.11574381,0.46265703,0.52038616
2022_08_NE_NYJ,2022,8,NE,NYJ,-0.12832169,0.3783784,-0.03741454,-0.2693845,0.06756756756756757,0.13333333333333333,74,-0.14566003,0.37037036,0.5681818181818182,-0.17271236,0.33333334,-0.0815082,0.4,-0.1306614,0.33898306,0.11864406779661017,0.03389830508474576,-0.09697394,0.051662974,-0.22947799
2022_08_NE_NYJ,2022,8,NYJ,NE,-0.1306614,0.33898306,-0.053722493,-0.33743477,0.11864406779661017,0.046511627906976744,59,-0.09697394,0.3409091,0.5925925925925926,0.051662974,0.22222222,-0.22947799,0.33333334,-0.12832169,0.3783784,0.06756756756756757,0.10810810810810811,-0.14566003,-0.17271236,-0.0815082
2022_08_NYG_SEA,2022,8,NYG,SEA,-0.08266646,0.32307693,0.010130299,-0.23114127,0.06153846153846154,0.125,65,-0.16410914,0.27659574,0.3548387096774194,-0.20543632,0.2,0.12998945,0.44444445,-0.07930821,0.36507937,0.06349206349206349,0.15873015873015872,-0.024450386,0.35544536,-0.2548532
2022_08_NYG_SEA,2022,8,SEA,NYG,-0.07930821,0.36507937,-0.077968866,-0.081804246,0.06349206349206349,0.07317073170731707,63,-0.024450386,0.375,0.6,0.35544536,0.36363637,-0.2548532,0.33333334,-0.08266646,0.32307693,0.06153846153846154,0.12307692307692308,-0.16410914,-0.20543632,0.12998945
2022_08_PIT_PHI,2022,8,PHI,PIT,0.3485791,0.48214287,0.40703022,0.2433671,0.17857142857142858,0.08333333333333333,56,0.1874636,0.42857143,0.8421052631578947,1.9039894,1.0,0.8319257,0.64285713,-0.07512965,0.4025974,0.1038961038961039,0.14285714285714285,-0.013867932,-0.5441837,-0.29134744
2022_08_PIT_PHI,2022,8,PIT,PHI,-0.07512965,0.4025974,-0.25159612,0.4277998,0.1038961038961039,0.10526315789473684,77,-0.013867932,0.4,0.75,-0.5441837,0.16666667,-0.29134744,0.4117647,0.3485791,0.48214287,0.17857142857142858,0.07142857142857142,0.1874636,1.9039894,0.8319257
2022_08_SF_LA,2022,8,LA,SF,-0.046018876,0.40350878,0.08956541,-0.31718743,0.05263157894736842,0.05263157894736842,57,-0.13472708,0.3255814,0.6176470588235294,0.4036742,0.6,0.22644202,0.64285713,0.3458776,0.5471698,0.1320754716981132,0.07547169811320754,0.36658955,0.20589438,0.24461906
2022_08_SF_LA,2022,8,SF,LA,0.3458776,0.5471698,0.6317569,0.00044015548,0.1320754716981132,0.10344827586206896,53,0.36658955,0.54545456,0.5882352941176471,0.20589438,0.4,0.24461906,0.5555556,-0.046018876,0.40350878,0.05263157894736842,0.08771929824561403,-0.13472708,0.4036742,0.22644202
2022_08_TEN_HOU,2022,8,HOU,TEN,-0.3576755,0.24528302,-0.38098907,-0.30376285,0.09433962264150944,0.08108108108108109,53,-0.28626585,0.24324325,0.5238095238095238,-0.39586982,0.25,-0.52281034,0.25,0.04433115,0.47368422,0.17543859649122806,0.07017543859649122,-0.06942084,0.10842253,0.42933786
2022_08_TEN_HOU,2022,8,TEN,HOU,0.04433115,0.47368422,-0.72973895,0.32078475,0.17543859649122806,0.2,57,-0.06942084,0.47727272,0.3225806451612903,0.10842253,0.42857143,0.42933786,0.46153846,-0.3576755,0.24528302,0.09433962264150944,0.11320754716981132,-0.28626585,-0.39586982,-0.52281034
2022_08_WAS_IND,2022,8,IND,WAS,-0.1124073,0.40350878,0.016477916,-0.2660781,0.08771929824561403,0.06451612903225806,57,-0.05383331,0.42222223,0.5,-1.306429,0.33333334,-0.3320597,0.33333334,-0.06598956,0.44262296,0.08196721311475409,0.11475409836065574,0.057470523,0.1650298,-0.44460055
2022_08_WAS_IND,2022,8,WAS,IND,-0.06598956,0.44262296,0.04019239,-0.24142064,0.08196721311475409,0.05263157894736842,61,0.057470523,0.5,0.43333333333333335,0.1650298,0.42857143,-0.44460055,0.26666668,-0.1124073,0.40350878,0.08771929824561403,0.12280701754385964,-0.05383331,-1.306429,-0.3320597
2022_09_BAL_NO,2022,9,BAL,NO,0.13964544,0.5,0.16851284,0.120635204,0.08823529411764706,0.1111111111111111,68,0.09731524,0.4716981,0.5185185185185185,0.13370608,0.5833333,0.2892121,0.6,-0.17393284,0.43137255,0.0392156862745098,0.11764705882352941,-0.097185634,-0.62967247,-0.4233612
2022_09_BAL_NO,2022,9,NO,BAL,-0.17393284,0.43137255,-0.10427039,-0.34112266,0.0392156862745098,0.1111111111111111,51,-0.097185634,0.46153846,0.5454545454545454,-0.62967247,0.0,-0.4233612,0.33333334,0.13964544,0.5,0.08823529411764706,0.04411764705882353,0.09731524,0.13370608,0.2892121
2022_09_BUF_NYJ,2022,9,BUF,NYJ,-0.033247255,0.46774194,-0.20799938,0.3622444,0.03225806451612903,0.11627906976744186,62,-0.21592455,0.39583334,0.6756756756756757,-0.5045272,0.42857143,0.59307486,0.71428573,0.06552016,0.56666666,0.1,0.05,0.18084656,-0.13180664,-0.28045902
2022_09_BUF_NYJ,2022,9,NYJ,BUF,0.06552016,0.56666666,0.052628156,0.077580415,0.1,0.06896551724137931,60,0.18084656,0.5777778,0.5217391304347826,-0.13180664,0.53846157,-0.28045902,0.53333336,-0.033247255,0.46774194,0.03225806451612903,0.11290322580645161,-0.21592455,-0.5045272,0.59307486
2022_09_CAR_CIN,2022,9,CAR,CIN,-0.014310973,0.40816328,-0.0330317,0.020928005,0.061224489795918366,0.0,49,-0.0030452877,0.425,0.25,0.21899891,0.25,-0.06438075,0.33333334,0.39253423,0.6527778,0.125,0.041666666666666664,0.36323404,0.6469647,0.5390352
2022_09_CAR_CIN,2022,9,CIN,CAR,0.39253423,0.6527778,0.322291,0.4589805,0.125,0.05714285714285714,72,0.36323404,0.65,0.45,0.6469647,0.8095238,0.5390352,0.6666667,-0.014310973,0.40816328,0.061224489795918366,0.02040816326530612,-0.0030452877,0.21899891,-0.06438075
2022_09_GB_DET,2022,9,DET,GB,-0.08689025,0.45901638,0.050423663,-0.21133098,0.06557377049180328,0.0,61,-0.1961547,0.42222223,0.3783783783783784,0.0492691,0.5,0.1649104,0.53333336,-0.13234502,0.39726028,0.0547945205479452,0.0684931506849315,-0.30882755,-1.4296808,0.402825
2022_09_GB_DET,2022,9,GB,DET,-0.13234502,0.39726028,-0.1363059,-0.12253707,0.0547945205479452,0.019230769230769232,73,-0.30882755,0.33962265,0.5714285714285714,-1.4296808,0.071428575,0.402825,0.57894737,-0.08689025,0.45901638,0.06557377049180328,0.04918032786885246,-0.1961547,0.0492691,0.1649104
2022_09_IND_NE,2022,9,IND,NE,-0.58810586,0.24193548,-0.5888357,-0.58632165,0.016129032258064516,0.20454545454545456,62,-0.21700911,0.3181818,0.25,-0.558204,0.16666667,-1.4952312,0.055555556,-0.33569682,0.29032257,0.08064516129032258,0.08064516129032258,-0.35734046,-0.17323492,-0.27840474
2022_09_IND_NE,2022,9,NE,IND,-0.33569682,0.29032257,-0.37729776,-0.2851813,0.08064516129032258,0.11764705882352941,62,-0.35734046,0.26666668,0.42105263157894735,-0.17323492,0.25,-0.27840474,0.3529412,-0.58810586,0.24193548,0.016129032258064516,0.1935483870967742,-0.21700911,-0.558204,-1.4952312
2022_09_LAC_ATL,2022,9,ATL,LAC,-0.01596624,0.52459013,-0.31243134,0.21946193,0.04918032786885246,0.07407407407407407,61,-0.009612318,0.54,0.38095238095238093,-0.40310416,0.5625,-0.044847727,0.45454547,0.0059668384,0.4347826,0.07246376811594203,0.028985507246376812,-0.025701493,0.14894804,0.10283466
2022_09_LAC_ATL,2022,9,LAC,ATL,0.0059668384,0.4347826,0.08547383,-0.14310877,0.07246376811594203,0.0,69,-0.025701493,0.40384614,0.6666666666666666,0.14894804,0.5,0.10283466,0.5294118,-0.01596624,0.52459013,0.04918032786885246,0.04918032786885246,-0.009612318,-0.40310416,-0.044847727
2022_09_LA_TB,2022,9,LA,TB,-0.15584044,0.23214285,-0.0976735,-0.23929738,0.07142857142857142,0.12121212121212122,56,-0.13884094,0.2,0.6060606060606061,-0.6769859,0.0,-0.19833918,0.3125,-0.15775421,0.38554215,0.012048192771084338,0.03614457831325301,-0.074793436,-0.38712558,-0.36169943
2022_09_LA_TB,2022,9,TB,LA,-0.15775421,0.38554215,-0.053817358,-0.44594276,0.012048192771084338,0.01639344262295082,83,-0.074793436,0.37288135,0.5405405405405406,-0.38712558,0.33333334,-0.36169943,0.41666666,-0.15584044,0.23214285,0.07142857142857142,0.14285714285714285,-0.13884094,-0.6769859,-0.19833918
2022_09_LV_JAX,2022,9,JAX,LV,0.16116005,0.5522388,0.5296848,-0.17577684,0.08955223880597014,0.0,67,0.15938543,0.5192308,0.375,0.6031866,0.8181818,0.16731206,0.6666667,0.02670541,0.3559322,0.11864406779661017,0.05084745762711865,0.10420399,-1.1513122,-0.20062381
2022_09_LV_JAX,2022,9,LV,JAX,0.02670541,0.3559322,0.18057518,-0.27334064,0.11864406779661017,0.05128205128205128,59,0.10420399,0.38636363,0.6,-1.1513122,0.0,-0.20062381,0.26666668,0.16116005,0.5522388,0.08955223880597014,0.05970149253731343,0.15938543,0.6031866,0.16731206
2022_09_MIA_CHI,2022,9,CHI,MIA,0.19205599,0.4520548,0.27546084,0.085193545,0.0684931506849315,0.04878048780487805,73,-0.023633871,0.3773585,0.45,0.49879217,0.44444445,0.7484043,0.6315789,0.39075658,0.49056605,0.1320754716981132,0.05660377358490566,0.44417816,0.14640187,0.1867833
2022_09_MIA_CHI,2022,9,MIA,CHI,0.39075658,0.49056605,0.71907324,-0.19675742,0.1320754716981132,0.0,53,0.44417816,0.47619048,0.6451612903225806,0.14640187,0.45454547,0.1867833,0.54545456,0.19205599,0.4520548,0.0684931506849315,0.0410958904109589,-0.023633871,0.49879217,0.7484043
2022_09_MIN_WAS,2022,9,MIN,WAS,-0.05481955,0.34848484,0.051541902,-0.26754245,0.06060606060606061,0.045454545454545456,66,-0.20740984,0.2857143,0.6129032258064516,-0.18697235,0.2,0.38499954,0.5294118,-0.108752325,0.4032258,0.04838709677419355,0.11290322580645161,-0.003768425,0.9694478,-0.50446093
2022_09_MIN_WAS,2022,9,WAS,MIN,-0.108752325,0.4032258,-0.24231368,0.07617875,0.04838709677419355,0.08333333333333333,62,-0.003768425,0.40816328,0.525,0.9694478,1.0,-0.50446093,0.3846154,-0.05481955,0.34848484,0.06060606060606061,0.16666666666666666,-0.20740984,-0.18697235,0.38499954
2022_09_PHI_HOU,2022,9,HOU,PHI,-0.0856936,0.45,-0.18745121,0.0230818,0.1,0.0967741935483871,60,0.14374016,0.48,0.3333333333333333,-0.04941652,0.45454547,-1.2328622,0.3,0.19783527,0.5873016,0.14285714285714285,0.07936507936507936,0.07837637,0.66904664,0.5823215
2022_09_PHI_HOU,2022,9,PHI,HOU,0.19783527,0.5873016,0.23098874,0.15639342,0.14285714285714285,0.11428571428571428,63,0.07837637,0.5714286,0.6216216216216216,0.66904664,0.625,0.5823215,0.61538464,-0.0856936,0.45,0.1,0.06666666666666667,0.14374016,-0.04941652,-1.2328622
2022_09_SEA_ARI,2022,9,ARI,SEA,-0.11098818,0.34920636,-0.079099864,-0.19070895,0.06349206349206349,0.1111111111111111,63,-0.100792766,0.31111112,0.6451612903225806,0.6515934,0.8,-0.1364767,0.44444445,0.08571412,0.47887325,0.09859154929577464,0.09859154929577464,-0.08507757,0.62685686,0.67281055
2022_09_SEA_ARI,2022,9,SEA,ARI,0.08571412,0.47887325,0.039552364,0.14880183,0.09859154929577464,0.04878048780487805,71,-0.08507757,0.43636364,0.575,0.62685686,0.6666667,0.67281055,0.625,-0.11098818,0.34920636,0.06349206349206349,0.09523809523809523,-0.100792766,0.6515934,-0.1364767
2022_09_TEN_KC,2022,9,KC,TEN,0.029804409,0.41,0.09646711,-0.32017475,0.05,0.047619047619047616,100,-0.09223535,0.4,0.7872340425531915,0.16670923,0.3,0.40204963,0.45454547,-0.084844396,0.28,0.08,0.06,0.06851029,0.71713746,-0.52131546
2022_09_TEN_KC,2022,9,TEN,KC,-0.084844396,0.28,-0.27424482,0.076496705,0.08,0.13043478260869565,50,0.06851029,0.2972973,0.3,0.71713746,0.71428573,-0.52131546,0.23076923,0.029804409,0.41,0.05,0.09,-0.09223535,0.16670923,0.40204963
2022_10_ARI_LA,2022,10,ARI,LA,0.038656954,0.41791046,0.12992027,-0.11466541,0.029850746268656716,0.047619047619047616,67,-0.13899787,0.3617021,0.71875,0.37675053,0.5714286,0.45614582,0.55,-0.21030426,0.43333334,0.03333333333333333,0.2,-0.31838757,0.5440192,0.18045855
2022_10_ARI_LA,2022,10,LA,ARI,-0.21030426,0.43333334,-0.3400833,0.069745265,0.03333333333333333,0.07317073170731707,60,-0.31838757,0.44680852,0.631578947368421,0.5440192,0.5,0.18045855,0.3846154,0.038656954,0.41791046,0.029850746268656716,0.1044776119402985,-0.13899787,0.37675053,0.45614582
2022_10_ATL_CAR,2022,10,ATL,CAR,-0.14228919,0.4032258,-0.10274871,-0.20489495,0.11290322580645161,0.13157894736842105,62,0.06933634,0.4489796,0.25,0.33287007,0.5,-0.93995464,0.23076923,0.038445085,0.42424244,0.12121212121212122,0.030303030303030304,0.15816134,0.095489345,-0.33566818
2022_10_ATL_CAR,2022,10,CAR,ATL,0.038445085,0.42424244,-0.0845188,0.08110602,0.12121212121212122,0.058823529411764705,66,0.15816134,0.42,0.2413793103448276,0.095489345,0.6666667,-0.33566818,0.4375,-0.14228919,0.4032258,0.11290322580645161,0.1774193548387097,0.06933634,0.33287007,-0.93995464
2022_10_CLE_MIA,2022,10,CLE,MIA,-0.060011666,0.46969697,0.0029504662,-0.2048246,0.045454545454545456,0.06521739130434782,66,-0.0051704627,0.47916666,0.5909090909090909,-0.16871512,0.4,-0.20625488,0.44444445,0.41059968,0.6212121,0.15151515151515152,0.015151515151515152,0.3863491,0.20517217,0.51972723
2022_10_CLE_MIA,2022,10,MIA,CLE,0.41059968,0.6212121,0.5345953,0.2618049,0.15151515151515152,0.027777777777777776,66,0.3863491,0.6296296,0.56,0.20517217,0.5833333,0.51972723,0.5833333,-0.060011666,0.46969697,0.045454545454545456,0.16666666666666666,-0.0051704627,-0.16871512,-0.20625488
2022_10_DAL_GB,2022,10,DAL,GB,-0.001564859,0.45783132,-0.10457518,0.15451138,0.12048192771084337,0.04,83,0.15627326,0.47692308,0.6304347826086957,0.006895087,0.54545456,-0.5715358,0.3888889,0.22259097,0.46031746,0.12698412698412698,0.031746031746031744,0.20377947,0.99950165,0.28843117
2022_10_DAL_GB,2022,10,GB,DAL,0.22259097,0.46031746,0.33641174,0.14770885,0.12698412698412698,0.08,63,0.20377947,0.4489796,0.3103448275862069,0.99950165,0.8333333,0.28843117,0.5,-0.001564859,0.45783132,0.12048192771084337,0.08433734939759036,0.15627326,0.006895087,-0.5715358
2022_10_DEN_TEN,2022,10,DEN,TEN,-0.06549141,0.37974682,-0.022305029,-0.16446018,0.06329113924050633,0.10909090909090909,79,-0.10906655,0.3859649,0.5555555555555556,,,0.047407802,0.36363637,-0.09182076,0.4032258,0.06451612903225806,0.06451612903225806,-0.018685063,0.14559178,-0.28541532
2022_10_DEN_TEN,2022,10,TEN,DEN,-0.09182076,0.4032258,0.13360682,-0.5016891,0.06451612903225806,0.025,62,-0.018685063,0.4,0.5217391304347826,0.14559178,0.16666667,-0.28541532,0.4117647,-0.06549141,0.37974682,0.06329113924050633,0.21518987341772153,-0.10906655,,0.047407802
2022_10_DET_CHI,2022,10,CHI,DET,0.048526444,0.4918033,-0.059323974,0.13417238,0.11475409836065574,0.1111111111111111,61,-0.052360613,0.47916666,0.37142857142857144,0.16048755,0.5833333,0.42103255,0.53846157,0.18827552,0.5081967,0.11475409836065574,0.04918032786885246,0.08359018,0.24323948,0.6157405
2022_10_DET_CHI,2022,10,DET,CHI,0.18827552,0.5081967,0.5912085,-0.2866099,0.11475409836065574,0.06060606060606061,61,0.08359018,0.5102041,0.4827586206896552,0.24323948,0.53333336,0.6157405,0.5,0.048526444,0.4918033,0.11475409836065574,0.06557377049180328,-0.052360613,0.16048755,0.42103255
2022_10_HOU_NYG,2022,10,HOU,NYG,-0.009248307,0.453125,0.08991556,-0.2441101,0.125,0.08888888888888889,64,0.03976243,0.4716981,0.55,-0.7141804,0.13333334,-0.2453909,0.36363637,0.137464,0.42647058,0.10294117647058823,0.07352941176470588,0.0116572715,0.4505888,0.58198106
2022_10_HOU_NYG,2022,10,NYG,HOU,0.137464,0.42647058,0.5671491,-0.096909694,0.10294117647058823,0.125,68,0.0116572715,0.3773585,0.3181818181818182,0.4505888,0.5714286,0.58198106,0.6,-0.009248307,0.453125,0.125,0.15625,0.03976243,-0.7141804,-0.2453909
2022_10_IND_LV,2022,10,IND,LV,0.14170739,0.516129,0.13543545,0.14932333,0.0967741935483871,0.029411764705882353,62,0.19047877,0.53061223,0.42857142857142855,-0.3550904,0.5,0.12239983,0.54545456,-0.09116321,0.37142858,0.04285714285714286,0.05714285714285714,-0.059419528,-0.08107409,-0.13791822
2022_10_IND_LV,2022,10,LV,IND,-0.09116321,0.37142858,0.0404731,-0.31393236,0.04285714285714286,0.045454545454545456,70,-0.059419528,0.3653846,0.45454545454545453,-0.08107409,0.45454547,-0.13791822,0.4117647,0.14170739,0.516129,0.0967741935483871,0.016129032258064516,0.19047877,-0.3550904,0.12239983
2022_10_JAX_KC,2022,10,JAX,KC,0.04087103,0.421875,0.10175863,-0.19799569,0.0625,0.09803921568627451,64,0.029843433,0.4375,0.6428571428571429,0.32817328,0.45454547,0.07395382,0.375,0.27756044,0.5483871,0.12903225806451613,0.06451612903225806,0.08963557,0.19559744,1.0605807
2022_10_JAX_KC,2022,10,KC,JAX,0.27756044,0.5483871,0.58904326,-0.33057266,0.12903225806451613,0.0,62,0.08963557,0.5,0.631578947368421,0.19559744,0.75,1.0605807,0.75,0.04087103,0.421875,0.0625,0.078125,0.029843433,0.32817328,0.07395382
2022_10_LAC_SF,2022,10,LAC,SF,-0.11290408,0.31034482,-0.10380437,-0.14150314,0.06896551724137931,0.06818181818181818,58,-0.12842041,0.24390244,0.6666666666666666,-0.5964968,0.0,-0.0754823,0.47058824,0.047611453,0.5285714,0.12857142857142856,0.014285714285714285,-0.09039244,-0.19337945,0.4462894
2022_10_LAC_SF,2022,10,SF,LAC,0.047611453,0.5285714,0.12214135,-0.008285975,0.12857142857142856,0.03333333333333333,70,-0.09039244,0.5,0.38461538461538464,-0.19337945,0.47058824,0.4462894,0.6111111,-0.11290408,0.31034482,0.06896551724137931,0.15517241379310345,-0.12842041,-0.5964968,-0.0754823
2022_10_MIN_BUF,2022,10,BUF,MIN,-0.07056795,0.53333336,0.16051783,-0.5930227,0.10666666666666667,0.038461538461538464,75,-0.05010276,0.55,0.5517241379310345,-0.4250801,0.3888889,-0.15242872,0.46666667,0.060019977,0.4512195,0.12195121951219512,0.10975609756097561,-0.19206983,-0.5117984,0.6692371
2022_10_MIN_BUF,2022,10,MIN,BUF,0.060019977,0.4512195,0.086120814,-0.011164053,0.12195121951219512,0.06666666666666667,82,-0.19206983,0.41379312,0.6,-0.5117984,0.3125,0.6692371,0.5416667,-0.07056795,0.53333336,0.10666666666666667,0.05333333333333334,-0.05010276,-0.4250801,-0.15242872
2022_10_NO_PIT,2022,10,NO,PIT,-0.27242473,0.27659574,-0.078545466,-0.72942585,0.02127659574468085,0.06060606060606061,47,-0.11451119,0.29411766,0.6842105263157895,2.8036168,1.0,-0.68542933,0.23076923,0.105806075,0.4698795,0.08433734939759036,0.07228915662650602,-0.016536102,-0.016273456,0.49118394
2022_10_NO_PIT,2022,10,PIT,NO,0.105806075,0.4698795,0.14860837,0.05511915,0.08433734939759036,0.13333333333333333,83,-0.016536102,0.41269842,0.5777777777777777,-0.016273456,0.4117647,0.49118394,0.65,-0.27242473,0.27659574,0.02127659574468085,0.06382978723404255,-0.11451119,2.8036168,-0.68542933
2022_10_SEA_TB,2022,10,SEA,TB,0.014965708,0.53846157,0.14227644,-0.5197394,0.038461538461538464,0.07142857142857142,52,0.138063,0.625,0.4444444444444444,-0.37045866,0.375,-0.3452094,0.27272728,0.17341022,0.49275362,0.13043478260869565,0.014492753623188406,0.012947089,0.52503127,0.86463606
2022_10_SEA_TB,2022,10,TB,SEA,0.17341022,0.49275362,0.3631167,0.018649656,0.13043478260869565,0.0,69,0.012947089,0.42857143,0.39285714285714285,0.52503127,0.71428573,0.86463606,0.7692308,0.014965708,0.53846157,0.038461538461538464,0.11538461538461539,0.138063,-0.37045866,-0.3452094
2022_10_WAS_PHI,2022,10,PHI,WAS,-0.11233125,0.5,-0.26065144,0.09249187,0.06,0.034482758620689655,50,-0.21768318,0.47619048,0.7,0.88160706,1.0,0.44076633,0.625,0.061364338,0.5316456,0.05063291139240506,0.05063291139240506,-0.063376114,0.3264897,0.38455546
2022_10_WAS_PHI,2022,10,WAS,PHI,0.061364338,0.5316456,0.058255784,0.06359438,0.05063291139240506,0.09090909090909091,79,-0.063376114,0.45614034,0.391304347826087,0.3264897,0.64285713,0.38455546,0.72727275,-0.11233125,0.5,0.06,0.02,-0.21768318,0.88160706,0.44076633
2022_11_CAR_BAL,2022,11,BAL,CAR,-0.14904495,0.47058824,-0.23771352,-0.029801019,0.08823529411764706,0.07692307692307693,68,-0.10278438,0.48076922,0.6666666666666666,-0.39499906,0.5,-0.29939178,0.4375,-0.3763239,0.31578946,0.05263157894736842,0.12280701754385964,-0.3635926,-0.69720465,-0.41542718
2022_11_CAR_BAL,2022,11,CAR,BAL,-0.3763239,0.31578946,-0.3855074,-0.35061,0.05263157894736842,0.09523809523809523,57,-0.3635926,0.3255814,0.5517241379310345,-0.69720465,0.0,-0.41542718,0.2857143,-0.14904495,0.47058824,0.08823529411764706,0.04411764705882353,-0.10278438,-0.39499906,-0.29939178
2022_11_CHI_ATL,2022,11,ATL,CHI,0.007256818,0.48,0.0518894,-0.03394248,0.1,0.0,50,0.054624166,0.4878049,0.5161290322580645,0.6627263,0.8,-0.20852774,0.44444445,0.025806226,0.4347826,0.057971014492753624,0.07246376811594203,-0.04527183,0.51795506,0.24322142
2022_11_CHI_ATL,2022,11,CHI,ATL,0.025806226,0.4347826,0.17237793,-0.10855117,0.057971014492753624,0.12121212121212122,69,-0.04527183,0.3846154,0.43902439024390244,0.51795506,0.53846157,0.24322142,0.5882353,0.007256818,0.48,0.1,0.02,0.054624166,0.6627263,-0.20852774
2022_11_CIN_PIT,2022,11,CIN,PIT,0.17466277,0.484375,0.2930676,-0.051382855,0.109375,0.047619047619047616,64,0.19645718,0.5,0.7380952380952381,0.9455712,0.8333333,0.056972988,0.4,-0.022730662,0.38356164,0.1095890410958904,0.0958904109589041,-0.11383972,0.63449615,0.21870837
2022_11_CIN_PIT,2022,11,PIT,CIN,-0.022730662,0.38356164,-0.0061023585,-0.054657,0.1095890410958904,0.041666666666666664,73,-0.11383972,0.3207547,0.5277777777777778,0.63449615,0.6666667,0.21870837,0.55,0.17466277,0.484375,0.109375,0.09375,0.19645718,0.9455712,0.056972988
2022_11_CLE_BUF,2022,11,BUF,CLE,0.09451479,0.5,0.19206366,-0.0030340878,0.140625,0.0625,64,0.22558482,0.54901963,0.5588235294117647,-0.1193421,0.29411766,-0.37573996,0.33333334,0.101951875,0.5135135,0.12162162162162163,0.06756756756756757,0.13280511,-0.10400772,0.04685269
2022_11_CLE_BUF,2022,11,CLE,BUF,0.101951875,0.5135135,0.44217375,-0.7022089,0.12162162162162163,0.019230769230769232,74,0.13280511,0.55932206,0.5,-0.10400772,0.36363637,0.04685269,0.35714287,0.09451479,0.5,0.140625,0.0625,0.22558482,-0.1193421,-0.37573996
2022_11_DAL_MIN,2022,11,DAL,MIN,0.25604573,0.4722222,0.58869714,-0.010075358,0.1111111111111111,0.0,72,0.035396665,0.4,0.36363636363636365,0.07526325,0.54545456,0.96991044,0.7058824,-0.34334895,0.28070176,0.05263157894736842,0.22807017543859648,-0.070945814,-0.80273587,-1.4824893
2022_11_DAL_MIN,2022,11,MIN,DAL,-0.34334895,0.28070176,-0.3927779,-0.22704555,0.05263157894736842,0.175,57,-0.070945814,0.32608697,0.42857142857142855,-0.80273587,0.33333334,-1.4824893,0.09090909,0.25604573,0.4722222,0.1111111111111111,0.013888888888888888,0.035396665,0.07526325,0.96991044
2022_11_DET_NYG,2022,11,DET,NYG,0.11780146,0.453125,0.11948891,0.11631254,0.109375,0.0,64,0.09532642,0.44,0.52,0.26550657,0.53333336,0.19806942,0.5,-0.031790484,0.4473684,0.06578947368421052,0.13157894736842105,-0.0008101258,0.6494693,-0.083652355
2022_11_DET_NYG,2022,11,NYG,DET,-0.031790484,0.4473684,-0.045665555,-0.0017278641,0.06578947368421052,0.038461538461538464,76,-0.0008101258,0.46551725,0.5,0.6494693,0.85714287,-0.083652355,0.4117647,0.11780146,0.453125,0.109375,0.046875,0.09532642,0.26550657,0.19806942
2022_11_KC_LAC,2022,11,KC,LAC,0.24869215,0.515625,0.36503568,0.04129715,0.125,0.024390243902439025,64,0.11454057,0.509434,0.5609756097560976,-0.053893737,0.42857143,0.8950589,0.54545456,0.08532489,0.53846157,0.06153846153846154,0.15384615384615385,0.035244588,0.23845853,0.26776028
2022_11_KC_LAC,2022,11,LAC,KC,0.08532489,0.53846157,0.11107821,0.051293693,0.06153846153846154,0.13513513513513514,65,0.035244588,0.50980395,0.5428571428571428,0.23845853,0.54545456,0.26776028,0.64285713,0.24869215,0.515625,0.125,0.09375,0.11454057,-0.053893737,0.8950589
2022_11_LA_NO,2022,11,LA,NO,-0.040289536,0.3809524,-0.038766757,-0.0423199,0.09523809523809523,0.1111111111111111,63,0.09209259,0.38297874,0.5357142857142857,-0.32284206,0.2,-0.42916203,0.375,0.10768348,0.5090909,0.09090909090909091,0.10909090909090909,0.0411966,-0.11563123,0.37363097
2022_11_LA_NO,2022,11,NO,LA,0.10768348,0.5090909,0.2831202,-0.13640235,0.09090909090909091,0.125,55,0.0411966,0.54545456,0.5,-0.11563123,0.45454547,0.37363097,0.36363637,-0.040289536,0.3809524,0.09523809523809523,0.07936507936507936,0.09209259,-0.32284206,-0.42916203
2022_11_LV_DEN,2022,11,DEN,LV,0.030906716,0.46875,0.1720554,-0.16251925,0.09375,0.08108108108108109,64,0.16294383,0.50980395,0.5,-0.33126625,0.75,-0.487085,0.30769232,0.096827894,0.42424244,0.15151515151515152,0.06060606060606061,0.10995155,-0.6520161,0.03777142
2022_11_LV_DEN,2022,11,LV,DEN,0.096827894,0.42424244,0.19951713,-0.07158246,0.15151515151515152,0.024390243902439025,66,0.10995155,0.42592594,0.5,-0.6520161,0.0,0.03777142,0.41666666,0.030906716,0.46875,0.09375,0.15625,0.16294383,-0.33126625,-0.487085
2022_11_NYJ_NE,2022,11,NE,NYJ,-0.18477409,0.3809524,-0.08216963,-0.30506894,0.07936507936507936,0.17647058823529413,63,-0.05618098,0.4347826,0.5135135135135135,-0.4602117,0.33333334,-0.5327319,0.23529412,-0.39449716,0.22,0.02,0.1,-0.38589162,-1.602351,-0.41457674
2022_11_NYJ_NE,2022,11,NYJ,NE,-0.39449716,0.22,-0.3073779,-0.5251759,0.02,0.13333333333333333,50,-0.38589162,0.2,0.48,-1.602351,0.0,-0.41457674,0.26666668,-0.18477409,0.3809524,0.07936507936507936,0.09523809523809523,-0.05618098,-0.4602117,-0.5327319
2022_11_PHI_IND,2022,11,IND,PHI,-0.18046038,0.33846155,-0.096814245,-0.29099277,0.06153846153846154,0.10810810810810811,65,-0.0762701,0.3469388,0.4583333333333333,-0.29884797,0.5,-0.49954307,0.3125,-0.13401408,0.46969697,0.10606060606060606,0.06060606060606061,-0.13523415,0.021334756,-0.13049747
2022_11_PHI_IND,2022,11,PHI,IND,-0.13401408,0.46969697,-0.2942626,0.046911616,0.10606060606060606,0.08571428571428572,66,-0.13523415,0.46938777,0.6666666666666666,0.021334756,0.36363637,-0.13049747,0.47058824,-0.18046038,0.33846155,0.06153846153846154,0.1076923076923077,-0.0762701,-0.29884797,-0.49954307
2022_11_SF_ARI,2022,11,ARI,SF,-0.16528358,0.3943662,-0.14403501,-0.21260995,0.04225352112676056,0.061224489795918366,71,-0.182461,0.3773585,0.5652173913043478,-0.49322692,0.2857143,-0.114705645,0.44444445,0.35084075,0.5535714,0.08928571428571429,0.07142857142857142,0.32138336,0.8089163,0.47134826
2022_11_SF_ARI,2022,11,SF,ARI,0.35084075,0.5535714,0.51451707,0.16198348,0.08928571428571429,0.0,56,0.32138336,0.5555556,0.5714285714285714,0.8089163,0.4,0.47134826,0.54545456,-0.16528358,0.3943662,0.04225352112676056,0.1267605633802817,-0.182461,-0.49322692,-0.114705645
2022_11_TEN_GB,2022,11,GB,TEN,-0.042668328,0.3442623,0.06609961,-0.26564255,0.06557377049180328,0.024390243902439025,61,-0.075744934,0.27272728,0.52,0.36789757,0.375,-0.020186901,0.5,0.25635508,0.50793654,0.07936507936507936,0.06349206349206349,0.19316478,0.40385503,0.4775211
2022_11_TEN_GB,2022,11,TEN,GB,0.25635508,0.50793654,0.55269814,-0.091081634,0.07936507936507936,0.08823529411764706,63,0.19316478,0.46938777,0.5897435897435898,0.40385503,0.64285713,0.4775211,0.64285713,-0.042668328,0.3442623,0.06557377049180328,0.04918032786885246,-0.075744934,0.36789757,-0.020186901
2022_11_WAS_HOU,2022,11,HOU,WAS,-0.390963,0.29090908,-0.35577628,-0.50464314,0.03636363636363636,0.11904761904761904,55,-0.5360558,0.24324325,0.5,-0.010194742,0.3846154,-0.09271664,0.3888889,-0.05414609,0.42647058,0.07352941176470588,0.08823529411764706,0.09513457,-0.5121229,-0.5816044
2022_11_WAS_HOU,2022,11,WAS,HOU,-0.05414609,0.42647058,0.058351107,-0.13779785,0.07352941176470588,0.0,68,0.09513457,0.4528302,0.3684210526315789,-0.5121229,0.25,-0.5816044,0.33333334,-0.390963,0.29090908,0.03636363636363636,0.16363636363636364,-0.5360558,-0.010194742,-0.09271664
2022_12_ATL_WAS,2022,12,ATL,WAS,0.010885188,0.47368422,-0.18154904,0.17228164,0.17543859649122806,0.038461538461538464,57,0.046078183,0.4888889,0.47058823529411764,-0.35050386,0.5,-0.12108854,0.41666666,0.07525161,0.5081967,0.08196721311475409,0.03278688524590164,0.024532888,0.35541192,0.24552156
2022_12_ATL_WAS,2022,12,WAS,ATL,0.07525161,0.5081967,0.035545435,0.10100697,0.08196721311475409,0.0,61,0.024532888,0.5106383,0.32432432432432434,0.35541192,0.42857143,0.24552156,0.5,0.010885188,0.47368422,0.17543859649122806,0.07017543859649122,0.046078183,-0.35050386,-0.12108854
2022_12_BAL_JAX,2022,12,BAL,JAX,0.10635027,0.47887325,0.28067285,-0.118582055,0.07042253521126761,0.025,71,0.11361918,0.46296296,0.5853658536585366,-0.0021255356,0.3809524,0.02265215,0.5,0.06543441,0.41269842,0.09523809523809523,0.09523809523809523,0.12730052,0.2179323,-0.1741535
2022_12_BAL_JAX,2022,12,JAX,BAL,0.06543441,0.41269842,0.35395667,-0.60272235,0.09523809523809523,0.09090909090909091,63,0.12730052,0.39130434,0.5555555555555556,0.2179323,0.3846154,-0.1741535,0.4375,0.10635027,0.47887325,0.07042253521126761,0.04225352112676056,0.11361918,-0.0021255356,0.02265215
2022_12_BUF_DET,2022,12,BUF,DET,0.12559582,0.4935065,0.09828258,0.1859126,0.07792207792207792,0.05660377358490566,77,0.07122079,0.46875,0.725,0.055222757,0.46153846,0.3932883,0.61538464,0.08677745,0.47887325,0.056338028169014086,0.1267605633802817,-0.13580756,0.22074685,0.63338864
2022_12_BUF_DET,2022,12,DET,BUF,0.08677745,0.47887325,0.17535053,-0.034272447,0.056338028169014086,0.04878048780487805,71,-0.13580756,0.43137255,0.5897435897435898,0.22074685,0.57894737,0.63338864,0.57894737,0.12559582,0.4935065,0.07792207792207792,0.1038961038961039,0.07122079,0.055222757,0.3932883
2022_12_CHI_NYJ,2022,12,CHI,NYJ,-0.08038867,0.375,-0.2570798,0.09630246,0.14285714285714285,0.07142857142857142,56,-0.0921366,0.375,0.4090909090909091,-0.69348544,0.14285715,-0.05101888,0.375,0.22658646,0.5,0.12903225806451613,0.04838709677419355,0.1484944,-0.37764138,0.5209335
2022_12_CHI_NYJ,2022,12,NYJ,CHI,0.22658646,0.5,0.4851422,-0.015809529,0.12903225806451613,0.03333333333333333,62,0.1484944,0.46938777,0.4117647058823529,-0.37764138,0.25,0.5209335,0.61538464,-0.08038867,0.375,0.14285714285714285,0.07142857142857142,-0.0921366,-0.69348544,-0.05101888
2022_12_CIN_TEN,2022,12,CIN,TEN,0.07434293,0.43939394,0.17010632,-0.13086432,0.10606060606060606,0.022222222222222223,66,0.07773769,0.4509804,0.6666666666666666,-0.45585147,0.2,0.06280077,0.4,0.045003224,0.40350878,0.08771929824561403,0.10526315789473684,0.03689363,-0.5841267,0.06578406
2022_12_CIN_TEN,2022,12,TEN,CIN,0.045003224,0.40350878,0.18459345,-0.23417723,0.08771929824561403,0.02631578947368421,57,0.03689363,0.36585367,0.5757575757575758,-0.5841267,0.11111111,0.06578406,0.5,0.07434293,0.43939394,0.10606060606060606,0.06060606060606061,0.07773769,-0.45585147,0.06280077
2022_12_DEN_CAR,2022,12,CAR,DEN,0.057034306,0.4090909,0.25214964,-0.027798448,0.10606060606060606,0.0,66,0.15055802,0.42307693,0.2972972972972973,-0.036043406,0.3846154,-0.29033953,0.35714287,-0.19835974,0.36666667,0.06666666666666667,0.18333333333333332,-0.12582967,-0.011992823,-0.39781746
2022_12_DEN_CAR,2022,12,DEN,CAR,-0.19835974,0.36666667,-0.24899086,-0.07029281,0.06666666666666667,0.06976744186046512,60,-0.12582967,0.38636363,0.5652173913043478,-0.011992823,0.45454547,-0.39781746,0.3125,0.057034306,0.4090909,0.10606060606060606,0.030303030303030304,0.15055802,-0.036043406,-0.29033953
2022_12_GB_PHI,2022,12,GB,PHI,0.18933128,0.5,0.2693937,0.0772439,0.16666666666666666,0.10714285714285714,48,0.33375496,0.525,0.5,0.118061036,0.375,-0.5327871,0.375,0.2014563,0.51898736,0.1518987341772152,0.02531645569620253,0.21058881,0.35814637,0.17050713
2022_12_GB_PHI,2022,12,PHI,GB,0.2014563,0.51898736,0.06777683,0.31337395,0.1518987341772152,0.05555555555555555,79,0.21058881,0.5081967,0.4883720930232558,0.35814637,0.46153846,0.17050713,0.5555556,0.18933128,0.5,0.16666666666666666,0.08333333333333333,0.33375496,0.118061036,-0.5327871
2022_12_HOU_MIA,2022,12,HOU,MIA,-0.38800016,0.28333333,-0.4804188,-0.053871267,0.03333333333333333,0.10638297872340426,60,-0.14736766,0.3181818,0.4,-0.18904097,0.375,-1.0644166,0.21428572,-0.090593666,0.3888889,0.09722222222222222,0.08333333333333333,-0.12598369,-0.049480457,0.056022134
2022_12_HOU_MIA,2022,12,MIA,HOU,-0.090593666,0.3888889,0.09807631,-0.5193891,0.09722222222222222,0.1,72,-0.12598369,0.39655173,0.6153846153846154,-0.049480457,0.3846154,0.056022134,0.35714287,-0.38800016,0.28333333,0.03333333333333333,0.13333333333333333,-0.14736766,-0.18904097,-1.0644166
2022_12_LAC_ARI,2022,12,ARI,LAC,0.04190897,0.41538462,0.34257564,-0.26815355,0.09230769230769231,0.030303030303030304,65,0.002600717,0.39215687,0.43902439024390244,0.83561665,0.8333333,0.1851033,0.5,0.050707653,0.46153846,0.03076923076923077,0.2,0.0966112,0.20387833,-0.20647493
2022_12_LAC_ARI,2022,12,LAC,ARI,0.050707653,0.46153846,0.08769251,-0.152709,0.03076923076923077,0.07272727272727272,65,0.0966112,0.4509804,0.7391304347826086,0.20387833,0.46153846,-0.20647493,0.46153846,0.04190897,0.41538462,0.09230769230769231,0.015384615384615385,0.002600717,0.83561665,0.1851033
2022_12_LA_KC,2022,12,KC,LA,0.12934154,0.5131579,0.2472697,-0.09744335,0.06578947368421052,0.0,76,0.19264516,0.515625,0.8,-0.30724594,0.33333334,-0.20827778,0.5,-0.22741236,0.3148148,0.018518518518518517,0.1111111111111111,-0.44171342,0.52689886,0.28155258
2022_12_LA_KC,2022,12,LA,KC,-0.22741236,0.3148148,-0.2155185,-0.24227971,0.018518518518518517,0.1,54,-0.44171342,0.2631579,0.29411764705882354,0.52689886,0.25,0.28155258,0.4375,0.12934154,0.5131579,0.06578947368421052,0.02631578947368421,0.19264516,-0.30724594,-0.20827778
2022_12_LV_SEA,2022,12,LV,SEA,0.20789613,0.5064935,0.36359972,0.0480951,0.12987012987012986,0.02564102564102564,77,0.18909776,0.4918033,0.5,0.28046197,0.3,0.27956492,0.5625,0.036358893,0.53125,0.140625,0.125,0.041002534,0.17585455,0.013984994
2022_12_LV_SEA,2022,12,SEA,LV,0.036358893,0.53125,0.24561149,-0.42399684,0.140625,0.06818181818181818,64,0.041002534,0.5471698,0.6470588235294118,0.17585455,0.45454547,0.013984994,0.45454547,0.20789613,0.5064935,0.12987012987012986,0.05194805194805195,0.18909776,0.28046197,0.27956492
2022_12_NE_MIN,2022,12,MIN,NE,0.06585208,0.46268657,0.30546913,-0.31200555,0.05970149253731343,0.024390243902439025,67,0.052846722,0.4509804,0.5128205128205128,0.03671376,0.3888889,0.107306704,0.5,0.07107767,0.42592594,0.14814814814814814,0.05555555555555555,0.30997425,-0.6889092,-0.8627909
2022_12_NE_MIN,2022,12,NE,MIN,0.07107767,0.42592594,0.14768733,-0.17053749,0.14814814814814814,0.07317073170731707,54,0.30997425,0.4883721,0.625,-0.6889092,0.125,-0.8627909,0.18181819,0.06585208,0.46268657,0.05970149253731343,0.05970149253731343,0.052846722,0.03671376,0.107306704
2022_12_NO_SF,2022,12,NO,SF,-0.20313929,0.36842105,-0.07756525,-0.4752164,0.03508771929824561,0.02564102564102564,57,-0.23923273,0.34146342,0.5714285714285714,-0.8479393,0.18181819,-0.11064984,0.4375,-0.022922548,0.3970588,0.07352941176470588,0.08823529411764706,-0.030666549,-0.37296394,0.0022454336
2022_12_NO_SF,2022,12,SF,NO,-0.022922548,0.3970588,0.062382344,-0.13764293,0.07352941176470588,0.02564102564102564,68,-0.030666549,0.3653846,0.6129032258064516,-0.37296394,0.41666666,0.0022454336,0.5,-0.20313929,0.36842105,0.03508771929824561,0.08771929824561403,-0.23923273,-0.8479393,-0.11064984
2022_12_NYG_DAL,2022,12,DAL,NYG,0.16908003,0.45945945,0.42207175,-0.07059629,0.17567567567567569,0.0,74,0.013371386,0.39655173,0.45454545454545453,0.79351854,0.5,0.73352396,0.6875,-0.04515346,0.4262295,0.09836065573770492,0.11475409836065574,0.1395403,0.22087717,-0.72709966
2022_12_NYG_DAL,2022,12,NYG,DAL,-0.04515346,0.4262295,-0.10062478,0.06050617,0.09836065573770492,0.075,61,0.1395403,0.45833334,0.5428571428571428,0.22087717,0.5,-0.72709966,0.30769232,0.16908003,0.45945945,0.17567567567567569,0.12162162162162163,0.013371386,0.79351854,0.73352396
2022_12_PIT_IND,2022,12,IND,PIT,-0.13189588,0.421875,-0.054269977,-0.27027252,0.0625,0.07317073170731707,64,-0.19188903,0.39583334,0.5416666666666666,-0.21124661,0.5,0.04808356,0.5,0.10086313,0.5294118,0.058823529411764705,0.04411764705882353,0.0907475,0.43955326,0.071148224
2022_12_PIT_IND,2022,12,PIT,IND,0.10086313,0.5294118,0.06199563,0.14208624,0.058823529411764705,0.08571428571428572,68,0.0907475,0.5283019,0.42424242424242425,0.43955326,0.53846157,0.071148224,0.5,-0.13189588,0.421875,0.0625,0.125,-0.19188903,-0.21124661,0.04808356
2022_12_TB_CLE,2022,12,CLE,TB,-0.00028007242,0.36708862,-0.08295531,0.114964195,0.0759493670886076,0.08695652173913043,79,-0.01085334,0.37931034,0.5588235294117647,0.23826979,0.25,0.028922264,0.33333334,-0.028570099,0.3768116,0.10144927536231885,0.07246376811594203,-0.015821023,0.7878352,-0.06469251
2022_12_TB_CLE,2022,12,TB,CLE,-0.028570099,0.3768116,-0.030183498,-0.024617294,0.10144927536231885,0.061224489795918366,69,-0.015821023,0.39215687,0.6206896551724138,0.7878352,0.6666667,-0.06469251,0.33333334,-0.00028007242,0.36708862,0.0759493670886076,0.11392405063291139,-0.01085334,0.23826979,0.028922264
2022_13_BUF_NE,2022,13,BUF,NE,0.17641689,0.45070422,0.33021346,-0.022030262,0.04225352112676056,0.05,71,0.036148164,0.375,0.4230769230769231,0.54682744,0.5714286,0.70008683,0.73333335,-0.024711717,0.3888889,0.07407407407407407,0.07407407407407407,-0.07299388,-0.38111705,0.1132373
2022_13_BUF_NE,2022,13,NE,BUF,-0.024711717,0.3888889,0.013578156,-0.14547205,0.07407407407407407,0.024390243902439025,54,-0.07299388,0.375,0.7,-0.38111705,0.25,0.1132373,0.42857143,0.17641689,0.45070422,0.04225352112676056,0.08450704225352113,0.036148164,0.54682744,0.70008683
2022_13_CLE_HOU,2022,13,CLE,HOU,-0.23551522,0.38333333,-0.4198091,-0.11265266,0.08333333333333333,0.041666666666666664,60,-0.22865431,0.38297874,0.4166666666666667,-6.7118115,0.0,-0.26032004,0.3846154,-0.40939915,0.41538462,0.046153846153846156,0.03076923076923077,-0.28248465,-0.7485554,-0.8242651
2022_13_CLE_HOU,2022,13,HOU,CLE,-0.40939915,0.41538462,-0.46070135,-0.31571683,0.046153846153846156,0.0,65,-0.28248465,0.48,0.5757575757575758,-0.7485554,0.36363637,-0.8242651,0.21428572,-0.23551522,0.38333333,0.08333333333333333,0.03333333333333333,-0.22865431,-6.7118115,-0.26032004
2022_13_DEN_BAL,2022,13,BAL,DEN,-0.11190356,0.3943662,-0.16605696,0.008710813,0.04225352112676056,0.08163265306122448,71,-0.13040791,0.3888889,0.7222222222222222,0.16200635,0.42857143,-0.05312504,0.4117647,-0.12457014,0.35849056,0.07547169811320754,0.07547169811320754,0.043328173,,-0.6982227
2022_13_DEN_BAL,2022,13,DEN,BAL,-0.12457014,0.35849056,0.07443592,-0.33123028,0.07547169811320754,0.07407407407407407,53,0.043328173,0.41463414,0.36666666666666664,,,-0.6982227,0.16666667,-0.11190356,0.3943662,0.04225352112676056,0.07042253521126761,-0.13040791,0.16200635,-0.05312504
2022_13_GB_CHI,2022,13,CHI,GB,0.086210184,0.43137255,-0.098778576,0.33005896,0.11764705882352941,0.0,51,0.050626874,0.4,0.4074074074074074,-0.017019967,0.33333334,0.215604,0.54545456,0.2224004,0.5,0.09375,0.0,0.24416392,0.061203834,0.09738385
2022_13_GB_CHI,2022,13,GB,CHI,0.2224004,0.5,0.2139178,0.23263799,0.09375,0.0,64,0.24416392,0.5,0.5454545454545454,0.061203834,0.5,0.09738385,0.46666667,0.086210184,0.43137255,0.11764705882352941,0.058823529411764705,0.050626874,-0.017019967,0.215604
2022_13_IND_DAL,2022,13,DAL,IND,0.2512262,0.45588234,0.19058274,0.3084043,0.14705882352941177,0.030303030303030304,68,0.123691924,0.42307693,0.45,0.72574335,0.5714286,0.77322674,0.6,-0.27973428,0.3857143,0.05714285714285714,0.1,-0.27436665,0.13378349,-0.2558105
2022_13_IND_DAL,2022,13,IND,DAL,-0.27973428,0.3857143,-0.39162263,-0.111901775,0.05714285714285714,0.07142857142857142,70,-0.27436665,0.3773585,0.4864864864864865,0.13378349,0.3,-0.2558105,0.4375,0.2512262,0.45588234,0.14705882352941177,0.014705882352941176,0.123691924,0.72574335,0.77322674
2022_13_JAX_DET,2022,13,DET,JAX,0.27430046,0.5405405,0.47306514,-0.034127496,0.06756756756756757,0.044444444444444446,74,0.20914358,0.516129,0.6153846153846154,0.4271093,0.61538464,0.6109443,0.6666667,-0.08870011,0.4107143,0.08928571428571429,0.05357142857142857,-0.12165312,0.2916232,-0.07973343
2022_13_JAX_DET,2022,13,JAX,DET,-0.08870011,0.4107143,-0.054386236,-0.17448479,0.08928571428571429,0.05,56,-0.12165312,0.3846154,0.5,0.2916232,0.6666667,-0.07973343,0.4375,0.27430046,0.5405405,0.06756756756756757,0.05405405405405406,0.20914358,0.4271093,0.6109443
2022_13_KC_CIN,2022,13,CIN,KC,0.23316582,0.55714285,0.44160828,-0.07949788,0.07142857142857142,0.023809523809523808,70,0.24653459,0.5614035,0.5,-0.18835935,0.4,0.17454903,0.53846157,0.22895706,0.5272727,0.10909090909090909,0.14545454545454545,-0.011389826,0.29049587,0.93283
2022_13_KC_CIN,2022,13,KC,CIN,0.22895706,0.5272727,0.20622352,0.2605863,0.10909090909090909,0.0625,55,-0.011389826,0.5121951,0.47368421052631576,0.29049587,0.5,0.93283,0.5714286,0.23316582,0.55714285,0.07142857142857142,0.014285714285714285,0.24653459,-0.18835935,0.17454903
2022_13_LAC_LV,2022,13,LAC,LV,-0.09623865,0.4,-0.17902811,0.14777236,0.02666666666666667,0.08928571428571429,75,-0.13230234,0.3888889,0.6764705882352942,-1.2522603,0.0,-0.0035035042,0.42857143,-0.05780218,0.4262295,0.11475409836065574,0.03278688524590164,0.14357118,-0.032282054,-0.9731357
2022_13_LAC_LV,2022,13,LV,LAC,-0.05780218,0.4262295,-0.19279653,0.09115707,0.11475409836065574,0.0,61,0.14357118,0.44,0.5652173913043478,-0.032282054,0.5,-0.9731357,0.36363637,-0.09623865,0.4,0.02666666666666667,0.17333333333333334,-0.13230234,-1.2522603,-0.0035035042
2022_13_MIA_SF,2022,13,MIA,SF,-0.33784097,0.41304347,-0.3868142,-0.13650659,0.043478260869565216,0.08108108108108109,46,-0.11578733,0.4864865,0.7391304347826086,-1.2273451,0.0,-1.2507281,0.11111111,0.017121438,0.43209878,0.06172839506172839,0.09876543209876543,-0.02723776,-0.3058981,0.13608475
2022_13_MIA_SF,2022,13,SF,MIA,0.017121438,0.43209878,0.08713498,-0.084716454,0.06172839506172839,0.08333333333333333,81,-0.02723776,0.40677965,0.5217391304347826,-0.3058981,0.33333334,0.13608475,0.5,-0.33784097,0.41304347,0.043478260869565216,0.10869565217391304,-0.11578733,-1.2273451,-1.2507281
2022_13_NO_TB,2022,13,NO,TB,-0.014940379,0.39655173,0.19669613,-0.2943006,0.08620689655172414,0.06060606060606061,58,0.032531597,0.39534885,0.4666666666666667,-0.348138,0.375,-0.15102673,0.4,0.006777842,0.4556962,0.02531645569620253,0.06329113924050633,-0.06776496,0.15790066,0.30029014
2022_13_NO_TB,2022,13,TB,NO,0.006777842,0.4556962,0.042571414,-0.09881319,0.02531645569620253,0.01694915254237288,79,-0.06776496,0.42857143,0.5454545454545454,0.15790066,0.54545456,0.30029014,0.5625,-0.014940379,0.39655173,0.08620689655172414,0.05172413793103448,0.032531597,-0.348138,-0.15102673
2022_13_NYJ_MIN,2022,13,MIN,NYJ,0.022416072,0.42424244,0.027648637,0.013834658,0.07575757575757576,0.04878048780487805,66,-0.047780342,0.38297874,0.5555555555555556,1.1608891,0.6666667,0.19605981,0.5263158,-0.042283036,0.4117647,0.08235294117647059,0.09411764705882353,0.14975566,-0.536579,-0.62754375
2022_13_NYJ_MIN,2022,13,NYJ,MIN,-0.042283036,0.4117647,-0.12468638,0.17984773,0.08235294117647059,0.016129032258064516,85,0.14975566,0.4375,0.631578947368421,-0.536579,0.32,-0.62754375,0.33333334,0.022416072,0.42424244,0.07575757575757576,0.13636363636363635,-0.047780342,1.1608891,0.19605981
2022_13_PIT_ATL,2022,13,ATL,PIT,-0.030448975,0.5,-0.1996148,0.115383625,0.07407407407407407,0.04,54,-0.0008662024,0.5116279,0.5833333333333334,-0.052540224,0.5,-0.14609076,0.45454547,0.18008785,0.546875,0.078125,0.0625,0.12595204,0.51932395,0.41467634
2022_13_PIT_ATL,2022,13,PIT,ATL,0.18008785,0.546875,0.32288453,0.0459455,0.078125,0.0,64,0.12595204,0.5576923,0.5,0.51932395,0.33333334,0.41467634,0.5,-0.030448975,0.5,0.07407407407407407,0.07407407407407407,-0.0008662024,-0.052540224,-0.14609076
2022_13_SEA_LA,2022,13,LA,SEA,-0.023329923,0.453125,-0.22754902,0.2392375,0.109375,0.1111111111111111,64,0.02309943,0.46938777,0.5135135135135135,0.20565301,0.625,-0.1749991,0.4,0.17661348,0.54545456,0.07575757575757576,0.12121212121212122,0.08830225,-0.012699951,0.67115635
2022_13_SEA_LA,2022,13,SEA,LA,0.17661348,0.54545456,0.2764019,-0.052899905,0.07575757575757576,0.08695652173913043,66,0.08830225,0.53571427,0.6486486486486487,-0.012699951,0.33333334,0.67115635,0.6,-0.023329923,0.453125,0.109375,0.140625,0.02309943,0.20565301,-0.1749991
2022_13_TEN_PHI,2022,13,PHI,TEN,0.31704953,0.5068493,0.5170048,-0.02361494,0.0958904109589041,0.043478260869565216,73,0.3556062,0.54385966,0.7333333333333333,0.44996643,0.6666667,0.17969134,0.375,-0.21224548,0.29090908,0.03636363636363636,0.14545454545454545,-0.16329582,-0.78045785,-0.32166234
2022_13_TEN_PHI,2022,13,TEN,PHI,-0.21224548,0.29090908,-0.14046699,-0.3482468,0.03636363636363636,0.16666666666666666,55,-0.16329582,0.28947368,0.6111111111111112,-0.78045785,0.14285715,-0.32166234,0.29411766,0.31704953,0.5068493,0.0958904109589041,0.0410958904109589,0.3556062,0.44996643,0.17969134
2022_13_WAS_NYG,2022,13,NYG,WAS,-0.10877405,0.44444445,0.020893315,-0.3194835,0.06349206349206349,0.10256410256410256,63,0.0050578783,0.48,0.4,0.32557935,0.44444445,-0.54658914,0.30769232,0.03450647,0.44047618,0.09523809523809523,0.14285714285714285,0.08838644,-0.011119652,-0.19448334
2022_13_WAS_NYG,2022,13,WAS,NYG,0.03450647,0.44047618,0.028762415,0.042165224,0.09523809523809523,0.10416666666666667,84,0.08838644,0.44117647,0.4146341463414634,-0.011119652,0.2,-0.19448334,0.4375,-0.10877405,0.44444445,0.06349206349206349,0.06349206349206349,0.0050578783,0.32557935,-0.54658914
2022_14_BAL_PIT,2022,14,BAL,PIT,0.05031072,0.4385965,0.0020993585,0.0829243,0.10526315789473684,0.08695652173913043,57,0.17902432,0.4883721,0.40625,-0.29062873,0.2857143,-0.34502387,0.2857143,0.03460831,0.4909091,0.05454545454545454,0.09090909090909091,0.023262197,-0.3891733,0.101266675
2022_14_BAL_PIT,2022,14,PIT,BAL,0.03460831,0.4909091,0.13040854,-0.16231444,0.05454545454545454,0.05405405405405406,55,0.023262197,0.4893617,0.5483870967741935,-0.3891733,0.44444445,0.101266675,0.5,0.05031072,0.4385965,0.10526315789473684,0.05263157894736842,0.17902432,-0.29062873,-0.34502387
2022_14_CAR_SEA,2022,14,CAR,SEA,0.16740212,0.52112675,0.018220982,0.26454332,0.08450704225352113,0.07142857142857142,71,0.1900398,0.5,0.5,0.015380069,0.54545456,0.0828881,0.6,-0.051889542,0.3888889,0.09259259259259259,0.07407407407407407,-0.24206683,0.1846105,0.44257137
2022_14_CAR_SEA,2022,14,SEA,CAR,-0.051889542,0.3888889,0.0388218,-0.40648842,0.09259259259259259,0.06976744186046512,54,-0.24206683,0.33333334,0.75,0.1846105,0.22222222,0.44257137,0.53333336,0.16740212,0.52112675,0.08450704225352113,0.056338028169014086,0.1900398,0.015380069,0.0828881
2022_14_CLE_CIN,2022,14,CIN,CLE,0.054029237,0.453125,0.01496905,0.13400963,0.109375,0.046511627906976744,64,0.16647036,0.45833334,0.6666666666666666,0.40744516,0.375,-0.28329414,0.4375,-0.16519049,0.4225352,0.056338028169014086,0.11267605633802817,-0.06698242,-0.25426617,-0.39901918
2022_14_CLE_CIN,2022,14,CLE,CIN,-0.16519049,0.4225352,-0.12091831,-0.26379666,0.056338028169014086,0.04081632653061224,71,-0.06698242,0.44,0.3333333333333333,-0.25426617,0.35714287,-0.39901918,0.3809524,0.054029237,0.453125,0.109375,0.0625,0.16647036,0.40744516,-0.28329414
2022_14_HOU_DAL,2022,14,DAL,HOU,-0.024422333,0.47142857,-0.0923011,0.077395804,0.11428571428571428,0.023809523809523808,70,-0.17603432,0.43396226,0.5526315789473685,-0.10913641,0.3529412,0.4482503,0.5882353,-0.17840427,0.4,0.06153846153846154,0.015384615384615385,-0.04053148,-0.36972788,-0.5384054
2022_14_HOU_DAL,2022,14,HOU,DAL,-0.17840427,0.4,0.2765375,-0.5448851,0.06153846153846154,0.0,65,-0.04053148,0.40425533,0.4,-0.36972788,0.44444445,-0.5384054,0.3888889,-0.024422333,0.47142857,0.11428571428571428,0.07142857142857142,-0.17603432,-0.10913641,0.4482503
2022_14_JAX_TEN,2022,14,JAX,TEN,0.16106819,0.46478873,0.41997296,-0.3153166,0.11267605633802817,0.0,71,0.14331342,0.47272727,0.6052631578947368,0.11513876,0.35714287,0.30004022,0.46666667,-0.13611743,0.47761193,0.07462686567164178,0.13432835820895522,-0.16025946,0.4245773,-0.12657148
2022_14_JAX_TEN,2022,14,TEN,JAX,-0.13611743,0.47761193,-0.12557673,-0.16274656,0.07462686567164178,0.08333333333333333,67,-0.16025946,0.46296296,0.4827586206896552,0.4245773,0.5714286,-0.12657148,0.5,0.16106819,0.46478873,0.11267605633802817,0.014084507042253521,0.14331342,0.11513876,0.30004022
2022_14_KC_DEN,2022,14,DEN,KC,-0.04684195,0.31944445,-0.025858732,-0.12028321,0.05555555555555555,0.10714285714285714,72,-0.03892912,0.25,0.75,1.0855134,0.5555556,-0.06741531,0.5,0.10752688,0.4923077,0.12307692307692308,0.07692307692307693,0.055136837,0.6989703,0.33891618
2022_14_KC_DEN,2022,14,KC,DEN,0.10752688,0.4923077,0.13106471,0.058209494,0.12307692307692308,0.045454545454545456,65,0.055136837,0.4716981,0.76,0.6989703,0.6,0.33891618,0.5833333,-0.04684195,0.31944445,0.05555555555555555,0.1388888888888889,-0.03892912,1.0855134,-0.06741531
2022_14_LV_LA,2022,14,LA,LV,-0.076452345,0.4032258,0.09063913,-0.4546068,0.08064516129032258,0.09302325581395349,62,-0.03717296,0.40425533,0.0,0.39980394,0.4,-0.19952779,0.4,0.017868137,0.45,0.1,0.05,-0.002470413,-0.4624482,0.08469478
2022_14_LV_LA,2022,14,LV,LA,0.017868137,0.45,-0.08083647,0.0836712,0.1,0.0,60,-0.002470413,0.45652175,0.3333333333333333,-0.4624482,0.27272728,0.08469478,0.42857143,-0.076452345,0.4032258,0.08064516129032258,0.08064516129032258,-0.03717296,0.39980394,-0.19952779
2022_14_MIA_LAC,2022,14,LAC,MIA,0.07994462,0.41025642,0.12821732,-0.060046215,0.08974358974358974,0.06896551724137931,78,-0.15328385,0.32142857,0.7297297297297297,-0.27064276,0.27272728,0.67361706,0.6363636,-0.05335658,0.3529412,0.058823529411764705,0.0784313725490196,-0.065143034,,-0.010496724
2022_14_MIA_LAC,2022,14,MIA,LAC,-0.05335658,0.3529412,-0.1256197,0.104718976,0.058823529411764705,0.05714285714285714,51,-0.065143034,0.375,0.5882352941176471,,,-0.010496724,0.27272728,0.07994462,0.41025642,0.08974358974358974,0.08974358974358974,-0.15328385,-0.27064276,0.67361706
2022_14_MIN_DET,2022,14,DET,MIN,0.18195222,0.43661973,0.41479212,-0.13626233,0.07042253521126761,0.0,71,0.07909587,0.3962264,0.6486486486486487,0.51623726,0.5714286,0.484807,0.5555556,0.08894787,0.44615385,0.1076923076923077,0.13846153846153847,0.024231413,-0.319308,0.4225238
2022_14_MIN_DET,2022,14,MIN,DET,0.08894787,0.44615385,0.34479514,-0.63344437,0.1076923076923077,0.08333333333333333,65,0.024231413,0.43137255,0.5882352941176471,-0.319308,0.46153846,0.4225238,0.53846157,0.18195222,0.43661973,0.07042253521126761,0.04225352112676056,0.07909587,0.51623726,0.484807
2022_14_NE_ARI,2022,14,ARI,NE,-0.31600317,0.42666668,-0.42699942,0.06269,0.06666666666666667,0.10344827586206896,75,-0.19121626,0.4814815,0.65,-0.12723675,0.25,-0.6368838,0.2857143,-0.00708646,0.39285713,0.08928571428571429,0.017857142857142856,0.06671224,0.13764912,-0.34656045
2022_14_NE_ARI,2022,14,NE,ARI,-0.00708646,0.39285713,-0.106136836,0.22014676,0.08928571428571429,0.02564102564102564,56,0.06671224,0.41304347,0.6578947368421053,0.13764912,0.4,-0.34656045,0.3,-0.31600317,0.42666668,0.06666666666666667,0.10666666666666667,-0.19121626,-0.12723675,-0.6368838
2022_14_NYJ_BUF,2022,14,BUF,NYJ,-0.12513973,0.3448276,-0.06207961,-0.23624563,0.06896551724137931,0.08108108108108109,58,0.06932006,0.4090909,0.6571428571428571,0.07880834,0.5,-0.73629904,0.14285715,-0.18130596,0.3783784,0.08108108108108109,0.10810810810810811,-0.29809147,0.14247248,0.18202673
2022_14_NYJ_BUF,2022,14,NYJ,BUF,-0.18130596,0.3783784,-0.105079204,-0.35033056,0.08108108108108109,0.0784313725490196,74,-0.29809147,0.35714287,0.5294117647058824,0.14247248,0.8,0.18202673,0.44444445,-0.12513973,0.3448276,0.06896551724137931,0.10344827586206896,0.06932006,0.07880834,-0.73629904
2022_14_PHI_NYG,2022,14,NYG,PHI,-0.07716728,0.47692308,-0.043421812,-0.15309457,0.06153846153846154,0.15555555555555556,65,0.0057714866,0.5,0.5714285714285714,0.66134006,0.6666667,-0.351909,0.3888889,0.41293046,0.52238804,0.19402985074626866,0.07462686567164178,0.3103277,0.3324984,0.83912635
2022_14_PHI_NYG,2022,14,PHI,NYG,0.41293046,0.52238804,0.23254168,0.64930195,0.19402985074626866,0.10526315789473684,67,0.3103277,0.5,0.8095238095238095,0.3324984,0.6,0.83912635,0.61538464,-0.07716728,0.47692308,0.06153846153846154,0.18461538461538463,0.0057714866,0.66134006,-0.351909
2022_14_TB_SF,2022,14,SF,TB,0.18774307,0.5322581,0.3830482,0.026903557,0.1935483870967742,0.0,62,0.2187602,0.5416667,0.4666666666666667,0.609925,0.6666667,0.08139862,0.5,-0.20515543,0.42666668,0.02666666666666667,0.09333333333333334,-0.10608031,-0.5189537,-0.42915136
2022_14_TB_SF,2022,14,TB,SF,-0.20515543,0.42666668,-0.23509376,-0.10301293,0.02666666666666667,0.0,75,-0.10608031,0.46153846,0.6,-0.5189537,0.33333334,-0.42915136,0.3478261,0.18774307,0.5322581,0.1935483870967742,0.06451612903225806,0.2187602,0.609925,0.08139862
2022_15_ARI_DEN,2022,15,ARI,DEN,-0.29155016,0.3125,-0.40545803,-0.021768354,0.03125,0.06666666666666667,64,-0.046326734,0.3469388,0.6571428571428571,0.37353173,0.6666667,-1.1030142,0.21428572,-0.053621683,0.5074627,0.05970149253731343,0.14925373134328357,-0.036636773,0.62493885,-0.1314692
2022_15_ARI_DEN,2022,15,DEN,ARI,-0.053621683,0.5074627,-0.1819408,0.070923336,0.05970149253731343,0.21212121212121213,67,-0.036636773,0.5272727,0.5365853658536586,0.62493885,0.6,-0.1314692,0.41666666,-0.29155016,0.3125,0.03125,0.09375,-0.046326734,0.37353173,-1.1030142
2022_15_ATL_NO,2022,15,ATL,NO,0.028138112,0.47297296,-0.23154719,0.31750172,0.05405405405405406,0.10256410256410256,74,-0.027498608,0.45454547,0.5,0.24703628,0.61538464,0.14950845,0.5294118,0.052320514,0.5185185,0.1111111111111111,0.037037037037037035,0.24537273,-0.6326006,-0.62336224
2022_15_ATL_NO,2022,15,NO,ATL,0.052320514,0.5185185,0.56538165,-0.27417293,0.1111111111111111,0.09523809523809523,54,0.24537273,0.54761904,0.47368421052631576,-0.6326006,0.4,-0.62336224,0.41666666,0.028138112,0.47297296,0.05405405405405406,0.06756756756756757,-0.027498608,0.24703628,0.14950845
2022_15_BAL_CLE,2022,15,BAL,CLE,-0.17918228,0.4920635,-0.3690923,0.09107421,0.09523809523809523,0.08108108108108109,63,-0.015957957,0.5217391,0.42857142857142855,-1.2817099,0.375,-0.6208482,0.4117647,0.035539445,0.50793654,0.06349206349206349,0.06349206349206349,-0.017631542,-0.12240631,0.16846691
2022_15_BAL_CLE,2022,15,CLE,BAL,0.035539445,0.50793654,0.058015514,0.010815768,0.06349206349206349,0.09090909090909091,63,-0.017631542,0.53333336,0.6451612903225806,-0.12240631,0.46153846,0.16846691,0.44444445,-0.17918228,0.4920635,0.09523809523809523,0.07936507936507936,-0.015957957,-1.2817099,-0.6208482
2022_15_CIN_TB,2022,15,CIN,TB,0.007860418,0.4920635,0.11975774,-0.2512702,0.0,0.045454545454545456,63,-0.05626011,0.4893617,0.6923076923076923,0.30406633,0.47619048,0.21667366,0.5,-0.1107066,0.44,0.05333333333333334,0.09333333333333334,0.03709302,0.38363782,-0.6362989
2022_15_CIN_TB,2022,15,TB,CIN,-0.1107066,0.44,0.07140491,-0.4344604,0.05333333333333334,0.020833333333333332,75,0.03709302,0.45762712,0.45454545454545453,0.38363782,0.6666667,-0.6362989,0.4,0.007860418,0.4920635,0.0,0.09523809523809523,-0.05626011,0.30406633,0.21667366
2022_15_DAL_JAX,2022,15,DAL,JAX,0.06340162,0.56,0.12464479,0.009813843,0.10666666666666667,0.08571428571428572,75,0.09820367,0.55172414,0.375,0.63952535,0.5833333,-0.055334765,0.5882353,0.116293624,0.5714286,0.14285714285714285,0.07142857142857142,0.02925437,0.26963055,0.5369834
2022_15_DAL_JAX,2022,15,JAX,DAL,0.116293624,0.5714286,0.15071401,0.05433694,0.14285714285714285,0.022222222222222223,70,0.02925437,0.55172414,0.625,0.26963055,0.36363637,0.5369834,0.6666667,0.06340162,0.56,0.10666666666666667,0.10666666666666667,0.09820367,0.63952535,-0.055334765
2022_15_DET_NYJ,2022,15,DET,NYJ,0.016386818,0.3970588,0.30839443,-0.35348946,0.04411764705882353,0.0,68,-0.060670007,0.40816328,0.5263157894736842,-0.6408871,0.2857143,0.21511233,0.36842105,-0.057535086,0.3968254,0.1111111111111111,0.15873015873015872,-0.11189022,0.2878055,0.11640136
2022_15_DET_NYJ,2022,15,NYJ,DET,-0.057535086,0.3968254,0.04415004,-0.24703918,0.1111111111111111,0.0975609756097561,63,-0.11189022,0.35416666,0.5588235294117647,0.2878055,0.6,0.11640136,0.53333336,0.016386818,0.3970588,0.04411764705882353,0.07352941176470588,-0.060670007,-0.6408871,0.21511233
2022_15_IND_MIN,2022,15,IND,MIN,-0.18015563,0.41025642,-0.07135203,-0.27834427,0.08974358974358974,0.08108108108108109,78,-0.049505785,0.44827586,0.42857142857142855,-0.20955993,0.46666667,-0.5590402,0.3,-0.08676302,0.46153846,0.06593406593406594,0.12087912087912088,0.14913322,0.5271586,-1.0282575
2022_15_IND_MIN,2022,15,MIN,IND,-0.08676302,0.46153846,0.040905505,-0.46421772,0.06593406593406594,0.10294117647058823,91,0.14913322,0.49295774,1.0,0.5271586,0.64285713,-1.0282575,0.31578946,-0.18015563,0.41025642,0.08974358974358974,0.08974358974358974,-0.049505785,-0.20955993,-0.5590402
2022_15_KC_HOU,2022,15,HOU,KC,-0.010169365,0.37704918,0.095428824,-0.17296658,0.03278688524590164,0.02702702702702703,61,-0.18829367,0.31914893,0.5294117647058824,0.27834547,0.4375,0.5878193,0.5714286,0.13572259,0.6103896,0.07792207792207792,0.03896103896103896,0.11859754,0.51157916,0.15061639
2022_15_KC_HOU,2022,15,KC,HOU,0.13572259,0.6103896,0.32195857,-0.15604712,0.07792207792207792,0.0425531914893617,77,0.11859754,0.609375,0.5909090909090909,0.51157916,0.5,0.15061639,0.5833333,-0.010169365,0.37704918,0.03278688524590164,0.09836065573770492,-0.18829367,0.27834547,0.5878193
2022_15_LA_GB,2022,15,GB,LA,0.12795906,0.5294118,0.15931089,0.092688255,0.07352941176470588,0.08333333333333333,68,0.053627867,0.50877196,0.5277777777777778,0.36167115,0.5555556,0.5131298,0.6363636,-0.0581371,0.37777779,0.044444444444444446,0.17777777777777778,-0.103107154,0.0008419991,0.08086126
2022_15_LA_GB,2022,15,LA,GB,-0.0581371,0.37777779,-0.060292777,-0.05458658,0.044444444444444446,0.17857142857142858,45,-0.103107154,0.38235295,0.5,0.0008419991,0.2,0.08086126,0.36363637,0.12795906,0.5294118,0.07352941176470588,0.07352941176470588,0.053627867,0.36167115,0.5131298
2022_15_MIA_BUF,2022,15,BUF,MIA,0.19333859,0.55263156,0.25693068,0.08432362,0.09210526315789473,0.041666666666666664,76,0.16412057,0.53333336,0.7142857142857143,0.5976896,0.6666667,0.25289994,0.6,0.16211742,0.45762712,0.1694915254237288,0.05084745762711865,0.20939964,-0.13273475,0.10051618
2022_15_MIA_BUF,2022,15,MIA,BUF,0.16211742,0.45762712,-0.040291168,0.4572966,0.1694915254237288,0.05714285714285714,59,0.20939964,0.4883721,0.4722222222222222,-0.13273475,0.33333334,0.10051618,0.4,0.19333859,0.55263156,0.09210526315789473,0.07894736842105263,0.16412057,0.5976896,0.25289994
2022_15_NE_LV,2022,15,LV,NE,-0.08741159,0.3970588,-0.10113966,-0.062243477,0.07352941176470588,0.06818181818181818,68,-0.1196535,0.3962264,0.5,0.5488435,0.8,0.026509818,0.4,-0.08060314,0.390625,0.125,0.078125,0.10239692,0.15085417,-0.8716498
2022_15_NE_LV,2022,15,NE,LV,-0.08060314,0.390625,-0.13817938,-0.011114581,0.125,0.0,64,0.10239692,0.42,0.4666666666666667,0.15085417,0.33333334,-0.8716498,0.23076923,-0.08741159,0.3970588,0.07352941176470588,0.058823529411764705,-0.1196535,0.5488435,0.026509818
2022_15_NYG_WAS,2022,15,NYG,WAS,0.05163249,0.46666667,0.037138954,0.071923435,0.05,0.0,60,0.10918801,0.48979592,0.53125,0.7127797,0.5,-0.20475121,0.36363637,-0.123751424,0.41269842,0.15873015873015872,0.12698412698412698,0.11698468,-0.7678939,-1.0406606
2022_15_NYG_WAS,2022,15,WAS,NYG,-0.123751424,0.41269842,-0.23439132,0.014548451,0.15873015873015872,0.08571428571428572,63,0.11698468,0.46938777,0.3076923076923077,-0.7678939,0.2,-1.0406606,0.23076923,0.05163249,0.46666667,0.05,0.06666666666666667,0.10918801,0.7127797,-0.20475121
2022_15_PHI_CHI,2022,15,CHI,PHI,-0.14903213,0.44827586,-0.024528138,-0.32541278,0.10344827586206896,0.17647058823529413,58,-0.002647633,0.47727272,0.5151515151515151,0.058884926,0.42857143,-0.60909766,0.35714287,0.015644724,0.43661973,0.11267605633802817,0.014084507042253521,-0.22063883,-0.035405256,0.6406108
2022_15_PHI_CHI,2022,15,PHI,CHI,0.015644724,0.43661973,-0.0332488,0.09073121,0.11267605633802817,0.023255813953488372,71,-0.22063883,0.3653846,0.6111111111111112,-0.035405256,0.36363637,0.6406108,0.6111111,-0.14903213,0.44827586,0.10344827586206896,0.10344827586206896,-0.002647633,0.058884926,-0.60909766
2022_15_PIT_CAR,2022,15,CAR,PIT,0.08435584,0.33333334,0.40021718,-0.54736686,0.08888888888888889,0.13333333333333333,45,-0.09121726,0.29411766,0.47058823529411764,-0.43503678,0.11111111,0.62703633,0.45454547,0.22951254,0.52238804,0.04477611940298507,0.029850746268656716,0.046067573,0.5075754,0.8142434
2022_15_PIT_CAR,2022,15,PIT,CAR,0.22951254,0.52238804,0.45058984,0.11394941,0.04477611940298507,0.043478260869565216,67,0.046067573,0.43137255,0.2926829268292683,0.5075754,0.78571427,0.8142434,0.8125,0.08435584,0.33333334,0.08888888888888889,0.1111111111111111,-0.09121726,-0.43503678,0.62703633
2022_15_SF_SEA,2022,15,SEA,SF,-0.2184723,0.390625,-0.23018508,-0.17252217,0.03125,0.058823529411764705,64,-0.24153702,0.4,0.6956521739130435,0.30790457,0.33333334,-0.1360983,0.35714287,0.17504035,0.40983605,0.09836065573770492,0.04918032786885246,0.15588851,0.8394153,0.23933579
2022_15_SF_SEA,2022,15,SF,SEA,0.17504035,0.40983605,0.1885989,0.16102983,0.09836065573770492,0.03225806451612903,61,0.15588851,0.40425533,0.5,0.8394153,1.0,0.23933579,0.42857143,-0.2184723,0.390625,0.03125,0.140625,-0.24153702,0.30790457,-0.1360983
2022_15_TEN_LAC,2022,15,LAC,TEN,-0.0696887,0.5217391,-0.17528374,0.12830205,0.07246376811594203,0.06666666666666667,69,-0.04929556,0.537037,0.65,0.668161,0.7777778,-0.14310402,0.46666667,-0.12053854,0.39344263,0.09836065573770492,0.08196721311475409,-0.008506357,0.4604046,-0.62977576
2022_15_TEN_LAC,2022,15,TEN,LAC,-0.12053854,0.39344263,-0.23036186,0.017757509,0.09836065573770492,0.11764705882352941,61,-0.008506357,0.42,0.5454545454545454,0.4604046,0.42857143,-0.62977576,0.27272728,-0.0696887,0.5217391,0.07246376811594203,0.11594202898550725,-0.04929556,0.668161,-0.14310402
2022_16_ATL_BAL,2022,16,ATL,BAL,-0.1437147,0.36619717,-0.06282061,-0.24230438,0.07042253521126761,0.05128205128205128,71,-0.10369576,0.3653846,0.5,-0.8024654,0.21428572,-0.25324023,0.36842105,0.012529906,0.4489796,0.16326530612244897,0.0,0.024496427,-0.19202971,-0.122309305
2022_16_ATL_BAL,2022,16,BAL,ATL,0.012529906,0.4489796,-0.09797664,0.07669501,0.16326530612244897,0.0,49,0.024496427,0.45945945,0.2903225806451613,-0.19202971,0.3125,-0.122309305,0.36363637,-0.1437147,0.36619717,0.07042253521126761,0.04225352112676056,-0.10369576,-0.8024654,-0.25324023
2022_16_BUF_CHI,2022,16,BUF,CHI,0.13416785,0.46875,0.0214355,0.27910945,0.109375,0.027777777777777776,64,-0.10338746,0.44,0.5806451612903226,0.5082004,0.33333334,1.0585929,0.5833333,-0.3960953,0.3114754,0.06557377049180328,0.06557377049180328,-0.31896174,-0.66338915,-0.5803588
2022_16_BUF_CHI,2022,16,CHI,BUF,-0.3960953,0.3114754,-0.22518812,-0.61131173,0.06557377049180328,0.058823529411764705,61,-0.31896174,0.3255814,0.4230769230769231,-0.66338915,0.27272728,-0.5803588,0.2777778,0.13416785,0.46875,0.109375,0.046875,-0.10338746,0.5082004,1.0585929
2022_16_CIN_NE,2022,16,CIN,NE,0.03046448,0.5,0.10294217,-0.14468999,0.04878048780487805,0.034482758620689655,82,0.090856455,0.4920635,0.75,-0.12792857,0.2777778,-0.12660384,0.5555556,-0.055356316,0.3888889,0.07407407407407407,0.1111111111111111,-0.24792382,-0.5144916,0.5447706
2022_16_CIN_NE,2022,16,NE,CIN,-0.055356316,0.3888889,0.08077137,-0.40928835,0.07407407407407407,0.10256410256410256,54,-0.24792382,0.3846154,0.0,-0.5144916,0.5,0.5447706,0.42857143,0.03046448,0.5,0.04878048780487805,0.024390243902439025,0.090856455,-0.12792857,-0.12660384
2022_16_DEN_LA,2022,16,DEN,LA,-0.30874875,0.37313432,-0.3870307,-0.158992,0.08955223880597014,0.13636363636363635,67,-0.17490189,0.39215687,0.5,0.59203863,0.4,-0.98608994,0.30769232,0.30407944,0.5625,0.09375,0.015625,0.18192127,0.3927088,0.8334314
2022_16_DEN_LA,2022,16,LA,DEN,0.30407944,0.5625,0.50149953,0.12988523,0.09375,0.0,64,0.18192127,0.53846157,0.36363636363636365,0.3927088,0.5625,0.8334314,0.6666667,-0.30874875,0.37313432,0.08955223880597014,0.16417910447761194,-0.17490189,0.59203863,-0.98608994
2022_16_DET_CAR,2022,16,CAR,DET,0.39969516,0.5522388,0.60116625,0.2797719,0.1791044776119403,0.0,67,0.40981406,0.57894737,0.28,0.5565097,0.75,0.34201744,0.4,0.12601982,0.3939394,0.07575757575757576,0.10606060606060606,0.00072883605,-0.21211755,0.6151911
2022_16_DET_CAR,2022,16,DET,CAR,0.12601982,0.3939394,0.3593671,-0.6031904,0.07575757575757576,0.04,66,0.00072883605,0.36,0.5,-0.21211755,0.29166666,0.6151911,0.53333336,0.39969516,0.5522388,0.1791044776119403,0.0,0.40981406,0.5565097,0.34201744
2022_16_GB_MIA,2022,16,GB,MIA,-0.031141456,0.40625,0.081875674,-0.26255748,0.09375,0.046511627906976744,64,-0.020722773,0.39130434,0.6153846153846154,-0.0992597,0.35,-0.05776698,0.44444445,-0.11083016,0.4,0.14,0.12,-0.16423671,-0.6457017,0.16955426
2022_16_GB_MIA,2022,16,MIA,GB,-0.11083016,0.4,-0.034032136,-0.21688457,0.14,0.06896551724137931,50,-0.16423671,0.4047619,0.4642857142857143,-0.6457017,0.16666667,0.16955426,0.375,-0.031141456,0.40625,0.09375,0.046875,-0.020722773,-0.0992597,-0.05776698
2022_16_HOU_TEN,2022,16,HOU,TEN,-0.09514206,0.4090909,0.088980846,-0.34502316,0.045454545454545456,0.02631578947368421,66,-0.0062535335,0.44,0.5,-0.040606048,0.42857143,-0.33464664,0.33333334,-0.26631337,0.40983605,0.09836065573770492,0.09836065573770492,-0.19409135,1.0699956,-0.50877297
2022_16_HOU_TEN,2022,16,TEN,HOU,-0.26631337,0.40983605,-0.58373237,0.021347605,0.09836065573770492,0.13793103448275862,61,-0.19409135,0.42553192,0.36363636363636365,1.0699956,1.0,-0.50877297,0.35714287,-0.09514206,0.4090909,0.045454545454545456,0.09090909090909091,-0.0062535335,-0.040606048,-0.33464664
2022_16_JAX_NYJ,2022,16,JAX,NYJ,0.06271884,0.42028984,0.13380778,-0.019477729,0.07246376811594203,0.02702702702702703,69,0.04735968,0.37037036,0.3793103448275862,-0.035413317,0.25,0.118011825,0.6,-0.2814929,0.33898306,0.05084745762711865,0.11864406779661017,-0.13988794,-1.2850815,-0.6040375
2022_16_JAX_NYJ,2022,16,NYJ,JAX,-0.2814929,0.33898306,-0.25861725,-0.33359843,0.05084745762711865,0.07317073170731707,59,-0.13988794,0.41463414,0.45454545454545453,-1.2850815,0.0,-0.6040375,0.16666667,0.06271884,0.42028984,0.07246376811594203,0.08695652173913043,0.04735968,-0.035413317,0.118011825
2022_16_LAC_IND,2022,16,IND,LAC,-0.5509463,0.34615386,-0.64526844,-0.31828505,0.019230769230769232,0.1891891891891892,52,-0.19146882,0.42105263,0.5833333333333334,-1.5528504,0.33333334,-1.5266708,0.14285715,-0.061226685,0.4923077,0.06153846153846154,0.1076923076923077,-0.039817028,0.10350606,-0.117129646
2022_16_LAC_IND,2022,16,LAC,IND,-0.061226685,0.4923077,-0.1110346,0.0045909244,0.06153846153846154,0.10810810810810811,65,-0.039817028,0.4680851,0.6060606060606061,0.10350606,0.6,-0.117129646,0.5555556,-0.5509463,0.34615386,0.019230769230769232,0.17307692307692307,-0.19146882,-1.5528504,-1.5266708
2022_16_LV_PIT,2022,16,LV,PIT,-0.19610138,0.35849056,-0.1482666,-0.28911343,0.05660377358490566,0.08571428571428572,53,-0.43396002,0.31707317,0.6060606060606061,0.7891833,0.33333334,0.61658233,0.5,-0.04721929,0.42647058,0.058823529411764705,0.058823529411764705,-0.06259143,0.73353356,0.0027402192
2022_16_LV_PIT,2022,16,PIT,LV,-0.04721929,0.42647058,0.018511835,-0.14703321,0.058823529411764705,0.0,68,-0.06259143,0.42307693,0.5454545454545454,0.73353356,0.5,0.0027402192,0.4375,-0.19610138,0.35849056,0.05660377358490566,0.09433962264150944,-0.43396002,0.7891833,0.61658233
2022_16_NO_CLE,2022,16,CLE,NO,-0.25481582,0.31428573,-0.4521105,-0.0459155,0.05714285714285714,0.05555555555555555,70,-0.36075366,0.25,0.27586206896551724,-0.40247336,0.1,-0.02367866,0.45454547,-0.11474033,0.3773585,0.09433962264150944,0.0,-0.070199415,0.3181771,-0.2275773
2022_16_NO_CLE,2022,16,NO,CLE,-0.11474033,0.3773585,-0.33416957,-0.028123522,0.09433962264150944,0.0,53,-0.070199415,0.34210527,0.2,0.3181771,0.54545456,-0.2275773,0.46666667,-0.25481582,0.31428573,0.05714285714285714,0.04285714285714286,-0.36075366,-0.40247336,-0.02367866
2022_16_NYG_MIN,2022,16,MIN,NYG,-0.015848722,0.46478873,-0.02032028,-0.0036107693,0.04225352112676056,0.07692307692307693,71,0.046952583,0.47368422,0.6585365853658537,0.49416193,0.44444445,-0.27153972,0.42857143,0.02132238,0.5072464,0.07246376811594203,0.13043478260869565,0.0054908628,0.69109744,0.00922962
2022_16_NYG_MIN,2022,16,NYG,MIN,0.02132238,0.5072464,-0.045950416,0.22709803,0.07246376811594203,0.057692307692307696,69,0.0054908628,0.53571427,0.6774193548387096,0.69109744,0.8,0.00922962,0.33333334,-0.015848722,0.46478873,0.04225352112676056,0.15492957746478872,0.046952583,0.49416193,-0.27153972
2022_16_PHI_DAL,2022,16,DAL,PHI,0.10565513,0.47887325,0.24787784,-0.14049956,0.09859154929577464,0.13333333333333333,71,-0.20477028,0.44444445,0.5217391304347826,0.07661429,0.4375,1.0917122,0.5882353,0.054321345,0.5,0.12857142857142856,0.0,-0.110995114,0.018239245,0.56971973
2022_16_PHI_DAL,2022,16,PHI,DAL,0.054321345,0.5,0.38987124,-0.48007292,0.12857142857142856,0.0,70,-0.110995114,0.4528302,0.5277777777777778,0.018239245,0.4117647,0.56971973,0.64705884,0.10565513,0.47887325,0.09859154929577464,0.09859154929577464,-0.20477028,0.07661429,1.0917122
2022_16_SEA_KC,2022,16,KC,SEA,-0.0004036044,0.43396226,0.12156762,-0.20165615,0.07547169811320754,0.030303030303030304,53,0.12582037,0.4878049,0.5909090909090909,0.7876028,0.75,-0.43166885,0.25,-0.17679729,0.35526314,0.06578947368421052,0.09210526315789473,-0.11395483,-0.06277919,-0.33104694
2022_16_SEA_KC,2022,16,SEA,KC,-0.17679729,0.35526314,-0.2735578,-0.019978505,0.06578947368421052,0.0425531914893617,76,-0.11395483,0.37037036,0.3333333333333333,-0.06277919,0.25,-0.33104694,0.3181818,-0.0004036044,0.43396226,0.07547169811320754,0.05660377358490566,0.12582037,0.7876028,-0.43166885
2022_16_TB_ARI,2022,16,ARI,TB,-0.2559353,0.28947368,-0.29009795,-0.19393644,0.09210526315789473,0.02040816326530612,76,-0.0865527,0.26785713,0.5833333333333334,-1.7926089,0.0,-0.7302066,0.35,-0.0899979,0.4,0.0625,0.05,0.033762567,-0.07837397,-0.43770584
2022_16_TB_ARI,2022,16,TB,ARI,-0.0899979,0.4,-0.029191414,-0.19693345,0.0625,0.0,80,0.033762567,0.42372882,0.4722222222222222,-0.07837397,0.33333334,-0.43770584,0.33333334,-0.2559353,0.28947368,0.09210526315789473,0.09210526315789473,-0.0865527,-1.7926089,-0.7302066
2022_16_WAS_SF,2022,16,SF,WAS,0.09556886,0.34615386,0.17444953,0.0103777265,0.09615384615384616,0.1111111111111111,52,0.08032274,0.30769232,0.5,-0.4773341,0.21428572,0.14130722,0.46153846,-0.12750493,0.38356164,0.0684931506849315,0.0958904109589041,-0.13054834,-0.10703857,-0.06130697
2022_16_WAS_SF,2022,16,WAS,SF,-0.12750493,0.38356164,0.19504963,-0.49749398,0.0684931506849315,0.05128205128205128,73,-0.13054834,0.36842105,0.23529411764705882,-0.10703857,0.3846154,-0.06130697,0.46666667,0.09556886,0.34615386,0.09615384615384616,0.07692307692307693,0.08032274,-0.4773341,0.14130722
2022_17_ARI_ATL,2022,17,ARI,ATL,0.04196302,0.44594595,0.09300554,-0.052269313,0.04054054054054054,0.041666666666666664,74,0.04602996,0.44262296,0.6122448979591837,-0.30537176,0.33333334,0.022879682,0.46153846,-0.09190971,0.40983605,0.06557377049180328,0.04918032786885246,-0.06639216,-0.14372212,-0.18612838
2022_17_ARI_ATL,2022,17,ATL,ARI,-0.09190971,0.40983605,-0.017454036,-0.16396359,0.06557377049180328,0.03333333333333333,61,-0.06639216,0.39583334,0.5151515151515151,-0.14372212,0.3846154,-0.18612838,0.46153846,0.04196302,0.44594595,0.04054054054054054,0.0945945945945946,0.04602996,-0.30537176,0.022879682
2022_17_CAR_TB,2022,17,CAR,TB,-0.0036730813,0.46875,0.2550638,-0.5334676,0.09375,0.046511627906976744,64,-0.07838984,0.47058824,0.5625,1.6870943,0.6666667,0.28944656,0.46153846,0.10356368,0.48101267,0.08860759493670886,0.10126582278481013,0.23536776,-0.12899855,-0.3556785
2022_17_CAR_TB,2022,17,TB,CAR,0.10356368,0.48101267,0.2112243,-0.12898329,0.08860759493670886,0.05555555555555555,79,0.23536776,0.51666665,0.5714285714285714,-0.12899855,0.46153846,-0.3556785,0.3529412,-0.0036730813,0.46875,0.09375,0.09375,-0.07838984,1.6870943,0.28944656
2022_17_CHI_DET,2022,17,CHI,DET,-0.3141456,0.3653846,-0.59816366,0.22233292,0.07692307692307693,0.20588235294117646,52,-0.36720228,0.36842105,0.4375,0.014367223,0.5,-0.17013465,0.35714287,0.25356367,0.5294118,0.1323529411764706,0.04411764705882353,0.28177327,0.13824531,0.14475529
2022_17_CHI_DET,2022,17,DET,CHI,0.25356367,0.5294118,0.2998256,0.212442,0.1323529411764706,0.0625,68,0.28177327,0.5740741,0.5652173913043478,0.13824531,0.46153846,0.14475529,0.35714287,-0.3141456,0.3653846,0.07692307692307693,0.19230769230769232,-0.36720228,0.014367223,-0.17013465
2022_17_CLE_WAS,2022,17,CLE,WAS,0.14471269,0.3962264,0.18960044,0.0980985,0.1320754716981132,0.18518518518518517,53,0.045044508,0.3902439,0.5161290322580645,-0.5271806,0.125,0.48524562,0.41666666,-0.15497442,0.36231884,0.08695652173913043,0.07246376811594203,-0.20754929,0.35627556,-0.03480328
2022_17_CLE_WAS,2022,17,WAS,CLE,-0.15497442,0.36231884,-0.20982572,-0.10469407,0.08695652173913043,0.09090909090909091,69,-0.20754929,0.29166666,0.21212121212121213,0.35627556,0.5714286,-0.03480328,0.52380955,0.14471269,0.3962264,0.1320754716981132,0.1320754716981132,0.045044508,-0.5271806,0.48524562
2022_17_DAL_TEN,2022,17,DAL,TEN,0.099085055,0.4625,0.39771974,-0.3729504,0.0375,0.02040816326530612,80,-0.06453343,0.4,0.525,0.40468422,0.6,0.8080985,0.73333335,-0.16398712,0.2923077,0.12307692307692308,0.15384615384615385,-0.2391997,0.12410923,0.032401297
2022_17_DAL_TEN,2022,17,TEN,DAL,-0.16398712,0.2923077,-0.19087842,-0.11488127,0.12307692307692308,0.047619047619047616,65,-0.2391997,0.21276596,0.4444444444444444,0.12410923,0.2857143,0.032401297,0.5,0.099085055,0.4625,0.0375,0.0375,-0.06453343,0.40468422,0.8080985
2022_17_DEN_KC,2022,17,DEN,KC,-0.08558024,0.3857143,-0.13681985,0.019126825,0.1,0.0851063829787234,70,-0.0773122,0.3962264,0.5789473684210527,1.2209841,0.75,-0.111357056,0.3529412,0.09370058,0.51666665,0.08333333333333333,0.05,0.31916526,0.067142695,-0.7955361
2022_17_DEN_KC,2022,17,KC,DEN,0.09370058,0.51666665,0.19847044,-0.25054327,0.08333333333333333,0.0,60,0.31916526,0.5833333,0.7837837837837838,0.067142695,0.6,-0.7955361,0.27272728,-0.08558024,0.3857143,0.1,0.11428571428571428,-0.0773122,1.2209841,-0.111357056
2022_17_IND_NYG,2022,17,IND,NYG,-0.14794706,0.3275862,-0.23085676,-0.052754436,0.06896551724137931,0.06451612903225806,58,-0.18109791,0.30232558,0.2857142857142857,0.13100943,0.25,-0.05291463,0.4,0.19174764,0.5873016,0.14285714285714285,0.031746031746031744,0.24421874,0.66095084,-0.16899127
2022_17_IND_NYG,2022,17,NYG,IND,0.19174764,0.5873016,0.34472567,0.06126635,0.14285714285714285,0.0,63,0.24421874,0.6,0.5384615384615384,0.66095084,0.54545456,-0.16899127,0.5,-0.14794706,0.3275862,0.06896551724137931,0.06896551724137931,-0.18109791,0.13100943,-0.05291463
2022_17_JAX_HOU,2022,17,HOU,JAX,-0.4870174,0.27142859,-0.49951452,-0.45347238,0.04285714285714286,0.0392156862745098,70,-0.3261391,0.26530612,0.5,-1.3047305,0.0,-0.86240005,0.2857143,-0.023817476,0.46031746,0.07936507936507936,0.047619047619047616,0.06632553,0.6175412,-0.4069253
2022_17_JAX_HOU,2022,17,JAX,HOU,-0.023817476,0.46031746,-0.083147116,0.04574144,0.07936507936507936,0.058823529411764705,63,0.06632553,0.49019608,0.5294117647058824,0.6175412,0.5714286,-0.4069253,0.33333334,-0.4870174,0.27142859,0.04285714285714286,0.18571428571428572,-0.3261391,-1.3047305,-0.86240005
2022_17_LA_LAC,2022,17,LA,LAC,-0.10065889,0.41666666,-0.41066507,0.2363043,0.125,0.12,48,0.10012161,0.43243244,0.4117647058823529,-0.28902152,0.5,-0.7760115,0.36363637,0.23827037,0.546875,0.09375,0.03125,0.26060855,0.5594326,0.15849116
2022_17_LA_LAC,2022,17,LAC,LA,0.23827037,0.546875,0.37391123,0.110850155,0.09375,0.0,64,0.26060855,0.54,0.5483870967741935,0.5594326,0.7,0.15849116,0.5714286,-0.10065889,0.41666666,0.125,0.10416666666666667,0.10012161,-0.28902152,-0.7760115
2022_17_MIA_NE,2022,17,MIA,NE,-0.04133171,0.3943662,-0.035473358,-0.052111063,0.056338028169014086,0.043478260869565216,71,0.03157083,0.3962264,0.39473684210526316,0.786599,0.8888889,-0.2559892,0.3888889,-0.03349754,0.31034482,0.10344827586206896,0.08620689655172414,-0.15319552,0.3989898,0.2551858
2022_17_MIA_NE,2022,17,NE,MIA,-0.03349754,0.31034482,0.04980747,-0.20449205,0.10344827586206896,0.07692307692307693,58,-0.15319552,0.24390244,0.6428571428571429,0.3989898,0.375,0.2551858,0.47058824,-0.04133171,0.3943662,0.056338028169014086,0.09859154929577464,0.03157083,0.786599,-0.2559892
2022_17_MIN_GB,2022,17,GB,MIN,0.10484294,0.4918033,0.15201445,0.062093757,0.09836065573770492,0.034482758620689655,61,0.11564554,0.4680851,0.2,0.16675776,0.54545456,0.068577096,0.5714286,-0.19825324,0.44827586,0.05172413793103448,0.15517241379310345,-0.18155314,-1.0041434,-0.25073925
2022_17_MIN_GB,2022,17,MIN,GB,-0.19825324,0.44827586,-0.20201269,-0.18989894,0.05172413793103448,0.05,58,-0.18155314,0.4318182,0.5,-1.0041434,0.14285715,-0.25073925,0.5,0.10484294,0.4918033,0.09836065573770492,0.04918032786885246,0.11564554,0.16675776,0.068577096
2022_17_NO_PHI,2022,17,NO,PHI,-0.08792015,0.42424244,-0.18825227,0.012411972,0.06060606060606061,0.21212121212121213,66,-0.17037697,0.3877551,0.4782608695652174,0.106169306,0.5,0.14974955,0.5294118,-0.3119592,0.3090909,0.07272727272727272,0.12727272727272726,-0.18461516,,-0.6515433
2022_17_NO_PHI,2022,17,PHI,NO,-0.3119592,0.3090909,-0.31203017,-0.31178623,0.07272727272727272,0.15384615384615385,55,-0.18461516,0.35,0.5,,,-0.6515433,0.2,-0.08792015,0.42424244,0.06060606060606061,0.12121212121212122,-0.17037697,0.106169306,0.14974955
2022_17_NYJ_SEA,2022,17,NYJ,SEA,-0.3182926,0.3382353,-0.37072256,-0.16100276,0.07352941176470588,0.0784313725490196,68,-0.17533284,0.35849056,0.6,-0.7177825,0.0,-0.82341707,0.26666668,-0.013483299,0.4027778,0.09722222222222222,0.125,0.09467667,-0.15250558,-0.33796322
2022_17_NYJ_SEA,2022,17,SEA,NYJ,-0.013483299,0.4027778,-0.06201517,0.035048574,0.09722222222222222,0.1111111111111111,72,0.09467667,0.3888889,0.47058823529411764,-0.15250558,0.33333334,-0.33796322,0.44444445,-0.3182926,0.3382353,0.07352941176470588,0.1323529411764706,-0.17533284,-0.7177825,-0.82341707
2022_17_PIT_BAL,2022,17,BAL,PIT,-0.01582853,0.4117647,0.10668222,-0.14323969,0.0784313725490196,0.038461538461538464,51,-0.021987857,0.3846154,0.3870967741935484,-0.10481278,0.16666667,0.004189284,0.5,0.15340379,0.5588235,0.08823529411764706,0.1323529411764706,0.061287157,-0.037955694,0.45278284
2022_17_PIT_BAL,2022,17,PIT,BAL,0.15340379,0.5588235,0.14341833,0.16082887,0.08823529411764706,0.06896551724137931,68,0.061287157,0.53846157,0.25,-0.037955694,0.42857143,0.45278284,0.625,-0.01582853,0.4117647,0.0784313725490196,0.058823529411764705,-0.021987857,-0.10481278,0.004189284
2022_17_SF_LV,2022,17,LV,SF,0.08559952,0.5362319,0.2581781,-0.16710484,0.14492753623188406,0.0,69,0.03874546,0.51724136,0.5,-0.14490852,0.5,0.33264822,0.6363636,0.2965993,0.5692308,0.13846153846153847,0.06153846153846154,0.26860526,0.37052694,0.4707843
2022_17_SF_LV,2022,17,SF,LV,0.2965993,0.5692308,0.25626588,0.3533648,0.13846153846153847,0.0,65,0.26860526,0.5714286,0.48148148148148145,0.37052694,0.5833333,0.4707843,0.5555556,0.08559952,0.5362319,0.14492753623188406,0.13043478260869565,0.03874546,-0.14490852,0.33264822
2022_18_ARI_SF,2022,18,ARI,SF,-0.36297113,0.39215687,-0.47237656,-0.17870931,0.0392156862745098,0.09375,51,-0.31000686,0.41025642,0.5217391304347826,0.597573,1.0,-0.53510505,0.33333334,0.0586682,0.48387095,0.12903225806451613,0.0967741935483871,0.08329719,0.058163393,-0.025774052
2022_18_ARI_SF,2022,18,SF,ARI,0.0586682,0.48387095,0.23925994,-0.07175917,0.12903225806451613,0.15384615384615385,62,0.08329719,0.5,0.5,0.058163393,0.52380955,-0.025774052,0.42857143,-0.36297113,0.39215687,0.0392156862745098,0.11764705882352941,-0.31000686,0.597573,-0.53510505
2022_18_BAL_CIN,2022,18,BAL,CIN,-0.29398486,0.34210527,-0.3618352,-0.17767002,0.09210526315789473,0.08333333333333333,76,-0.16262478,0.3508772,0.5,-0.12470541,0.36363637,-0.6880651,0.31578946,-0.1960379,0.33333334,0.06060606060606061,0.07575757575757576,-0.14270021,-0.19764678,-0.3627182
2022_18_BAL_CIN,2022,18,CIN,BAL,-0.1960379,0.33333334,-0.15475135,-0.29099697,0.06060606060606061,0.043478260869565216,66,-0.14270021,0.34,0.7894736842105263,-0.19764678,0.33333334,-0.3627182,0.3125,-0.29398486,0.34210527,0.09210526315789473,0.09210526315789473,-0.16262478,-0.12470541,-0.6880651
2022_18_CAR_NO,2022,18,CAR,NO,-0.20306274,0.42372882,-0.50764394,-0.03474154,0.05084745762711865,0.09523809523809523,59,-0.26300052,0.37777779,0.30303030303030304,0.37593818,0.6666667,-0.0104056,0.5714286,-0.1749132,0.45,0.1,0.05,0.056341507,-4.301165,-0.9347501
2022_18_CAR_NO,2022,18,NO,CAR,-0.1749132,0.45,-0.26733336,-0.09929669,0.1,0.037037037037037035,60,0.056341507,0.47826087,0.4411764705882353,-4.301165,0.0,-0.9347501,0.35714287,-0.20306274,0.42372882,0.05084745762711865,0.03389830508474576,-0.26300052,0.37593818,-0.0104056
2022_18_CLE_PIT,2022,18,CLE,PIT,-0.025528466,0.41269842,-0.04631975,0.030730296,0.1111111111111111,0.15217391304347827,63,-0.003360621,0.39583334,0.6428571428571429,0.8822052,0.8,-0.09646556,0.46666667,0.12005926,0.42465752,0.1095890410958904,0.0273972602739726,-0.08232036,-0.13880268,0.6753681
2022_18_CLE_PIT,2022,18,PIT,CLE,0.12005926,0.42465752,0.3603806,-0.12693764,0.1095890410958904,0.02702702702702703,73,-0.08232036,0.33333334,0.3902439024390244,-0.13880268,0.35,0.6753681,0.6666667,-0.025528466,0.41269842,0.1111111111111111,0.12698412698412698,-0.003360621,0.8822052,-0.09646556
2022_18_DAL_WAS,2022,18,DAL,WAS,-0.4978677,0.2647059,-0.42242548,-0.6276284,0.0,0.023255813953488372,68,-0.17170529,0.29787233,0.4117647058823529,1.4357213,0.6666667,-1.2278502,0.1904762,-0.1490718,0.35384616,0.09230769230769231,0.046153846153846156,-0.08957022,-0.45980972,-0.34741035
2022_18_DAL_WAS,2022,18,WAS,DAL,-0.1490718,0.35384616,-0.045101743,-0.22775184,0.09230769230769231,0.10714285714285714,65,-0.08957022,0.36,0.36666666666666664,-0.45980972,0.22222222,-0.34741035,0.33333334,-0.4978677,0.2647059,0.0,0.058823529411764705,-0.17170529,1.4357213,-1.2278502
2022_18_DET_GB,2022,18,DET,GB,0.10894394,0.52459013,0.13489653,0.06606575,0.08196721311475409,0.02631578947368421,61,0.11035071,0.54347825,0.6666666666666666,0.26682886,0.5,0.10462987,0.46666667,-0.10601377,0.46666667,0.06666666666666667,0.11666666666666667,0.12776126,-0.6388106,-0.87413174
2022_18_DET_GB,2022,18,GB,DET,-0.10601377,0.46666667,-0.09362984,-0.12114968,0.06666666666666667,0.06060606060606061,60,0.12776126,0.5,0.4634146341463415,-0.6388106,0.16666667,-0.87413174,0.35714287,0.10894394,0.52459013,0.08196721311475409,0.04918032786885246,0.11035071,0.26682886,0.10462987
2022_18_HOU_IND,2022,18,HOU,IND,-0.06713341,0.35384616,0.17151856,-0.5335896,0.1076923076923077,0.023255813953488372,65,-0.14100854,0.3125,0.48,0.05632044,0.3,0.08448367,0.4375,-0.050329242,0.43055555,0.125,0.05555555555555555,0.009732242,-0.29153848,-0.24464579
2022_18_HOU_IND,2022,18,IND,HOU,-0.050329242,0.43055555,-0.18414532,0.13701324,0.125,0.047619047619047616,72,0.009732242,0.4181818,0.6666666666666666,-0.29153848,0.31578946,-0.24464579,0.47058824,-0.06713341,0.35384616,0.1076923076923077,0.09230769230769231,-0.14100854,0.05632044,0.08448367
2022_18_KC_LV,2022,18,KC,LV,0.28918597,0.5714286,0.17297608,0.44413245,0.10714285714285714,0.0625,56,0.35577807,0.5652174,0.5384615384615384,0.43402565,0.5,-0.017137635,0.6,-0.143322,0.4,0.05714285714285714,0.18571428571428572,-0.13167866,-0.28694704,-0.17695835
2022_18_KC_LV,2022,18,LV,KC,-0.143322,0.4,-0.11406594,-0.2278395,0.05714285714285714,0.11538461538461539,70,-0.13167866,0.3653846,0.7272727272727273,-0.28694704,0.25,-0.17695835,0.5,0.28918597,0.5714286,0.10714285714285714,0.07142857142857142,0.35577807,0.43402565,-0.017137635
2022_18_LAC_DEN,2022,18,DEN,LAC,0.17759636,0.46153846,0.16533476,0.18948638,0.2,0.0625,65,0.10221946,0.43137255,0.5135135135135135,0.65301156,0.625,0.45218363,0.5714286,0.052540835,0.4477612,0.05970149253731343,0.029850746268656716,-0.107306086,0.38369685,0.5747966
2022_18_LAC_DEN,2022,18,LAC,DEN,0.052540835,0.4477612,0.2520644,-0.41633958,0.05970149253731343,0.02127659574468085,67,-0.107306086,0.42307693,0.6428571428571429,0.38369685,0.5,0.5747966,0.5,0.17759636,0.46153846,0.2,0.06153846153846154,0.10221946,0.65301156,0.45218363
2022_18_LA_SEA,2022,18,LA,SEA,-0.111026034,0.35,-0.30928698,0.14823827,0.11666666666666667,0.14705882352941177,60,-0.14830543,0.3409091,0.4722222222222222,-0.11884682,0.2857143,-0.008507688,0.375,-0.102955185,0.42028984,0.10144927536231885,0.08695652173913043,0.0048445086,-0.5646908,-0.6150037
2022_18_LA_SEA,2022,18,SEA,LA,-0.102955185,0.42028984,-0.076643445,-0.13337815,0.10144927536231885,0.08108108108108109,69,0.0048445086,0.47368422,0.53125,-0.5646908,0.18181819,-0.6150037,0.16666667,-0.111026034,0.35,0.11666666666666667,0.15,-0.14830543,-0.11884682,-0.008507688
2022_18_MIN_CHI,2022,18,CHI,MIN,-0.15685122,0.3265306,-0.302572,0.0941124,0.10204081632653061,0.03225806451612903,49,0.21493459,0.3888889,0.5,0.28902924,0.33333334,-1.2063628,0.16666667,0.2517469,0.5492958,0.14084507042253522,0.028169014084507043,0.123694345,0.1306477,0.9502153
2022_18_MIN_CHI,2022,18,MIN,CHI,0.2517469,0.5492958,0.6474839,-0.11190337,0.14084507042253522,0.0,71,0.123694345,0.55,0.4,0.1306477,0.57894737,0.9502153,0.54545456,-0.15685122,0.3265306,0.10204081632653061,0.061224489795918366,0.21493459,0.28902924,-1.2063628
2022_18_NE_BUF,2022,18,BUF,NE,0.0757377,0.48214287,0.20865932,-0.1831097,0.08928571428571429,0.05405405405405406,56,0.0123070665,0.44444445,0.6857142857142857,-0.77074516,0.2,0.33522666,0.6363636,-0.05405426,0.46268657,0.11940298507462686,0.05970149253731343,0.07081746,0.0828864,-0.41908836
2022_18_NE_BUF,2022,18,NE,BUF,-0.05405426,0.46268657,-0.08348359,0.010410038,0.11940298507462686,0.021739130434782608,67,0.07081746,0.49019608,0.5588235294117647,0.0828864,0.5,-0.41908836,0.4,0.0757377,0.48214287,0.08928571428571429,0.05357142857142857,0.0123070665,-0.77074516,0.33522666
2022_18_NYG_PHI,2022,18,NYG,PHI,-0.0017186254,0.375,-0.11220536,0.25996047,0.078125,0.044444444444444446,64,0.069173954,0.39130434,0.5,-0.04209239,0.2857143,-0.13794082,0.3529412,-0.014101341,0.4057971,0.08695652173913043,0.043478260869565216,0.09384682,-0.47023287,-0.4381834
2022_18_NYG_PHI,2022,18,PHI,NYG,-0.014101341,0.4057971,-0.11660124,0.15541774,0.08695652173913043,0.06976744186046512,69,0.09384682,0.4181818,0.6,-0.47023287,0.25,-0.4381834,0.35714287,-0.0017186254,0.375,0.078125,0.140625,0.069173954,-0.04209239,-0.13794082
2022_18_NYJ_MIA,2022,18,MIA,NYJ,-0.0967874,0.33846155,-0.23876251,0.058927257,0.12307692307692308,0.029411764705882353,65,-0.08754958,0.32,0.37142857142857144,-0.91524154,0.0,-0.12758017,0.4,-0.12026582,0.3090909,0.03636363636363636,0.18181818181818182,-0.29574224,-0.6301747,0.30745792
2022_18_NYJ_MIA,2022,18,NYJ,MIA,-0.12026582,0.3090909,0.032152053,-0.38699707,0.03636363636363636,0.0,55,-0.29574224,0.20512821,0.46153846153846156,-0.6301747,0.33333334,0.30745792,0.5625,-0.0967874,0.33846155,0.12307692307692308,0.13846153846153847,-0.08754958,-0.91524154,-0.12758017
2022_18_TB_ATL,2022,18,ATL,TB,0.037627686,0.4117647,0.12103514,-0.050834738,0.1323529411764706,0.05714285714285714,68,-0.16266966,0.38,0.4411764705882353,0.20721397,0.4117647,0.59400916,0.5,-0.18052936,0.34545454,0.03636363636363636,0.09090909090909091,-0.21840505,0.4508288,-0.07952742
2022_18_TB_ATL,2022,18,TB,ATL,-0.18052936,0.34545454,-0.19190198,-0.16211653,0.03636363636363636,0.0,55,-0.21840505,0.3,0.47058823529411764,0.4508288,0.625,-0.07952742,0.46666667,0.037627686,0.4117647,0.1323529411764706,0.08823529411764706,-0.16266966,0.20721397,0.59400916
2022_18_TEN_JAX,2022,18,JAX,TEN,-0.09356017,0.41304347,0.14205793,-0.7611447,0.06521739130434782,0.029411764705882353,46,-0.15136522,0.4,0.6538461538461539,-0.85729426,0.0,0.09036503,0.45454547,-0.113087796,0.42666668,0.05333333333333334,0.16,-0.015587644,-1.2510905,-0.3638025
2022_18_TEN_JAX,2022,18,TEN,JAX,-0.113087796,0.42666668,0.0015091288,-0.22466902,0.05333333333333334,0.10810810810810811,75,-0.015587644,0.42592594,0.3333333333333333,-1.2510905,0.0,-0.3638025,0.42857143,-0.09356017,0.41304347,0.06521739130434782,0.08695652173913043,-0.15136522,-0.85729426,0.09036503
2022_19_BAL_CIN,2022,19,BAL,CIN,-0.07087061,0.4347826,0.13176994,-0.27947116,0.11594202898550725,0.05714285714285714,69,0.12876943,0.44444445,0.45454545454545453,-0.88742936,0.25,-0.78957474,0.4,0.018923467,0.50877196,0.017543859649122806,0.12280701754385964,-0.011202834,0.67475927,0.03816592
2022_19_BAL_CIN,2022,19,CIN,BAL,0.018923467,0.50877196,0.04613512,-0.057269197,0.017543859649122806,0.09523809523809523,57,-0.011202834,0.5,0.6857142857142857,0.67475927,0.75,0.03816592,0.53846157,-0.07087061,0.4347826,0.11594202898550725,0.07246376811594203,0.12876943,-0.88742936,-0.78957474
2022_19_DAL_TB,2022,19,DAL,TB,0.37354213,0.5522388,0.6823219,-0.007286234,0.13432835820895522,0.02702702702702703,67,0.2920738,0.53846157,0.42857142857142855,0.98594046,0.7,0.65596575,0.6,-0.048712116,0.41463414,0.036585365853658534,0.07317073170731707,-0.12775606,-0.43459612,0.1636768
2022_19_DAL_TB,2022,19,TB,DAL,-0.048712116,0.41463414,-0.051125538,-0.034633875,0.036585365853658534,0.02857142857142857,82,-0.12775606,0.37288135,0.6666666666666666,-0.43459612,0.33333334,0.1636768,0.52380955,0.37354213,0.5522388,0.13432835820895522,0.07462686567164178,0.2920738,0.98594046,0.65596575
2022_19_LAC_JAX,2022,19,JAX,LAC,0.00065226975,0.5135135,-0.08911185,0.22719982,0.06756756756756757,0.03773584905660377,74,0.14711429,0.55172414,0.6666666666666666,0.58779603,0.61538464,-0.6135972,0.35714287,0.06243873,0.39130434,0.08695652173913043,0.13043478260869565,-0.042875327,0.16742072,0.38457587
2022_19_LAC_JAX,2022,19,LAC,JAX,0.06243873,0.39130434,0.18685414,-0.22193934,0.08695652173913043,0.0625,69,-0.042875327,0.34615386,0.7,0.16742072,0.5,0.38457587,0.5294118,0.00065226975,0.5135135,0.06756756756756757,0.05405405405405406,0.14711429,0.58779603,-0.6135972
2022_19_MIA_BUF,2022,19,BUF,MIA,-0.13459435,0.43835616,-0.20950326,0.02825114,0.136986301369863,0.14,73,-0.2865892,0.4107143,0.7222222222222222,0.2838811,0.45454547,0.3660947,0.5294118,-0.19111268,0.32394367,0.04225352112676056,0.15492957746478872,-0.17500474,0.16039436,-0.30676413
2022_19_MIA_BUF,2022,19,MIA,BUF,-0.19111268,0.32394367,-0.1730913,-0.24417561,0.04225352112676056,0.07547169811320754,71,-0.17500474,0.32692307,0.6470588235294118,0.16039436,0.5,-0.30676413,0.2777778,-0.13459435,0.43835616,0.136986301369863,0.1643835616438356,-0.2865892,0.2838811,0.3660947
2022_19_NYG_MIN,2022,19,MIN,NYG,0.18314843,0.54385966,0.2626078,-0.020466179,0.07017543859649122,0.0,57,0.1448435,0.5555556,0.5454545454545454,0.62632847,0.8888889,0.3267919,0.5,0.33034375,0.5147059,0.10294117647058823,0.058823529411764705,0.28528568,0.23649521,0.5041393
2022_19_NYG_MIN,2022,19,NYG,MIN,0.33034375,0.5147059,0.43884152,0.10348478,0.10294117647058823,0.06521739130434782,68,0.28528568,0.5,0.6388888888888888,0.23649521,0.5,0.5041393,0.5714286,0.18314843,0.54385966,0.07017543859649122,0.19298245614035087,0.1448435,0.62632847,0.3267919
2022_19_SEA_SF,2022,19,SEA,SF,0.07973326,0.45588234,0.18189587,-0.12015011,0.04411764705882353,0.06666666666666667,68,0.00075363426,0.44230768,0.5217391304347826,-0.24403332,0.2857143,0.42197815,0.53333336,0.3959974,0.5,0.15625,0.046875,0.3741543,0.03463705,0.43952802
2022_19_SEA_SF,2022,19,SF,SEA,0.3959974,0.5,0.7268207,0.04383068,0.15625,0.030303030303030304,64,0.3741543,0.48076922,0.5128205128205128,0.03463705,0.36842105,0.43952802,0.54545456,0.07973326,0.45588234,0.04411764705882353,0.04411764705882353,0.00075363426,-0.24403332,0.42197815
2022_20_CIN_BUF,2022,20,BUF,CIN,-0.011447231,0.44444445,-0.06454605,0.158469,0.047619047619047616,0.020833333333333332,63,0.09643764,0.4489796,1.0,-0.46575645,0.27272728,-0.38904428,0.42857143,0.27331364,0.5633803,0.11267605633802817,0.04225352112676056,0.15889928,0.05774378,0.8358508
2022_20_CIN_BUF,2022,20,CIN,BUF,0.27331364,0.5633803,0.41921642,0.07391311,0.11267605633802817,0.024390243902439025,71,0.15889928,0.5423729,0.5675675675675675,0.05774378,0.4117647,0.8358508,0.6666667,-0.011447231,0.44444445,0.047619047619047616,0.12698412698412698,0.09643764,-0.46575645,-0.38904428
2022_20_DAL_SF,2022,20,DAL,SF,-0.10497274,0.39344263,-0.10086816,-0.11338715,0.04918032786885246,0.024390243902439025,61,-0.046431486,0.38636363,0.5454545454545454,-0.28046054,0.5,-0.2564913,0.4117647,0.014145815,0.45454547,0.06060606060606061,0.07575757575757576,-0.04589387,-0.12334222,0.21828075
2022_20_DAL_SF,2022,20,SF,DAL,0.014145815,0.45454547,0.11869962,-0.096942596,0.06060606060606061,0.058823529411764705,66,-0.04589387,0.4117647,0.4722222222222222,-0.12334222,0.36363637,0.21828075,0.6,-0.10497274,0.39344263,0.04918032786885246,0.06557377049180328,-0.046431486,-0.28046054,-0.2564913
2022_20_JAX_KC,2022,20,JAX,KC,0.05117376,0.51666665,-0.04874815,0.30391744,0.1,0.046511627906976744,60,-0.04486681,0.4893617,0.5909090909090909,-0.37632835,0.5,0.3983974,0.61538464,0.18551405,0.5151515,0.06060606060606061,0.09090909090909091,0.23338126,0.5530132,-0.009636923
2022_20_JAX_KC,2022,20,KC,JAX,0.18551405,0.5151515,0.29812124,0.0122722,0.06060606060606061,0.0,66,0.23338126,0.509434,0.6216216216216216,0.5530132,0.6,-0.009636923,0.53846157,0.05117376,0.51666665,0.1,0.11666666666666667,-0.04486681,-0.37632835,0.3983974
2022_20_NYG_PHI,2022,20,NYG,PHI,-0.22810012,0.40384614,-0.4097665,0.1459189,0.038461538461538464,0.14285714285714285,52,-0.19937669,0.41666666,0.4,1.2054577,1.0,-0.29272783,0.375,0.3213629,0.5507246,0.17391304347826086,0.014492753623188406,0.15420854,0.51038206,0.97804075
2022_20_NYG_PHI,2022,20,PHI,NYG,0.3213629,0.5507246,0.1948703,0.4026796,0.17391304347826086,0.037037037037037035,69,0.15420854,0.5090909,0.46153846153846156,0.51038206,0.5882353,0.97804075,0.71428573,-0.22810012,0.40384614,0.038461538461538464,0.15384615384615385,-0.19937669,1.2054577,-0.29272783
2022_21_CIN_KC,2022,21,CIN,KC,0.002354966,0.42424244,-0.031909164,0.12962174,0.09090909090909091,0.09615384615384616,66,-0.058677845,0.40816328,0.72,-0.21872476,0.42857143,0.17827308,0.47058824,0.05789466,0.4057971,0.043478260869565216,0.08695652173913043,-0.093886435,0.28393576,0.56066954
2022_21_CIN_KC,2022,21,KC,CIN,0.05789466,0.4057971,0.19610417,-0.33369893,0.043478260869565216,0.058823529411764705,69,-0.093886435,0.35849056,0.6944444444444444,0.28393576,0.3,0.56066954,0.5625,0.002354966,0.42424244,0.09090909090909091,0.16666666666666666,-0.058677845,-0.21872476,0.17827308
2022_21_SF_PHI,2022,21,PHI,SF,0.12325777,0.44444445,0.08889029,0.14780596,0.09722222222222222,0.03333333333333333,72,-0.004414456,0.41509435,0.53125,0.4739275,0.6666667,0.47939608,0.5263158,-0.43626457,0.3478261,0.06521739130434782,0.17391304347826086,-0.3684609,,-0.6803578
2022_21_SF_PHI,2022,21,SF,PHI,-0.43626457,0.3478261,-0.34947583,-0.5091671,0.06521739130434782,0.14285714285714285,46,-0.3684609,0.3611111,0.5789473684210527,,,-0.6803578,0.3,0.12325777,0.44444445,0.09722222222222222,0.041666666666666664,-0.004414456,0.4739275,0.47939608
2022_22_KC_PHI,2022,22,KC,PHI,0.39450595,0.61538464,0.55937374,0.15112977,0.1346153846153846,0.0,52,0.3474879,0.6136364,0.6666666666666666,0.5590159,0.53333336,0.6531054,0.625,0.14312324,0.4864865,0.08108108108108109,0.05405405405405406,0.05811095,0.023334904,0.32291204
2022_22_KC_PHI,2022,22,PHI,KC,0.14312324,0.4864865,0.29460293,-0.066993736,0.08108108108108109,0.046511627906976744,74,0.05811095,0.41509435,0.6363636363636364,0.023334904,0.42857143,0.32291204,0.65,0.39450595,0.61538464,0.1346153846153846,0.09615384615384616,0.3474879,0.5590159,0.6531054
2023_01_ARI_WAS,2023,1,ARI,WAS,-0.34826744,0.30645162,-0.2814401,-0.44717187,0.04838709677419355,0.08108108108108109,62,-0.28367487,0.32608697,0.5151515151515151,-0.7003266,0.0,-0.5339711,0.25,-0.22242066,0.3943662,0.014084507042253521,0.09859154929577464,-0.14252028,-0.170666,-0.5477294
2023_01_ARI_WAS,2023,1,WAS,ARI,-0.22242066,0.3943662,-0.16255398,-0.32603613,0.014084507042253521,0.13333333333333333,71,-0.14252028,0.40350878,0.7391304347826086,-0.170666,0.5,-0.5477294,0.35714287,-0.34826744,0.30645162,0.04838709677419355,0.0967741935483871,-0.28367487,-0.7003266,-0.5339711
2023_01_BUF_NYJ,2023,1,BUF,NYJ,-0.079173826,0.4852941,0.020305056,-0.35550407,0.04411764705882353,0.1,68,-0.13059917,0.45454547,0.6923076923076923,0.31306636,0.25,0.13839497,0.61538464,-0.029890796,0.40384614,0.11538461538461539,0.1346153846153846,-0.11692788,-0.16991052,0.20635273
2023_01_BUF_NYJ,2023,1,NYJ,BUF,-0.029890796,0.40384614,-0.14055727,0.08962901,0.11538461538461539,0.1111111111111111,52,-0.11692788,0.39473686,0.6,-0.16991052,0.3,0.20635273,0.42857143,-0.079173826,0.4852941,0.04411764705882353,0.1323529411764706,-0.13059917,0.31306636,0.13839497
2023_01_CAR_ATL,2023,1,ATL,CAR,-0.13893579,0.36,-0.23330848,-0.05182255,0.12,0.16666666666666666,50,-0.02212032,0.3846154,0.46153846153846156,0.614824,0.5714286,-0.55309975,0.27272728,-0.2586715,0.38961038,0.06493506493506493,0.09090909090909091,-0.17276452,-0.41080195,-0.5618726
2023_01_CAR_ATL,2023,1,CAR,ATL,-0.2586715,0.38961038,-0.23396434,-0.29533374,0.06493506493506493,0.043478260869565216,77,-0.17276452,0.4,0.43902439024390244,-0.41080195,0.5714286,-0.5618726,0.3529412,-0.13893579,0.36,0.12,0.1,-0.02212032,0.614824,-0.55309975
2023_01_CIN_CLE,2023,1,CIN,CLE,-0.41144583,0.22222222,-0.49726975,-0.23979804,0.037037037037037035,0.05555555555555555,54,-0.25808784,0.24324325,0.5217391304347826,,,-0.7452249,0.1764706,-0.14589742,0.4054054,0.14864864864864866,0.06756756756756757,-0.12506096,0.52679867,-0.31934375
2023_01_CIN_CLE,2023,1,CLE,CIN,-0.14589742,0.4054054,-0.25561854,-0.04742974,0.14864864864864866,0.08571428571428572,74,-0.12506096,0.42372882,0.5,0.52679867,0.6666667,-0.31934375,0.2857143,-0.41144583,0.22222222,0.037037037037037035,0.18518518518518517,-0.25808784,,-0.7452249
2023_01_DAL_NYG,2023,1,DAL,NYG,0.14542055,0.46551725,0.23986377,0.057273556,0.06896551724137931,0.0,58,-0.018709924,0.45238096,0.6666666666666666,0.20779571,0.52380955,0.57626307,0.5,-0.42709333,0.34285715,0.04285714285714286,0.17142857142857143,-0.40703452,-0.7112835,-0.47389725
2023_01_DAL_NYG,2023,1,NYG,DAL,-0.42709333,0.34285715,-0.5073762,-0.23976667,0.04285714285714286,0.14285714285714285,70,-0.40703452,0.3265306,0.6,-0.7112835,0.16666667,-0.47389725,0.3809524,0.14542055,0.46551725,0.06896551724137931,0.05172413793103448,-0.018709924,0.20779571,0.57626307
2023_01_DET_KC,2023,1,DET,KC,0.025882615,0.40298507,0.0704529,-0.025876418,0.08955223880597014,0.027777777777777776,67,0.17336664,0.44,0.5526315789473685,-0.031511813,0.5,-0.40789393,0.29411766,-0.118469775,0.4,0.06153846153846154,0.1076923076923077,0.12761016,-0.01105312,-0.87208956
2023_01_DET_KC,2023,1,KC,DET,-0.118469775,0.4,-0.04570571,-0.32392126,0.06153846153846154,0.0,65,0.12761016,0.42857143,0.675,-0.01105312,0.42857143,-0.87208956,0.3125,0.025882615,0.40298507,0.08955223880597014,0.05970149253731343,0.17336664,-0.031511813,-0.40789393
2023_01_GB_CHI,2023,1,CHI,GB,-0.17629676,0.4189189,-0.13923433,-0.25847867,0.06756756756756757,0.0784313725490196,74,0.06779621,0.47368422,0.6,0.43843776,0.6363636,-1.1344229,0.2,0.15570137,0.36666667,0.08333333333333333,0.05,-0.17079361,0.5386403,0.91752285
2023_01_GB_CHI,2023,1,GB,CHI,0.15570137,0.36666667,0.5538515,-0.24244879,0.08333333333333333,0.03333333333333333,60,-0.17079361,0.2857143,0.46153846153846156,0.5386403,0.6,0.91752285,0.5555556,-0.17629676,0.4189189,0.06756756756756757,0.08108108108108109,0.06779621,0.43843776,-1.1344229
2023_01_HOU_BAL,2023,1,BAL,HOU,-0.040195163,0.40625,-0.05711118,-0.019779267,0.0625,0.11428571428571428,64,-0.13021626,0.35416666,0.5714285714285714,-0.09605008,0.5,0.1749927,0.53333336,-0.29284406,0.3026316,0.013157894736842105,0.13157894736842105,-0.31345597,-0.7334088,-0.25079584
2023_01_HOU_BAL,2023,1,HOU,BAL,-0.29284406,0.3026316,-0.25823563,-0.3966694,0.013157894736842105,0.08771929824561403,76,-0.31345597,0.25490198,0.6153846153846154,-0.7334088,0.0,-0.25079584,0.4,-0.040195163,0.40625,0.0625,0.125,-0.13021626,-0.09605008,0.1749927
2023_01_JAX_IND,2023,1,IND,JAX,-0.37308055,0.3472222,-0.19305915,-0.7566043,0.05555555555555555,0.08163265306122448,72,-0.11889882,0.3888889,0.6052631578947368,-0.53222287,0.42857143,-1.1356256,0.22222222,-0.24370022,0.49275362,0.057971014492753624,0.057971014492753624,-0.07587746,0.86723167,-0.8478622
2023_01_JAX_IND,2023,1,JAX,IND,-0.24370022,0.49275362,-0.25790048,-0.22820906,0.057971014492753624,0.05555555555555555,69,-0.07587746,0.537037,0.575,0.86723167,0.7,-0.8478622,0.33333334,-0.37308055,0.3472222,0.05555555555555555,0.1111111111111111,-0.11889882,-0.53222287,-1.1356256
2023_01_LA_SEA,2023,1,LA,SEA,0.2537183,0.49382716,0.53843987,-0.03812129,0.08641975308641975,0.0,81,0.028505608,0.4032258,0.5121951219512195,0.36001003,0.4375,0.98862284,0.7894737,-0.037635528,0.48,0.06,0.1,0.03542945,-0.23447931,-0.32989547
2023_01_LA_SEA,2023,1,SEA,LA,-0.037635528,0.48,-0.03256799,-0.047472525,0.06,0.06060606060606061,50,0.03542945,0.525,0.5428571428571428,-0.23447931,0.16666667,-0.32989547,0.3,0.2537183,0.49382716,0.08641975308641975,0.024691358024691357,0.028505608,0.36001003,0.98862284
2023_01_LV_DEN,2023,1,DEN,LV,0.0713345,0.47619048,0.19825172,-0.16519304,0.09523809523809523,0.04878048780487805,63,-0.031998474,0.4489796,0.5897435897435898,0.5784296,0.5555556,0.4329999,0.5714286,0.17268416,0.38181818,0.03636363636363636,0.05454545454545454,0.03481255,-0.094310515,0.66672415
2023_01_LV_DEN,2023,1,LV,DEN,0.17268416,0.38181818,0.53841114,-0.33615336,0.03636363636363636,0.0,55,0.03481255,0.30232558,0.4838709677419355,-0.094310515,0.3125,0.66672415,0.6666667,0.0713345,0.47619048,0.09523809523809523,0.06349206349206349,-0.031998474,0.5784296,0.4329999
2023_01_MIA_LAC,2023,1,LAC,MIA,0.17005232,0.5875,0.06413614,0.2995054,0.1,0.06818181818181818,80,0.21611609,0.578125,0.48936170212765956,0.2962448,0.7,-0.014202774,0.625,0.3395623,0.52307695,0.16923076923076924,0.03076923076923077,0.28614143,-0.077231765,0.6018102
2023_01_MIA_LAC,2023,1,MIA,LAC,0.3395623,0.52307695,0.6396298,-0.4439472,0.16923076923076924,0.0,65,0.28614143,0.537037,0.6428571428571429,-0.077231765,0.5,0.6018102,0.45454547,0.17005232,0.5875,0.1,0.05,0.21611609,0.2962448,-0.014202774
2023_01_PHI_NE,2023,1,NE,PHI,-0.20127368,0.4,-0.2065092,-0.18656431,0.0375,0.03389830508474576,80,0.04028527,0.44827586,0.47058823529411764,-0.056761246,0.30769232,-0.874572,0.3,-0.13438596,0.36923078,0.046153846153846156,0.07692307692307693,-0.1026837,-0.10622998,-0.24987279
2023_01_PHI_NE,2023,1,PHI,NE,-0.13438596,0.36923078,-0.09073637,-0.21409394,0.046153846153846156,0.07142857142857142,65,-0.1026837,0.39215687,0.6666666666666666,-0.10622998,0.33333334,-0.24987279,0.2857143,-0.20127368,0.4,0.0375,0.075,0.04028527,-0.056761246,-0.874572
2023_01_SF_PIT,2023,1,PIT,SF,-0.29538822,0.41935483,-0.32986447,-0.09236148,0.04838709677419355,0.09433962264150944,62,-0.13786244,0.44186047,0.75,-0.14707652,0.41666666,-0.6518939,0.36842105,0.12767543,0.41538462,0.1076923076923077,0.1076923076923077,0.028170029,0.34599122,0.49015936
2023_01_SF_PIT,2023,1,SF,PIT,0.12767543,0.41538462,0.26535165,-0.023324305,0.1076923076923077,0.08823529411764706,65,0.028170029,0.39215687,0.5,0.34599122,0.33333334,0.49015936,0.5,-0.29538822,0.41935483,0.04838709677419355,0.14516129032258066,-0.13786244,-0.14707652,-0.6518939
2023_01_TB_MIN,2023,1,MIN,TB,-0.09890277,0.40625,0.041863095,-0.52120036,0.078125,0.041666666666666664,64,-0.042012233,0.3877551,0.6829268292682927,-0.41348538,0.33333334,-0.2847452,0.46666667,-0.10446297,0.33846155,0.015384615384615385,0.03076923076923077,-0.11342505,-0.17871271,-0.07915825
2023_01_TB_MIN,2023,1,TB,MIN,-0.10446297,0.33846155,-0.0142048225,-0.23149297,0.015384615384615385,0.02631578947368421,65,-0.11342505,0.3125,0.5151515151515151,-0.17871271,0.14285715,-0.07915825,0.4117647,-0.09890277,0.40625,0.078125,0.140625,-0.042012233,-0.41348538,-0.2847452
2023_01_TEN_NO,2023,1,NO,TEN,-0.06761036,0.36507937,0.1434515,-0.41058588,0.09523809523809523,0.10256410256410256,63,-0.17391424,0.32608697,0.6285714285714286,-0.00040915012,0.3,0.22003543,0.47058824,-0.17665723,0.31746033,0.07936507936507936,0.12698412698412698,-0.07241268,-0.57437587,-0.54151314
2023_01_TEN_NO,2023,1,TEN,NO,-0.17665723,0.31746033,-0.24808833,-0.02308036,0.07936507936507936,0.06976744186046512,63,-0.07241268,0.3265306,0.5428571428571428,-0.57437587,0.09090909,-0.54151314,0.2857143,-0.06761036,0.36507937,0.09523809523809523,0.1111111111111111,-0.17391424,-0.00040915012,0.22003543
2023_02_BAL_CIN,2023,2,BAL,CIN,0.22459005,0.5810811,0.28103772,0.1369988,0.08108108108108109,0.0,74,0.11434516,0.5254237,0.6666666666666666,0.4670403,0.5833333,0.6582199,0.8,0.045634843,0.48333332,0.05,0.08333333333333333,-0.21085256,-0.19698513,0.75097525
2023_02_BAL_CIN,2023,2,CIN,BAL,0.045634843,0.48333332,0.055564508,0.01584587,0.05,0.022222222222222223,60,-0.21085256,0.4090909,0.6363636363636364,-0.19698513,0.42105263,0.75097525,0.6875,0.22459005,0.5810811,0.08108108108108109,0.013513513513513514,0.11434516,0.4670403,0.6582199
2023_02_CHI_TB,2023,2,CHI,TB,-0.17142627,0.40384614,-0.22356193,-0.042824868,0.11538461538461539,0.16216216216216217,52,-0.25452596,0.3846154,0.6,1.3242906,1.0,0.0778729,0.46153846,0.19191578,0.4347826,0.13043478260869565,0.014492753623188406,0.009645684,-0.31170592,0.7494478
2023_02_CHI_TB,2023,2,TB,CHI,0.19191578,0.4347826,0.33505026,0.005840971,0.13043478260869565,0.0,69,0.009645684,0.3846154,0.5365853658536586,-0.31170592,0.11111111,0.7494478,0.5882353,-0.17142627,0.40384614,0.11538461538461539,0.17307692307692307,-0.25452596,1.3242906,0.0778729
2023_02_CLE_PIT,2023,2,CLE,PIT,-0.22076736,0.40229884,-0.32545388,-0.065233156,0.04597701149425287,0.11538461538461539,87,-0.1848461,0.421875,0.5111111111111111,0.5542336,0.75,-0.4515529,0.2857143,-0.39196584,0.27450982,0.11764705882352941,0.1568627450980392,-0.30685112,-0.947,-0.57118684
2023_02_CLE_PIT,2023,2,PIT,CLE,-0.39196584,0.27450982,-0.42039472,-0.3440855,0.11764705882352941,0.0625,51,-0.30685112,0.25,0.5625,-0.947,0.0,-0.57118684,0.35714287,-0.22076736,0.40229884,0.04597701149425287,0.12643678160919541,-0.1848461,0.5542336,-0.4515529
2023_02_GB_ATL,2023,2,ATL,GB,0.09680172,0.49382716,0.070870005,0.12472819,0.12345679012345678,0.023809523809523808,81,-0.02976974,0.5,0.5227272727272727,-0.018471144,0.33333334,0.5098244,0.47368422,0.1914857,0.5102041,0.04081632653061224,0.061224489795918366,0.36086658,0.29741287,-0.4690996
2023_02_GB_ATL,2023,2,GB,ATL,0.1914857,0.5102041,0.40506867,-0.11820958,0.04081632653061224,0.034482758620689655,49,0.36086658,0.5641026,0.5454545454545454,0.29741287,0.5555556,-0.4690996,0.3,0.09680172,0.49382716,0.12345679012345678,0.06172839506172839,-0.02976974,-0.018471144,0.5098244
2023_02_IND_HOU,2023,2,HOU,IND,-0.0031616497,0.4074074,0.08167786,-0.17284068,0.09876543209876543,0.1111111111111111,81,-0.1266527,0.3508772,0.42857142857142855,-0.32221806,0.375,0.29012957,0.5416667,0.23055568,0.50877196,0.10526315789473684,0.017543859649122806,0.24499264,1.0744928,0.18169211
2023_02_IND_HOU,2023,2,IND,HOU,0.23055568,0.50877196,0.23608798,0.22107172,0.10526315789473684,0.0,57,0.24499264,0.52272725,0.42105263157894735,1.0744928,0.75,0.18169211,0.46153846,-0.0031616497,0.4074074,0.09876543209876543,0.1111111111111111,-0.1266527,-0.32221806,0.29012957
2023_02_KC_JAX,2023,2,JAX,KC,-0.25860417,0.3939394,-0.28583565,-0.1574587,0.030303030303030304,0.07692307692307693,66,-0.16046567,0.42,0.6578947368421053,-0.661788,0.15384616,-0.565287,0.3125,0.10276591,0.375,0.0625,0.0625,-0.016261555,0.4602655,0.49158898
2023_02_KC_JAX,2023,2,KC,JAX,0.10276591,0.375,0.11345009,0.07071339,0.0625,0.020833333333333332,64,-0.016261555,0.36734694,0.7941176470588235,0.4602655,0.44444445,0.49158898,0.4,-0.25860417,0.3939394,0.030303030303030304,0.09090909090909091,-0.16046567,-0.661788,-0.565287
2023_02_LAC_TEN,2023,2,LAC,TEN,0.07589802,0.42647058,0.19982508,-0.20146249,0.08823529411764706,0.06382978723404255,68,0.1294292,0.46,0.6129032258064516,-0.045769762,0.1875,-0.13902317,0.29411766,0.079180256,0.44615385,0.1076923076923077,0.09230769230769231,0.13550447,0.4638617,-0.093312636
2023_02_LAC_TEN,2023,2,TEN,LAC,0.079180256,0.44615385,0.19139245,-0.02313086,0.1076923076923077,0.16129032258064516,65,0.13550447,0.42857143,0.45161290322580644,0.4638617,0.625,-0.093312636,0.5,0.07589802,0.42647058,0.08823529411764706,0.07352941176470588,0.1294292,-0.045769762,-0.13902317
2023_02_LV_BUF,2023,2,BUF,LV,0.31552005,0.59210527,0.37533087,0.24163611,0.07894736842105263,0.047619047619047616,76,0.23319122,0.5762712,0.6333333333333333,0.09532211,0.5,0.6012495,0.64705884,-0.22630665,0.45,0.075,0.05,-0.32375583,-1.1511278,0.23309667
2023_02_LV_BUF,2023,2,LV,BUF,-0.22630665,0.45,-0.05038065,-0.5530264,0.075,0.0,40,-0.32375583,0.45454547,0.5789473684210527,-1.1511278,0.5,0.23309667,0.42857143,0.31552005,0.59210527,0.07894736842105263,0.039473684210526314,0.23319122,0.09532211,0.6012495
2023_02_MIA_NE,2023,2,MIA,NE,0.18873386,0.5322581,0.37166962,-0.019434448,0.11290322580645161,0.030303030303030304,62,0.28531107,0.5576923,0.5925925925925926,0.327064,0.5714286,-0.31346768,0.4,-0.07430957,0.53424656,0.0136986301369863,0.1095890410958904,-0.07381878,0.8925377,-0.07592633
2023_02_MIA_NE,2023,2,NE,MIA,-0.07430957,0.53424656,-0.08266027,-0.056155868,0.0136986301369863,0.08,73,-0.07381878,0.53571427,0.5833333333333334,0.8925377,1.0,-0.07592633,0.5294118,0.18873386,0.5322581,0.11290322580645161,0.03225806451612903,0.28531107,0.327064,-0.31346768
2023_02_MIN_PHI,2023,2,MIN,PHI,0.08165393,0.46551725,0.23074687,-0.7300742,0.10344827586206896,0.04081632653061224,58,-0.19432133,0.42553192,0.7619047619047619,1.1674621,1.0,1.2608209,0.6363636,0.099630564,0.4935065,0.07792207792207792,0.05194805194805195,0.060965654,0.22377855,0.25944552
2023_02_MIN_PHI,2023,2,PHI,MIN,0.099630564,0.4935065,-0.0019878335,0.17189252,0.07792207792207792,0.125,77,0.060965654,0.48387095,0.42857142857142855,0.22377855,0.6363636,0.25944552,0.53333336,0.08165393,0.46551725,0.10344827586206896,0.1724137931034483,-0.19432133,1.1674621,1.2608209
2023_02_NO_CAR,2023,2,CAR,NO,-0.10552517,0.45,-0.12129738,-0.06872336,0.06666666666666667,0.09523809523809523,60,-0.09220868,0.44186047,0.5555555555555556,-0.6876583,0.42857143,-0.21372107,0.4375,0.0534218,0.4864865,0.08108108108108109,0.06756756756756757,0.07387973,-0.0078434395,-0.0207382
2023_02_NO_CAR,2023,2,NO,CAR,0.0534218,0.4864865,0.016004598,0.10532309,0.08108108108108109,0.09302325581395349,74,0.07387973,0.4827586,0.5306122448979592,-0.0078434395,0.5714286,-0.0207382,0.5,-0.10552517,0.45,0.06666666666666667,0.13333333333333333,-0.09220868,-0.6876583,-0.21372107
2023_02_NYG_ARI,2023,2,ARI,NYG,0.19183429,0.453125,0.32016897,0.03694758,0.140625,0.0,64,0.18080276,0.4528302,0.5263157894736842,0.33439785,0.5714286,0.16418476,0.4,0.20046811,0.5294118,0.10294117647058823,0.058823529411764705,0.115331404,0.39390537,0.5606618
2023_02_NYG_ARI,2023,2,NYG,ARI,0.20046811,0.5294118,0.21951373,0.16064547,0.10294117647058823,0.06521739130434782,68,0.115331404,0.4909091,0.5,0.39390537,0.45,0.5606618,0.6923077,0.19183429,0.453125,0.140625,0.09375,0.18080276,0.33439785,0.16418476
2023_02_NYJ_DAL,2023,2,DAL,NYJ,0.09737568,0.43373495,0.40281937,-0.21551783,0.07228915662650602,0.023809523809523808,83,-0.055761047,0.3809524,0.4634146341463415,-0.08132417,0.37931034,0.55484885,0.57894737,-0.43178573,0.38297874,0.02127659574468085,0.10638297872340426,-0.5177466,-0.27187666,-0.2069649
2023_02_NYJ_DAL,2023,2,NYJ,DAL,-0.43178573,0.38297874,-0.32687458,-0.7377767,0.02127659574468085,0.08571428571428572,47,-0.5177466,0.4117647,0.375,-0.27187666,0.0,-0.2069649,0.30769232,0.09737568,0.43373495,0.07228915662650602,0.04819277108433735,-0.055761047,-0.08132417,0.55484885
2023_02_SEA_DET,2023,2,DET,SEA,-0.032615345,0.5,0.16642943,-0.32012445,0.13636363636363635,0.05128205128205128,66,-0.08177921,0.49019608,0.5142857142857142,0.35104623,0.375,0.13454178,0.53333336,0.21844436,0.5285714,0.07142857142857142,0.014285714285714285,0.2179753,0.26099673,0.22032058
2023_02_SEA_DET,2023,2,SEA,DET,0.21844436,0.5285714,0.27143002,0.10283928,0.07142857142857142,0.020833333333333332,70,0.2179753,0.5535714,0.575,0.26099673,0.47368422,0.22032058,0.42857143,-0.032615345,0.5,0.13636363636363635,0.09090909090909091,-0.08177921,0.35104623,0.13454178
2023_02_SF_LA,2023,2,LA,SF,-0.072123416,0.4556962,-0.11643931,0.06782149,0.02531645569620253,0.016666666666666666,79,-0.01754843,0.44444445,0.6818181818181818,0.30418444,0.625,-0.28701243,0.5,0.13812661,0.47368422,0.12280701754385964,0.05263157894736842,0.33805823,0.26011637,-0.801552
2023_02_SF_LA,2023,2,SF,LA,0.13812661,0.47368422,0.1744252,0.10307971,0.12280701754385964,0.03571428571428571,57,0.33805823,0.5319149,0.5142857142857142,0.26011637,0.42857143,-0.801552,0.2,-0.072123416,0.4556962,0.02531645569620253,0.08860759493670886,-0.01754843,0.30418444,-0.28701243
2023_02_WAS_DEN,2023,2,DEN,WAS,0.13120532,0.46153846,0.14412361,0.10413842,0.09230769230769231,0.1590909090909091,65,0.1904122,0.46,0.55,-0.12692277,0.35714287,-0.0032331517,0.5,0.21912496,0.47945204,0.136986301369863,0.1232876712328767,0.21058281,0.97212195,0.19234617
2023_02_WAS_DEN,2023,2,WAS,DEN,0.21912496,0.47945204,0.23239599,0.18836032,0.136986301369863,0.0784313725490196,73,0.21058281,0.48333332,0.6666666666666666,0.97212195,0.6666667,0.19234617,0.41666666,0.13120532,0.46153846,0.09230769230769231,0.2,0.1904122,-0.12692277,-0.0032331517
2023_03_ATL_DET,2023,3,ATL,DET,-0.2823274,0.3283582,-0.2574441,-0.34519055,0.04477611940298507,0.14583333333333334,67,-0.28700227,0.33333334,0.5625,-0.62901145,0.0,-0.2674264,0.3125,-0.05386353,0.3880597,0.08955223880597014,0.13432835820895522,-0.04202584,-0.058937717,-0.09867765
2023_03_ATL_DET,2023,3,DET,ATL,-0.05386353,0.3880597,0.06004378,-0.19434923,0.08955223880597014,0.0,67,-0.04202584,0.3962264,0.5185185185185185,-0.058937717,0.3,-0.09867765,0.35714287,-0.2823274,0.3283582,0.04477611940298507,0.13432835820895522,-0.28700227,-0.62901145,-0.2674264
2023_03_BUF_WAS,2023,3,BUF,WAS,0.15815355,0.42424244,0.23854315,0.04905334,0.12121212121212122,0.0,66,0.08276903,0.38,0.5833333333333334,0.20229673,0.4,0.39373016,0.5625,-0.53553605,0.4074074,0.1111111111111111,0.25925925925925924,-0.19537914,-1.5396699,-1.7260852
2023_03_BUF_WAS,2023,3,WAS,BUF,-0.53553605,0.4074074,-0.70355135,-0.0056415703,0.1111111111111111,0.21951219512195122,54,-0.19537914,0.47619048,0.6666666666666666,-1.5396699,0.16666667,-1.7260852,0.16666667,0.15815355,0.42424244,0.12121212121212122,0.015151515151515152,0.08276903,0.20229673,0.39373016
2023_03_CAR_SEA,2023,3,CAR,SEA,0.08607588,0.4050633,0.13859224,-0.18054566,0.0759493670886076,0.045454545454545456,79,-0.055576716,0.375,0.6451612903225806,0.31800994,0.6666667,0.43096915,0.47826087,0.18198666,0.53521127,0.1267605633802817,0.11267605633802817,0.33549237,-0.008815909,-0.558078
2023_03_CAR_SEA,2023,3,SEA,CAR,0.18198666,0.53521127,0.15240704,0.22241214,0.1267605633802817,0.04878048780487805,71,0.33549237,0.5614035,0.6136363636363636,-0.008815909,0.35,-0.558078,0.3846154,0.08607588,0.4050633,0.0759493670886076,0.12658227848101267,-0.055576716,0.31800994,0.43096915
2023_03_CHI_KC,2023,3,CHI,KC,-0.30167553,0.37254903,-0.6369823,0.14031982,0.058823529411764705,0.10344827586206896,51,-0.24513763,0.3783784,0.375,0.043651342,0.33333334,-0.451097,0.35714287,0.2263659,0.52,0.12,0.06666666666666667,0.19251183,0.57457346,0.3617822
2023_03_CHI_KC,2023,3,KC,CHI,0.2263659,0.52,0.3558114,0.052423522,0.12,0.0,75,0.19251183,0.46666667,0.5789473684210527,0.57457346,0.65,0.3617822,0.73333335,-0.30167553,0.37254903,0.058823529411764705,0.0784313725490196,-0.24513763,0.043651342,-0.451097
2023_03_DAL_ARI,2023,3,ARI,DAL,0.21959724,0.5423729,0.16602229,0.2750196,0.11864406779661017,0.06666666666666667,59,0.28587705,0.5652174,0.47368421052631576,0.17979383,0.5,0.15453564,0.54545456,0.05591427,0.4814815,0.06172839506172839,0.04938271604938271,0.07797586,-0.532457,-0.016076189
2023_03_DAL_ARI,2023,3,DAL,ARI,0.05591427,0.4814815,-0.034693033,0.20205508,0.06172839506172839,0.04,81,0.07797586,0.46774194,0.5384615384615384,-0.532457,0.3043478,-0.016076189,0.5263158,0.21959724,0.5423729,0.11864406779661017,0.06779661016949153,0.28587705,0.17979383,0.15453564
2023_03_DEN_MIA,2023,3,DEN,MIA,-0.272424,0.33870968,-0.2593018,-0.29998073,0.0967741935483871,0.023809523809523808,62,-0.14786619,0.3617021,0.0,-0.25419983,0.2,-0.6627053,0.26666668,0.6172939,0.6111111,0.1527777777777778,0.013888888888888888,0.5798087,1.025986,0.82516634
2023_03_DEN_MIA,2023,3,MIA,DEN,0.6172939,0.6111111,1.0409973,0.33154052,0.1527777777777778,0.0,72,0.5798087,0.6229508,0.5217391304347826,1.025986,0.73333335,0.82516634,0.54545456,-0.272424,0.33870968,0.0967741935483871,0.20967741935483872,-0.14786619,-0.25419983,-0.6627053
2023_03_HOU_JAX,2023,3,HOU,JAX,0.2201288,0.48214287,0.4939724,-0.11943722,0.08928571428571429,0.0,56,0.061529193,0.4390244,0.4444444444444444,0.053818896,0.3846154,0.6536344,0.6,-0.02120423,0.46575344,0.0684931506849315,0.0684931506849315,0.11235975,-0.37065834,-0.4970259
2023_03_HOU_JAX,2023,3,JAX,HOU,-0.02120423,0.46575344,-0.005849062,-0.050686166,0.0684931506849315,0.0,73,0.11235975,0.49122807,0.375,-0.37065834,0.5,-0.4970259,0.375,0.2201288,0.48214287,0.08928571428571429,0.07142857142857142,0.061529193,0.053818896,0.6536344
2023_03_IND_BAL,2023,3,BAL,IND,-0.1447948,0.4861111,-0.20929375,-0.06417112,0.125,0.1,72,-0.060985457,0.5090909,0.5294117647058824,0.7205025,0.75,-0.41594267,0.4117647,-0.15425004,0.39285713,0.07142857142857142,0.08333333333333333,-0.020640504,0.1306516,-0.5086058
2023_03_IND_BAL,2023,3,IND,BAL,-0.15425004,0.39285713,-0.17180297,-0.12967595,0.07142857142857142,0.10204081632653061,84,-0.020640504,0.40983605,0.5405405405405406,0.1306516,0.375,-0.5086058,0.3478261,-0.1447948,0.4861111,0.125,0.06944444444444445,-0.060985457,0.7205025,-0.41594267
2023_03_LAC_MIN,2023,3,LAC,MIN,0.15946993,0.4923077,0.40095606,-0.72022957,0.13846153846153847,0.0196078431372549,65,0.1557855,0.5,0.7857142857142857,0.4893914,0.6,0.17420755,0.46153846,0.014683856,0.48192772,0.13253012048192772,0.1686746987951807,-0.0004001911,-0.4423522,0.06915403
2023_03_LAC_MIN,2023,3,MIN,LAC,0.014683856,0.48192772,0.02841836,-0.017180199,0.13253012048192772,0.06896551724137931,83,-0.0004001911,0.47692308,0.5641025641025641,-0.4423522,0.42105263,0.06915403,0.5,0.15946993,0.4923077,0.13846153846153847,0.09230769230769231,0.1557855,0.4893914,0.17420755
2023_03_LA_CIN,2023,3,CIN,LA,-0.07994017,0.34246576,-0.10605425,-0.010737864,0.0547945205479452,0.03773584905660377,73,-0.10950066,0.33333334,0.7446808510638298,1.0170059,0.5,0.025369084,0.375,-0.14001119,0.38181818,0.10909090909090909,0.18181818181818182,0.024871439,-0.5913794,-0.62288177
2023_03_LA_CIN,2023,3,LA,CIN,-0.14001119,0.38181818,-0.1579656,-0.07567457,0.10909090909090909,0.13953488372093023,55,0.024871439,0.46341464,0.7,-0.5913794,0.18181819,-0.62288177,0.14285715,-0.07994017,0.34246576,0.0547945205479452,0.0684931506849315,-0.10950066,1.0170059,0.025369084
2023_03_NE_NYJ,2023,3,NE,NYJ,-0.03710607,0.36619717,0.14735714,-0.18006507,0.07042253521126761,0.0,71,-0.042572424,0.34615386,0.35714285714285715,-1.1302131,0.0,-0.022145532,0.42105263,-0.32540378,0.29032257,0.03225806451612903,0.11290322580645161,-0.25698522,0.62950104,-0.49264908
2023_03_NE_NYJ,2023,3,NYJ,NE,-0.32540378,0.29032257,-0.34978196,-0.27780825,0.03225806451612903,0.07317073170731707,62,-0.25698522,0.3181818,0.4,0.62950104,0.6,-0.49264908,0.22222222,-0.03710607,0.36619717,0.07042253521126761,0.07042253521126761,-0.042572424,-1.1302131,-0.022145532
2023_03_NO_GB,2023,3,GB,NO,0.009836381,0.41333333,0.06574406,-0.13392623,0.08,0.018518518518518517,75,0.0024320045,0.3962264,0.5384615384615384,-0.026056692,0.3125,-0.021150861,0.42857143,-0.07596244,0.4262295,0.06557377049180328,0.09836065573770492,0.016143095,-0.039313048,-0.35841942
2023_03_NO_GB,2023,3,NO,GB,-0.07596244,0.4262295,-0.064342715,-0.095160246,0.06557377049180328,0.10526315789473684,61,0.016143095,0.45652175,0.42857142857142855,-0.039313048,0.33333334,-0.35841942,0.33333334,0.009836381,0.41333333,0.08,0.04,0.0024320045,-0.026056692,-0.021150861
2023_03_NYG_SF,2023,3,NYG,SF,-0.212733,0.36,-0.24276967,-0.09258635,0.0,0.05,50,-0.022185985,0.3888889,0.7142857142857143,0.36341894,0.5,-0.6839196,0.30769232,0.2054418,0.475,0.1125,0.0625,0.01544688,-0.048137188,0.85986876
2023_03_NYG_SF,2023,3,SF,NYG,0.2054418,0.475,0.44065866,-0.06791828,0.1125,0.046511627906976744,80,0.01544688,0.41935483,0.5217391304347826,-0.048137188,0.45454547,0.85986876,0.6666667,-0.212733,0.36,0.0,0.12,-0.022185985,0.36341894,-0.6839196
2023_03_PHI_TB,2023,3,PHI,TB,0.08552777,0.5375,0.06627219,0.10681027,0.1125,0.023809523809523808,80,0.06751718,0.5409836,0.6785714285714286,-0.6050227,0.25,0.14335126,0.5263158,-0.16445604,0.40425533,0.06382978723404255,0.10638297872340426,-0.33469063,0.12425579,0.26652166
2023_03_PHI_TB,2023,3,TB,PHI,-0.16445604,0.40425533,-0.03192708,-0.42123094,0.06382978723404255,0.06451612903225806,47,-0.33469063,0.34285715,0.5652173913043478,0.12425579,0.5,0.26652166,0.54545456,0.08552777,0.5375,0.1125,0.05,0.06751718,-0.6050227,0.14335126
2023_03_PIT_LV,2023,3,LV,PIT,-0.112181745,0.5,-0.084878415,-0.19409168,0.041666666666666664,0.07407407407407407,72,-0.11455272,0.5272727,0.6521739130434783,-0.0068232715,0.5,-0.18864566,0.4,0.039109185,0.37704918,0.06557377049180328,0.08196721311475409,-0.08478658,1.834226,0.35978055
2023_03_PIT_LV,2023,3,PIT,LV,0.039109185,0.37704918,0.2859098,-0.23322251,0.06557377049180328,0.03125,61,-0.08478658,0.36363637,0.43333333333333335,1.834226,1.0,0.35978055,0.4117647,-0.112181745,0.5,0.041666666666666664,0.1111111111111111,-0.11455272,-0.0068232715,-0.18864566
2023_03_TEN_CLE,2023,3,CLE,TEN,0.13831115,0.49295774,0.3842809,-0.19784752,0.056338028169014086,0.07317073170731707,71,0.079983674,0.47272727,0.6785714285714286,1.0763159,0.75,0.33881178,0.5625,-0.3846705,0.27659574,0.0425531914893617,0.1702127659574468,-0.3891023,-1.2419049,-0.37521592
2023_03_TEN_CLE,2023,3,TEN,CLE,-0.3846705,0.27659574,-0.38737315,-0.37890485,0.0425531914893617,0.15625,47,-0.3891023,0.28125,0.5833333333333334,-1.2419049,0.0,-0.37521592,0.26666668,0.13831115,0.49295774,0.056338028169014086,0.07042253521126761,0.079983674,1.0763159,0.33881178
2023_04_ARI_SF,2023,4,ARI,SF,0.14176394,0.4861111,0.18319377,0.053500377,0.041666666666666664,0.02040816326530612,72,0.066029966,0.4509804,0.5,-0.09857004,0.45454547,0.38932377,0.6,0.52044,0.6603774,0.16981132075471697,0.018867924528301886,0.45096016,0.595529,0.9770218
2023_04_ARI_SF,2023,4,SF,ARI,0.52044,0.6603774,1.0378113,0.092270665,0.16981132075471697,0.041666666666666664,53,0.45096016,0.65217394,0.47619047619047616,0.595529,0.5294118,0.9770218,0.71428573,0.14176394,0.4861111,0.041666666666666664,0.09722222222222222,0.066029966,-0.09857004,0.38932377
2023_04_ATL_JAX,2023,4,ATL,JAX,-0.29481187,0.43103448,-0.5104135,0.08505769,0.06896551724137931,0.10810810810810811,58,-0.4056827,0.42222223,0.5,-0.3515546,0.14285715,0.08897178,0.46153846,0.038609024,0.3809524,0.047619047619047616,0.09523809523809523,0.11724958,-1.2351621,-0.2130408
2023_04_ATL_JAX,2023,4,JAX,ATL,0.038609024,0.3809524,0.26004386,-0.2979719,0.047619047619047616,0.05263157894736842,63,0.11724958,0.35416666,0.5,-1.2351621,0.25,-0.2130408,0.46666667,-0.29481187,0.43103448,0.06896551724137931,0.13793103448275862,-0.4056827,-0.3515546,0.08897178
2023_04_BAL_CLE,2023,4,BAL,CLE,0.01598108,0.41379312,0.14434357,-0.11238141,0.13793103448275862,0.10344827586206896,58,-0.12857217,0.4,0.3333333333333333,1.2618076,0.71428573,0.5163577,0.46153846,-0.43971002,0.3382353,0.04411764705882353,0.1323529411764706,-0.3351216,-1.8109607,-0.7302335
2023_04_BAL_CLE,2023,4,CLE,BAL,-0.43971002,0.3382353,-0.5113725,-0.2898703,0.04411764705882353,0.08695652173913043,68,-0.3351216,0.34,0.47368421052631576,-1.8109607,0.0,-0.7302335,0.33333334,0.01598108,0.41379312,0.13793103448275862,0.10344827586206896,-0.12857217,1.2618076,0.5163577
2023_04_CIN_TEN,2023,4,CIN,TEN,-0.193231,0.53846157,-0.2832173,0.009238195,0.038461538461538464,0.08333333333333333,52,-0.08853289,0.6097561,0.5714285714285714,-0.39542443,0.5,-0.58346945,0.27272728,0.21857499,0.47692308,0.15384615384615385,0.1076923076923077,0.02031909,0.71639925,0.82573366
2023_04_CIN_TEN,2023,4,TEN,CIN,0.21857499,0.47692308,0.41801676,-0.00016763902,0.15384615384615385,0.08823529411764706,65,0.02031909,0.40816328,0.5263157894736842,0.71639925,0.5,0.82573366,0.6875,-0.193231,0.53846157,0.038461538461538464,0.19230769230769232,-0.08853289,-0.39542443,-0.58346945
2023_04_DEN_CHI,2023,4,CHI,DEN,0.117139734,0.5,0.2452167,-0.072767444,0.1527777777777778,0.09302325581395349,72,0.04481418,0.49122807,0.6,0.072790384,0.71428573,0.3919769,0.53333336,0.349165,0.5319149,0.10638297872340426,0.0851063829787234,0.18314232,0.85544723,0.8925121
2023_04_DEN_CHI,2023,4,DEN,CHI,0.349165,0.5319149,0.47818658,0.09918572,0.10638297872340426,0.03225806451612903,47,0.18314232,0.4722222,0.6428571428571429,0.85544723,0.6666667,0.8925121,0.72727275,0.117139734,0.5,0.1527777777777778,0.1388888888888889,0.04481418,0.072790384,0.3919769
2023_04_DET_GB,2023,4,DET,GB,0.10632815,0.47297296,0.070034094,0.13398078,0.12162162162162163,0.0625,74,0.037671063,0.46296296,0.35714285714285715,0.011883823,0.47368422,0.29170227,0.5,-0.20616971,0.40350878,0.05263157894736842,0.17543859649122806,-0.28195107,-0.20116726,0.022185296
2023_04_DET_GB,2023,4,GB,DET,-0.20616971,0.40350878,-0.25517917,-0.040291604,0.05263157894736842,0.11363636363636363,57,-0.28195107,0.37209302,1.0,-0.20116726,0.3846154,0.022185296,0.5,0.10632815,0.47297296,0.12162162162162163,0.08108108108108109,0.037671063,0.011883823,0.29170227
2023_04_KC_NYJ,2023,4,KC,NYJ,0.1498915,0.47058824,0.20141922,0.080595545,0.11764705882352941,0.02564102564102564,68,-0.044142008,0.46153846,0.5714285714285714,-0.39668515,0.18181819,0.7805003,0.5,0.008978092,0.3898305,0.1016949152542373,0.1694915254237288,-0.018562524,0.3355941,0.027548611
2023_04_KC_NYJ,2023,4,NYJ,KC,0.008978092,0.3898305,0.07131127,-0.15854235,0.1016949152542373,0.046511627906976744,59,-0.018562524,0.36956522,0.782608695652174,0.3355941,0.5,0.027548611,0.41666666,0.1498915,0.47058824,0.11764705882352941,0.11764705882352941,-0.044142008,-0.39668515,0.7805003
2023_04_LA_IND,2023,4,IND,LA,0.043100607,0.41269842,0.31983945,-0.30282292,0.12698412698412698,0.05714285714285714,63,0.04415821,0.39583334,0.5,0.60465497,0.5555556,-0.11617349,0.3846154,0.15588227,0.4512195,0.0975609756097561,0.0975609756097561,-0.009955319,0.35399145,0.7899671
2023_04_LA_IND,2023,4,LA,IND,0.15588227,0.4512195,0.31850645,-0.06249876,0.0975609756097561,0.0425531914893617,82,-0.009955319,0.43076923,0.4666666666666667,0.35399145,0.75,0.7899671,0.5294118,0.043100607,0.41269842,0.12698412698412698,0.06349206349206349,0.04415821,0.60465497,-0.11617349
2023_04_LV_LAC,2023,4,LAC,LV,-0.013781627,0.35,0.059555087,-0.09759503,0.1,0.0625,60,-0.088788725,0.29545453,0.5,0.26791212,0.375,0.19248788,0.5,-0.16870856,0.4520548,0.0410958904109589,0.1095890410958904,-0.13853936,-0.32852915,-0.29585022
2023_04_LV_LAC,2023,4,LV,LAC,-0.16870856,0.4520548,-0.22350739,-0.056827646,0.0410958904109589,0.14285714285714285,73,-0.13853936,0.4915254,0.46153846153846156,-0.32852915,0.5,-0.29585022,0.2857143,-0.013781627,0.35,0.1,0.06666666666666667,-0.088788725,0.26791212,0.19248788
2023_04_MIA_BUF,2023,4,BUF,MIA,0.45504677,0.5740741,0.8021323,0.02118987,0.1111111111111111,0.06666666666666667,54,0.55455136,0.6,0.5925925925925926,0.553459,0.625,-0.04247616,0.44444445,-0.027636956,0.47692308,0.13846153846153847,0.13846153846153847,0.19240814,-0.005901305,-0.6303121
2023_04_MIA_BUF,2023,4,MIA,BUF,-0.027636956,0.47692308,-0.09165213,0.13951375,0.13846153846153847,0.0851063829787234,65,0.19240814,0.5208333,0.6842105263157895,-0.005901305,0.53333336,-0.6303121,0.375,0.45504677,0.5740741,0.1111111111111111,0.05555555555555555,0.55455136,0.553459,-0.04247616
2023_04_MIN_CAR,2023,4,CAR,MIN,-0.23189783,0.3888889,-0.27791893,-0.16365959,0.013888888888888888,0.11627906976744186,72,-0.29064736,0.3773585,0.5428571428571428,-0.42231718,0.26666668,-0.06801758,0.42105263,-0.1291719,0.5,0.125,0.08333333333333333,0.20081605,-1.5447788,-1.3831261
2023_04_MIN_CAR,2023,4,MIN,CAR,-0.1291719,0.5,-0.4118201,0.17805442,0.125,0.08,48,0.20081605,0.55263156,0.48148148148148145,-1.5447788,0.42857143,-1.3831261,0.3,-0.23189783,0.3888889,0.013888888888888888,0.08333333333333333,-0.29064736,-0.42231718,-0.06801758
2023_04_NE_DAL,2023,4,DAL,NE,0.10212688,0.47761193,0.16408071,0.010343425,0.08955223880597014,0.075,67,0.1510023,0.4509804,0.6666666666666666,-0.12155595,0.3,-0.12744111,0.53333336,-0.47803652,0.3090909,0.07272727272727272,0.03636363636363636,-0.48163208,-0.36958054,-0.46844837
2023_04_NE_DAL,2023,4,NE,DAL,-0.47803652,0.3090909,-0.5000471,-0.44240043,0.07272727272727272,0.058823529411764705,55,-0.48163208,0.3,0.4166666666666667,-0.36958054,0.6666667,-0.46844837,0.33333334,0.10212688,0.47761193,0.08955223880597014,0.1044776119402985,0.1510023,-0.12155595,-0.12744111
2023_04_PIT_HOU,2023,4,HOU,PIT,0.1496889,0.44927537,0.46430224,-0.13870668,0.13043478260869565,0.0,69,0.20412551,0.44642857,0.42105263157894735,0.07848682,0.35714287,-0.08480725,0.46153846,-0.24852087,0.3559322,0.06779661016949153,0.1016949152542373,-0.3184316,-0.8511136,-0.089279704
2023_04_PIT_HOU,2023,4,PIT,HOU,-0.24852087,0.3559322,-0.33578682,-0.12125799,0.06779661016949153,0.08571428571428572,59,-0.3184316,0.29268292,0.5,-0.8511136,0.2,-0.089279704,0.5,0.1496889,0.44927537,0.13043478260869565,0.08695652173913043,0.20412551,0.07848682,-0.08480725
2023_04_SEA_NYG,2023,4,NYG,SEA,-0.45957112,0.34666666,-0.516713,-0.33038068,0.02666666666666667,0.21153846153846154,75,-0.6192956,0.3272727,0.56,-2.8161502,0.25,-0.020328904,0.4,-0.15641178,0.38181818,0.09090909090909091,0.05454545454545454,0.03195113,-0.55920327,-0.708046
2023_04_SEA_NYG,2023,4,SEA,NYG,-0.15641178,0.38181818,-0.2225122,-0.07103206,0.09090909090909091,0.06451612903225806,55,0.03195113,0.46341464,0.75,-0.55920327,0.25,-0.708046,0.14285715,-0.45957112,0.34666666,0.02666666666666667,0.2,-0.6192956,-2.8161502,-0.020328904
2023_04_TB_NO,2023,4,NO,TB,-0.31527224,0.3125,-0.30422926,-0.34580287,0.03125,0.06382978723404255,64,-0.31068945,0.29787233,0.6363636363636364,-1.2710181,0.0,-0.32794234,0.3529412,0.06867502,0.44117647,0.08823529411764706,0.04411764705882353,-0.080677375,0.15710643,0.65414166
2023_04_TB_NO,2023,4,TB,NO,0.06867502,0.44117647,0.26506162,-0.24856488,0.08823529411764706,0.023809523809523808,68,-0.080677375,0.40384614,0.65625,0.15710643,0.4,0.65414166,0.6,-0.31527224,0.3125,0.03125,0.078125,-0.31068945,-1.2710181,-0.32794234
2023_04_WAS_PHI,2023,4,PHI,WAS,0.1878666,0.49295774,0.2807567,0.016948834,0.08450704225352113,0.06521739130434782,71,0.2288952,0.5,0.6,0.027037703,0.5,-0.0046757255,0.4375,0.21833062,0.42307693,0.07692307692307693,0.11538461538461539,0.06984155,0.6662382,0.6213724
2023_04_WAS_PHI,2023,4,WAS,PHI,0.21833062,0.42307693,0.25306872,0.14016993,0.07692307692307693,0.09259259259259259,78,0.06984155,0.36842105,0.5833333333333334,0.6662382,0.5,0.6213724,0.5714286,0.1878666,0.49295774,0.08450704225352113,0.1267605633802817,0.2288952,0.027037703,-0.0046757255
2023_05_BAL_PIT,2023,5,BAL,PIT,-0.23216765,0.41428572,-0.38989663,0.09014816,0.08571428571428572,0.0851063829787234,70,-0.13507563,0.42592594,0.6756756756756757,-0.51640797,0.36363637,-0.55985314,0.375,-0.028253054,0.3442623,0.13114754098360656,0.04918032786885246,0.0122591825,-0.93620896,-0.09573989
2023_05_BAL_PIT,2023,5,PIT,BAL,-0.028253054,0.3442623,0.07125823,-0.18166625,0.13114754098360656,0.08108108108108109,61,0.0122591825,0.32608697,0.4,-0.93620896,0.0,-0.09573989,0.42857143,-0.23216765,0.41428572,0.08571428571428572,0.1,-0.13507563,-0.51640797,-0.55985314
2023_05_CAR_DET,2023,5,CAR,DET,-0.031271834,0.49295774,0.08023014,-0.26397163,0.056338028169014086,0.020833333333333332,71,-0.18692254,0.44827586,0.45454545454545453,0.35341412,0.5,0.6631698,0.6923077,0.2528486,0.54385966,0.15789473684210525,0.12280701754385964,0.34275657,0.45424888,-0.12313021
2023_05_CAR_DET,2023,5,DET,CAR,0.2528486,0.54385966,0.19238994,0.32002488,0.15789473684210525,0.06666666666666667,57,0.34275657,0.5652174,0.6,0.45424888,0.64285713,-0.12313021,0.45454547,-0.031271834,0.49295774,0.056338028169014086,0.08450704225352113,-0.18692254,0.35341412,0.6631698
2023_05_CHI_WAS,2023,5,CHI,WAS,0.30894712,0.421875,0.38057312,0.23270008,0.15625,0.09090909090909091,64,0.08516339,0.375,0.6666666666666666,0.32731912,0.3846154,0.9802983,0.5625,-0.0607334,0.42857143,0.07142857142857142,0.15714285714285714,-0.06260981,0.26209736,-0.06974345
2023_05_CHI_WAS,2023,5,WAS,CHI,-0.0607334,0.42857143,-0.017955042,-0.44573858,0.07142857142857142,0.07936507936507936,70,-0.06260981,0.42592594,0.5,0.26209736,0.5,-0.06974345,0.42857143,0.30894712,0.421875,0.15625,0.125,0.08516339,0.32731912,0.9802983
2023_05_CIN_ARI,2023,5,ARI,CIN,-0.2948153,0.33333334,-0.44718665,-0.05240631,0.07017543859649122,0.08571428571428572,57,-0.24930827,0.3488372,0.5555555555555556,-0.07162043,0.6666667,-0.43458694,0.2857143,-0.0053590345,0.5185185,0.024691358024691357,0.04938271604938271,0.18916227,-0.27966556,-0.79560184
2023_05_CIN_ARI,2023,5,CIN,ARI,-0.0053590345,0.5185185,0.1910241,-0.37708423,0.024691358024691357,0.05660377358490566,81,0.18916227,0.5538462,0.6222222222222222,-0.27966556,0.45,-0.79560184,0.375,-0.2948153,0.33333334,0.07017543859649122,0.12280701754385964,-0.24930827,-0.07162043,-0.43458694
2023_05_DAL_SF,2023,5,DAL,SF,-0.4466797,0.35416666,-0.4536831,-0.43500742,0.10416666666666667,0.13333333333333333,48,-0.516758,0.35135135,0.7142857142857143,,,-0.2109618,0.36363637,0.22101903,0.6142857,0.08571428571428572,0.02857142857142857,0.2248884,0.2510595,0.20683135
2023_05_DAL_SF,2023,5,SF,DAL,0.22101903,0.6142857,0.6550941,-0.10453726,0.08571428571428572,0.03333333333333333,70,0.2248884,0.6363636,0.4666666666666667,0.2510595,0.6666667,0.20683135,0.53333336,-0.4466797,0.35416666,0.10416666666666667,0.16666666666666666,-0.516758,,-0.2109618
2023_05_GB_LV,2023,5,GB,LV,-0.20172694,0.44827586,-0.40886605,0.11348475,0.05172413793103448,0.05714285714285714,58,-0.17742127,0.46666667,0.42857142857142855,-0.38448888,0.375,-0.2858619,0.3846154,-0.07997264,0.47540984,0.06557377049180328,0.09836065573770492,-0.08986479,0.11600328,-0.046763327
2023_05_GB_LV,2023,5,LV,GB,-0.07997264,0.47540984,-0.06638641,-0.0982618,0.06557377049180328,0.11428571428571428,61,-0.08986479,0.4680851,0.5526315789473685,0.11600328,0.46153846,-0.046763327,0.5,-0.20172694,0.44827586,0.05172413793103448,0.034482758620689655,-0.17742127,-0.38448888,-0.2858619
2023_05_HOU_ATL,2023,5,ATL,HOU,-0.027242418,0.47297296,0.2576494,-0.36240926,0.12162162162162163,0.0,74,-0.0439522,0.45,0.4418604651162791,0.15080129,0.42857143,-0.03321592,0.53846157,-0.06330834,0.3898305,0.1016949152542373,0.03389830508474576,0.003083606,0.13745636,-0.29823372
2023_05_HOU_ATL,2023,5,HOU,ATL,-0.06330834,0.3898305,0.09478775,-0.3107631,0.1016949152542373,0.0,59,0.003083606,0.41304347,0.6285714285714286,0.13745636,0.25,-0.29823372,0.30769232,-0.027242418,0.47297296,0.12162162162162163,0.05405405405405406,-0.0439522,0.15080129,-0.03321592
2023_05_JAX_BUF,2023,5,BUF,JAX,0.11339568,0.4915254,0.19632483,-0.248477,0.06779661016949153,0.0,59,0.19573602,0.4888889,0.7,0.6655737,0.5,-0.09005967,0.53846157,0.20042336,0.4827586,0.11494252873563218,0.09195402298850575,0.10420066,0.12764671,0.4753294
2023_05_JAX_BUF,2023,5,JAX,BUF,0.20042336,0.4827586,0.2985358,0.054656293,0.11494252873563218,0.09615384615384616,87,0.10420066,0.43939394,0.625,0.12764671,0.5,0.4753294,0.6,0.11339568,0.4915254,0.06779661016949153,0.1016949152542373,0.19573602,0.6655737,-0.09005967
2023_05_KC_MIN,2023,5,KC,MIN,0.20522735,0.44615385,0.43731043,-0.24838954,0.06153846153846154,0.046511627906976744,65,-0.036182556,0.36734694,0.7317073170731707,0.41017663,0.54545456,0.94454515,0.6875,0.012353467,0.43661973,0.04225352112676056,0.16901408450704225,-0.11252379,-0.03984052,0.33079046
2023_05_KC_MIN,2023,5,MIN,KC,0.012353467,0.43661973,-0.041354723,0.17049421,0.04225352112676056,0.05660377358490566,71,-0.11252379,0.37254903,0.6206896551724138,-0.03984052,0.3,0.33079046,0.6,0.20522735,0.44615385,0.06153846153846154,0.13846153846153847,-0.036182556,0.41017663,0.94454515
2023_05_NO_NE,2023,5,NE,NO,-0.7162873,0.22222222,-0.69801086,-0.7499545,0.037037037037037035,0.05714285714285714,54,-0.25157833,0.28947368,0.375,,,-1.8199712,0.0625,0.009601636,0.36764705,0.058823529411764705,0.029411764705882353,0.06536947,0.66692454,-0.18744473
2023_05_NO_NE,2023,5,NO,NE,0.009601636,0.36764705,0.15095419,-0.10199247,0.058823529411764705,0.06666666666666667,68,0.06536947,0.3773585,0.4666666666666667,0.66692454,0.5,-0.18744473,0.33333334,-0.7162873,0.22222222,0.037037037037037035,0.05555555555555555,-0.25157833,,-1.8199712
2023_05_NYG_MIA,2023,5,MIA,NYG,0.097473584,0.59615386,-0.06531941,0.337787,0.19230769230769232,0.03225806451612903,52,0.3890761,0.64444447,0.782608695652174,-0.6254474,0.6666667,-1.777114,0.2857143,-0.10137103,0.39726028,0.0273972602739726,0.1643835616438356,-0.09530029,-1.8575716,-0.11456831
2023_05_NYG_MIA,2023,5,NYG,MIA,-0.10137103,0.39726028,0.06668371,-0.38768652,0.0273972602739726,0.15217391304347827,73,-0.09530029,0.4,0.4,-1.8575716,0.0,-0.11456831,0.39130434,0.097473584,0.59615386,0.19230769230769232,0.038461538461538464,0.3890761,-0.6254474,-1.777114
2023_05_NYJ_DEN,2023,5,DEN,NYJ,-0.21504633,0.38709676,-0.15039907,-0.36135325,0.12903225806451613,0.09302325581395349,62,-0.32407463,0.38,0.5625,-0.2559317,0.41666666,0.18178603,0.4,-0.024424199,0.44615385,0.07692307692307693,0.07692307692307693,0.057176918,-0.4815778,-0.38482916
2023_05_NYJ_DEN,2023,5,NYJ,DEN,-0.024424199,0.44615385,-0.21485025,0.19773954,0.07692307692307693,0.11428571428571428,65,0.057176918,0.49056605,0.4634146341463415,-0.4815778,0.2777778,-0.38482916,0.25,-0.21504633,0.38709676,0.12903225806451613,0.11290322580645161,-0.32407463,-0.2559317,0.18178603
2023_05_PHI_LA,2023,5,LA,PHI,-0.016779732,0.39285713,-0.07923677,0.17059138,0.05357142857142857,0.09523809523809523,56,-0.13646266,0.33333334,0.6785714285714286,0.5264825,0.6666667,0.257787,0.5294118,0.15871616,0.49367088,0.08860759493670886,0.02531645569620253,0.030770766,-0.4102,0.5627542
2023_05_PHI_LA,2023,5,PHI,LA,0.15871616,0.49367088,0.293543,-0.01078047,0.08860759493670886,0.022727272727272728,79,0.030770766,0.43333334,0.6521739130434783,-0.4102,0.3478261,0.5627542,0.68421054,-0.016779732,0.39285713,0.05357142857142857,0.14285714285714285,-0.13646266,0.5264825,0.257787
2023_05_TEN_IND,2023,5,IND,TEN,0.20908758,0.41538462,0.33130503,0.0905737,0.13846153846153847,0.03125,65,-0.01474711,0.36734694,0.43243243243243246,-0.60376817,0.2,0.8945813,0.5625,0.09362503,0.44067797,0.0847457627118644,0.13559322033898305,0.17715566,-0.71775043,-0.17486627
2023_05_TEN_IND,2023,5,TEN,IND,0.09362503,0.44067797,0.23919623,-0.16978952,0.0847457627118644,0.02631578947368421,59,0.17715566,0.44444445,0.5428571428571428,-0.71775043,0.11111111,-0.17486627,0.42857143,0.20908758,0.41538462,0.13846153846153847,0.03076923076923077,-0.01474711,-0.60376817,0.8945813
2023_06_ARI_LA,2023,6,ARI,LA,-0.2704334,0.36,-0.25818846,-0.2922022,0.09333333333333334,0.041666666666666664,75,-0.31861317,0.37037036,0.39473684210526316,-1.3886286,0.0,-0.14654261,0.33333334,0.10772641,0.4909091,0.16363636363636364,0.05454545454545454,0.22327155,0.06322234,-0.3063104
2023_06_ARI_LA,2023,6,LA,ARI,0.10772641,0.4909091,0.119287014,0.09657867,0.16363636363636364,0.1111111111111111,55,0.22327155,0.53488374,0.5172413793103449,0.06322234,0.46153846,-0.3063104,0.33333334,-0.2704334,0.36,0.09333333333333334,0.13333333333333333,-0.31861317,-1.3886286,-0.14654261
2023_06_BAL_TEN,2023,6,BAL,TEN,0.022262217,0.4857143,0.17874467,-0.16356072,0.11428571428571428,0.02631578947368421,70,0.02295606,0.49056605,0.5151515151515151,-0.26057652,0.44444445,0.021355234,0.5,-0.04702107,0.45454547,0.09090909090909091,0.18181818181818182,0.11890307,-0.35059616,-0.64158255
2023_06_BAL_TEN,2023,6,TEN,BAL,-0.04702107,0.45454547,-0.045574598,-0.04999439,0.09090909090909091,0.16216216216216217,55,0.11890307,0.5116279,0.4666666666666667,-0.35059616,0.23076923,-0.64158255,0.25,0.022262217,0.4857143,0.11428571428571428,0.014285714285714285,0.02295606,-0.26057652,0.021355234
2023_06_CAR_MIA,2023,6,CAR,MIA,-0.13928944,0.36231884,-0.29114258,0.12797211,0.057971014492753624,0.09090909090909091,69,0.08401712,0.39215687,0.5294117647058824,0.5597655,0.4,-0.77199143,0.2777778,0.19557303,0.484375,0.125,0.015625,0.20171115,0.6031233,0.16897464
2023_06_CAR_MIA,2023,6,MIA,CAR,0.19557303,0.484375,0.23189089,0.15691213,0.125,0.0,64,0.20171115,0.46153846,0.5,0.6031233,0.64705884,0.16897464,0.5833333,-0.13928944,0.36231884,0.057971014492753624,0.13043478260869565,0.08401712,0.5597655,-0.77199143
2023_06_DAL_LAC,2023,6,DAL,LAC,0.069633916,0.41935483,0.24015038,-0.26327917,0.08064516129032258,0.12195121951219512,62,-0.057935037,0.40425533,0.65625,0.052587695,0.44444445,0.46934995,0.46666667,-0.11988105,0.3611111,0.05555555555555555,0.1111111111111111,-0.010627815,-0.24579883,-0.44764075
2023_06_DAL_LAC,2023,6,LAC,DAL,-0.11988105,0.3611111,-0.016915483,-0.40710077,0.05555555555555555,0.018867924528301886,72,-0.010627815,0.33333334,0.6976744186046512,-0.24579883,0.375,-0.44764075,0.44444445,0.069633916,0.41935483,0.08064516129032258,0.0967741935483871,-0.057935037,0.052587695,0.46934995
2023_06_DEN_KC,2023,6,DEN,KC,-0.25454092,0.44230768,-0.5142514,0.12884119,0.057692307692307696,0.12903225806451613,52,-0.2226427,0.43589744,0.35714285714285715,1.5785937,1.0,-0.46717188,0.41666666,-0.024579283,0.5072464,0.057971014492753624,0.07246376811594203,0.10184202,-0.8163124,-0.5212344
2023_06_DEN_KC,2023,6,KC,DEN,-0.024579283,0.5072464,0.16859734,-0.46612585,0.057971014492753624,0.041666666666666664,69,0.10184202,0.54545456,0.56,-0.8163124,0.2857143,-0.5212344,0.35714287,-0.25454092,0.44230768,0.057692307692307696,0.09615384615384616,-0.2226427,1.5785937,-0.46717188
2023_06_DET_TB,2023,6,DET,TB,0.118877314,0.46376812,0.3942816,-0.5106181,0.08695652173913043,0.0625,69,-0.07481425,0.44230768,0.6111111111111112,-0.6706597,0.0,0.7113456,0.5294118,-0.24707134,0.35714287,0.05357142857142857,0.07142857142857142,-0.13280433,-0.7633765,-0.5327388
2023_06_DET_TB,2023,6,TB,DET,-0.24707134,0.35714287,-0.24593627,-0.2504765,0.05357142857142857,0.023809523809523808,56,-0.13280433,0.4,0.5384615384615384,-0.7633765,0.16666667,-0.5327388,0.25,0.118877314,0.46376812,0.08695652173913043,0.057971014492753624,-0.07481425,-0.6706597,0.7113456
2023_06_IND_JAX,2023,6,IND,JAX,-0.19497395,0.37179488,-0.19620241,-0.18981433,0.05128205128205128,0.047619047619047616,78,-0.27888456,0.33333334,0.8333333333333334,-0.22308978,0.3125,-0.006175061,0.45833334,-0.03256213,0.43333334,0.05,0.08333333333333333,0.11128165,0.25356314,-0.46409348
2023_06_IND_JAX,2023,6,JAX,IND,-0.03256213,0.43333334,-0.0027545143,-0.08051351,0.05,0.08108108108108109,60,0.11128165,0.44444445,0.45454545454545453,0.25356314,0.5,-0.46409348,0.4,-0.19497395,0.37179488,0.05128205128205128,0.08974358974358974,-0.27888456,-0.22308978,-0.006175061
2023_06_MIN_CHI,2023,6,CHI,MIN,-0.30032375,0.4923077,-0.6377652,0.04766281,0.1076923076923077,0.15151515151515152,65,-0.28906557,0.5102041,0.42857142857142855,0.0805182,0.71428573,-0.33480194,0.4375,-0.21849403,0.4107143,0.03571428571428571,0.08928571428571429,-0.100797325,1.6240745,-0.54019827
2023_06_MIN_CHI,2023,6,MIN,CHI,-0.21849403,0.4107143,-0.17554824,-0.28486478,0.03571428571428571,0.058823529411764705,56,-0.100797325,0.4390244,0.6206896551724138,1.6240745,0.5,-0.54019827,0.33333334,-0.30032375,0.4923077,0.1076923076923077,0.12307692307692308,-0.28906557,0.0805182,-0.33480194
2023_06_NE_LV,2023,6,LV,NE,-0.0143281575,0.37313432,0.29239476,-0.3705225,0.05970149253731343,0.0,67,-0.18640429,0.3,0.4772727272727273,-0.5886922,0.23529412,0.49177814,0.5882353,0.005092627,0.5084746,0.03389830508474576,0.06779661016949153,-0.077915676,0.53898823,0.29881433
2023_06_NE_LV,2023,6,NE,LV,0.005092627,0.5084746,-0.08671798,0.18412331,0.03389830508474576,0.10256410256410256,59,-0.077915676,0.47826087,0.75,0.53898823,0.7,0.29881433,0.61538464,-0.0143281575,0.37313432,0.05970149253731343,0.04477611940298507,-0.18640429,-0.5886922,0.49177814
2023_06_NO_HOU,2023,6,HOU,NO,0.04599285,0.4516129,0.12536563,-0.044327896,0.12903225806451613,0.06060606060606061,62,0.022875598,0.44,0.45,-0.065775275,0.3529412,0.14231475,0.5,0.028428165,0.5,0.06097560975609756,0.08536585365853659,0.08262193,-1.2703586,-0.1642608
2023_06_NO_HOU,2023,6,NO,HOU,0.028428165,0.5,0.08528147,-0.10119738,0.06097560975609756,0.03508771929824561,82,0.08262193,0.515625,0.5384615384615384,-1.2703586,0.0,-0.1642608,0.44444445,0.04599285,0.4516129,0.12903225806451613,0.04838709677419355,0.022875598,-0.065775275,0.14231475
2023_06_NYG_BUF,2023,6,BUF,NYG,-0.011844874,0.4918033,-0.04589714,0.031035759,0.09836065573770492,0.0,61,-0.078317225,0.46938777,0.5135135135135135,0.5333087,0.5,0.25958386,0.5833333,-0.12146899,0.44,0.06666666666666667,0.08,-0.23922083,-0.5856252,0.16220592
2023_06_NYG_BUF,2023,6,NYG,BUF,-0.12146899,0.44,-0.0016104035,-0.3115895,0.06666666666666667,0.06521739130434782,75,-0.23922083,0.41509435,0.4722222222222222,-0.5856252,0.2631579,0.16220592,0.5,-0.011844874,0.4918033,0.09836065573770492,0.01639344262295082,-0.078317225,0.5333087,0.25958386
2023_06_PHI_NYJ,2023,6,NYJ,PHI,-0.09853072,0.3968254,-0.17092112,0.082445264,0.047619047619047616,0.1111111111111111,63,-0.033421714,0.41666666,0.6857142857142857,-0.2609979,0.41666666,-0.40401378,0.2857143,-0.1288671,0.41428572,0.05714285714285714,0.04285714285714286,-0.16590469,0.12083722,-0.0038652867
2023_06_PHI_NYJ,2023,6,PHI,NYJ,-0.1288671,0.41428572,-0.18888113,0.03222313,0.05714285714285714,0.0392156862745098,70,-0.16590469,0.3888889,0.7837837837837838,0.12083722,0.36363637,-0.0038652867,0.5,-0.09853072,0.3968254,0.047619047619047616,0.12698412698412698,-0.033421714,-0.2609979,-0.40401378
2023_06_SEA_CIN,2023,6,CIN,SEA,-0.0878931,0.4716981,-0.057178356,-0.18239999,0.03773584905660377,0.075,53,0.014828793,0.52380955,0.7352941176470589,0.59339243,0.85714287,-0.48010394,0.27272728,-0.07002833,0.46575344,0.0821917808219178,0.1780821917808219,-0.009250942,-0.7232494,-0.3261616
2023_06_SEA_CIN,2023,6,SEA,CIN,-0.07002833,0.46575344,-0.06669987,-0.077744305,0.0821917808219178,0.0784313725490196,73,-0.009250942,0.4915254,0.55,-0.7232494,0.27272728,-0.3261616,0.35714287,-0.0878931,0.4716981,0.03773584905660377,0.09433962264150944,0.014828793,0.59339243,-0.48010394
2023_06_SF_CLE,2023,6,CLE,SF,-0.1822171,0.34666666,-0.37638795,0.051930137,0.09333333333333334,0.04878048780487805,75,-0.24363232,0.35,0.4375,0.12721969,0.2,0.06344371,0.33333334,-0.14153269,0.35,0.08333333333333333,0.11666666666666667,0.010672809,0.37853974,-0.64163643
2023_06_SF_CLE,2023,6,SF,CLE,-0.14153269,0.35,-0.25329873,0.014939764,0.08333333333333333,0.08571428571428572,60,0.010672809,0.36956522,0.5142857142857142,0.37853974,0.5714286,-0.64163643,0.2857143,-0.1822171,0.34666666,0.09333333333333334,0.12,-0.24363232,0.12721969,0.06344371
2023_06_WAS_ATL,2023,6,ATL,WAS,-0.12062153,0.3902439,-0.03906175,-0.2779154,0.04878048780487805,0.05555555555555555,82,0.04739369,0.38333333,0.5652173913043478,-0.19742253,0.46153846,-0.5893794,0.45,-0.02885565,0.36734694,0.061224489795918366,0.1836734693877551,0.003942885,0.85521615,-0.14215966
2023_06_WAS_ATL,2023,6,WAS,ATL,-0.02885565,0.36734694,-0.028637223,-0.02920054,0.061224489795918366,0.16666666666666666,49,0.003942885,0.39473686,0.6296296296296297,0.85521615,1.0,-0.14215966,0.27272728,-0.12062153,0.3902439,0.04878048780487805,0.08536585365853659,0.04739369,-0.19742253,-0.5893794
2023_07_ARI_SEA,2023,7,ARI,SEA,-0.21915579,0.3283582,-0.33849636,-0.005337288,0.07462686567164178,0.09302325581395349,67,-0.15544789,0.33333334,0.4857142857142857,-1.4495145,0.0,-0.38010213,0.31578946,0.006653245,0.46551725,0.08620689655172414,0.034482758620689655,-0.042442188,-0.43399015,0.16095316
2023_07_ARI_SEA,2023,7,SEA,ARI,0.006653245,0.46551725,0.3636501,-0.35034364,0.08620689655172414,0.06896551724137931,58,-0.042442188,0.4318182,0.4117647058823529,-0.43399015,0.22222222,0.16095316,0.5714286,-0.21915579,0.3283582,0.07462686567164178,0.1044776119402985,-0.15544789,-1.4495145,-0.38010213
2023_07_ATL_TB,2023,7,ATL,TB,-0.028206129,0.44615385,0.3623797,-0.34284472,0.1076923076923077,0.034482758620689655,65,0.0048318384,0.43137255,0.5135135135135135,-0.5687735,0.36363637,-0.14855874,0.5,-0.066590704,0.3888889,0.08333333333333333,0.09722222222222222,-0.13364682,-0.8011469,0.21121311
2023_07_ATL_TB,2023,7,TB,ATL,-0.066590704,0.3888889,0.06469229,-0.4079265,0.08333333333333333,0.057692307692307696,72,-0.13364682,0.36206895,0.675,-0.8011469,0.0,0.21121311,0.5,-0.028206129,0.44615385,0.1076923076923077,0.015384615384615385,0.0048318384,-0.5687735,-0.14855874
2023_07_BUF_NE,2023,7,BUF,NE,0.16166766,0.52112675,0.23892087,-0.022268506,0.04225352112676056,0.02,71,0.024779359,0.5283019,0.6666666666666666,0.10084733,0.42105263,0.5360058,0.47058824,0.16062208,0.51666665,0.11666666666666667,0.06666666666666667,0.23093848,0.07139605,-0.050072215
2023_07_BUF_NE,2023,7,NE,BUF,0.16062208,0.51666665,0.27724376,-0.02698673,0.11666666666666667,0.02702702702702703,60,0.23093848,0.5416667,0.44,0.07139605,0.47058824,-0.050072215,0.5,0.16166766,0.52112675,0.04225352112676056,0.08450704225352113,0.024779359,0.10084733,0.5360058
2023_07_CLE_IND,2023,7,CLE,IND,-0.13027264,0.3561644,-0.17405409,-0.07417765,0.0821917808219178,0.04878048780487805,73,-0.12199909,0.3773585,0.4375,0.33773667,0.45454547,-0.110365815,0.31578946,-0.06511727,0.41428572,0.11428571428571428,0.07142857142857142,-0.15332945,0.33446923,0.23259881
2023_07_CLE_IND,2023,7,IND,CLE,-0.06511727,0.41428572,0.118417315,-0.22881027,0.11428571428571428,0.12121212121212122,70,-0.15332945,0.4074074,0.3783783783783784,0.33446923,0.45454547,0.23259881,0.4375,-0.13027264,0.3561644,0.0821917808219178,0.0958904109589041,-0.12199909,0.33773667,-0.110365815
2023_07_DET_BAL,2023,7,BAL,DET,0.39740393,0.4915254,0.6264794,0.012140588,0.1694915254237288,0.0,59,0.3000879,0.47916666,0.7692307692307693,0.44453385,0.4,0.82205564,0.54545456,-0.16695854,0.41333333,0.06666666666666667,0.10666666666666667,-0.07465142,-1.257759,-0.33772472
2023_07_DET_BAL,2023,7,DET,BAL,-0.16695854,0.41333333,-0.23534901,0.13102849,0.06666666666666667,0.08196721311475409,75,-0.07465142,0.43137255,0.5,-1.257759,0.0,-0.33772472,0.39130434,0.39740393,0.4915254,0.1694915254237288,0.01694915254237288,0.3000879,0.44453385,0.82205564
2023_07_GB_DEN,2023,7,DEN,GB,0.09671701,0.44067797,0.22552466,-0.078461416,0.11864406779661017,0.029411764705882353,59,0.050485555,0.41860464,0.5142857142857142,-0.23030914,0.22222222,0.22096403,0.5,0.14948371,0.453125,0.09375,0.046875,0.0594013,0.33527607,0.39853504
2023_07_GB_DEN,2023,7,GB,DEN,0.14948371,0.453125,0.33862337,-0.078788295,0.09375,0.0,64,0.0594013,0.42553192,0.4444444444444444,0.33527607,0.33333334,0.39853504,0.5294118,0.09671701,0.44067797,0.11864406779661017,0.05084745762711865,0.050485555,-0.23030914,0.22096403
2023_07_JAX_NO,2023,7,JAX,NO,0.007741778,0.42592594,0.21992365,-0.41662195,0.1111111111111111,0.0,54,0.16136275,0.46341464,0.7083333333333334,1.3570709,1.0,-0.4767551,0.30769232,-0.1354116,0.37777779,0.044444444444444446,0.07777777777777778,0.022992566,-0.12611338,-0.61394006
2023_07_JAX_NO,2023,7,NO,JAX,-0.1354116,0.37777779,-0.27782425,0.17993064,0.044444444444444446,0.016129032258064516,90,0.022992566,0.4,0.5,-0.12611338,0.375,-0.61394006,0.29166666,0.007741778,0.42592594,0.1111111111111111,0.0,0.16136275,1.3570709,-0.4767551
2023_07_LAC_KC,2023,7,KC,LAC,0.24162957,0.5,0.47995296,-0.39389947,0.10606060606060606,0.020833333333333332,66,0.18757194,0.4909091,0.7073170731707317,0.11490576,0.5,0.51191777,0.54545456,0.047300316,0.37096775,0.11290322580645161,0.12903225806451613,0.0013874484,-0.5809626,0.17929982
2023_07_LAC_KC,2023,7,LAC,KC,0.047300316,0.37096775,0.02487251,0.08281099,0.11290322580645161,0.13157894736842105,62,0.0013874484,0.32608697,0.42857142857142855,-0.5809626,0.16666667,0.17929982,0.5,0.24162957,0.5,0.10606060606060606,0.06060606060606061,0.18757194,0.11490576,0.51191777
2023_07_LV_CHI,2023,7,CHI,LV,0.15512827,0.5072464,0.22216769,0.09367548,0.057971014492753624,0.06060606060606061,69,0.10129461,0.4909091,0.4166666666666667,0.56983966,0.6363636,0.36661768,0.5714286,-0.108658746,0.4,0.015384615384615385,0.046153846153846156,-0.22668757,0.0003454586,0.41886514
2023_07_LV_CHI,2023,7,LV,CHI,-0.108658746,0.4,-0.045897417,-0.3178632,0.015384615384615385,0.02,65,-0.22668757,0.39215687,0.6153846153846154,0.0003454586,0.33333334,0.41886514,0.46153846,0.15512827,0.5072464,0.057971014492753624,0.043478260869565216,0.10129461,0.56983966,0.36661768
2023_07_MIA_PHI,2023,7,MIA,PHI,-0.15968424,0.42857143,-0.15604962,-0.17089094,0.08163265306122448,0.10810810810810811,49,-0.068477586,0.4857143,0.5454545454545454,-0.85807914,0.0,-0.3877009,0.2857143,0.14664984,0.49275362,0.08695652173913043,0.07246376811594203,0.051447146,0.45012644,0.43785805
2023_07_MIA_PHI,2023,7,PHI,MIA,0.14664984,0.49275362,0.16826586,0.12015274,0.08695652173913043,0.07894736842105263,69,0.051447146,0.46153846,0.6341463414634146,0.45012644,0.5555556,0.43785805,0.5882353,-0.15968424,0.42857143,0.08163265306122448,0.10204081632653061,-0.068477586,-0.85807914,-0.3877009
2023_07_PIT_LA,2023,7,LA,PIT,-0.04146677,0.42647058,-0.023496462,-0.06422915,0.14705882352941177,0.05263157894736842,68,-0.22710907,0.36734694,0.47619047619047616,0.590215,0.75,0.4030891,0.5555556,0.025442587,0.5,0.1111111111111111,0.12962962962962962,0.028131295,0.7930327,0.017760566
2023_07_PIT_LA,2023,7,PIT,LA,0.025442587,0.5,-0.0078343125,0.064043775,0.1111111111111111,0.06896551724137931,54,0.028131295,0.55,0.56,0.7930327,0.85714287,0.017760566,0.35714287,-0.04146677,0.42647058,0.14705882352941177,0.058823529411764705,-0.22710907,0.590215,0.4030891
2023_07_SF_MIN,2023,7,MIN,SF,0.16836084,0.42647058,0.32696632,-0.18661326,0.11764705882352941,0.0,68,-0.09991621,0.36363637,0.6060606060606061,-0.25026175,0.2,1.3033792,0.6923077,0.07834107,0.5686275,0.058823529411764705,0.058823529411764705,0.014961039,-0.6720685,0.33819914
2023_07_SF_MIN,2023,7,SF,MIN,0.07834107,0.5686275,0.3028729,-0.29981783,0.058823529411764705,0.03125,51,0.014961039,0.5609756,0.6428571428571429,-0.6720685,0.6,0.33819914,0.6,0.16836084,0.42647058,0.11764705882352941,0.08823529411764706,-0.09991621,-0.25026175,1.3033792
2023_07_WAS_NYG,2023,7,NYG,WAS,-0.048608046,0.44615385,0.12303472,-0.3060722,0.12307692307692308,0.10256410256410256,65,-0.070596084,0.44680852,0.4482758620689655,-0.5061496,0.5,0.008805149,0.44444445,-0.22650862,0.36231884,0.028985507246376812,0.14492753623188406,-0.12736493,-0.20987728,-0.5074158
2023_07_WAS_NYG,2023,7,WAS,NYG,-0.22650862,0.36231884,-0.25273237,-0.15749884,0.028985507246376812,0.12,69,-0.12736493,0.37254903,0.6363636363636364,-0.20987728,0.2857143,-0.5074158,0.33333334,-0.048608046,0.44615385,0.12307692307692308,0.06153846153846154,-0.070596084,-0.5061496,0.008805149
2023_08_ATL_TEN,2023,8,ATL,TEN,-0.05054885,0.41791046,-0.12713194,0.10609839,0.08955223880597014,0.13333333333333333,67,-0.057201672,0.42,0.56,0.3480561,0.5714286,-0.030981723,0.4117647,0.039934967,0.4090909,0.07575757575757576,0.16666666666666666,0.14190575,1.259266,-0.27872372
2023_08_ATL_TEN,2023,8,TEN,ATL,0.039934967,0.4090909,0.12655169,-0.052095294,0.07575757575757576,0.058823529411764705,66,0.14190575,0.42,0.5172413793103449,1.259266,0.5,-0.27872372,0.375,-0.05054885,0.41791046,0.08955223880597014,0.13432835820895522,-0.057201672,0.3480561,-0.030981723
2023_08_BAL_ARI,2023,8,ARI,BAL,-0.13444419,0.48,-0.11621358,-0.16031992,0.06666666666666667,0.045454545454545456,75,-0.15336303,0.5,0.2857142857142857,0.35691145,0.42857143,-0.10006152,0.4375,0.094863705,0.46875,0.078125,0.078125,0.13239196,0.75068027,-0.06775874
2023_08_BAL_ARI,2023,8,BAL,ARI,0.094863705,0.46875,-0.035650764,0.27371687,0.078125,0.10810810810810811,64,0.13239196,0.5,0.6756756756756757,0.75068027,0.6666667,-0.06775874,0.33333334,-0.13444419,0.48,0.06666666666666667,0.09333333333333334,-0.15336303,0.35691145,-0.10006152
2023_08_CHI_LAC,2023,8,CHI,LAC,-0.18272822,0.421875,-0.2474103,-0.07492475,0.0625,0.025,64,-0.046740893,0.42222223,0.5,0.34343368,0.3,-0.480237,0.44444445,0.009782715,0.4057971,0.043478260869565216,0.028985507246376812,-0.036894027,0.6245252,0.17781894
2023_08_CHI_LAC,2023,8,LAC,CHI,0.009782715,0.4057971,0.3190629,-0.57011765,0.043478260869565216,0.0,69,-0.036894027,0.37037036,0.5882352941176471,0.6245252,0.42857143,0.17781894,0.53333336,-0.18272822,0.421875,0.0625,0.03125,-0.046740893,0.34343368,-0.480237
2023_08_CIN_SF,2023,8,CIN,SF,0.2500563,0.5645161,0.32539102,0.12231479,0.14516129032258066,0.07692307692307693,62,0.245496,0.56363636,0.675,0.39005646,0.6666667,0.2858871,0.5714286,-0.04252179,0.5254237,0.15254237288135594,0.11864406779661017,-0.08576848,-0.085383385,0.19773766
2023_08_CIN_SF,2023,8,SF,CIN,-0.04252179,0.5254237,0.07794897,-0.2961444,0.15254237288135594,0.05,59,-0.08576848,0.52,0.5757575757575758,-0.085383385,0.6666667,0.19773766,0.5555556,0.2500563,0.5645161,0.14516129032258066,0.11290322580645161,0.245496,0.39005646,0.2858871
2023_08_CLE_SEA,2023,8,CLE,SEA,-0.018990245,0.44155845,0.015840208,-0.056644786,0.1038961038961039,0.075,77,0.0708918,0.44067797,0.5,-0.47397438,0.25,-0.3136036,0.44444445,0.06475708,0.4642857,0.10714285714285714,0.05357142857142857,0.13522765,0.28138638,-0.1683379
2023_08_CLE_SEA,2023,8,SEA,CLE,0.06475708,0.4642857,0.04814305,0.10287161,0.10714285714285714,0.02564102564102564,56,0.13522765,0.4883721,0.6333333333333333,0.28138638,0.33333334,-0.1683379,0.3846154,-0.018990245,0.44155845,0.1038961038961039,0.12987012987012986,0.0708918,-0.47397438,-0.3136036
2023_08_HOU_CAR,2023,8,CAR,HOU,-0.104764916,0.35820895,0.09972126,-0.49595588,0.04477611940298507,0.13636363636363635,67,0.016905475,0.36,0.6285714285714286,-0.4598431,0.3846154,-0.46261904,0.3529412,-0.045844242,0.39655173,0.06896551724137931,0.05172413793103448,-0.102544755,0.23423082,0.21538489
2023_08_HOU_CAR,2023,8,HOU,CAR,-0.045844242,0.39655173,-0.13579701,0.04410851,0.06896551724137931,0.06896551724137931,58,-0.102544755,0.38636363,0.3888888888888889,0.23423082,0.5555556,0.21538489,0.46153846,-0.104764916,0.35820895,0.04477611940298507,0.11940298507462686,0.016905475,-0.4598431,-0.46261904
2023_08_JAX_PIT,2023,8,JAX,PIT,-0.07289862,0.47887325,0.11174366,-0.29793137,0.11267605633802817,0.07692307692307693,71,-0.2573998,0.42592594,0.5,-1.9226543,0.33333334,0.47942418,0.625,-0.19324183,0.3939394,0.030303030303030304,0.13636363636363635,-0.033351302,-0.26862943,-0.84510314
2023_08_JAX_PIT,2023,8,PIT,JAX,-0.19324183,0.3939394,-0.1918216,-0.19851686,0.030303030303030304,0.057692307692307696,66,-0.033351302,0.43396226,0.5862068965517241,-0.26862943,0.25,-0.84510314,0.23076923,-0.07289862,0.47887325,0.11267605633802817,0.056338028169014086,-0.2573998,-1.9226543,0.47942418
2023_08_KC_DEN,2023,8,DEN,KC,-0.043314304,0.4084507,-0.08336613,-0.0065099285,0.07042253521126761,0.17647058823529413,71,0.06746723,0.4,0.46153846153846156,0.1204648,0.52380955,-0.42412582,0.4375,-0.267734,0.41666666,0.05,0.16666666666666666,-0.2254252,-1.1197946,-0.4067485
2023_08_KC_DEN,2023,8,KC,DEN,-0.267734,0.41666666,-0.27325082,-0.24778846,0.05,0.06382978723404255,60,-0.2254252,0.4347826,0.7096774193548387,-1.1197946,0.42857143,-0.4067485,0.35714287,-0.043314304,0.4084507,0.07042253521126761,0.1267605633802817,0.06746723,0.1204648,-0.42412582
2023_08_LA_DAL,2023,8,DAL,LA,0.20718105,0.516129,0.34638003,-0.10784826,0.11290322580645161,0.06976744186046512,62,0.022533862,0.48979592,0.7333333333333333,-0.49276674,0.33333334,0.9031589,0.61538464,-0.15835057,0.41935483,0.11290322580645161,0.08064516129032258,-0.17846245,0.36026233,-0.12946178
2023_08_LA_DAL,2023,8,LA,DAL,-0.15835057,0.41935483,-0.26410857,0.009099587,0.11290322580645161,0.05263157894736842,62,-0.17846245,0.4318182,0.625,0.36026233,0.54545456,-0.12946178,0.375,0.20718105,0.516129,0.11290322580645161,0.04838709677419355,0.022533862,-0.49276674,0.9031589
2023_08_LV_DET,2023,8,DET,LV,-0.11121813,0.42857143,-0.11786453,-0.10545793,0.11904761904761904,0.02564102564102564,84,-0.23082432,0.4117647,0.46938775510204084,-0.59535015,0.2,0.39710814,0.5,-0.47054395,0.45652175,0.0,0.1956521739130435,-0.1062442,0.5381184,-1.5027266
2023_08_LV_DET,2023,8,LV,DET,-0.47054395,0.45652175,-0.7770596,0.052335825,0.0,0.20689655172413793,46,-0.1062442,0.5588235,0.5,0.5381184,1.0,-1.5027266,0.16666667,-0.11121813,0.42857143,0.11904761904761904,0.05952380952380952,-0.23082432,-0.59535015,0.39710814
2023_08_MIN_GB,2023,8,GB,MIN,-0.20976365,0.38235295,-0.17880765,-0.32916528,0.029411764705882353,0.07407407407407407,68,-0.113407366,0.38297874,0.6666666666666666,-0.3378167,0.26666668,-0.42541817,0.3809524,0.21345922,0.44285715,0.1,0.11428571428571428,-0.013023468,0.16819374,0.82138646
2023_08_MIN_GB,2023,8,MIN,GB,0.21345922,0.44285715,0.47041327,-0.17197181,0.1,0.07142857142857142,70,-0.013023468,0.37254903,0.5666666666666667,0.16819374,0.35714287,0.82138646,0.6315789,-0.20976365,0.38235295,0.029411764705882353,0.10294117647058823,-0.113407366,-0.3378167,-0.42541817
2023_08_NE_MIA,2023,8,MIA,NE,0.08380304,0.43243244,0.31465888,-0.42809469,0.0945945945945946,0.0392156862745098,74,-0.13031279,0.3859649,0.6153846153846154,0.13792455,0.42857143,0.8017208,0.5882353,-0.21163632,0.3846154,0.07692307692307693,0.1346153846153846,-0.12806174,0.04973867,-0.5231415
2023_08_NE_MIA,2023,8,NE,MIA,-0.21163632,0.3846154,-0.29223722,-0.07164526,0.07692307692307693,0.09090909090909091,52,-0.12806174,0.4390244,0.45,0.04973867,0.33333334,-0.5231415,0.18181819,0.08380304,0.43243244,0.0945945945945946,0.02702702702702703,-0.13031279,0.13792455,0.8017208
2023_08_NO_IND,2023,8,IND,NO,0.07418683,0.3943662,0.005312048,0.20906658,0.07042253521126761,0.0425531914893617,71,-0.02935706,0.35185185,0.4878048780487805,0.15061393,0.6363636,0.4030909,0.5294118,0.33302388,0.52307695,0.15384615384615385,0.03076923076923077,0.39807448,0.5829416,0.04571691
2023_08_NO_IND,2023,8,NO,IND,0.33302388,0.52307695,0.57716763,0.110422194,0.15384615384615385,0.03225806451612903,65,0.39807448,0.5283019,0.5357142857142857,0.5829416,0.5714286,0.04571691,0.5,0.07418683,0.3943662,0.07042253521126761,0.09859154929577464,-0.02935706,0.15061393,0.4030909
2023_08_NYJ_NYG,2023,8,NYG,NYJ,-0.3034774,0.26666668,-0.7158574,-0.08466355,0.04,0.15384615384615385,75,-0.210619,0.29090908,0.325,-0.09960215,0.3846154,-0.558838,0.2,-0.36434144,0.33333334,0.047619047619047616,0.14285714285714285,-0.034062706,,-1.2580367
2023_08_NYJ_NYG,2023,8,NYJ,NYG,-0.36434144,0.33333334,-0.28066012,-0.5581297,0.047619047619047616,0.09090909090909091,63,-0.034062706,0.39130434,0.5483870967741935,,,-1.2580367,0.1764706,-0.3034774,0.26666668,0.04,0.09333333333333334,-0.210619,-0.09960215,-0.558838
2023_08_PHI_WAS,2023,8,PHI,WAS,0.2633998,0.4262295,0.72094405,-0.74801373,0.06557377049180328,0.047619047619047616,61,-0.116558,0.3478261,0.6,-0.58017373,0.5,1.4286039,0.6666667,0.048387527,0.5,0.08333333333333333,0.08333333333333333,0.111535795,0.0145284105,-0.17263141
2023_08_PHI_WAS,2023,8,WAS,PHI,0.048387527,0.5,0.08823381,-0.10302831,0.08333333333333333,0.017543859649122806,72,0.111535795,0.5,0.7741935483870968,0.0145284105,0.2857143,-0.17263141,0.5,0.2633998,0.4262295,0.06557377049180328,0.06557377049180328,-0.116558,-0.58017373,1.4286039
2023_08_TB_BUF,2023,8,BUF,TB,0.0880957,0.5294118,0.06603069,0.13423163,0.07352941176470588,0.043478260869565216,68,0.0619571,0.537037,0.6857142857142857,-0.22639684,0.4,0.18891606,0.5,0.06986614,0.40298507,0.08955223880597014,0.14925373134328357,-0.13485253,1.0678599,0.5245316
2023_08_TB_BUF,2023,8,TB,BUF,0.06986614,0.40298507,0.14249882,-0.20510043,0.08955223880597014,0.05660377358490566,67,-0.13485253,0.3617021,0.6111111111111112,1.0678599,1.0,0.5245316,0.47368422,0.0880957,0.5294118,0.07352941176470588,0.04411764705882353,0.0619571,-0.22639684,0.18891606
2023_09_ARI_CLE,2023,9,ARI,CLE,-0.7667745,0.15686275,-1.0087581,-0.28280732,0.0196078431372549,0.20588235294117646,51,-0.6323378,0.1891892,0.5,,,-1.1220714,0.071428575,-0.07469072,0.30555555,0.041666666666666664,0.05555555555555555,-0.16968843,0.31506625,0.17230333
2023_09_ARI_CLE,2023,9,CLE,ARI,-0.07469072,0.30555555,0.0835452,-0.22437333,0.041666666666666664,0.02857142857142857,72,-0.16968843,0.25,0.45,0.31506625,0.4,0.17230333,0.45,-0.7667745,0.15686275,0.0196078431372549,0.19607843137254902,-0.6323378,,-1.1220714
2023_09_BUF_CIN,2023,9,BUF,CIN,0.05839193,0.55172414,0.030049132,0.17949295,0.06896551724137931,0.02127659574468085,58,-0.010732232,0.53333336,0.7142857142857143,0.6787457,0.5714286,0.2347235,0.5833333,0.18539506,0.47761193,0.07462686567164178,0.08955223880597014,0.121139206,0.16074714,0.3603138
2023_09_BUF_CIN,2023,9,CIN,BUF,0.18539506,0.47761193,0.29433182,-0.111154996,0.07462686567164178,0.02040816326530612,67,0.121139206,0.4489796,0.6551724137931034,0.16074714,0.5,0.3603138,0.5555556,0.05839193,0.55172414,0.06896551724137931,0.08620689655172414,-0.010732232,0.6787457,0.2347235
2023_09_CHI_NO,2023,9,CHI,NO,-0.16548347,0.4117647,-0.09768358,-0.25666267,0.058823529411764705,0.05128205128205128,68,-0.23884901,0.3962264,0.42857142857142855,-0.09903171,0.3,0.093741335,0.46666667,-0.042362656,0.46774194,0.08064516129032258,0.03225806451612903,-0.08110284,0.21538886,0.06901537
2023_09_CHI_NO,2023,9,NO,CHI,-0.042362656,0.46774194,0.12837759,-0.2950582,0.08064516129032258,0.0,62,-0.08110284,0.41304347,0.5483870967741935,0.21538886,0.5625,0.06901537,0.625,-0.16548347,0.4117647,0.058823529411764705,0.058823529411764705,-0.23884901,-0.09903171,0.093741335
2023_09_DAL_PHI,2023,9,DAL,PHI,0.1407489,0.4864865,0.24782743,-0.19238429,0.10810810810810811,0.08928571428571429,74,0.057031717,0.4528302,0.5769230769230769,-0.13986751,0.4,0.41698688,0.6,0.24160376,0.516129,0.08064516129032258,0.06451612903225806,0.11832235,0.4992024,0.5960378
2023_09_DAL_PHI,2023,9,PHI,DAL,0.24160376,0.516129,0.3900753,0.049140673,0.08064516129032258,0.08571428571428572,62,0.11832235,0.47826087,0.575,0.4992024,0.6666667,0.5960378,0.625,0.1407489,0.4864865,0.10810810810810811,0.10810810810810811,0.057031717,-0.13986751,0.41698688
2023_09_IND_CAR,2023,9,CAR,IND,-0.29856315,0.36619717,-0.43754688,-0.00851019,0.056338028169014086,0.08333333333333333,71,-0.5302984,0.32692307,0.5,-0.011927922,0.16666667,0.33565956,0.47368422,-0.03935747,0.39655173,0.017241379310344827,0.06896551724137931,-0.028986404,0.16838634,-0.069087856
2023_09_IND_CAR,2023,9,IND,CAR,-0.03935747,0.39655173,0.15811545,-0.28240106,0.017241379310344827,0.03125,58,-0.028986404,0.37209302,0.4642857142857143,0.16838634,0.42857143,-0.069087856,0.46666667,-0.29856315,0.36619717,0.056338028169014086,0.08450704225352113,-0.5302984,-0.011927922,0.33565956
2023_09_LAC_NYJ,2023,9,LAC,NYJ,-0.109978594,0.3392857,-0.11961449,-0.089636125,0.05357142857142857,0.13157894736842105,56,-0.25737062,0.3,0.5,0.47200608,0.6666667,0.2585015,0.4375,-0.34217265,0.34567901,0.037037037037037035,0.12345679012345678,-0.32520875,-1.1954559,-0.3876667
2023_09_LAC_NYJ,2023,9,NYJ,LAC,-0.34217265,0.34567901,-0.36376315,-0.28048548,0.037037037037037035,0.13333333333333333,81,-0.32520875,0.3559322,0.45454545454545453,-1.1954559,0.14285715,-0.3876667,0.3181818,-0.109978594,0.3392857,0.05357142857142857,0.21428571428571427,-0.25737062,0.47200608,0.2585015
2023_09_LA_GB,2023,9,GB,LA,-0.048900478,0.44927537,0.12129919,-0.18774758,0.08695652173913043,0.12903225806451613,69,-0.095977455,0.44230768,0.4857142857142857,0.0732265,0.4,0.09509967,0.47058824,-0.3999548,0.31034482,0.017241379310344827,0.06896551724137931,-0.42258134,,-0.34056002
2023_09_LA_GB,2023,9,LA,GB,-0.3999548,0.31034482,-0.3362013,-0.49697092,0.017241379310344827,0.02857142857142857,58,-0.42258134,0.30952382,0.4411764705882353,,,-0.34056002,0.3125,-0.048900478,0.44927537,0.08695652173913043,0.08695652173913043,-0.095977455,0.0732265,0.09509967
2023_09_MIA_KC,2023,9,KC,MIA,-0.002709008,0.4385965,0.0335002,-0.075127415,0.05263157894736842,0.05263157894736842,57,0.10517846,0.46666667,0.5666666666666667,1.1185825,0.5,-0.407287,0.33333334,-0.15935253,0.41269842,0.07936507936507936,0.09523809523809523,-0.1839182,2.1219354,-0.073372625
2023_09_MIA_KC,2023,9,MIA,KC,-0.15935253,0.41269842,-0.21257633,-0.06016266,0.07936507936507936,0.07317073170731707,63,-0.1839182,0.4489796,0.6428571428571429,2.1219354,1.0,-0.073372625,0.2857143,-0.002709008,0.4385965,0.05263157894736842,0.08771929824561403,0.10517846,1.1185825,-0.407287
2023_09_MIN_ATL,2023,9,ATL,MIN,-0.14726157,0.3382353,-0.033422116,-0.33115608,0.08823529411764706,0.023809523809523808,68,-0.31025276,0.26530612,0.59375,-0.05206124,0.5,0.2730841,0.5263158,-0.012273312,0.4054054,0.08108108108108109,0.06756756756756757,-0.16082002,0.02742463,0.3824376
2023_09_MIN_ATL,2023,9,MIN,ATL,-0.012273312,0.4054054,0.15335909,-0.33691275,0.08108108108108109,0.08163265306122448,74,-0.16082002,0.36363637,0.5238095238095238,0.02742463,0.3809524,0.3824376,0.5,-0.14726157,0.3382353,0.08823529411764706,0.04411764705882353,-0.31025276,-0.05206124,0.2730841
2023_09_NYG_LV,2023,9,LV,NYG,-0.01801226,0.46666667,0.30412194,-0.24810813,0.08333333333333333,0.0,60,0.095450975,0.4888889,0.3333333333333333,0.4654975,0.6,-0.35840192,0.4,-0.39015383,0.3809524,0.06349206349206349,0.14285714285714285,-0.2087565,0.2569629,-0.8375676
2023_09_NYG_LV,2023,9,NYG,LV,-0.39015383,0.3809524,-0.46887514,-0.22090307,0.06349206349206349,0.18604651162790697,63,-0.2087565,0.44444445,0.6111111111111112,0.2569629,0.5,-0.8375676,0.23529412,-0.01801226,0.46666667,0.08333333333333333,0.016666666666666666,0.095450975,0.4654975,-0.35840192
2023_09_SEA_BAL,2023,9,BAL,SEA,0.19545221,0.49315068,-0.013559816,0.41027015,0.0958904109589041,0.02702702702702703,73,0.09444551,0.46666667,0.4482758620689655,0.23060022,0.5294118,0.661637,0.61538464,-0.44761255,0.25,0.041666666666666664,0.10416666666666667,-0.12958097,-0.40393725,-1.3038515
2023_09_SEA_BAL,2023,9,SEA,BAL,-0.44761255,0.25,-0.40964356,-0.53982294,0.041666666666666664,0.11764705882352941,48,-0.12958097,0.31428573,0.42857142857142855,-0.40393725,0.25,-1.3038515,0.07692308,0.19545221,0.49315068,0.0958904109589041,0.0136986301369863,0.09444551,0.23060022,0.661637
2023_09_TB_HOU,2023,9,HOU,TB,0.2002624,0.43661973,0.42266107,-0.3668542,0.14084507042253522,0.058823529411764705,71,0.2557286,0.46153846,0.6551724137931034,0.25862202,0.35714287,0.18058285,0.4,0.16915166,0.3939394,0.10606060606060606,0.07575757575757576,0.06385627,0.258059,0.4726502
2023_09_TB_HOU,2023,9,TB,HOU,0.16915166,0.3939394,0.37443927,-0.09276701,0.10606060606060606,0.05405405405405406,66,0.06385627,0.3469388,0.42424242424242425,0.258059,0.4117647,0.4726502,0.5294118,0.2002624,0.43661973,0.14084507042253522,0.09859154929577464,0.2557286,0.25862202,0.18058285
2023_09_TEN_PIT,2023,9,PIT,TEN,0.16644189,0.50793654,0.18714282,0.14217182,0.1111111111111111,0.0,63,0.11719925,0.5,0.5142857142857142,-0.09343534,0.33333334,0.35583666,0.53846157,0.03561017,0.42465752,0.1232876712328767,0.136986301369863,0.09614067,-0.2300809,-0.14934415
2023_09_TEN_PIT,2023,9,TEN,PIT,0.03561017,0.42465752,0.0036406417,0.09699168,0.1232876712328767,0.08333333333333333,73,0.09614067,0.43636364,0.5641025641025641,-0.2300809,0.36363637,-0.14934415,0.3888889,0.16644189,0.50793654,0.1111111111111111,0.031746031746031744,0.11719925,-0.09343534,0.35583666
2023_09_WAS_NE,2023,9,NE,WAS,-0.049153738,0.36507937,-0.08395716,0.053081296,0.031746031746031744,0.0,63,0.037610408,0.375,0.6071428571428571,1.0514677,1.0,-0.326799,0.33333334,0.04511452,0.42857143,0.09090909090909091,0.07792207792207792,-0.067362115,-0.8778573,0.44209084
2023_09_WAS_NE,2023,9,WAS,NE,0.04511452,0.42857143,0.15528208,-0.18403402,0.09090909090909091,0.057692307692307696,77,-0.067362115,0.38333333,0.717391304347826,-0.8778573,0.25,0.44209084,0.5882353,-0.049153738,0.36507937,0.031746031746031744,0.015873015873015872,0.037610408,1.0514677,-0.326799
2023_10_ATL_ARI,2023,10,ARI,ATL,-0.02299415,0.484375,-0.1341217,0.16221844,0.09375,0.05,64,-0.020988775,0.5,0.6585365853658537,0.30270392,0.7,0.051526416,0.45454547,0.022794222,0.41428572,0.05714285714285714,0.07142857142857142,-0.07723362,0.12998542,0.36008385
2023_10_ATL_ARI,2023,10,ATL,ARI,0.022794222,0.41428572,0.075707436,-0.021764303,0.05714285714285714,0.09375,70,-0.07723362,0.3529412,0.35294117647058826,0.12998542,0.35714287,0.36008385,0.6111111,-0.02299415,0.484375,0.09375,0.03125,-0.020988775,0.30270392,0.051526416
2023_10_CAR_CHI,2023,10,CAR,CHI,-0.14659141,0.26666668,-0.07228841,-0.41522536,0.016666666666666666,0.06382978723404255,60,-0.22836146,0.2195122,0.6666666666666666,-0.8263452,0.0,0.029859712,0.36842105,-0.08507657,0.4225352,0.04225352112676056,0.056338028169014086,-0.016196609,0.080811106,-0.30387178
2023_10_CAR_CHI,2023,10,CHI,CAR,-0.08507657,0.4225352,-0.10344009,-0.06269604,0.04225352112676056,0.0,71,-0.016196609,0.42592594,0.5,0.080811106,0.5714286,-0.30387178,0.4117647,-0.14659141,0.26666668,0.016666666666666666,0.15,-0.22836146,-0.8263452,0.029859712
2023_10_CLE_BAL,2023,10,BAL,CLE,-0.015642283,0.46296296,0.028954916,-0.09145755,0.07407407407407407,0.08823529411764706,54,-0.16105132,0.45238096,0.7333333333333333,0.104056455,0.5,0.49328932,0.5,0.08354789,0.45454547,0.09090909090909091,0.1038961038961039,-0.018062195,-0.025761733,0.37916803
2023_10_CLE_BAL,2023,10,CLE,BAL,0.08354789,0.45454547,0.024536334,0.18122219,0.09090909090909091,0.08333333333333333,77,-0.018062195,0.42372882,0.6666666666666666,-0.025761733,0.30769232,0.37916803,0.5294118,-0.015642283,0.46296296,0.07407407407407407,0.07407407407407407,-0.16105132,0.104056455,0.49328932
2023_10_DEN_BUF,2023,10,BUF,DEN,-0.08315388,0.5,-0.28001806,0.14520855,0.16666666666666666,0.0,54,0.021279009,0.52272725,0.5,0.7160778,0.75,-0.71995395,0.33333334,-0.0017919083,0.38356164,0.0273972602739726,0.0958904109589041,-0.15825185,0.5078745,0.45226437
2023_10_DEN_BUF,2023,10,DEN,BUF,-0.0017919083,0.38356164,0.112979494,-0.14884277,0.0273972602739726,0.0975609756097561,73,-0.15825185,0.30769232,0.42105263157894735,0.5078745,0.5,0.45226437,0.6,-0.08315388,0.5,0.16666666666666666,0.05555555555555555,0.021279009,0.7160778,-0.71995395
2023_10_DET_LAC,2023,10,DET,LAC,0.42855987,0.5555556,0.4173725,0.44254404,0.15873015873015872,0.0,63,0.3521421,0.5217391,0.5263157894736842,-0.15983728,0.4,0.63533735,0.64705884,0.26746252,0.5,0.06944444444444445,0.06944444444444445,0.057818122,0.4136928,0.81253797
2023_10_DET_LAC,2023,10,LAC,DET,0.26746252,0.5,0.4901385,-0.10366403,0.06944444444444445,0.0,72,0.057818122,0.44230768,0.6333333333333333,0.4136928,0.46153846,0.81253797,0.65,0.42855987,0.5555556,0.15873015873015872,0.031746031746031744,0.3521421,-0.15983728,0.63533735
2023_10_GB_PIT,2023,10,GB,PIT,0.060771808,0.3880597,0.119019754,-0.0583717,0.11940298507462686,0.022222222222222223,67,-0.1768556,0.31914893,0.42857142857142855,-0.71910983,0.23076923,0.61919624,0.55,0.06396571,0.4923077,0.12307692307692308,0.06153846153846154,0.10550941,0.2610301,-0.063261874
2023_10_GB_PIT,2023,10,PIT,GB,0.06396571,0.4923077,-0.06072811,0.17084612,0.12307692307692308,0.03333333333333333,65,0.10550941,0.5102041,0.45714285714285713,0.2610301,0.6666667,-0.063261874,0.4375,0.060771808,0.3880597,0.11940298507462686,0.07462686567164178,-0.1768556,-0.71910983,0.61919624
2023_10_HOU_CIN,2023,10,CIN,HOU,0.029756682,0.3968254,0.08758819,-0.2160272,0.1111111111111111,0.0784313725490196,63,-0.076078646,0.35416666,0.75,-0.950513,0.2857143,0.3684297,0.53333336,0.13851768,0.45333335,0.2,0.05333333333333334,0.3776675,-0.10356156,-0.9034921
2023_10_HOU_CIN,2023,10,HOU,CIN,0.13851768,0.45333335,0.23133723,0.020383734,0.2,0.023809523809523808,75,0.3776675,0.47540984,0.5121951219512195,-0.10356156,0.46153846,-0.9034921,0.35714287,0.029756682,0.3968254,0.1111111111111111,0.14285714285714285,-0.076078646,-0.950513,0.3684297
2023_10_IND_NE,2023,10,IND,NE,-0.042520177,0.42857143,0.03176319,-0.13463156,0.07142857142857142,0.0,56,-0.09579283,0.425,0.59375,0.35392228,0.5714286,0.09066142,0.4375,-0.0063984515,0.5217391,0.043478260869565216,0.13043478260869565,-0.018762922,-0.9258903,0.038113642
2023_10_IND_NE,2023,10,NE,IND,-0.0063984515,0.5217391,-0.09537161,0.08003262,0.043478260869565216,0.14705882352941177,69,-0.018762922,0.5185185,0.3157894736842105,-0.9258903,0.18181819,0.038113642,0.53333336,-0.042520177,0.42857143,0.07142857142857142,0.017857142857142856,-0.09579283,0.35392228,0.09066142
2023_10_NO_MIN,2023,10,MIN,NO,0.0763529,0.4520548,0.3031902,-0.267814,0.1095890410958904,0.022727272727272728,73,0.11056693,0.47368422,0.6666666666666666,0.05743451,0.3,-0.045534514,0.375,-0.033176634,0.37313432,0.04477611940298507,0.1044776119402985,-0.2018732,1.0055643,0.3153576
2023_10_NO_MIN,2023,10,NO,MIN,-0.033176634,0.37313432,-0.090345696,0.13496767,0.04477611940298507,0.06,67,-0.2018732,0.3125,0.5625,1.0055643,0.6666667,0.3153576,0.47058824,0.0763529,0.4520548,0.1095890410958904,0.0547945205479452,0.11056693,0.05743451,-0.045534514
2023_10_NYG_DAL,2023,10,DAL,NYG,0.2956525,0.5194805,0.44079992,0.0682549,0.19480519480519481,0.0,77,0.36266363,0.52380955,0.5,0.3641439,0.5263158,-0.0058974964,0.5,-0.23907106,0.32142857,0.08928571428571429,0.125,-0.14619142,-0.11157988,-0.49294215
2023_10_NYG_DAL,2023,10,NYG,DAL,-0.23907106,0.32142857,-0.26990455,-0.16833544,0.08928571428571429,0.1282051282051282,56,-0.14619142,0.36585367,0.4,-0.11157988,0.33333334,-0.49294215,0.2,0.2956525,0.5194805,0.19480519480519481,0.05194805194805195,0.36266363,0.3641439,-0.0058974964
2023_10_NYJ_LV,2023,10,LV,NYJ,-0.22143078,0.421875,-0.39169478,-0.051166758,0.0625,0.09375,64,-0.27669746,0.41304347,0.5277777777777778,0.5665676,0.6666667,-0.08019369,0.44444445,-0.18885423,0.37878788,0.10606060606060606,0.09090909090909091,-0.29357436,-1.799411,0.09039945
2023_10_NYJ_LV,2023,10,NYJ,LV,-0.18885423,0.37878788,-0.06712987,-0.48996183,0.10606060606060606,0.0425531914893617,66,-0.29357436,0.35416666,0.41935483870967744,-1.799411,0.0,0.09039945,0.44444445,-0.22143078,0.421875,0.0625,0.09375,-0.27669746,0.5665676,-0.08019369
2023_10_SF_JAX,2023,10,JAX,SF,-0.35775843,0.31578946,-0.44003874,-0.12737356,0.05263157894736842,0.11904761904761904,57,-0.25816792,0.30232558,0.75,-1.8160535,0.0,-0.66364354,0.35714287,0.2750903,0.47457626,0.2033898305084746,0.11864406779661017,0.39114457,-0.7051453,-0.09794124
2023_10_SF_JAX,2023,10,SF,JAX,0.2750903,0.47457626,0.3929903,0.135357,0.2033898305084746,0.0625,59,0.39114457,0.4888889,0.5789473684210527,-0.7051453,0.3,-0.09794124,0.42857143,-0.35775843,0.31578946,0.05263157894736842,0.15789473684210525,-0.25816792,-1.8160535,-0.66364354
2023_10_TEN_TB,2023,10,TB,TEN,0.0439634,0.359375,0.26582935,-0.26007512,0.09375,0.08108108108108109,64,-0.0026962087,0.33333334,0.5454545454545454,-0.93450946,0.0,0.18394221,0.4375,-0.21083732,0.3809524,0.047619047619047616,0.20634920634920634,-0.24228592,-0.587007,-0.1257411
2023_10_TEN_TB,2023,10,TEN,TB,-0.21083732,0.3809524,-0.19020447,-0.27144626,0.047619047619047616,0.0851063829787234,63,-0.24228592,0.36956522,0.5384615384615384,-0.587007,0.125,-0.1257411,0.4117647,0.0439634,0.359375,0.09375,0.078125,-0.0026962087,-0.93450946,0.18394221
2023_10_WAS_SEA,2023,10,SEA,WAS,0.12284446,0.46835443,0.16587947,0.029888818,0.10126582278481013,0.018518518518518517,79,0.17516187,0.47619048,0.6170212765957447,0.1565712,0.5,-0.08315533,0.4375,0.109156124,0.40983605,0.09836065573770492,0.08196721311475409,0.041747134,2.4998019,0.2987439
2023_10_WAS_SEA,2023,10,WAS,SEA,0.109156124,0.40983605,0.24805142,-0.35713527,0.09836065573770492,0.06382978723404255,61,0.041747134,0.35555556,0.75,2.4998019,1.0,0.2987439,0.5625,0.12284446,0.46835443,0.10126582278481013,0.06329113924050633,0.17516187,0.1565712,-0.08315533
2023_11_ARI_HOU,2023,11,ARI,HOU,-0.07059194,0.4262295,-0.10174333,-0.0153690195,0.11475409836065574,0.07692307692307693,61,0.06574028,0.44444445,0.5238095238095238,0.15237823,0.4,-0.42116138,0.4,-0.05287955,0.45454547,0.15151515151515152,0.07575757575757576,-0.24368225,-1.1173204,0.6558162
2023_11_ARI_HOU,2023,11,HOU,ARI,-0.05287955,0.45454547,0.049188547,-0.23149873,0.15151515151515152,0.09523809523809523,66,-0.24368225,0.40384614,0.5555555555555556,-1.1173204,0.25,0.6558162,0.64285713,-0.07059194,0.4262295,0.11475409836065574,0.09836065573770492,0.06574028,0.15237823,-0.42116138
2023_11_CHI_DET,2023,11,CHI,DET,0.04864887,0.4864865,0.25111333,-0.114310324,0.0945945945945946,0.06060606060606061,74,-0.09375455,0.47368422,0.45454545454545453,0.060297474,0.625,0.5261192,0.5294118,0.08594196,0.55737704,0.08196721311475409,0.13114754098360656,-0.033521317,0.576172,0.5301821
2023_11_CHI_DET,2023,11,DET,CHI,0.08594196,0.55737704,0.01620036,0.21878308,0.08196721311475409,0.05,61,-0.033521317,0.5102041,0.53125,0.576172,0.53846157,0.5301821,0.72727275,0.04864887,0.4864865,0.0945945945945946,0.05405405405405406,-0.09375455,0.060297474,0.5261192
2023_11_CIN_BAL,2023,11,BAL,CIN,0.17128299,0.4923077,0.28940353,0.015195115,0.1076923076923077,0.08108108108108109,65,0.089494534,0.48076922,0.6216216216216216,0.3020002,0.53333336,0.49843678,0.53846157,0.09804764,0.47540984,0.06557377049180328,0.11475409836065574,0.08096611,0.40845406,0.1611179
2023_11_CIN_BAL,2023,11,CIN,BAL,0.09804764,0.47540984,0.109337084,0.071078435,0.06557377049180328,0.11627906976744186,61,0.08096611,0.47916666,0.6923076923076923,0.40845406,0.6666667,0.1611179,0.46153846,0.17128299,0.4923077,0.1076923076923077,0.07692307692307693,0.089494534,0.3020002,0.49843678
2023_11_DAL_CAR,2023,11,CAR,DAL,-0.29556197,0.36206895,-0.5092803,0.080989465,0.08620689655172414,0.1891891891891892,58,-0.49975342,0.3,0.45454545454545453,0.09277814,0.5714286,0.15819687,0.5,0.1966281,0.44927537,0.08695652173913043,0.057971014492753624,0.024247574,0.06415557,0.7676386
2023_11_DAL_CAR,2023,11,DAL,CAR,0.1966281,0.44927537,0.24879095,0.09882272,0.08695652173913043,0.0,69,0.024247574,0.3962264,0.71875,0.06415557,0.30769232,0.7676386,0.625,-0.29556197,0.36206895,0.08620689655172414,0.1724137931034483,-0.49975342,0.09277814,0.15819687
2023_11_LAC_GB,2023,11,GB,LAC,0.12376034,0.45070422,0.28598797,-0.15701818,0.11267605633802817,0.06666666666666667,71,0.2017145,0.43636364,0.627906976744186,0.02958498,0.2,-0.14420705,0.5,0.04999996,0.41269842,0.09523809523809523,0.07936507936507936,-0.109399565,-0.6142139,0.48131633
2023_11_LAC_GB,2023,11,LAC,GB,0.04999996,0.41269842,0.22669981,-0.42812902,0.09523809523809523,0.043478260869565216,63,-0.109399565,0.39130434,0.56,-0.6142139,0.25,0.48131633,0.47058824,0.12376034,0.45070422,0.11267605633802817,0.09859154929577464,0.2017145,0.02958498,-0.14420705
2023_11_LV_MIA,2023,11,LV,MIA,-0.27685732,0.3442623,-0.24388838,-0.36218867,0.06557377049180328,0.045454545454545456,61,-0.11863844,0.35555556,0.52,-0.7399916,0.0,-0.7218479,0.3125,-0.09245231,0.3768116,0.10144927536231885,0.043478260869565216,-0.02086755,-0.2796875,-0.40081742
2023_11_LV_MIA,2023,11,MIA,LV,-0.09245231,0.3768116,-0.028044837,-0.1926417,0.10144927536231885,0.023809523809523808,69,-0.02086755,0.375,0.574468085106383,-0.2796875,0.25,-0.40081742,0.3846154,-0.27685732,0.3442623,0.06557377049180328,0.09836065573770492,-0.11863844,-0.7399916,-0.7218479
2023_11_MIN_DEN,2023,11,DEN,MIN,-0.080271065,0.3888889,0.0043756585,-0.28130704,0.037037037037037035,0.05263157894736842,54,0.0814407,0.46153846,0.6666666666666666,-0.5720627,0.071428575,-0.46884465,0.21428572,-0.03496736,0.46666667,0.08,0.13333333333333333,-0.17240226,-0.024248293,0.34297863
2023_11_MIN_DEN,2023,11,MIN,DEN,-0.03496736,0.46666667,0.09094427,-0.18680197,0.08,0.04878048780487805,75,-0.17240226,0.43636364,0.4,-0.024248293,0.33333334,0.34297863,0.55,-0.080271065,0.3888889,0.037037037037037035,0.12962962962962962,0.0814407,-0.5720627,-0.46884465
2023_11_NYG_WAS,2023,11,NYG,WAS,-0.036156703,0.34545454,0.07168853,-0.2578386,0.14545454545454545,0.24324324324324326,55,-0.14175478,0.35,0.7333333333333333,-0.09989991,0.16666667,0.24543816,0.33333334,-0.10666636,0.4814815,0.09876543209876543,0.07407407407407407,-0.1703725,0.19522442,0.17364067
2023_11_NYG_WAS,2023,11,WAS,NYG,-0.10666636,0.4814815,-0.093398474,-0.13473302,0.09876543209876543,0.07272727272727272,81,-0.1703725,0.4848485,0.5757575757575758,0.19522442,0.33333334,0.17364067,0.46666667,-0.036156703,0.34545454,0.14545454545454545,0.16363636363636364,-0.14175478,-0.09989991,0.24543816
2023_11_NYJ_BUF,2023,11,BUF,NYJ,0.091602735,0.3783784,0.32759693,-0.17136224,0.08108108108108109,0.02564102564102564,74,0.103341356,0.36666667,0.6818181818181818,-0.40529555,0.22222222,0.041294377,0.42857143,-0.3189746,0.27586207,0.05172413793103448,0.1206896551724138,-0.34435943,0.4667114,-0.22230305
2023_11_NYJ_BUF,2023,11,NYJ,BUF,-0.3189746,0.27586207,-0.3987839,-0.09018801,0.05172413793103448,0.13953488372093023,58,-0.34435943,0.275,0.5714285714285714,0.4667114,0.5,-0.22230305,0.29411766,0.091602735,0.3783784,0.08108108108108109,0.05405405405405406,0.103341356,-0.40529555,0.041294377
2023_11_PHI_KC,2023,11,KC,PHI,-0.09142515,0.35897437,-0.15873449,0.043193523,0.0641025641025641,0.019230769230769232,78,-0.26879743,0.2857143,0.5405405405405406,-0.56183857,0.44444445,0.36006787,0.54545456,-0.017405175,0.3962264,0.1320754716981132,0.09433962264150944,0.06547514,0.7661005,-0.37379056
2023_11_PHI_KC,2023,11,PHI,KC,-0.017405175,0.3962264,-0.13556981,0.13672261,0.1320754716981132,0.16666666666666666,53,0.06547514,0.41860464,0.47619047619047616,0.7661005,0.6,-0.37379056,0.3,-0.09142515,0.35897437,0.0641025641025641,0.11538461538461539,-0.26879743,-0.56183857,0.36006787
2023_11_PIT_CLE,2023,11,CLE,PIT,-0.14715125,0.369863,-0.22882035,-0.0158973,0.0273972602739726,0.022222222222222223,73,-0.1378699,0.35714287,0.5348837209302325,0.07411094,0.42857143,-0.1777251,0.4117647,-0.12306797,0.3508772,0.08771929824561403,0.07017543859649122,-0.10820323,-1.0876391,-0.16468923
2023_11_PIT_CLE,2023,11,PIT,CLE,-0.12306797,0.3508772,-0.36074042,0.22827393,0.08771929824561403,0.08823529411764706,57,-0.10820323,0.33333334,0.52,-1.0876391,0.0,-0.16468923,0.4,-0.14715125,0.369863,0.0273972602739726,0.0547945205479452,-0.1378699,0.07411094,-0.1777251
2023_11_SEA_LA,2023,11,LA,SEA,-0.070478976,0.42424244,-0.008525216,-0.17208311,0.045454545454545456,0.024390243902439025,66,-0.055174846,0.44230768,0.6363636363636364,-0.11883683,0.36842105,-0.12732287,0.35714287,-0.043999113,0.34920636,0.06349206349206349,0.1111111111111111,-0.19652261,-0.2981891,0.36871153
2023_11_SEA_LA,2023,11,SEA,LA,-0.043999113,0.34920636,-0.026874537,-0.07824825,0.06349206349206349,0.047619047619047616,63,-0.19652261,0.3043478,0.5862068965517241,-0.2981891,0.2,0.36871153,0.47058824,-0.070478976,0.42424244,0.045454545454545456,0.045454545454545456,-0.055174846,-0.11883683,-0.12732287
2023_11_TB_SF,2023,11,SF,TB,0.2210983,0.5344828,0.58836627,-0.23092374,0.13793103448275862,0.125,58,0.3529165,0.5531915,0.6,0.077643596,0.5833333,-0.34212485,0.45454547,-0.04920628,0.5,0.04285714285714286,0.1,0.028689967,-0.6835866,-0.29205927
2023_11_TB_SF,2023,11,TB,SF,-0.04920628,0.5,-0.093316995,0.08831536,0.04285714285714286,0.07547169811320754,70,0.028689967,0.509434,0.4666666666666667,-0.6835866,0.4,-0.29205927,0.47058824,0.2210983,0.5344828,0.13793103448275862,0.08620689655172414,0.3529165,0.077643596,-0.34212485
2023_11_TEN_JAX,2023,11,JAX,TEN,0.24817555,0.4225352,0.6130392,-0.14888197,0.09859154929577464,0.02702702702702703,71,0.14130093,0.3962264,0.4,0.27510285,0.42105263,0.5628619,0.5,0.06648258,0.42105263,0.10526315789473684,0.07894736842105263,0.070294745,0.8397865,0.054199006
2023_11_TEN_JAX,2023,11,TEN,JAX,0.06648258,0.42105263,0.24002086,-0.17213252,0.10526315789473684,0.09090909090909091,38,0.070294745,0.41379312,0.35714285714285715,0.8397865,0.6666667,0.054199006,0.44444445,0.24817555,0.4225352,0.09859154929577464,0.04225352112676056,0.14130093,0.27510285,0.5628619
2023_12_BAL_LAC,2023,12,BAL,LAC,-0.001622898,0.47826087,-0.1530089,0.18394704,0.07246376811594203,0.05263157894736842,69,0.08727864,0.5283019,0.5555555555555556,0.05502073,0.5,-0.2961093,0.3125,-0.301671,0.36363637,0.045454545454545456,0.12121212121212122,-0.32877812,-0.45485255,-0.22938538
2023_12_BAL_LAC,2023,12,LAC,BAL,-0.301671,0.36363637,-0.3894467,-0.003233705,0.045454545454545456,0.058823529411764705,66,-0.32877812,0.33333334,0.6,-0.45485255,0.33333334,-0.22938538,0.44444445,-0.001622898,0.47826087,0.07246376811594203,0.057971014492753624,0.08727864,0.05502073,-0.2961093
2023_12_BUF_PHI,2023,12,BUF,PHI,0.1365429,0.43617022,0.27260503,-0.09281894,0.0851063829787234,0.01694915254237288,94,-0.094785236,0.3857143,0.6136363636363636,0.4290244,0.3846154,0.81125,0.5833333,0.060394857,0.46153846,0.1076923076923077,0.03076923076923077,0.012913092,1.129549,0.27010596
2023_12_BUF_PHI,2023,12,PHI,BUF,0.060394857,0.46153846,0.12075033,-0.030138373,0.1076923076923077,0.05128205128205128,65,0.012913092,0.4716981,0.5238095238095238,1.129549,0.85714287,0.27010596,0.41666666,0.1365429,0.43617022,0.0851063829787234,0.0425531914893617,-0.094785236,0.4290244,0.81125
2023_12_CAR_TEN,2023,12,CAR,TEN,-0.09439098,0.36486486,0.047856048,-0.30301997,0.06756756756756757,0.09090909090909091,74,-0.2331828,0.3207547,0.48,0.50927997,0.75,0.25589314,0.47619048,0.041093204,0.46938777,0.10204081632653061,0.08163265306122448,0.15510358,0.72762537,-0.35276082
2023_12_CAR_TEN,2023,12,TEN,CAR,0.041093204,0.46938777,-0.015581416,0.11665936,0.10204081632653061,0.03571428571428571,49,0.15510358,0.5,0.5217391304347826,0.72762537,0.75,-0.35276082,0.36363637,-0.09439098,0.36486486,0.06756756756756757,0.08108108108108109,-0.2331828,0.50927997,0.25589314
2023_12_CHI_MIN,2023,12,CHI,MIN,-0.120922655,0.36923078,-0.23301472,0.11393686,0.1076923076923077,0.06818181818181818,65,-0.28261608,0.31914893,0.6060606060606061,-0.7263732,0.33333334,0.3012769,0.5,-0.364132,0.34545454,0.07272727272727272,0.14545454545454545,-0.2669911,0.077465415,-0.67797184
2023_12_CHI_MIN,2023,12,MIN,CHI,-0.364132,0.34545454,-0.4418818,-0.15679927,0.07272727272727272,0.05,55,-0.2669911,0.33333334,0.6551724137931034,0.077465415,0.5,-0.67797184,0.3846154,-0.120922655,0.36923078,0.1076923076923077,0.09230769230769231,-0.28261608,-0.7263732,0.3012769
2023_12_CLE_DEN,2023,12,CLE,DEN,-0.21181077,0.375,-0.1621552,-0.32466432,0.06944444444444445,0.08,72,-0.13344787,0.4117647,0.5714285714285714,-0.14555654,0.26666668,-0.37487668,0.3,0.04048175,0.44444445,0.14285714285714285,0.06349206349206349,-0.04878643,0.048854977,0.32613993
2023_12_CLE_DEN,2023,12,DEN,CLE,0.04048175,0.44444445,0.16975012,-0.06293294,0.14285714285714285,0.03571428571428571,63,-0.04878643,0.4375,0.375,0.048854977,0.5,0.32613993,0.46666667,-0.21181077,0.375,0.06944444444444445,0.09722222222222222,-0.13344787,-0.14555654,-0.37487668
2023_12_GB_DET,2023,12,DET,GB,-0.10291672,0.42352942,-0.13939738,-0.03603551,0.10588235294117647,0.05454545454545454,85,0.0055491608,0.4,0.5,0.2202635,0.53846157,-0.48638567,0.4347826,0.1197359,0.45454547,0.09090909090909091,0.07272727272727272,0.20924677,0.006577589,-0.1046575
2023_12_GB_DET,2023,12,GB,DET,0.1197359,0.45454547,0.28445888,-0.16852933,0.09090909090909091,0.0,55,0.20924677,0.45238096,0.5384615384615384,0.006577589,0.54545456,-0.1046575,0.5,-0.10291672,0.42352942,0.10588235294117647,0.1411764705882353,0.0055491608,0.2202635,-0.48638567
2023_12_JAX_HOU,2023,12,HOU,JAX,0.0329598,0.43333334,0.08274648,-0.1470382,0.11666666666666667,0.0851063829787234,60,0.09771527,0.44444445,0.6538461538461539,0.72145206,0.625,-0.1613066,0.4,0.09366623,0.45333335,0.08,0.02666666666666667,-0.1653162,0.024651945,0.846093
2023_12_JAX_HOU,2023,12,JAX,HOU,0.09366623,0.45333335,0.4616364,-0.40079364,0.08,0.0,75,-0.1653162,0.375,0.4883720930232558,0.024651945,0.41666666,0.846093,0.6666667,0.0329598,0.43333334,0.11666666666666667,0.1,0.09771527,0.72145206,-0.1613066
2023_12_KC_LV,2023,12,KC,LV,0.22102162,0.5,0.32221723,0.028750002,0.05172413793103448,0.02631578947368421,58,0.14951485,0.5,0.6296296296296297,0.25443098,0.47058824,0.56425416,0.5,-0.026421417,0.3275862,0.06896551724137931,0.06896551724137931,-0.026262803,-0.09983025,-0.026837766
2023_12_KC_LV,2023,12,LV,KC,-0.026421417,0.3275862,0.09997955,-0.21877071,0.06896551724137931,0.02857142857142857,58,-0.026262803,0.2857143,0.3870967741935484,-0.09983025,0.2,-0.026837766,0.4375,0.22102162,0.5,0.05172413793103448,0.034482758620689655,0.14951485,0.25443098,0.56425416
2023_12_LA_ARI,2023,12,ARI,LA,-0.105728745,0.3888889,-0.19265832,0.15506,0.06944444444444445,0.07407407407407407,72,-0.17514807,0.35416666,0.6470588235294118,0.3715597,0.5833333,0.031301714,0.45454547,0.3103447,0.5522388,0.1044776119402985,0.04477611940298507,0.21077105,0.4287886,0.68730205
2023_12_LA_ARI,2023,12,LA,ARI,0.3103447,0.5522388,0.37314108,0.24564537,0.1044776119402985,0.0,67,0.21077105,0.5283019,0.5666666666666667,0.4287886,0.625,0.68730205,0.64285713,-0.105728745,0.3888889,0.06944444444444445,0.08333333333333333,-0.17514807,0.3715597,0.031301714
2023_12_MIA_NYJ,2023,12,MIA,NYJ,0.0757388,0.45588234,0.16594468,-0.009312453,0.10294117647058823,0.06060606060606061,68,-0.16460639,0.38,0.4583333333333333,-0.35988373,0.375,0.7433644,0.6666667,-0.3392883,0.36206895,0.017241379310344827,0.1896551724137931,-0.5504887,-0.3006885,0.0942283
2023_12_MIA_NYJ,2023,12,NYJ,MIA,-0.3392883,0.36206895,-0.35819706,-0.24852626,0.017241379310344827,0.14583333333333334,58,-0.5504887,0.33333334,0.4444444444444444,-0.3006885,0.625,0.0942283,0.42105263,0.0757388,0.45588234,0.10294117647058823,0.029411764705882353,-0.16460639,-0.35988373,0.7433644
2023_12_NE_NYG,2023,12,NE,NYG,-0.16391899,0.4117647,-0.44121808,0.16705088,0.058823529411764705,0.05405405405405406,68,-0.1661287,0.40384614,0.5128205128205128,0.24868695,0.33333334,-0.15673749,0.4375,-0.27644873,0.29411766,0.09803921568627451,0.11764705882352941,-0.3767357,0.23524451,0.016697736
2023_12_NE_NYG,2023,12,NYG,NE,-0.27644873,0.29411766,-0.100124516,-0.5997098,0.09803921568627451,0.18181818181818182,51,-0.3767357,0.28947368,0.5666666666666667,0.23524451,0.25,0.016697736,0.30769232,-0.16391899,0.4117647,0.058823529411764705,0.04411764705882353,-0.1661287,0.24868695,-0.15673749
2023_12_NO_ATL,2023,12,ATL,NO,0.051049646,0.47540984,0.04350254,0.05594506,0.18032786885245902,0.0,61,0.069065206,0.48076922,0.4444444444444444,-0.42803198,0.4,-0.053040247,0.44444445,-0.06963407,0.46478873,0.1267605633802817,0.04225352112676056,0.06540937,-1.7363471,-0.6194539
2023_12_NO_ATL,2023,12,NO,ATL,-0.06963407,0.46478873,0.020344457,-0.20781541,0.1267605633802817,0.023255813953488372,71,0.06540937,0.47368422,0.4888888888888889,-1.7363471,0.16666667,-0.6194539,0.42857143,0.051049646,0.47540984,0.18032786885245902,0.01639344262295082,0.069065206,-0.42803198,-0.053040247
2023_12_PIT_CIN,2023,12,CIN,PIT,-0.214422,0.33333334,-0.1259706,-0.53874373,0.09523809523809523,0.12121212121212122,42,0.15093978,0.38709676,0.64,-0.66069114,0.5,-1.2440779,0.18181819,0.06222908,0.45588234,0.10294117647058823,0.058823529411764705,-0.048595253,-0.8781637,0.42240813
2023_12_PIT_CIN,2023,12,PIT,CIN,0.06222908,0.45588234,0.26956415,-0.23396388,0.10294117647058823,0.05,68,-0.048595253,0.42307693,0.525,-0.8781637,0.375,0.42240813,0.5625,-0.214422,0.33333334,0.09523809523809523,0.11904761904761904,0.15093978,-0.66069114,-1.2440779
2023_12_SF_SEA,2023,12,SEA,SF,-0.27097982,0.42857143,-0.30454698,-0.20561223,0.07142857142857142,0.16216216216216217,56,-0.15842593,0.47727272,0.5,-0.51503336,0.25,-0.6836775,0.25,0.12827522,0.484375,0.15625,0.09375,0.11412096,0.4937076,0.18961032
2023_12_SF_SEA,2023,12,SF,SEA,0.12827522,0.484375,0.04169467,0.22639984,0.15625,0.029411764705882353,64,0.11412096,0.48076922,0.5454545454545454,0.4937076,0.5714286,0.18961032,0.5,-0.27097982,0.42857143,0.07142857142857142,0.16071428571428573,-0.15842593,-0.51503336,-0.6836775
2023_12_TB_IND,2023,12,IND,TB,0.058186512,0.4861111,0.03656348,0.09644267,0.1111111111111111,0.043478260869565216,72,0.09816824,0.50877196,0.6571428571428571,-0.030684961,0.42857143,-0.09374403,0.4,-0.094268255,0.46666667,0.11666666666666667,0.11666666666666667,-0.108768456,-0.12587772,-0.050767675
2023_12_TB_IND,2023,12,TB,IND,-0.094268255,0.46666667,-0.17453697,0.06626915,0.11666666666666667,0.15,60,-0.108768456,0.4888889,0.45,-0.12587772,0.33333334,-0.050767675,0.4,0.058186512,0.4861111,0.1111111111111111,0.041666666666666664,0.09816824,-0.030684961,-0.09374403
2023_12_WAS_DAL,2023,12,DAL,WAS,0.40073812,0.5185185,0.5861225,0.059240617,0.14814814814814814,0.0,54,0.27888614,0.5,0.72,1.3752348,0.8,0.80669475,0.54545456,-0.20928195,0.47435898,0.07692307692307693,0.08974358974358974,-0.18058817,0.010275468,-0.29838365
2023_12_WAS_DAL,2023,12,WAS,DAL,-0.20928195,0.47435898,-0.19725673,-0.23333238,0.07692307692307693,0.07692307692307693,78,-0.18058817,0.47457626,0.5625,0.010275468,0.5,-0.29838365,0.47368422,0.40073812,0.5185185,0.14814814814814814,0.037037037037037035,0.27888614,1.3752348,0.80669475
2023_13_ARI_PIT,2023,13,ARI,PIT,0.07582144,0.359375,0.249724,-0.07762203,0.078125,0.06666666666666667,64,-0.25632715,0.24444444,0.41935483870967744,0.5829832,0.41666666,0.8624891,0.6315789,-0.08734067,0.46666667,0.1,0.08333333333333333,0.0020810291,-0.46275112,-0.44502744
2023_13_ARI_PIT,2023,13,PIT,ARI,-0.08734067,0.46666667,0.28378507,-0.48406127,0.1,0.0,60,0.0020810291,0.47916666,0.3225806451612903,-0.46275112,0.27272728,-0.44502744,0.41666666,0.07582144,0.359375,0.078125,0.0625,-0.25632715,0.5829832,0.8624891
2023_13_ATL_NYJ,2023,13,ATL,NYJ,-0.1973367,0.3283582,-0.087947406,-0.30350867,0.029850746268656716,0.09090909090909091,67,-0.1738055,0.33962265,0.4090909090909091,0.6073184,0.5,-0.28641912,0.2857143,-0.3358557,0.2647059,0.058823529411764705,0.11764705882352941,-0.43443692,-0.2465231,-0.081619926
2023_13_ATL_NYJ,2023,13,NYJ,ATL,-0.3358557,0.2647059,-0.25584963,-0.48253345,0.058823529411764705,0.09090909090909091,68,-0.43443692,0.24489796,0.4375,-0.2465231,0.2,-0.081619926,0.31578946,-0.1973367,0.3283582,0.029850746268656716,0.1044776119402985,-0.1738055,0.6073184,-0.28641912
2023_13_CAR_TB,2023,13,CAR,TB,-0.09599196,0.44444445,-0.16192204,-0.026294421,0.05555555555555555,0.10810810810810811,72,0.034635153,0.5294118,0.43902439024390244,0.3061513,0.6666667,-0.5121481,0.21052632,-0.02750268,0.31666666,0.11666666666666667,0.05,-0.08082342,0.97543746,0.10736742
2023_13_CAR_TB,2023,13,TB,CAR,-0.02750268,0.31666666,-0.08269793,0.044675715,0.11666666666666667,0.029411764705882353,60,-0.08082342,0.27906978,0.48484848484848486,0.97543746,0.75,0.10736742,0.4117647,-0.09599196,0.44444445,0.05555555555555555,0.08333333333333333,0.034635153,0.3061513,-0.5121481
2023_13_CIN_JAX,2023,13,CIN,JAX,0.20380597,0.5205479,0.31449842,0.045146752,0.1095890410958904,0.046511627906976744,73,0.063242234,0.49122807,0.5,0.6154055,0.6666667,0.7045643,0.625,0.1660501,0.47826087,0.13043478260869565,0.10144927536231885,0.17857546,0.27720317,0.13056165
2023_13_CIN_JAX,2023,13,JAX,CIN,0.1660501,0.47826087,0.22809386,0.0335021,0.13043478260869565,0.0851063829787234,69,0.17857546,0.49019608,0.6470588235294118,0.27720317,0.35714287,0.13056165,0.44444445,0.20380597,0.5205479,0.1095890410958904,0.0684931506849315,0.063242234,0.6154055,0.7045643
2023_13_CLE_LA,2023,13,CLE,LA,-0.10047078,0.4225352,-0.17299037,0.05087445,0.09859154929577464,0.041666666666666664,71,-0.03111419,0.43396226,0.65,-0.17166439,0.25,-0.3046874,0.3888889,0.16596764,0.43548387,0.11290322580645161,0.03225806451612903,0.26378024,0.30120382,-0.2415848
2023_13_CLE_LA,2023,13,LA,CLE,0.16596764,0.43548387,0.22138959,0.078216225,0.11290322580645161,0.0,62,0.26378024,0.44,0.6578947368421053,0.30120382,0.42857143,-0.2415848,0.41666666,-0.10047078,0.4225352,0.09859154929577464,0.056338028169014086,-0.03111419,-0.17166439,-0.3046874
2023_13_DEN_HOU,2023,13,DEN,HOU,-0.18784069,0.44067797,-0.33417463,0.041203696,0.0847457627118644,0.08333333333333333,59,-0.031424858,0.47727272,0.6,-0.5176489,0.4,-0.6466605,0.33333334,-0.095979616,0.3432836,0.11940298507462686,0.07462686567164178,-0.07311007,-0.16749713,-0.11183773
2023_13_DEN_HOU,2023,13,HOU,DEN,-0.095979616,0.3432836,-0.07658598,-0.12139196,0.11940298507462686,0.13157894736842105,67,-0.07311007,0.36734694,0.5263157894736842,-0.16749713,0.5,-0.11183773,0.29411766,-0.18784069,0.44067797,0.0847457627118644,0.13559322033898305,-0.031424858,-0.5176489,-0.6466605
2023_13_DET_NO,2023,13,DET,NO,0.1591823,0.39285713,0.2834013,0.034963284,0.125,0.03571428571428571,56,0.13757345,0.3809524,0.35714285714285715,-0.0034353733,0.23076923,0.31408647,0.46153846,-0.036222287,0.45454547,0.10606060606060606,0.10606060606060606,-0.22200897,0.47061786,0.7212158
2023_13_DET_NO,2023,13,NO,DET,-0.036222287,0.45454547,0.19415925,-0.24027453,0.10606060606060606,0.06451612903225806,66,-0.22200897,0.43396226,1.0,0.47061786,0.6,0.7212158,0.53846157,0.1591823,0.39285713,0.125,0.07142857142857142,0.13757345,-0.0034353733,0.31408647
2023_13_IND_TEN,2023,13,IND,TEN,0.006567362,0.44285715,0.016161297,-0.015818464,0.05714285714285714,0.061224489795918366,70,0.22156747,0.4814815,0.6470588235294118,-0.8416806,0.3125,-0.57052857,0.33333334,0.035630457,0.42352942,0.08235294117647059,0.12941176470588237,0.11642973,0.31802586,-0.2450407
2023_13_IND_TEN,2023,13,TEN,IND,0.035630457,0.42352942,0.07247638,-0.0039114994,0.08235294117647059,0.13636363636363635,85,0.11642973,0.42424244,0.3684210526315789,0.31802586,0.6,-0.2450407,0.42105263,0.006567362,0.44285715,0.05714285714285714,0.1,0.22156747,-0.8416806,-0.57052857
2023_13_KC_GB,2023,13,GB,KC,0.28071097,0.484375,0.38273618,0.11066892,0.09375,0.05,64,0.22122572,0.4716981,0.5172413793103449,0.21642937,0.33333334,0.56732166,0.54545456,0.12953192,0.47761193,0.08955223880597014,0.07462686567164178,0.034196697,-0.1454961,0.64825135
2023_13_KC_GB,2023,13,KC,GB,0.12953192,0.47761193,0.095320724,0.19497938,0.08955223880597014,0.06818181818181818,67,0.034196697,0.46296296,0.6,-0.1454961,0.33333334,0.64825135,0.5833333,0.28071097,0.484375,0.09375,0.0625,0.22122572,0.21642937,0.56732166
2023_13_LAC_NE,2023,13,LAC,NE,-0.14786571,0.40677965,0.030664755,-0.47092083,0.05084745762711865,0.0,59,-0.08793526,0.4318182,0.6875,-0.733831,0.0,-0.32366168,0.33333334,-0.25852212,0.3968254,0.06349206349206349,0.09523809523809523,-0.10494313,,-0.64246964
2023_13_LAC_NE,2023,13,NE,LAC,-0.25852212,0.3968254,-0.34041372,-0.16251126,0.06349206349206349,0.14705882352941177,63,-0.10494313,0.42222223,0.4722222222222222,,,-0.64246964,0.33333334,-0.14786571,0.40677965,0.05084745762711865,0.03389830508474576,-0.08793526,-0.733831,-0.32366168
2023_13_MIA_WAS,2023,13,MIA,WAS,0.39351463,0.5081967,0.7760222,0.10936614,0.09836065573770492,0.0,61,-0.015415718,0.45652175,0.5714285714285714,0.5492284,0.5,1.6475677,0.6666667,-0.17663889,0.29090908,0.09090909090909091,0.14545454545454545,-0.40968665,0.47098804,0.34730947
2023_13_MIA_WAS,2023,13,WAS,MIA,-0.17663889,0.29090908,-0.3161472,-0.009228878,0.09090909090909091,0.1,55,-0.40968665,0.20512821,0.625,0.47098804,0.375,0.34730947,0.46666667,0.39351463,0.5081967,0.09836065573770492,0.03278688524590164,-0.015415718,0.5492284,1.6475677
2023_13_SEA_DAL,2023,13,DAL,SEA,0.24143304,0.54022986,0.37895542,-0.0069944686,0.04597701149425287,0.07142857142857142,87,0.19746119,0.5217391,0.6481481481481481,0.025266146,0.36666667,0.37216786,0.5882353,0.25497952,0.4852941,0.07352941176470588,0.08823529411764706,0.2301616,0.4777061,0.32391822
2023_13_SEA_DAL,2023,13,SEA,DAL,0.25497952,0.4852941,0.48600936,-0.2620872,0.07352941176470588,0.02127659574468085,68,0.2301616,0.46,0.5862068965517241,0.4777061,0.53846157,0.32391822,0.5555556,0.24143304,0.54022986,0.04597701149425287,0.08045977011494253,0.19746119,0.025266146,0.37216786
2023_13_SF_PHI,2023,13,PHI,SF,0.077625595,0.3472222,0.13695548,-0.19164084,0.041666666666666664,0.05084745762711865,72,-0.10772958,0.2962963,0.7083333333333334,-0.052125257,0.3529412,0.7266729,0.5294118,0.5313779,0.62068963,0.1896551724137931,0.05172413793103448,0.35339892,1.139684,1.1474591
2023_13_SF_PHI,2023,13,SF,PHI,0.5313779,0.62068963,0.74826443,0.2644407,0.1896551724137931,0.0625,58,0.35339892,0.5777778,0.53125,1.139684,0.7777778,1.1474591,0.7692308,0.077625595,0.3472222,0.041666666666666664,0.125,-0.10772958,-0.052125257,0.7266729
2023_14_BUF_KC,2023,14,BUF,KC,-0.0014175,0.4054054,-0.05793261,0.12389861,0.0945945945945946,0.058823529411764705,74,0.048446827,0.4107143,0.6216216216216216,-0.0025013387,0.375,-0.15655094,0.3888889,-0.091247514,0.4848485,0.06060606060606061,0.10606060606060606,-0.15678126,0.374739,0.17592849
2023_14_BUF_KC,2023,14,KC,BUF,-0.091247514,0.4848485,-0.17490532,0.115695454,0.06060606060606061,0.02127659574468085,66,-0.15678126,0.49056605,0.6111111111111112,0.374739,0.5,0.17592849,0.46153846,-0.0014175,0.4054054,0.0945945945945946,0.13513513513513514,0.048446827,-0.0025013387,-0.15655094
2023_14_CAR_NO,2023,14,CAR,NO,-0.31989166,0.3580247,-0.58230054,0.008119464,0.08641975308641975,0.08888888888888889,81,-0.16221549,0.35185185,0.2608695652173913,-1.0159222,0.0,-0.635244,0.37037036,-0.19093744,0.44,0.06,0.12,0.010864884,0.26365802,-0.99814683
2023_14_CAR_NO,2023,14,NO,CAR,-0.19093744,0.44,-0.35420874,0.0007288359,0.06,0.037037037037037035,50,0.010864884,0.475,0.3181818181818182,0.26365802,0.36363637,-0.99814683,0.3,-0.31989166,0.3580247,0.08641975308641975,0.08641975308641975,-0.16221549,-1.0159222,-0.635244
2023_14_DEN_LAC,2023,14,DEN,LAC,-0.060989745,0.40625,-0.042334408,-0.08655447,0.0625,0.05405405405405406,64,-0.076048814,0.375,0.6428571428571429,0.12044532,0.42857143,-0.015812546,0.5,-0.45716023,0.38235295,0.04411764705882353,0.14705882352941177,0.067368135,-0.56751996,-1.9141835
2023_14_DEN_LAC,2023,14,LAC,DEN,-0.45716023,0.38235295,-0.5356895,-0.25463745,0.04411764705882353,0.12244897959183673,68,0.067368135,0.48,0.64,-0.56751996,0.42857143,-1.9141835,0.11111111,-0.060989745,0.40625,0.0625,0.078125,-0.076048814,0.12044532,-0.015812546
2023_14_DET_CHI,2023,14,CHI,DET,0.036626834,0.33333334,0.20634128,-0.28158775,0.08695652173913043,0.06666666666666667,69,-0.054598216,0.3,0.6216216216216216,-0.2781958,0.25,0.3446757,0.44444445,-0.16583778,0.41538462,0.09230769230769231,0.1076923076923077,-0.13575767,1.4445381,-0.22886276
2023_14_DET_CHI,2023,14,DET,CHI,-0.16583778,0.41538462,-0.19055314,-0.12361572,0.09230769230769231,0.0975609756097561,65,-0.13575767,0.38636363,0.42857142857142855,1.4445381,1.0,-0.22886276,0.47619048,0.036626834,0.33333334,0.08695652173913043,0.11594202898550725,-0.054598216,-0.2781958,0.3446757
2023_14_GB_NYG,2023,14,GB,NYG,-0.0110164955,0.4117647,0.035293706,-0.09067004,0.07352941176470588,0.046511627906976744,68,-0.009216392,0.4117647,0.5,-0.122738585,0.1875,0.04174465,0.4375,0.034261722,0.54545456,0.14545454545454545,0.03636363636363636,0.16731998,0.36993805,-0.49797136
2023_14_GB_NYG,2023,14,NYG,GB,0.034261722,0.54545456,0.24841683,-0.18782507,0.14545454545454545,0.0,55,0.16731998,0.59090906,0.45454545454545453,0.36993805,0.5,-0.49797136,0.36363637,-0.0110164955,0.4117647,0.07352941176470588,0.10294117647058823,-0.009216392,-0.122738585,0.04174465
2023_14_HOU_NYJ,2023,14,HOU,NYJ,-0.44742012,0.26785713,-0.62540734,-0.100813374,0.07142857142857142,0.13513513513513514,56,-0.12018398,0.325,0.48,0.5345842,0.6666667,-1.2655106,0.125,-0.0007305492,0.3880597,0.1044776119402985,0.13432835820895522,-0.09960581,0.70013195,0.3144344
2023_14_HOU_NYJ,2023,14,NYJ,HOU,-0.0007305492,0.3880597,0.07879934,-0.15287465,0.1044776119402985,0.09090909090909091,67,-0.09960581,0.37254903,0.625,0.70013195,0.71428573,0.3144344,0.4375,-0.44742012,0.26785713,0.07142857142857142,0.125,-0.12018398,0.5345842,-1.2655106
2023_14_IND_CIN,2023,14,CIN,IND,0.08067184,0.41666666,0.20003904,-0.03869537,0.11666666666666667,0.0,60,0.12196695,0.44680852,0.5714285714285714,-0.0017000167,0.33333334,-0.0686259,0.30769232,-0.07042707,0.46031746,0.031746031746031744,0.047619047619047616,-0.090030774,0.08725723,-0.08295365
2023_14_IND_CIN,2023,14,IND,CIN,-0.07042707,0.46031746,0.015731191,-0.28582275,0.031746031746031744,0.06666666666666667,63,-0.090030774,0.46938777,0.75,0.08725723,0.5,-0.08295365,0.3846154,0.08067184,0.41666666,0.11666666666666667,0.05,0.12196695,-0.0017000167,-0.0686259
2023_14_JAX_CLE,2023,14,CLE,JAX,-0.14910914,0.41095892,-0.17806916,-0.09675833,0.0684931506849315,0.02127659574468085,73,-0.18619457,0.42307693,0.6857142857142857,0.4007741,0.4,-0.0572786,0.3809524,-0.15293178,0.36,0.02666666666666667,0.16,-0.08921609,0.63757163,-0.30704343
2023_14_JAX_CLE,2023,14,JAX,CLE,-0.15293178,0.36,-0.13676009,-0.20810574,0.02666666666666667,0.06896551724137931,75,-0.08921609,0.35714287,0.6956521739130435,0.63757163,0.41666666,-0.30704343,0.3888889,-0.14910914,0.41095892,0.0684931506849315,0.0410958904109589,-0.18619457,0.4007741,-0.0572786
2023_14_LA_BAL,2023,14,BAL,LA,0.16838503,0.43661973,0.2900991,-0.21823622,0.07042253521126761,0.037037037037037035,71,0.19630654,0.44827586,0.7297297297297297,-0.2590044,0.22222222,-0.04028684,0.33333334,0.12934248,0.43421054,0.14473684210526316,0.13157894736842105,0.10766058,0.21535116,0.25779867
2023_14_LA_BAL,2023,14,LA,BAL,0.12934248,0.43421054,0.1688762,0.06527058,0.14473684210526316,0.0425531914893617,76,0.10766058,0.4385965,0.45,0.21535116,0.375,0.25779867,0.44444445,0.16838503,0.43661973,0.07042253521126761,0.07042253521126761,0.19630654,-0.2590044,-0.04028684
2023_14_MIN_LV,2023,14,LV,MIN,-0.47764587,0.22222222,-0.660118,-0.11270164,0.05555555555555555,0.1111111111111111,54,-0.5830314,0.18421052,0.5666666666666667,-1.9673561,0.0,-0.2273553,0.3125,-0.18713763,0.4027778,0.05555555555555555,0.1527777777777778,-0.30880904,,0.08938826
2023_14_MIN_LV,2023,14,MIN,LV,-0.18713763,0.4027778,-0.25300324,-0.06331027,0.05555555555555555,0.10638297872340426,72,-0.30880904,0.34,0.48484848484848486,,,0.08938826,0.54545456,-0.47764587,0.22222222,0.05555555555555555,0.09259259259259259,-0.5830314,-1.9673561,-0.2273553
2023_14_NE_PIT,2023,14,NE,PIT,-0.09522749,0.31578946,0.016943172,-0.26104495,0.07017543859649122,0.058823529411764705,57,-0.07486155,0.3255814,0.6666666666666666,1.0176449,0.5,-0.15777998,0.2857143,-0.24123234,0.42028984,0.057971014492753624,0.07246376811594203,-0.03020421,-0.13253893,-0.89932334
2023_14_NE_PIT,2023,14,PIT,NE,-0.24123234,0.42028984,-0.2731224,-0.17745219,0.057971014492753624,0.043478260869565216,69,-0.03020421,0.46,0.45454545454545453,-0.13253893,0.44444445,-0.89932334,0.2777778,-0.09522749,0.31578946,0.07017543859649122,0.03508771929824561,-0.07486155,1.0176449,-0.15777998
2023_14_PHI_DAL,2023,14,DAL,PHI,0.061423045,0.46341464,0.106851175,-0.0060308618,0.08536585365853659,0.061224489795918366,82,-0.09045797,0.4,0.5185185185185185,0.5689175,0.6666667,0.475644,0.6363636,-0.20233186,0.43636364,0.12727272727272726,0.03636363636363636,-0.26875383,-0.95533556,0.035680253
2023_14_PHI_DAL,2023,14,PHI,DAL,-0.20233186,0.43636364,-0.14875132,-0.27154002,0.12727272727272726,0.03225806451612903,55,-0.26875383,0.4651163,0.5555555555555556,-0.95533556,0.0,0.035680253,0.33333334,0.061423045,0.46341464,0.08536585365853659,0.036585365853658534,-0.09045797,0.5689175,0.475644
2023_14_SEA_SF,2023,14,SEA,SF,-0.034029946,0.37288135,0.056152865,-0.25683454,0.1694915254237288,0.09523809523809523,59,0.04440806,0.4090909,0.5333333333333333,-0.843669,0.0,-0.21533725,0.2857143,0.23691404,0.42592594,0.2222222222222222,0.12962962962962962,0.13259968,0.5493701,0.6020143
2023_14_SEA_SF,2023,14,SF,SEA,0.23691404,0.42592594,0.2661245,0.19754346,0.2222222222222222,0.0967741935483871,54,0.13259968,0.4047619,0.6,0.5493701,0.6,0.6020143,0.5,-0.034029946,0.37288135,0.1694915254237288,0.06779661016949153,0.04440806,-0.843669,-0.21533725
2023_14_TB_ATL,2023,14,ATL,TB,0.014714231,0.45070422,0.026116198,-0.0076146075,0.08450704225352113,0.06382978723404255,71,-0.06291205,0.43636364,0.696969696969697,0.18147649,0.6363636,0.23012488,0.46666667,-0.022965625,0.38235295,0.07352941176470588,0.014705882352941176,-0.03223419,0.5144238,0.0027803713
2023_14_TB_ATL,2023,14,TB,ATL,-0.022965625,0.38235295,0.05779831,-0.0947558,0.07352941176470588,0.03125,68,-0.03223419,0.38,0.3333333333333333,0.5144238,0.6,0.0027803713,0.3888889,0.014714231,0.45070422,0.08450704225352113,0.04225352112676056,-0.06291205,0.18147649,0.23012488
2023_14_TEN_MIA,2023,14,MIA,TEN,-0.01294228,0.5,-0.13102515,0.15237375,0.09722222222222222,0.11904761904761904,72,0.069016136,0.5263158,0.4857142857142857,-0.4762519,0.53846157,-0.32438427,0.4,0.04673151,0.44285715,0.1,0.11428571428571428,0.05902006,0.27923784,-0.083609074
2023_14_TEN_MIA,2023,14,TEN,MIA,0.04673151,0.44285715,0.2701685,-0.3091126,0.1,0.023255813953488372,70,0.05902006,0.42857143,0.4878048780487805,0.27923784,0.5,-0.083609074,0.46153846,-0.01294228,0.5,0.09722222222222222,0.09722222222222222,0.069016136,-0.4762519,-0.32438427
2023_15_ATL_CAR,2023,15,ATL,CAR,-0.27639684,0.37254903,0.15617086,-0.6045517,0.0392156862745098,0.0,51,-0.18210937,0.35135135,0.42857142857142855,-0.7662064,0.4,-0.52558506,0.42857143,-0.16191311,0.3809524,0.09523809523809523,0.07936507936507936,-0.069578715,-0.2861357,-0.39274913
2023_15_ATL_CAR,2023,15,CAR,ATL,-0.16191311,0.3809524,-0.036616016,-0.28329468,0.09523809523809523,0.0967741935483871,63,-0.069578715,0.37777779,0.375,-0.2861357,0.27272728,-0.39274913,0.3888889,-0.27639684,0.37254903,0.0392156862745098,0.0196078431372549,-0.18210937,-0.7662064,-0.52558506
2023_15_BAL_JAX,2023,15,BAL,JAX,0.036729246,0.54285717,-0.025035359,0.0858242,0.12857142857142856,0.0967741935483871,70,0.13611086,0.5535714,0.5294117647058824,-0.24125333,0.2857143,-0.36079717,0.5,-0.21370248,0.37096775,0.04838709677419355,0.06451612903225806,-0.011129638,-1.6974672,-0.79609936
2023_15_BAL_JAX,2023,15,JAX,BAL,-0.21370248,0.37096775,-0.22214426,-0.18188341,0.04838709677419355,0.02040816326530612,62,-0.011129638,0.39130434,0.5217391304347826,-1.6974672,0.0,-0.79609936,0.3125,0.036729246,0.54285717,0.12857142857142856,0.12857142857142856,0.13611086,-0.24125333,-0.36079717
2023_15_CHI_CLE,2023,15,CHI,CLE,-0.29511118,0.2777778,-0.29444364,-0.29629222,0.08333333333333333,0.06521739130434782,72,-0.24970438,0.28846154,0.5588235294117647,0.18106663,0.33333334,-0.41316885,0.25,-0.3749532,0.33333334,0.07246376811594203,0.08695652173913043,-0.42002088,-0.5298842,-0.2370992
2023_15_CHI_CLE,2023,15,CLE,CHI,-0.3749532,0.33333334,-0.32129386,-0.5269881,0.07246376811594203,0.0784313725490196,69,-0.42002088,0.34615386,0.6896551724137931,-0.5298842,0.21428572,-0.2370992,0.29411766,-0.29511118,0.2777778,0.08333333333333333,0.1111111111111111,-0.24970438,0.18106663,-0.41316885
2023_15_DAL_BUF,2023,15,BUF,DAL,0.23441646,0.546875,0.214079,0.2443487,0.140625,0.047619047619047616,64,0.27219528,0.537037,0.36363636363636365,0.19735159,0.41666666,0.030410862,0.6,-0.09418129,0.4385965,0.017543859649122806,0.10526315789473684,0.0019048282,0.15704171,-0.36322242
2023_15_DAL_BUF,2023,15,DAL,BUF,-0.09418129,0.4385965,-0.15888949,0.07163347,0.017543859649122806,0.07317073170731707,57,0.0019048282,0.45238096,0.5,0.15704171,0.6666667,-0.36322242,0.4,0.23441646,0.546875,0.140625,0.0625,0.27219528,0.19735159,0.030410862
2023_15_DEN_DET,2023,15,DEN,DET,-0.07245558,0.41269842,0.05347056,-0.24035709,0.07936507936507936,0.05555555555555555,63,-0.24160182,0.39130434,0.4166666666666667,-0.43335146,0.46666667,0.38523424,0.47058824,0.31238315,0.5,0.16666666666666666,0.10606060606060606,0.27969167,0.7069766,0.4758406
2023_15_DEN_DET,2023,15,DET,DEN,0.31238315,0.5,0.43773967,0.15244554,0.16666666666666666,0.05405405405405406,66,0.27969167,0.4909091,0.68,0.7069766,0.4,0.4758406,0.54545456,-0.07245558,0.41269842,0.07936507936507936,0.12698412698412698,-0.24160182,-0.43335146,0.38523424
2023_15_HOU_TEN,2023,15,HOU,TEN,-0.10335612,0.45454547,-0.029684037,-0.20158558,0.09090909090909091,0.09090909090909091,77,-0.036793903,0.46666667,0.6923076923076923,-0.037066605,0.46153846,-0.3382816,0.4117647,-0.18189448,0.26984128,0.07936507936507936,0.1746031746031746,-0.33138287,-0.58969444,0.25722766
2023_15_HOU_TEN,2023,15,TEN,HOU,-0.18189448,0.26984128,-0.110874765,-0.27658743,0.07936507936507936,0.19444444444444445,63,-0.33138287,0.23404256,0.42105263157894735,-0.58969444,0.25,0.25722766,0.375,-0.10335612,0.45454547,0.09090909090909091,0.07792207792207792,-0.036793903,-0.037066605,-0.3382816
2023_15_KC_NE,2023,15,KC,NE,-0.022035422,0.37096775,0.06731526,-0.25855193,0.0967741935483871,0.06666666666666667,62,-0.06064187,0.36,0.78125,0.26712826,0.3846154,0.13882478,0.41666666,-0.358108,0.33962265,0.03773584905660377,0.11320754716981132,-0.3292668,0.17099452,-0.4311725
2023_15_KC_NE,2023,15,NE,KC,-0.358108,0.33962265,-0.42480978,-0.20386027,0.03773584905660377,0.10810810810810811,53,-0.3292668,0.39473686,0.7391304347826086,0.17099452,0.375,-0.4311725,0.2,-0.022035422,0.37096775,0.0967741935483871,0.06451612903225806,-0.06064187,0.26712826,0.13882478
2023_15_LAC_LV,2023,15,LAC,LV,-0.39565274,0.4,-0.26034236,-0.57445574,0.046153846153846156,0.08108108108108109,65,-0.4124506,0.3846154,0.6666666666666666,0.8511864,0.8,-0.32846123,0.46153846,0.2605622,0.5,0.109375,0.046875,0.0955598,0.85202247,0.7555695
2023_15_LAC_LV,2023,15,LV,LAC,0.2605622,0.5,0.34459394,0.1377466,0.109375,0.02631578947368421,64,0.0955598,0.45833334,0.6923076923076923,0.85202247,0.7,0.7555695,0.625,-0.39565274,0.4,0.046153846153846156,0.09230769230769231,-0.4124506,0.8511864,-0.32846123
2023_15_MIN_CIN,2023,15,CIN,MIN,0.12670293,0.5,0.13935383,0.0963408,0.08823529411764706,0.10416666666666667,68,0.051707536,0.5,0.7142857142857143,0.22532691,0.6666667,0.41597095,0.5,0.14670844,0.5,0.058823529411764705,0.14705882352941177,0.24270089,-0.44351113,-0.25941345
2023_15_MIN_CIN,2023,15,MIN,CIN,0.14670844,0.5,0.28519326,-0.051127043,0.058823529411764705,0.075,68,0.24270089,0.5272727,0.5,-0.44351113,0.375,-0.25941345,0.3846154,0.12670293,0.5,0.08823529411764706,0.11764705882352941,0.051707536,0.22532691,0.41597095
2023_15_NYG_NO,2023,15,NO,NYG,0.10413419,0.44067797,0.41224045,-0.2610288,0.05084745762711865,0.03125,59,-0.03332404,0.39130434,0.5483870967741935,0.4278695,0.5,0.5905248,0.61538464,-0.3090216,0.24590164,0.06557377049180328,0.13114754098360656,-0.4513622,,-0.017223328
2023_15_NYG_NO,2023,15,NYG,NO,-0.3090216,0.24590164,-0.33741337,-0.22195348,0.06557377049180328,0.15217391304347827,61,-0.4513622,0.2195122,0.6071428571428571,,,-0.017223328,0.3,0.10413419,0.44067797,0.05084745762711865,0.03389830508474576,-0.03332404,0.4278695,0.5905248
2023_15_NYJ_MIA,2023,15,MIA,NYJ,0.042210095,0.33898306,0.21082185,-0.13221584,0.0847457627118644,0.1,59,-0.19562027,0.25581396,0.5,-0.21213739,0.42857143,0.6813792,0.5625,-0.5298771,0.22033899,0.01694915254237288,0.22033898305084745,-0.6448654,,-0.24578841
2023_15_NYJ_MIA,2023,15,NYJ,MIA,-0.5298771,0.22033899,-0.4765856,-0.71844715,0.01694915254237288,0.13043478260869565,59,-0.6448654,0.14285715,0.5714285714285714,,,-0.24578841,0.4117647,0.042210095,0.33898306,0.0847457627118644,0.06779661016949153,-0.19562027,-0.21213739,0.6813792
2023_15_PHI_SEA,2023,15,PHI,SEA,0.11432601,0.5072464,0.16027042,0.061202794,0.057971014492753624,0.0,69,-0.051840488,0.48076922,0.475,0.38529295,0.53846157,0.6226,0.5882353,0.1206758,0.43333334,0.08333333333333333,0.05,0.0034240107,-0.9872138,0.47243115
2023_15_PHI_SEA,2023,15,SEA,PHI,0.1206758,0.43333334,0.1935779,0.0033984962,0.08333333333333333,0.05405405405405406,60,0.0034240107,0.42222223,0.5,-0.9872138,0.0,0.47243115,0.46666667,0.11432601,0.5072464,0.057971014492753624,0.0,-0.051840488,0.38529295,0.6226
2023_15_PIT_IND,2023,15,IND,PIT,0.10618993,0.43939394,0.058650382,0.1567007,0.10606060606060606,0.08823529411764706,66,0.19432352,0.42857143,0.6785714285714286,-0.21426944,0.25,-0.14784221,0.47058824,-0.36178845,0.3275862,0.05172413793103448,0.1206896551724138,-0.5120097,0.32759884,0.03254226
2023_15_PIT_IND,2023,15,PIT,IND,-0.36178845,0.3275862,-0.34675553,-0.3830851,0.05172413793103448,0.11764705882352941,58,-0.5120097,0.30952382,0.44,0.32759884,0.5,0.03254226,0.375,0.10618993,0.43939394,0.10606060606060606,0.07575757575757576,0.19432352,-0.21426944,-0.14784221
2023_15_SF_ARI,2023,15,ARI,SF,0.01217334,0.4054054,-0.113585226,0.23108637,0.0945945945945946,0.06382978723404255,74,-0.013155656,0.3773585,0.46153846153846156,0.06463946,0.3846154,0.12725386,0.5,0.43429983,0.5471698,0.22641509433962265,0.018867924528301886,0.36680245,0.95414567,0.87785393
2023_15_SF_ARI,2023,15,SF,ARI,0.43429983,0.5471698,0.6802579,0.15882675,0.22641509433962265,0.0,53,0.36680245,0.54347825,0.6538461538461539,0.95414567,0.75,0.87785393,0.5714286,0.01217334,0.4054054,0.0945945945945946,0.06756756756756757,-0.013155656,0.06463946,0.12725386
2023_15_TB_GB,2023,15,GB,TB,0.044772673,0.45762712,0.11079261,-0.13265586,0.1016949152542373,0.046511627906976744,59,0.10541268,0.46666667,0.5454545454545454,-0.20064415,0.46153846,-0.15014158,0.42857143,0.3791426,0.51666665,0.16666666666666666,0.08333333333333333,0.087339565,0.359665,1.4341229
2023_15_TB_GB,2023,15,TB,GB,0.3791426,0.51666665,0.7164146,-0.09303815,0.16666666666666666,0.14285714285714285,60,0.087339565,0.4680851,0.5897435897435898,0.359665,0.5,1.4341229,0.6923077,0.044772673,0.45762712,0.1016949152542373,0.1016949152542373,0.10541268,-0.20064415,-0.15014158
2023_15_WAS_LA,2023,15,LA,WAS,0.0050940895,0.44,0.11947549,-0.1123787,0.12,0.07894736842105263,75,-0.14216317,0.3859649,0.375,-0.029550036,0.33333334,0.43719754,0.5882353,-0.1319266,0.37704918,0.06557377049180328,0.06557377049180328,-0.12736177,-0.17369857,-0.14062148
2023_15_WAS_LA,2023,15,WAS,LA,-0.1319266,0.37704918,-0.014094786,-0.436903,0.06557377049180328,0.022727272727272728,61,-0.12736177,0.375,0.6153846153846154,-0.17369857,0.23076923,-0.14062148,0.3809524,0.0050940895,0.44,0.12,0.08,-0.14216317,-0.029550036,0.43719754
2023_16_ARI_CHI,2023,16,ARI,CHI,-0.11311582,0.32786885,-0.11641866,-0.105225705,0.09836065573770492,0.046511627906976744,61,-0.18278232,0.30952382,0.5,1.1064397,0.5,0.09576628,0.3888889,0.1171819,0.42857143,0.17142857142857143,0.02857142857142857,-0.018357454,-0.1274019,0.5746272
2023_16_ARI_CHI,2023,16,CHI,ARI,0.1171819,0.42857143,0.006748211,0.23411168,0.17142857142857143,0.027777777777777776,70,-0.018357454,0.37037036,0.5,-0.1274019,0.5,0.5746272,0.625,-0.11311582,0.32786885,0.09836065573770492,0.06557377049180328,-0.18278232,1.1064397,0.09576628
2023_16_BAL_SF,2023,16,BAL,SF,0.0950528,0.46268657,0.21804442,-0.14023553,0.07462686567164178,0.045454545454545456,67,0.06919213,0.44444445,0.7837837837837838,0.18695605,0.47058824,0.20247401,0.53846157,-0.16465242,0.44285715,0.12857142857142856,0.12857142857142856,-0.24243464,-0.5229135,0.044131454
2023_16_BAL_SF,2023,16,SF,BAL,-0.16465242,0.44285715,-0.26354742,0.14366731,0.12857142857142856,0.07547169811320754,70,-0.24243464,0.4117647,0.5833333333333334,-0.5229135,0.36363637,0.044131454,0.5263158,0.0950528,0.46268657,0.07462686567164178,0.04477611940298507,0.06919213,0.18695605,0.20247401
2023_16_BUF_LAC,2023,16,BUF,LAC,-0.0006171873,0.38181818,0.23730269,-0.21392466,0.07272727272727272,0.038461538461538464,55,-0.027059196,0.35555556,0.36,0.23179084,0.5555556,0.11837188,0.5,-0.112385124,0.34285715,0.07142857142857142,0.08571428571428572,-0.011095968,-0.3665157,-0.4837787
2023_16_BUF_LAC,2023,16,LAC,BUF,-0.112385124,0.34285715,-0.057981018,-0.19902872,0.07142857142857142,0.11627906976744186,70,-0.011095968,0.34545454,0.4358974358974359,-0.3665157,0.33333334,-0.4837787,0.33333334,-0.0006171873,0.38181818,0.07272727272727272,0.01818181818181818,-0.027059196,0.23179084,0.11837188
2023_16_CIN_PIT,2023,16,CIN,PIT,-0.1931949,0.421875,-0.14565997,-0.3357997,0.09375,0.0625,64,-0.13488847,0.40425533,0.6666666666666666,-1.0781502,0.18181819,-0.44235724,0.4375,0.20821056,0.45762712,0.06779661016949153,0.05084745762711865,0.1123153,0.43456358,0.51644534
2023_16_CIN_PIT,2023,16,PIT,CIN,0.20821056,0.45762712,0.3313815,0.08079233,0.06779661016949153,0.03333333333333333,59,0.1123153,0.42222223,0.36363636363636365,0.43456358,0.5,0.51644534,0.5714286,-0.1931949,0.421875,0.09375,0.125,-0.13488847,-1.0781502,-0.44235724
2023_16_CLE_HOU,2023,16,CLE,HOU,0.11120669,0.43209878,0.30820438,-0.19044599,0.08641975308641975,0.02040816326530612,81,0.10013727,0.4107143,0.6190476190476191,-0.14568658,0.36,0.10186622,0.45454547,-0.1957408,0.36,0.02666666666666667,0.08,-0.19336726,0.62666875,-0.2645864
2023_16_CLE_HOU,2023,16,HOU,CLE,-0.1957408,0.36,-0.16414958,-0.32210568,0.02666666666666667,0.05,75,-0.19336726,0.35185185,0.5263157894736842,0.62666875,0.625,-0.2645864,0.35,0.11120669,0.43209878,0.08641975308641975,0.09876543209876543,0.10013727,-0.14568658,0.10186622
2023_16_DAL_MIA,2023,16,DAL,MIA,0.14665474,0.47692308,0.35503155,-0.26062715,0.07692307692307693,0.09302325581395349,65,-0.016183153,0.4680851,0.4782608695652174,-0.415408,0.46153846,0.5718426,0.5,0.04150922,0.52380955,0.07936507936507936,0.06349206349206349,0.13056907,-0.30754048,-0.27020022
2023_16_DAL_MIA,2023,16,MIA,DAL,0.04150922,0.52380955,0.19705121,-0.21124654,0.07936507936507936,0.02564102564102564,63,0.13056907,0.5510204,0.575,-0.30754048,0.42857143,-0.27020022,0.42857143,0.14665474,0.47692308,0.07692307692307693,0.16923076923076924,-0.016183153,-0.415408,0.5718426
2023_16_DET_MIN,2023,16,DET,MIN,0.18413636,0.5064935,0.34622863,-0.020862704,0.07792207792207792,0.023255813953488372,77,0.035095546,0.46774194,0.5833333333333334,0.4351153,0.6315789,0.80017173,0.6666667,0.06467116,0.41509435,0.20754716981132076,0.20754716981132076,0.13364676,0.08030462,-0.19869016
2023_16_DET_MIN,2023,16,MIN,DET,0.06467116,0.41509435,0.15962128,-0.3436144,0.20754716981132076,0.09302325581395349,53,0.13364676,0.42857143,0.5909090909090909,0.08030462,0.36363637,-0.19869016,0.36363637,0.18413636,0.5064935,0.07792207792207792,0.03896103896103896,0.035095546,0.4351153,0.80017173
2023_16_GB_CAR,2023,16,CAR,GB,0.20050758,0.47692308,0.3646552,-0.06212861,0.1076923076923077,0.05,65,0.20641363,0.47916666,0.6666666666666666,1.0971837,0.7777778,0.13814251,0.46666667,0.28607178,0.5151515,0.15151515151515152,0.030303030303030304,0.12846115,0.31223917,0.821948
2023_16_GB_CAR,2023,16,GB,CAR,0.28607178,0.5151515,0.44913417,0.123009406,0.15151515151515152,0.030303030303030304,66,0.12846115,0.47058824,0.4166666666666667,0.31223917,0.5555556,0.821948,0.6666667,0.20050758,0.47692308,0.1076923076923077,0.13846153846153847,0.20641363,1.0971837,0.13814251
2023_16_IND_ATL,2023,16,ATL,IND,0.13086963,0.50793654,0.24391668,-0.0016683176,0.09523809523809523,0.029411764705882353,63,0.19042315,0.5102041,0.6129032258064516,-0.581708,0.09090909,-0.077567756,0.5,-0.18554586,0.35714287,0.04285714285714286,0.14285714285714285,-0.1698294,-0.0341466,-0.23094903
2023_16_IND_ATL,2023,16,IND,ATL,-0.18554586,0.35714287,-0.08204527,-0.42704728,0.04285714285714286,0.12244897959183673,70,-0.1698294,0.34615386,0.6071428571428571,-0.0341466,0.22222222,-0.23094903,0.3888889,0.13086963,0.50793654,0.09523809523809523,0.047619047619047616,0.19042315,-0.581708,-0.077567756
2023_16_JAX_TB,2023,16,JAX,TB,-0.14718468,0.45454547,-0.061260227,-0.691373,0.045454545454545456,0.07017543859649122,66,-0.06081696,0.5,0.4,-0.3017614,0.3,-0.38814235,0.33333334,0.099744685,0.4084507,0.056338028169014086,0.056338028169014086,-0.15021887,-0.086061135,0.694896
2023_16_JAX_TB,2023,16,TB,JAX,0.099744685,0.4084507,0.43088618,-0.32753465,0.056338028169014086,0.05,71,-0.15021887,0.32,0.47058823529411764,-0.086061135,0.3125,0.694896,0.61904764,-0.14718468,0.45454547,0.045454545454545456,0.07575757575757576,-0.06081696,-0.3017614,-0.38814235
2023_16_LV_KC,2023,16,KC,LV,-0.21523277,0.42105263,-0.015901256,-0.962726,0.05263157894736842,0.06666666666666667,76,-0.3309073,0.37037036,0.5555555555555556,-0.050318427,0.33333334,0.06869552,0.54545456,-0.134221,0.3529412,0.0784313725490196,0.11764705882352941,-0.07512632,-0.58861864,-0.34763312
2023_16_LV_KC,2023,16,LV,KC,-0.134221,0.3529412,-0.4513396,0.1476622,0.0784313725490196,0.08333333333333333,51,-0.07512632,0.35135135,0.65,-0.58861864,0.125,-0.34763312,0.33333334,-0.21523277,0.42105263,0.05263157894736842,0.13157894736842105,-0.3309073,-0.050318427,0.06869552
2023_16_NE_DEN,2023,16,DEN,NE,-0.12848596,0.45588234,-0.118231475,-0.14992715,0.058823529411764705,0.10869565217391304,68,-0.08968291,0.47058824,0.6,0.094758525,0.61538464,-0.4179478,0.33333334,-0.10795496,0.33333334,0.08771929824561403,0.08771929824561403,-0.030118471,0.37588674,-0.3714015
2023_16_NE_DEN,2023,16,NE,DEN,-0.10795496,0.33333334,0.03867217,-0.35931575,0.08771929824561403,0.05555555555555555,57,-0.030118471,0.36363637,0.5882352941176471,0.37588674,0.2857143,-0.3714015,0.23076923,-0.12848596,0.45588234,0.058823529411764705,0.14705882352941177,-0.08968291,0.094758525,-0.4179478
2023_16_NO_LA,2023,16,LA,NO,0.19617718,0.47826087,0.47040188,-0.10297701,0.13043478260869565,0.027777777777777776,69,0.2116111,0.48214287,0.5217391304347826,0.036013424,0.42105263,0.1296927,0.46153846,-0.066692725,0.37288135,0.0847457627118644,0.05084745762711865,0.1899025,0.7430257,-0.95311296
2023_16_NO_LA,2023,16,NO,LA,-0.066692725,0.37288135,0.032826647,-0.35861623,0.0847457627118644,0.045454545454545456,59,0.1899025,0.36363637,0.625,0.7430257,0.75,-0.95311296,0.35714287,0.19617718,0.47826087,0.13043478260869565,0.043478260869565216,0.2116111,0.036013424,0.1296927
2023_16_NYG_PHI,2023,16,NYG,PHI,-0.052467074,0.35,-0.08132898,-0.012060396,0.08333333333333333,0.02857142857142857,60,0.031907633,0.325,0.5454545454545454,0.77675766,0.5,-0.28828055,0.36842105,0.09491484,0.5263158,0.11842105263157894,0.02631578947368421,-0.06388145,-0.06553362,0.6460313
2023_16_NYG_PHI,2023,16,PHI,NYG,0.09491484,0.5263158,0.09833762,0.090454854,0.11842105263157894,0.023255813953488372,76,-0.06388145,0.4915254,0.5294117647058824,-0.06553362,0.46153846,0.6460313,0.64705884,-0.052467074,0.35,0.08333333333333333,0.1,0.031907633,0.77675766,-0.28828055
2023_16_SEA_TEN,2023,16,SEA,TEN,0.18478686,0.4516129,0.3329817,-0.15060149,0.08064516129032258,0.06976744186046512,62,0.10039631,0.39583334,0.59375,-0.03052562,0.27272728,0.47412586,0.64285713,0.13611348,0.52307695,0.06153846153846154,0.13846153846153847,-0.0055053714,0.31901133,0.65201074
2023_16_SEA_TEN,2023,16,TEN,SEA,0.13611348,0.52307695,0.15500054,0.11266746,0.06153846153846154,0.16666666666666666,65,-0.0055053714,0.49019608,0.5,0.31901133,0.6666667,0.65201074,0.64285713,0.18478686,0.4516129,0.08064516129032258,0.04838709677419355,0.10039631,-0.03052562,0.47412586
2023_16_WAS_NYJ,2023,16,NYJ,WAS,-0.20333496,0.43333334,-0.23325591,-0.15631634,0.03333333333333333,0.0,90,-0.16235349,0.45070422,0.8,-0.6000814,0.33333334,-0.35647622,0.36842105,-0.09269743,0.39344263,0.11475409836065574,0.04918032786885246,-0.0845875,0.7566735,-0.11992363
2023_16_WAS_NYJ,2023,16,WAS,NYJ,-0.09269743,0.39344263,-0.26893887,0.24300054,0.11475409836065574,0.025,61,-0.0845875,0.40425533,0.75,0.7566735,0.5555556,-0.11992363,0.35714287,-0.20333496,0.43333334,0.03333333333333333,0.044444444444444446,-0.16235349,-0.6000814,-0.35647622
2023_17_ARI_PHI,2023,17,ARI,PHI,0.2823392,0.59210527,0.3667144,0.20229091,0.14473684210526316,0.02702702702702703,76,0.35595128,0.5873016,0.48,0.23246749,0.5,-0.168346,0.5833333,0.23130909,0.5102041,0.08163265306122448,0.04081632653061224,0.15714721,0.42646694,0.4875047
2023_17_ARI_PHI,2023,17,PHI,ARI,0.23130909,0.5102041,0.5224773,-0.07199118,0.08163265306122448,0.0,49,0.15714721,0.5,0.5,0.42646694,0.5,0.4875047,0.54545456,0.2823392,0.59210527,0.14473684210526316,0.039473684210526314,0.35595128,0.23246749,-0.168346
2023_17_ATL_CHI,2023,17,ATL,CHI,-0.07273241,0.3898305,-0.08510668,-0.048602603,0.13559322033898305,0.05128205128205128,59,-0.12059674,0.37777779,0.46153846153846156,-0.69711816,0.0,0.08111723,0.42857143,0.10169537,0.3783784,0.13513513513513514,0.06756756756756757,0.07518993,0.20144142,0.18415676
2023_17_ATL_CHI,2023,17,CHI,ATL,0.10169537,0.3783784,0.20976412,-0.025444325,0.13513513513513514,0.075,74,0.07518993,0.35714287,0.4782608695652174,0.20144142,0.5,0.18415676,0.44444445,-0.07273241,0.3898305,0.13559322033898305,0.11864406779661017,-0.12059674,-0.69711816,0.08111723
2023_17_CAR_JAX,2023,17,CAR,JAX,-0.45970646,0.33333334,-0.5816566,-0.14263609,0.0,0.15384615384615385,54,-0.31073058,0.4,0.5384615384615384,,,-0.7341357,0.21052632,0.122113295,0.37288135,0.0847457627118644,0.1016949152542373,0.07537596,-0.4027872,0.24771991
2023_17_CAR_JAX,2023,17,JAX,CAR,0.122113295,0.37288135,0.26049656,-0.011657182,0.0847457627118644,0.10344827586206896,59,0.07537596,0.3255814,0.5217391304347826,-0.4027872,0.26666668,0.24771991,0.5,-0.45970646,0.33333334,0.0,0.14814814814814814,-0.31073058,,-0.7341357
2023_17_CIN_KC,2023,17,CIN,KC,-0.0056137275,0.35135135,0.20056298,-0.36451393,0.04054054054054054,0.1276595744680851,74,-0.15596877,0.3018868,0.5,-0.121231556,0.31578946,0.37385374,0.47619048,0.053653557,0.3846154,0.11538461538461539,0.1346153846153846,0.1856992,-0.30926523,-0.34248334
2023_17_CIN_KC,2023,17,KC,CIN,0.053653557,0.3846154,0.037816115,0.08356872,0.11538461538461539,0.058823529411764705,52,0.1856992,0.41025642,0.64,-0.30926523,0.22222222,-0.34248334,0.30769232,-0.0056137275,0.35135135,0.04054054054054054,0.17567567567567569,-0.15596877,-0.121231556,0.37385374
2023_17_DET_DAL,2023,17,DAL,DET,-0.030021451,0.46875,0.13851319,-0.3751162,0.109375,0.06976744186046512,64,-0.25510123,0.44,0.6666666666666666,-0.63516766,0.6666667,0.7738348,0.5714286,-0.04366071,0.43283582,0.14925373134328357,0.1044776119402985,0.03093029,-0.19694598,-0.21643257
2023_17_DET_DAL,2023,17,DET,DAL,-0.04366071,0.43283582,0.07133592,-0.17720518,0.14925373134328357,0.027777777777777776,67,0.03093029,0.47916666,0.37142857142857144,-0.19694598,0.33333334,-0.21643257,0.375,-0.030021451,0.46875,0.109375,0.109375,-0.25510123,-0.63516766,0.7738348
2023_17_GB_MIN,2023,17,GB,MIN,0.27739015,0.5416667,0.47520566,0.10039734,0.1388888888888889,0.0,72,0.3027065,0.5263158,0.47619047619047616,0.06579505,0.46153846,0.18118806,0.6,-0.34017298,0.3653846,0.038461538461538464,0.23076923076923078,-0.2266691,-0.92486966,-0.7185193
2023_17_GB_MIN,2023,17,MIN,GB,-0.34017298,0.3653846,-0.46349585,0.029795626,0.038461538461538464,0.10256410256410256,52,-0.2266691,0.4,0.5,-0.92486966,0.2,-0.7185193,0.25,0.27739015,0.5416667,0.1388888888888889,0.041666666666666664,0.3027065,0.06579505,0.18118806
2023_17_LAC_DEN,2023,17,DEN,LAC,0.0002161647,0.41791046,0.1839997,-0.24060364,0.08955223880597014,0.05263157894736842,67,-0.04623611,0.41304347,0.5483870967741935,-0.60702187,0.16666667,0.10196879,0.42857143,-0.14458488,0.3846154,0.03076923076923077,0.03076923076923077,-0.07407318,-0.6649502,-0.4014489
2023_17_LAC_DEN,2023,17,LAC,DEN,-0.14458488,0.3846154,0.031250723,-0.42592183,0.03076923076923077,0.025,65,-0.07407318,0.4117647,0.5217391304347826,-0.6649502,0.0,-0.4014489,0.2857143,0.0002161647,0.41791046,0.08955223880597014,0.05970149253731343,-0.04623611,-0.60702187,0.10196879
2023_17_LA_NYG,2023,17,LA,NYG,0.0240378,0.4918033,-0.06891312,0.18881442,0.08196721311475409,0.10256410256410256,61,0.068059996,0.53846157,0.6923076923076923,0.97196865,0.8,-0.23031265,0.22222222,-0.10970622,0.369863,0.0958904109589041,0.1232876712328767,-0.04404139,-0.6605199,-0.24880849
2023_17_LA_NYG,2023,17,NYG,LA,-0.10970622,0.369863,-0.05785926,-0.25706077,0.0958904109589041,0.1111111111111111,73,-0.04404139,0.3773585,0.7777777777777778,-0.6605199,0.0,-0.24880849,0.36842105,0.0240378,0.4918033,0.08196721311475409,0.11475409836065574,0.068059996,0.97196865,-0.23031265
2023_17_LV_IND,2023,17,IND,LV,0.14300106,0.4,0.45793808,-0.16068819,0.14545454545454545,0.037037037037037035,55,-0.07656227,0.3846154,0.5769230769230769,-0.22418451,0.375,0.6781868,0.4375,0.10366213,0.44,0.02666666666666667,0.08,0.052720163,0.1517581,0.26497838
2023_17_LV_IND,2023,17,LV,IND,0.10366213,0.44,0.21256374,-0.1141411,0.02666666666666667,0.04,75,0.052720163,0.4385965,0.5,0.1517581,0.42857143,0.26497838,0.44444445,0.14300106,0.4,0.14545454545454545,0.03636363636363636,-0.07656227,-0.22418451,0.6781868
2023_17_MIA_BAL,2023,17,BAL,MIA,0.5409489,0.54545456,1.173822,-0.06932167,0.16363636363636364,0.037037037037037035,55,0.31600958,0.5217391,0.6086956521739131,0.79013604,0.64285713,1.6906388,0.6666667,-0.14220163,0.39130434,0.11594202898550725,0.057971014492753624,-0.3096364,-0.057761066,0.29988176
2023_17_MIA_BAL,2023,17,MIA,BAL,-0.14220163,0.39130434,-0.07636429,-0.27387628,0.11594202898550725,0.06521739130434782,69,-0.3096364,0.39583334,0.5416666666666666,-0.057761066,0.2857143,0.29988176,0.4,0.5409489,0.54545456,0.16363636363636364,0.03636363636363636,0.31600958,0.79013604,1.6906388
2023_17_NE_BUF,2023,17,BUF,NE,-0.049216945,0.47761193,-0.097270474,0.0033416003,0.029850746268656716,0.02857142857142857,67,-0.014995312,0.48076922,0.5277777777777778,-0.010573387,0.5882353,-0.16785195,0.46666667,-0.28278854,0.3846154,0.057692307692307696,0.15384615384615385,-0.17944875,1.8932769,-0.7168157
2023_17_NE_BUF,2023,17,NE,BUF,-0.28278854,0.3846154,-0.41643935,-0.08549446,0.057692307692307696,0.0967741935483871,52,-0.17944875,0.3809524,0.5714285714285714,1.8932769,1.0,-0.7168157,0.4,-0.049216945,0.47761193,0.029850746268656716,0.05970149253731343,-0.014995312,-0.010573387,-0.16785195
2023_17_NO_TB,2023,17,NO,TB,0.073435076,0.35820895,0.27823943,-0.1505697,0.07462686567164178,0.02857142857142857,67,-0.031532682,0.32,0.4,0.03323574,0.44444445,0.38216376,0.47058824,-0.096206784,0.36363637,0.12727272727272726,0.05454545454545454,-0.27049798,-0.4735,0.63786745
2023_17_NO_TB,2023,17,TB,NO,-0.096206784,0.36363637,0.14487264,-0.7390852,0.12727272727272726,0.05,55,-0.27049798,0.35714287,0.5384615384615384,-0.4735,0.0,0.63786745,0.45454547,0.073435076,0.35820895,0.07462686567164178,0.014925373134328358,-0.031532682,0.03323574,0.38216376
2023_17_NYJ_CLE,2023,17,CLE,NYJ,-0.05317569,0.45,0.05830195,-0.18057871,0.2,0.03125,60,-0.23342568,0.4375,0.6,-0.098753676,0.4,0.66782427,0.5,-0.16764995,0.3943662,0.11267605633802817,0.07042253521126761,-0.20993899,-0.86233264,-0.051911555
2023_17_NYJ_CLE,2023,17,NYJ,CLE,-0.16764995,0.3943662,-0.3093827,0.22025013,0.11267605633802817,0.038461538461538464,71,-0.20993899,0.3846154,0.375,-0.86233264,0.0,-0.051911555,0.42105263,-0.05317569,0.45,0.2,0.03333333333333333,-0.23342568,-0.098753676,0.66782427
2023_17_PIT_SEA,2023,17,PIT,SEA,0.26928362,0.5070422,0.37607634,0.20375171,0.14084507042253522,0.037037037037037035,71,0.26861194,0.5090909,0.325,0.052352026,0.33333334,0.2715926,0.5,0.12261409,0.46938777,0.16326530612244897,0.1836734693877551,0.11264707,0.2817317,0.16691197
2023_17_PIT_SEA,2023,17,SEA,PIT,0.12261409,0.46938777,0.21565032,-0.16424765,0.16326530612244897,0.02702702702702703,49,0.11264707,0.5,0.6206896551724138,0.2817317,0.2857143,0.16691197,0.33333334,0.26928362,0.5070422,0.14084507042253522,0.028169014084507043,0.26861194,0.052352026,0.2715926
2023_17_SF_WAS,2023,17,SF,WAS,0.24398635,0.64705884,0.39974636,0.1134847,0.1323529411764706,0.03225806451612903,68,0.31318638,0.6896552,0.4146341463414634,-0.067519486,0.45833334,-0.1573739,0.4,-0.17101051,0.5,0.10869565217391304,0.13043478260869565,-0.011629692,-0.1859995,-0.74478143
2023_17_SF_WAS,2023,17,WAS,SF,-0.17101051,0.5,-0.30070388,0.12543152,0.10869565217391304,0.03125,46,-0.011629692,0.5555556,0.6153846153846154,-0.1859995,0.5,-0.74478143,0.3,0.24398635,0.64705884,0.1323529411764706,0.029411764705882353,0.31318638,-0.067519486,-0.1573739
2023_17_TEN_HOU,2023,17,HOU,TEN,0.0025303217,0.47540984,0.091970146,-0.110097595,0.03278688524590164,0.029411764705882353,61,0.12328036,0.52,0.5238095238095238,-0.4433236,0.14285715,-0.54633343,0.27272728,-0.43437898,0.2777778,0.05555555555555555,0.2037037037037037,-0.44258046,-0.52218634,-0.41652864
2023_17_TEN_HOU,2023,17,TEN,HOU,-0.43437898,0.2777778,-0.3874197,-0.5081721,0.05555555555555555,0.18181818181818182,54,-0.44258046,0.27027026,0.375,-0.52218634,0.375,-0.41652864,0.29411766,0.0025303217,0.47540984,0.03278688524590164,0.03278688524590164,0.12328036,-0.4433236,-0.54633343
2023_18_ATL_NO,2023,18,ATL,NO,-0.31556243,0.40983605,-0.08016484,-0.6545348,0.04918032786885246,0.027777777777777776,61,-0.29067177,0.42857143,0.56,-0.3493901,0.45454547,-0.41719913,0.33333334,0.22172172,0.46268657,0.13432835820895522,0.05970149253731343,0.28413382,0.1657203,-0.09601254
2023_18_ATL_NO,2023,18,NO,ATL,0.22172172,0.46268657,0.48484963,-0.018852375,0.13432835820895522,0.09375,67,0.28413382,0.48214287,0.475,0.1657203,0.5625,-0.09601254,0.36363637,-0.31556243,0.40983605,0.04918032786885246,0.06557377049180328,-0.29067177,-0.3493901,-0.41719913
2023_18_BUF_MIA,2023,18,BUF,MIA,0.061398912,0.4868421,0.17185311,-0.107964195,0.07894736842105263,0.06521739130434782,76,0.20205285,0.44827586,0.6666666666666666,-0.5776253,0.27272728,-0.39181933,0.6111111,0.02117317,0.44230768,0.1346153846153846,0.057692307692307696,-0.011256156,0.7289619,0.15737635
2023_18_BUF_MIA,2023,18,MIA,BUF,0.02117317,0.44230768,-0.011912169,0.07001344,0.1346153846153846,0.03225806451612903,52,-0.011256156,0.45238096,0.4,0.7289619,0.6666667,0.15737635,0.4,0.061398912,0.4868421,0.07894736842105263,0.10526315789473684,0.20205285,-0.5776253,-0.39181933
2023_18_CHI_GB,2023,18,CHI,GB,-0.11667284,0.40425533,0.01563406,-0.25473222,0.0425531914893617,0.20833333333333334,47,-0.07445876,0.42857143,0.4,-0.7150504,0.16666667,-0.23979728,0.33333334,0.2359012,0.55172414,0.13793103448275862,0.017241379310344827,0.22346054,-0.02344524,0.2956164
2023_18_CHI_GB,2023,18,GB,CHI,0.2359012,0.55172414,0.3190666,0.11808356,0.13793103448275862,0.029411764705882353,58,0.22346054,0.5208333,0.5405405405405406,-0.02344524,0.25,0.2956164,0.7,-0.11667284,0.40425533,0.0425531914893617,0.10638297872340426,-0.07445876,-0.7150504,-0.23979728
2023_18_CLE_CIN,2023,18,CIN,CLE,0.007859192,0.47619048,0.0020839388,0.015078272,0.14285714285714285,0.08571428571428572,63,0.041998766,0.48,0.35714285714285715,0.5026274,0.6666667,-0.12344687,0.46153846,-0.254296,0.3653846,0.07692307692307693,0.15384615384615385,-0.15118273,,-0.598007
2023_18_CLE_CIN,2023,18,CLE,CIN,-0.254296,0.3653846,-0.30877823,-0.1671245,0.07692307692307693,0.09375,52,-0.15118273,0.4,0.3333333333333333,,,-0.598007,0.25,0.007859192,0.47619048,0.14285714285714285,0.07936507936507936,0.041998766,0.5026274,-0.12344687
2023_18_DAL_WAS,2023,18,DAL,WAS,0.32571656,0.6111111,0.5363639,0.030810226,0.05555555555555555,0.0,72,0.2669388,0.60655737,0.5625,0.2996665,0.55,0.65166587,0.6363636,-0.29947397,0.35416666,0.020833333333333332,0.125,-0.29571918,0.19691764,-0.30859274
2023_18_DAL_WAS,2023,18,WAS,DAL,-0.29947397,0.35416666,-0.20798598,-0.50074756,0.020833333333333332,0.12121212121212122,48,-0.29571918,0.32352942,0.7142857142857143,0.19691764,0.375,-0.30859274,0.42857143,0.32571656,0.6111111,0.05555555555555555,0.0,0.2669388,0.2996665,0.65166587
2023_18_DEN_LV,2023,18,DEN,LV,-0.07858027,0.4,-0.048981167,-0.14764485,0.11666666666666667,0.11904761904761904,60,-0.082403116,0.4,0.6666666666666666,-0.052214187,0.5,-0.067111716,0.4,0.13133636,0.44444445,0.1111111111111111,0.07936507936507936,0.08809464,0.32615602,0.2976507
2023_18_DEN_LV,2023,18,LV,DEN,0.13133636,0.44444445,0.31448972,-0.09760535,0.1111111111111111,0.08571428571428572,63,0.08809464,0.42,0.5666666666666667,0.32615602,0.53846157,0.2976507,0.53846157,-0.07858027,0.4,0.11666666666666667,0.18333333333333332,-0.082403116,-0.052214187,-0.067111716
2023_18_HOU_IND,2023,18,HOU,IND,0.101517566,0.47368422,0.45388988,-0.31861863,0.07017543859649122,0.06451612903225806,57,0.19152814,0.5116279,0.4482758620689655,0.64028484,1.0,-0.17494346,0.35714287,0.0079357475,0.43939394,0.16666666666666666,0.045454545454545456,0.1968237,-0.9324153,-0.91340804
2023_18_HOU_IND,2023,18,IND,HOU,0.0079357475,0.43939394,-0.07589311,0.07363945,0.16666666666666666,0.034482758620689655,66,0.1968237,0.49056605,0.39473684210526316,-0.9324153,0.16666667,-0.91340804,0.16666667,0.101517566,0.47368422,0.07017543859649122,0.07017543859649122,0.19152814,0.64028484,-0.17494346
2023_18_JAX_TEN,2023,18,JAX,TEN,-0.04091638,0.49295774,0.08924004,-0.31254715,0.028169014084507043,0.0,71,0.015410847,0.48076922,0.47368421052631576,-0.2488151,0.5,-0.1950751,0.5263158,0.13777643,0.4716981,0.1320754716981132,0.1320754716981132,0.055585917,0.9541302,0.4515947
2023_18_JAX_TEN,2023,18,TEN,JAX,0.13777643,0.4716981,0.040229194,0.26501197,0.1320754716981132,0.06666666666666667,53,0.055585917,0.45238096,0.46153846153846156,0.9541302,0.8,0.4515947,0.54545456,-0.04091638,0.49295774,0.028169014084507043,0.028169014084507043,0.015410847,-0.2488151,-0.1950751
2023_18_KC_LAC,2023,18,KC,LAC,-0.14368604,0.3448276,-0.16695338,-0.108279236,0.06896551724137931,0.02857142857142857,58,-0.19337095,0.29268292,0.5806451612903226,-0.967004,0.33333334,-0.023857784,0.47058824,-0.18970709,0.45783132,0.03614457831325301,0.0963855421686747,-0.0523807,-1.2089125,-0.54794985
2023_18_KC_LAC,2023,18,LAC,KC,-0.18970709,0.45783132,-0.10781432,-0.39102685,0.03614457831325301,0.05084745762711865,83,-0.0523807,0.46666667,0.6052631578947368,-1.2089125,0.5,-0.54794985,0.4347826,-0.14368604,0.3448276,0.06896551724137931,0.15517241379310345,-0.19337095,-0.967004,-0.023857784
2023_18_LA_SF,2023,18,LA,SF,0.1384466,0.530303,0.3132598,-0.058923136,0.045454545454545456,0.05714285714285714,66,-0.09350845,0.46666667,0.6,0.7963428,0.6,0.6146178,0.65,0.14058773,0.53333336,0.08333333333333333,0.08333333333333333,0.0523702,0.42798012,0.4934578
2023_18_LA_SF,2023,18,SF,LA,0.14058773,0.53333336,0.19053215,0.08350837,0.08333333333333333,0.09375,60,0.0523702,0.5208333,0.4634146341463415,0.42798012,0.61538464,0.4934578,0.5833333,0.1384466,0.530303,0.045454545454545456,0.045454545454545456,-0.09350845,0.7963428,0.6146178
2023_18_MIN_DET,2023,18,DET,MIN,0.1629561,0.4385965,0.36099917,-0.12980318,0.08771929824561403,0.029411764705882353,57,0.29019946,0.47826087,0.5714285714285714,-0.09665355,0.54545456,-0.36915243,0.27272728,0.0075453734,0.39726028,0.1643835616438356,0.2054794520547945,0.11455,-1.2797661,-0.34494045
2023_18_MIN_DET,2023,18,MIN,DET,0.0075453734,0.39726028,0.07249662,-0.14302343,0.1643835616438356,0.0784313725490196,73,0.11455,0.42857143,0.46153846153846156,-1.2797661,0.0,-0.34494045,0.29411766,0.1629561,0.4385965,0.08771929824561403,0.05263157894736842,0.29019946,-0.09665355,-0.36915243
2023_18_NYJ_NE,2023,18,NE,NYJ,-0.5594771,0.18965517,-0.7538143,-0.16057447,0.034482758620689655,0.1794871794871795,58,-0.34340864,0.24390244,0.5,-0.62071246,0.0,-1.0805835,0.05882353,-0.21091615,0.33846155,0.07692307692307693,0.07692307692307693,0.00071808946,-0.41538003,-0.9248136
2023_18_NYJ_NE,2023,18,NYJ,NE,-0.21091615,0.33846155,-0.45209268,-0.08752349,0.07692307692307693,0.045454545454545456,65,0.00071808946,0.375,0.24324324324324326,-0.41538003,0.2857143,-0.9248136,0.1875,-0.5594771,0.18965517,0.034482758620689655,0.1724137931034483,-0.34340864,-0.62071246,-1.0805835
2023_18_PHI_NYG,2023,18,NYG,PHI,0.07189631,0.49253732,0.13425629,-0.032868482,0.1044776119402985,0.047619047619047616,67,0.010343691,0.509434,0.5263157894736842,-0.39167014,0.41666666,0.30491686,0.42857143,-0.2821364,0.41538462,0.07692307692307693,0.1076923076923077,-0.24979891,0.017840624,-0.39993736
2023_18_PHI_NYG,2023,18,PHI,NYG,-0.2821364,0.41538462,-0.49984768,0.14339013,0.07692307692307693,0.11627906976744186,65,-0.24979891,0.43137255,0.6,0.017840624,0.25,-0.39993736,0.35714287,0.07189631,0.49253732,0.1044776119402985,0.04477611940298507,0.010343691,-0.39167014,0.30491686
2023_18_PIT_BAL,2023,18,BAL,PIT,-0.28679344,0.375,-0.13569231,-0.60578465,0.03571428571428571,0.10526315789473684,56,-0.2880726,0.3809524,0.5384615384615384,-0.60899264,0.33333334,-0.28295603,0.35714287,-0.06786419,0.4918033,0.08196721311475409,0.06557377049180328,0.013686554,0.016403092,-0.31795317
2023_18_PIT_BAL,2023,18,PIT,BAL,-0.06786419,0.4918033,-0.10461774,-0.045618623,0.08196721311475409,0.13043478260869565,61,0.013686554,0.5217391,0.34210526315789475,0.016403092,0.44444445,-0.31795317,0.4,-0.28679344,0.375,0.03571428571428571,0.10714285714285714,-0.2880726,-0.60899264,-0.28295603
2023_18_SEA_ARI,2023,18,ARI,SEA,0.2139316,0.42857143,0.52767193,-0.050270803,0.17142857142857143,0.03125,70,0.16123731,0.42592594,0.45454545454545453,-0.22033429,0.1,0.39177486,0.4375,0.11981156,0.4909091,0.16363636363636364,0.0,0.13627179,0.3287689,-0.0155649185
2023_18_SEA_ARI,2023,18,SEA,ARI,0.11981156,0.4909091,0.2095941,-0.0051032566,0.16363636363636364,0.0,55,0.13627179,0.47619048,0.4722222222222222,0.3287689,0.6,-0.0155649185,0.5,0.2139316,0.42857143,0.17142857142857143,0.05714285714285714,0.16123731,-0.22033429,0.39177486
2023_18_TB_CAR,2023,18,CAR,TB,-0.29851294,0.26923078,-0.4556296,-0.1638415,0.11538461538461539,0.125,52,-0.23710676,0.2631579,0.3870967741935484,,,-0.46518683,0.2857143,-0.10369997,0.4032258,0.04838709677419355,0.0967741935483871,-0.09482445,-0.5507202,-0.13150996
2023_18_TB_CAR,2023,18,TB,CAR,-0.10369997,0.4032258,-0.19019909,0.033256974,0.04838709677419355,0.07894736842105263,62,-0.09482445,0.40425533,0.6285714285714286,-0.5507202,0.25,-0.13150996,0.4,-0.29851294,0.26923078,0.11538461538461539,0.09615384615384616,-0.23710676,,-0.46518683
2023_19_CLE_HOU,2023,19,CLE,HOU,-0.31464043,0.3802817,-0.33291265,-0.26083878,0.04225352112676056,0.07547169811320754,71,-0.16941221,0.3846154,0.7142857142857143,0.77112913,1.0,-0.7121071,0.36842105,0.29052863,0.39534885,0.16279069767441862,0.023255813953488372,0.38149408,0.23217936,-0.053118628
2023_19_CLE_HOU,2023,19,HOU,CLE,0.29052863,0.39534885,0.65042126,-0.1640726,0.16279069767441862,0.0,43,0.38149408,0.38235295,0.5217391304347826,0.23217936,0.33333334,-0.053118628,0.44444445,-0.31464043,0.3802817,0.04225352112676056,0.09859154929577464,-0.16941221,0.77112913,-0.7121071
2023_19_GB_DAL,2023,19,DAL,GB,0.07682602,0.57894737,0.04530837,0.18788822,0.042105263157894736,0.05405405405405406,95,0.122757465,0.5753425,0.3333333333333333,0.34693357,0.5416667,-0.19835913,0.57894737,0.45369607,0.5272727,0.18181818181818182,0.05454545454545454,0.3633394,0.64457816,0.81512266
2023_19_GB_DAL,2023,19,GB,DAL,0.45369607,0.5272727,1.1304387,0.0025342961,0.18181818181818182,0.0,55,0.3633394,0.5,0.45,0.64457816,0.6111111,0.81512266,0.6363636,0.07682602,0.57894737,0.042105263157894736,0.09473684210526316,0.122757465,0.34693357,-0.19835913
2023_19_LA_DET,2023,19,DET,LA,0.16982324,0.49056605,0.37394598,-0.096423805,0.1509433962264151,0.1,53,0.114712834,0.5,0.5,0.49714693,0.5555556,0.43925193,0.44444445,0.27010491,0.46551725,0.15517241379310345,0.1206896551724138,0.22226131,-0.6272565,0.4535054
2023_19_LA_DET,2023,19,LA,DET,0.27010491,0.46551725,0.44758907,-0.15794513,0.15517241379310345,0.04878048780487805,58,0.22226131,0.47826087,0.6818181818181818,-0.6272565,0.1,0.4535054,0.41666666,0.16982324,0.49056605,0.1509433962264151,0.09433962264150944,0.114712834,0.49714693,0.43925193
2023_19_MIA_KC,2023,19,KC,MIA,0.09145207,0.37974682,0.37480456,-0.32472187,0.12658227848101267,0.0,79,0.059825744,0.3548387,0.59375,-0.26477805,0.2173913,0.20679513,0.47058824,-0.23073566,0.3114754,0.01639344262295082,0.06557377049180328,-0.04456737,,-0.6422655
2023_19_MIA_KC,2023,19,MIA,KC,-0.23073566,0.3114754,-0.27950183,-0.09358075,0.01639344262295082,0.044444444444444446,61,-0.04456737,0.35714287,0.2857142857142857,,,-0.6422655,0.21052632,0.09145207,0.37974682,0.12658227848101267,0.06329113924050633,0.059825744,-0.26477805,0.20679513
2023_19_PHI_TB,2023,19,PHI,TB,-0.16016532,0.2881356,-0.08222694,-0.3887845,0.05084745762711865,0.06818181818181818,59,0.074937776,0.33333334,0.631578947368421,-0.9629543,0.33333334,-0.91345793,0.15384616,0.15734468,0.47142857,0.12857142857142856,0.07142857142857142,0.20185736,-0.3887468,0.0071144253
2023_19_PHI_TB,2023,19,TB,PHI,0.15734468,0.47142857,0.31745574,-0.0828219,0.12857142857142856,0.09523809523809523,70,0.20185736,0.5,0.7083333333333334,-0.3887468,0.4,0.0071144253,0.375,-0.16016532,0.2881356,0.05084745762711865,0.0847457627118644,0.074937776,-0.9629543,-0.91345793
2023_19_PIT_BUF,2023,19,BUF,PIT,0.19356528,0.4848485,0.28733256,0.087698966,0.12121212121212122,0.05714285714285714,66,0.12996718,0.4716981,0.6666666666666666,0.3003112,0.44444445,0.4528498,0.53846157,-0.109681085,0.41538462,0.07692307692307693,0.09230769230769231,-0.046890385,-0.015467246,-0.38700667
2023_19_PIT_BUF,2023,19,PIT,BUF,-0.109681085,0.41538462,-0.11348538,-0.10171017,0.07692307692307693,0.022727272727272728,65,-0.046890385,0.43396226,0.42857142857142855,-0.015467246,0.41666666,-0.38700667,0.33333334,0.19356528,0.4848485,0.12121212121212122,0.045454545454545456,0.12996718,0.3003112,0.4528498
2023_20_GB_SF,2023,20,GB,SF,0.07238479,0.45454547,0.16247305,-0.066212505,0.07575757575757576,0.0,66,0.027952379,0.40816328,0.55,-0.23187695,0.35714287,0.1471706,0.5625,0.16869453,0.46774194,0.08064516129032258,0.08064516129032258,0.04499824,0.6095077,0.5243214
2023_20_GB_SF,2023,20,SF,GB,0.16869453,0.46774194,0.1590652,0.18749464,0.08064516129032258,0.024390243902439025,62,0.04499824,0.41304347,0.6129032258064516,0.6095077,0.75,0.5243214,0.625,0.07238479,0.45454547,0.07575757575757576,0.09090909090909091,0.027952379,-0.23187695,0.1471706
2023_20_HOU_BAL,2023,20,BAL,HOU,0.20297675,0.45588234,0.3554325,0.08261695,0.10294117647058823,0.1,68,0.17614704,0.44444445,0.5945945945945946,0.7063445,0.6363636,0.30646273,0.5,-0.21338725,0.3125,0.08333333333333333,0.10416666666666667,-0.27023584,,-0.060333345
2023_20_HOU_BAL,2023,20,HOU,BAL,-0.21338725,0.3125,-0.14289479,-0.45049828,0.08333333333333333,0.0,48,-0.27023584,0.31428573,0.7037037037037037,,,-0.060333345,0.30769232,0.20297675,0.45588234,0.10294117647058823,0.07352941176470588,0.17614704,0.7063445,0.30646273
2023_20_KC_BUF,2023,20,BUF,KC,0.14319192,0.5769231,0.19656445,0.0664689,0.01282051282051282,0.0,78,0.042832136,0.57377046,0.5319148936170213,0.2935667,0.53846157,0.50330645,0.5882353,0.25323063,0.54347825,0.21739130434782608,0.043478260869565216,0.3062106,-0.28409824,-0.18120526
2023_20_KC_BUF,2023,20,KC,BUF,0.25323063,0.54347825,0.33146152,0.13153811,0.21739130434782608,0.0,46,0.3062106,0.5609756,0.5806451612903226,-0.28409824,0.45454547,-0.18120526,0.4,0.14319192,0.5769231,0.01282051282051282,0.02564102564102564,0.042832136,0.2935667,0.50330645
2023_20_TB_DET,2023,20,DET,TB,0.17303286,0.5507246,0.15612362,0.21168259,0.07246376811594203,0.041666666666666664,69,0.1808049,0.5740741,0.6666666666666666,0.21554416,0.6,0.14505358,0.46666667,0.052208807,0.46875,0.140625,0.109375,0.074082956,0.60472786,0.047021355
2023_20_TB_DET,2023,20,TB,DET,0.052208807,0.46875,0.053549867,0.047419302,0.140625,0.08,64,0.074082956,0.46938777,0.6578947368421053,0.60472786,0.42857143,0.047021355,0.5,0.17303286,0.5507246,0.07246376811594203,0.07246376811594203,0.1808049,0.21554416,0.14505358
2023_21_DET_SF,2023,21,DET,SF,0.12870914,0.5,0.1627538,0.078229085,0.1388888888888889,0.046511627906976744,72,0.121432155,0.50877196,0.4444444444444444,0.36824465,0.5,0.15636161,0.46666667,0.21940607,0.46875,0.125,0.078125,0.19209537,0.1910477,0.33775246
2023_21_DET_SF,2023,21,SF,DET,0.21940607,0.46875,0.33257735,0.07390015,0.125,0.05555555555555555,64,0.19209537,0.46153846,0.5263157894736842,0.1910477,0.6,0.33775246,0.5,0.12870914,0.5,0.1388888888888889,0.06944444444444445,0.121432155,0.36824465,0.15636161
2023_21_KC_BAL,2023,21,BAL,KC,-0.19504827,0.40350878,-0.27174577,0.16542996,0.08771929824561403,0.0851063829787234,57,-0.15193222,0.4090909,0.7333333333333333,-2.8319597,0.0,-0.34097946,0.3846154,0.031674545,0.44155845,0.03896103896103896,0.09090909090909091,0.007976373,0.14931396,0.094869696
2023_21_KC_BAL,2023,21,KC,BAL,0.031674545,0.44155845,0.1973375,-0.27510867,0.03896103896103896,0.04,77,0.007976373,0.4107143,0.6470588235294118,0.14931396,0.71428573,0.094869696,0.52380955,-0.19504827,0.40350878,0.08771929824561403,0.12280701754385964,-0.15193222,-2.8319597,-0.34097946
2023_22_SF_KC,2023,22,KC,SF,-0.018550385,0.443038,0.13520896,-0.37091556,0.0759493670886076,0.05454545454545454,79,-0.06687134,0.42372882,0.5833333333333334,-0.4328612,0.23076923,0.12399642,0.5,0.00398829,0.44594595,0.06756756756756757,0.13513513513513514,0.004019304,-0.1340205,0.0038553986
2023_22_SF_KC,2023,22,SF,KC,0.00398829,0.44594595,0.25391003,-0.36256358,0.06756756756756757,0.022727272727272728,74,0.004019304,0.46666667,0.5641025641025641,-0.1340205,0.375,0.0038553986,0.35714287,-0.018550385,0.443038,0.0759493670886076,0.08860759493670886,-0.06687134,-0.4328612,0.12399642
2024_01_ARI_BUF,2024,1,ARI,BUF,0.063334994,0.38333333,0.15898131,-0.10187228,0.08333333333333333,0.10526315789473684,60,-0.13450576,0.31111112,0.5,0.0969658,0.3846154,0.6285614,0.5714286,0.21148859,0.5833333,0.08333333333333333,0.05,0.15570726,-0.093240686,0.43461397
2024_01_ARI_BUF,2024,1,BUF,ARI,0.21148859,0.5833333,0.53007364,-0.1526086,0.08333333333333333,0.0625,60,0.15570726,0.6041667,0.5294117647058824,-0.093240686,0.5,0.43461397,0.5,0.063334994,0.38333333,0.08333333333333333,0.1,-0.13450576,0.0969658,0.6285614
2024_01_BAL_KC,2024,1,BAL,KC,0.03919909,0.525,-0.044365846,0.25950667,0.05,0.017241379310344827,80,0.0120441895,0.52380955,0.6666666666666666,-0.31322363,0.30769232,0.13983196,0.5294118,0.18219088,0.43396226,0.11320754716981132,0.11320754716981132,0.16125047,-0.40498057,0.28456616
2024_01_BAL_KC,2024,1,KC,BAL,0.18219088,0.43396226,0.41800055,-0.20689507,0.11320754716981132,0.06060606060606061,53,0.16125047,0.4318182,0.64,-0.40498057,0.375,0.28456616,0.44444445,0.03919909,0.525,0.05,0.025,0.0120441895,-0.31322363,0.13983196
2024_01_CAR_NO,2024,1,CAR,NO,-0.46041304,0.30508474,-0.33571878,-0.76848125,0.03389830508474576,0.09523809523809523,59,-0.30934134,0.3409091,1.0,-0.64505595,0.16666667,-0.9035567,0.2,0.20748445,0.45454547,0.10606060606060606,0.015151515151515152,0.082748525,0.48458725,0.6707893
2024_01_CAR_NO,2024,1,NO,CAR,0.20748445,0.45454547,0.3412333,0.108932644,0.10606060606060606,0.03571428571428571,66,0.082748525,0.42307693,0.42857142857142855,0.48458725,0.6666667,0.6707893,0.5714286,-0.46041304,0.30508474,0.03389830508474576,0.1016949152542373,-0.30934134,-0.64505595,-0.9035567
2024_01_DAL_CLE,2024,1,CLE,DAL,-0.30191585,0.25,-0.36457583,-0.066940986,0.039473684210526314,0.1,76,-0.30692616,0.23636363,0.7272727272727273,0.5055327,0.625,-0.28879356,0.2857143,-0.100704454,0.37096775,0.08064516129032258,0.06451612903225806,-0.03084527,0.19703288,-0.34022164
2024_01_DAL_CLE,2024,1,DAL,CLE,-0.100704454,0.37096775,-0.16644563,-0.009678215,0.08064516129032258,0.08333333333333333,62,-0.03084527,0.39583334,0.5925925925925926,0.19703288,0.6,-0.34022164,0.2857143,-0.30191585,0.25,0.039473684210526314,0.2236842105263158,-0.30692616,0.5055327,-0.28879356
2024_01_DEN_SEA,2024,1,DEN,SEA,-0.3110773,0.2753623,-0.3585418,-0.19478938,0.057971014492753624,0.04081632653061224,69,-0.22030918,0.26,0.5277777777777778,-0.14423445,0.4,-0.5499409,0.31578946,-0.06640217,0.453125,0.078125,0.109375,0.010863337,-0.55611676,-0.3213974
2024_01_DEN_SEA,2024,1,SEA,DEN,-0.06640217,0.453125,-0.055301085,-0.07980003,0.078125,0.05714285714285714,64,0.010863337,0.47058824,0.5121951219512195,-0.55611676,0.16666667,-0.3213974,0.41666666,-0.3110773,0.2753623,0.057971014492753624,0.13043478260869565,-0.22030918,-0.14423445,-0.5499409
2024_01_GB_PHI,2024,1,GB,PHI,0.13103002,0.40298507,0.09038254,0.19931781,0.13432835820895522,0.047619047619047616,67,-0.0029585438,0.39215687,0.5853658536585366,-0.2109297,0.35,0.65845984,0.46666667,0.059406273,0.46666667,0.09333333333333334,0.06666666666666667,0.2130608,-0.026021032,-0.61008847
2024_01_GB_PHI,2024,1,PHI,GB,0.059406273,0.46666667,0.36223274,-0.28668115,0.09333333333333334,0.05,75,0.2130608,0.45901638,0.4878048780487805,-0.026021032,0.5294118,-0.61008847,0.5,0.13103002,0.40298507,0.13432835820895522,0.07462686567164178,-0.0029585438,-0.2109297,0.65845984
2024_01_HOU_IND,2024,1,HOU,IND,0.17535336,0.4935065,0.24570353,0.09929912,0.09090909090909091,0.1,77,0.014407711,0.44067797,0.5116279069767442,0.36089215,0.46153846,0.7999502,0.7058824,0.055879112,0.44444445,0.08888888888888889,0.044444444444444446,0.09294101,-0.3032062,0.040620644
2024_01_HOU_IND,2024,1,IND,HOU,0.055879112,0.44444445,0.15686391,-0.07035188,0.08888888888888889,0.08,45,0.09294101,0.4375,0.43478260869565216,-0.3032062,0.44444445,0.040620644,0.5,0.17535336,0.4935065,0.09090909090909091,0.11688311688311688,0.014407711,0.36089215,0.7999502
2024_01_JAX_MIA,2024,1,JAX,MIA,-0.09178514,0.41509435,0.23172766,-0.42774072,0.1509433962264151,0.1111111111111111,53,-0.00434712,0.45238096,0.48,-0.4144568,0.33333334,-0.42563933,0.27272728,0.019895667,0.4084507,0.08450704225352113,0.056338028169014086,0.061050344,0.121572845,-0.10128193
2024_01_JAX_MIA,2024,1,MIA,JAX,0.019895667,0.4084507,0.16507223,-0.23137143,0.08450704225352113,0.06666666666666667,71,0.061050344,0.3773585,0.6875,0.121572845,0.2857143,-0.10128193,0.5,-0.09178514,0.41509435,0.1509433962264151,0.07547169811320754,-0.00434712,-0.4144568,-0.42563933
2024_01_LA_DET,2024,1,DET,LA,0.1057764,0.5081967,-0.10319178,0.32171017,0.09836065573770492,0.06451612903225806,61,0.09160127,0.5106383,0.4074074074074074,0.03193163,0.46666667,0.1533643,0.5,0.07558237,0.4871795,0.0641025641025641,0.14102564102564102,0.05546137,-0.27200368,0.16009058
2024_01_LA_DET,2024,1,LA,DET,0.07558237,0.4871795,0.16037485,-0.10417772,0.0641025641025641,0.03773584905660377,78,0.05546137,0.47619048,0.6944444444444444,-0.27200368,0.375,0.16009058,0.53333336,0.1057764,0.5081967,0.09836065573770492,0.08196721311475409,0.09160127,0.03193163,0.1533643
2024_01_LV_LAC,2024,1,LAC,LV,-0.0920546,0.37037036,-0.16235387,-0.010507402,0.09259259259259259,0.034482758620689655,54,-0.046788987,0.3846154,0.4666666666666667,-0.17138551,0.18181819,-0.15708409,0.35714287,-0.31863457,0.33333334,0.08333333333333333,0.1,-0.27719477,-0.80687845,-0.43259394
2024_01_LV_LAC,2024,1,LV,LAC,-0.31863457,0.33333334,-0.09474748,-0.8017593,0.08333333333333333,0.0975609756097561,60,-0.27719477,0.3181818,0.5161290322580645,-0.80687845,0.0,-0.43259394,0.375,-0.0920546,0.37037036,0.09259259259259259,0.09259259259259259,-0.046788987,-0.17138551,-0.15708409
2024_01_MIN_NYG,2024,1,MIN,NYG,0.16362268,0.46296296,0.3193808,-0.0041167876,0.14814814814814814,0.03571428571428571,54,0.07357725,0.45238096,0.5294117647058824,0.55911714,0.5,0.4787818,0.5,-0.3536523,0.31428573,0.04285714285714286,0.17142857142857143,-0.4856434,-0.82206815,-0.06567173
2024_01_MIN_NYG,2024,1,NYG,MIN,-0.3536523,0.31428573,-0.4257495,-0.16012816,0.04285714285714286,0.09803921568627451,70,-0.4856434,0.22916667,0.5384615384615384,-0.82206815,0.2,-0.06567173,0.5,0.16362268,0.46296296,0.14814814814814814,0.037037037037037035,0.07357725,0.55911714,0.4787818
2024_01_NE_CIN,2024,1,CIN,NE,-0.12050245,0.43137255,-0.22850876,0.19520825,0.0392156862745098,0.07894736842105263,51,0.07244504,0.45945945,0.6666666666666666,-0.54760724,0.5,-0.6304351,0.35714287,-0.006899283,0.44262296,0.06557377049180328,0.11475409836065574,-0.025214266,-0.09640704,0.054586735
2024_01_NE_CIN,2024,1,NE,CIN,-0.006899283,0.44262296,0.046336006,-0.055143766,0.06557377049180328,0.034482758620689655,61,-0.025214266,0.42553192,0.42857142857142855,-0.09640704,0.5,0.054586735,0.5,-0.12050245,0.43137255,0.0392156862745098,0.058823529411764705,0.07244504,-0.54760724,-0.6304351
2024_01_NYJ_SF,2024,1,NYJ,SF,-0.04936343,0.44,0.041922845,-0.21165009,0.06,0.03125,50,-0.09761612,0.43243244,0.375,0.3257219,0.6,0.27614775,0.54545456,0.12386064,0.46478873,0.1267605633802817,0.056338028169014086,0.16489835,-0.19033717,-0.043221455
2024_01_NYJ_SF,2024,1,SF,NYJ,0.12386064,0.46478873,0.19788443,0.05189308,0.1267605633802817,0.08571428571428572,71,0.16489835,0.45614034,0.4,-0.19033717,0.30769232,-0.043221455,0.5,-0.04936343,0.44,0.06,0.08,-0.09761612,0.3257219,0.27614775
2024_01_PIT_ATL,2024,1,ATL,PIT,-0.31973237,0.43636364,-0.31718156,-0.32328126,0.07272727272727272,0.0625,55,-0.41619837,0.4651163,0.4857142857142857,0.07424533,0.5,0.025937611,0.33333334,-0.12069195,0.38235295,0.04411764705882353,0.058823529411764705,-0.07954184,-0.5570164,-0.21945217
2024_01_PIT_ATL,2024,1,PIT,ATL,-0.12069195,0.38235295,-0.0344022,-0.19739394,0.04411764705882353,0.0625,68,-0.07954184,0.35416666,0.5,-0.5570164,0.27272728,-0.21945217,0.45,-0.31973237,0.43636364,0.07272727272727272,0.12727272727272726,-0.41619837,0.07424533,0.025937611
2024_01_TEN_CHI,2024,1,CHI,TEN,-0.25400904,0.3888889,-0.28186634,-0.20269291,0.037037037037037035,0.05714285714285714,54,-0.25116327,0.42105263,0.5,-0.091429144,0.5,-0.34835225,0.26666668,-0.26079038,0.375,0.109375,0.15625,-0.06989477,0.3522415,-0.78856057
2024_01_TEN_CHI,2024,1,TEN,CHI,-0.26079038,0.375,-0.38922575,-0.060431134,0.109375,0.07692307692307693,64,-0.06989477,0.3617021,0.42105263157894735,0.3522415,0.33333334,-0.78856057,0.4117647,-0.25400904,0.3888889,0.037037037037037035,0.07407407407407407,-0.25116327,-0.091429144,-0.34835225
2024_01_WAS_TB,2024,1,TB,WAS,0.31825554,0.5409836,0.6890776,-0.21572822,0.11475409836065574,0.027777777777777776,61,0.075237654,0.47826087,0.5,0.5286374,0.625,1.0635103,0.73333335,0.15834343,0.5,0.034482758620689655,0.034482758620689655,0.17917743,0.50717586,0.17170522
2024_01_WAS_TB,2024,1,WAS,TB,0.15834343,0.5,0.23258792,0.036852434,0.034482758620689655,0.05555555555555555,58,0.17917743,0.5217391,0.5,0.50717586,0.5,0.17170522,0.45454547,0.31825554,0.5409836,0.11475409836065574,0.06557377049180328,0.075237654,0.5286374,1.0635103
2024_02_ATL_PHI,2024,2,ATL,PHI,0.15921898,0.4915254,0.26283392,0.01830263,0.15254237288135594,0.029411764705882353,59,0.26896945,0.5531915,0.425,-0.16744131,0.30769232,-0.20914945,0.27272728,0.0847737,0.45070422,0.07042253521126761,0.07042253521126761,0.028868409,-0.09759931,0.21293992
2024_02_ATL_PHI,2024,2,PHI,ATL,0.0847737,0.45070422,0.1410312,0.01999232,0.07042253521126761,0.02631578947368421,71,0.028868409,0.42592594,0.5714285714285714,-0.09759931,0.3181818,0.21293992,0.5,0.15921898,0.4915254,0.15254237288135594,0.03389830508474576,0.26896945,-0.16744131,-0.20914945
2024_02_BUF_MIA,2024,2,BUF,MIA,0.2307162,0.42857143,0.5411838,-0.051527087,0.09523809523809523,0.0,42,0.15736061,0.4375,0.5294117647058824,0.72621214,0.5,0.4654541,0.4,-0.27842906,0.43421054,0.07894736842105263,0.06578947368421052,-0.051261846,-0.35453525,-0.9144972
2024_02_BUF_MIA,2024,2,MIA,BUF,-0.27842906,0.43421054,-0.34428197,-0.18788126,0.07894736842105263,0.045454545454545456,76,-0.051261846,0.44642857,0.42105263157894735,-0.35453525,0.375,-0.9144972,0.4,0.2307162,0.42857143,0.09523809523809523,0.0,0.15736061,0.72621214,0.4654541
2024_02_CHI_HOU,2024,2,CHI,HOU,-0.20036586,0.35714287,-0.22224839,-0.13714966,0.02857142857142857,0.1346153846153846,70,-0.2987799,0.3265306,0.625,0.8034486,0.6666667,0.029266879,0.42857143,-0.15769675,0.3442623,0.09836065573770492,0.06557377049180328,-0.21499418,-1.8267841,0.0034522861
2024_02_CHI_HOU,2024,2,HOU,CHI,-0.15769675,0.3442623,0.024253642,-0.50426894,0.09836065573770492,0.075,61,-0.21499418,0.35555556,0.65625,-1.8267841,0.33333334,0.0034522861,0.3125,-0.20036586,0.35714287,0.02857142857142857,0.14285714285714285,-0.2987799,0.8034486,0.029266879
2024_02_CIN_KC,2024,2,CIN,KC,0.026635354,0.515625,0.05919535,-0.04499663,0.046875,0.06818181818181818,64,0.054996233,0.5208333,0.5882352941176471,0.01699347,0.3888889,-0.058447275,0.5,-0.06491075,0.46153846,0.046153846153846156,0.06153846153846154,-0.103059895,-0.0745806,0.13434258
2024_02_CIN_KC,2024,2,KC,CIN,-0.06491075,0.46153846,-0.19007845,0.10048944,0.046153846153846156,0.05405405405405406,65,-0.103059895,0.48,0.5476190476190477,-0.0745806,0.46153846,0.13434258,0.42857143,0.026635354,0.515625,0.046875,0.09375,0.054996233,0.01699347,-0.058447275
2024_02_CLE_JAX,2024,2,CLE,JAX,-0.019716553,0.3888889,0.030595705,-0.0901537,0.06944444444444445,0.047619047619047616,72,-0.15322055,0.35849056,0.5333333333333333,0.40066123,0.4,0.35268936,0.47368422,-0.025020648,0.42372882,0.13559322033898305,0.11864406779661017,-0.01201868,-0.5006021,-0.097253785
2024_02_CLE_JAX,2024,2,JAX,CLE,-0.025020648,0.42372882,-0.042300582,0.011358167,0.13559322033898305,0.1,59,-0.01201868,0.44,0.5,-0.5006021,0.30769232,-0.097253785,0.33333334,-0.019716553,0.3888889,0.06944444444444445,0.1111111111111111,-0.15322055,0.40066123,0.35268936
2024_02_IND_GB,2024,2,GB,IND,-0.03363365,0.34285715,0.4418845,-0.21078746,0.12857142857142856,0.0,70,-0.22817612,0.28846154,0.0625,-1.2127943,0.16666667,0.52837795,0.5,-0.09766866,0.4181818,0.14545454545454545,0.05454545454545454,0.0112563055,0.12349328,-0.4879831
2024_02_IND_GB,2024,2,IND,GB,-0.09766866,0.4181818,-0.11970766,-0.048405018,0.14545454545454545,0.02631578947368421,55,0.0112563055,0.4651163,0.5,0.12349328,0.2857143,-0.4879831,0.25,-0.03363365,0.34285715,0.12857142857142856,0.0,-0.22817612,-1.2127943,0.52837795
2024_02_LAC_CAR,2024,2,CAR,LAC,-0.5039941,0.22916667,-0.75795215,-0.040894113,0.041666666666666664,0.06451612903225806,48,-0.27617297,0.27272728,0.375,-1.6040671,0.0,-1.0052006,0.13333334,0.10271296,0.530303,0.09090909090909091,0.030303030303030304,-0.052530047,-0.39345035,0.6305391
2024_02_LAC_CAR,2024,2,LAC,CAR,0.10271296,0.530303,0.13601449,0.08368349,0.09090909090909091,0.041666666666666664,66,-0.052530047,0.50980395,0.38461538461538464,-0.39345035,0.4,0.6305391,0.6,-0.5039941,0.22916667,0.041666666666666664,0.041666666666666664,-0.27617297,-1.6040671,-1.0052006
2024_02_LA_ARI,2024,2,ARI,LA,0.32803273,0.54545456,0.8420861,-0.027850347,0.18181818181818182,0.037037037037037035,66,0.27874058,0.5272727,0.7142857142857143,-0.04374504,0.4,0.5744935,0.6363636,-0.2630421,0.44230768,0.07692307692307693,0.17307692307692307,0.046809733,-0.363646,-1.1040685
2024_02_LA_ARI,2024,2,LA,ARI,-0.2630421,0.44230768,-0.34873727,-0.12592976,0.07692307692307693,0.15625,52,0.046809733,0.5,0.25,-0.363646,0.3846154,-1.1040685,0.2857143,0.32803273,0.54545456,0.18181818181818182,0.015151515151515152,0.27874058,-0.04374504,0.5744935
2024_02_LV_BAL,2024,2,BAL,LV,-0.017535234,0.44444445,0.020350536,-0.079099596,0.06349206349206349,0.05128205128205128,63,0.029699735,0.49019608,0.5833333333333334,0.72652096,0.75,-0.21828382,0.25,-0.056880657,0.43548387,0.08064516129032258,0.14516129032258066,-0.033662673,0.11165442,-0.13648517
2024_02_LV_BAL,2024,2,LV,BAL,-0.056880657,0.43548387,0.08273931,-0.45828804,0.08064516129032258,0.10869565217391304,62,-0.033662673,0.41666666,0.8,0.11165442,0.4,-0.13648517,0.5,-0.017535234,0.44444445,0.06349206349206349,0.031746031746031744,0.029699735,0.72652096,-0.21828382
2024_02_NO_DAL,2024,2,DAL,NO,-0.16222283,0.39130434,-0.20943502,-0.046552986,0.028985507246376812,0.061224489795918366,69,-0.18290578,0.3773585,0.7272727272727273,-1.2436898,0.0,-0.09371059,0.4375,0.4248462,0.5714286,0.14285714285714285,0.03571428571428571,0.3536609,0.40177786,0.8519581
2024_02_NO_DAL,2024,2,NO,DAL,0.4248462,0.5714286,0.78352785,0.2406583,0.14285714285714285,0.05263157894736842,56,0.3536609,0.5416667,0.35,0.40177786,0.625,0.8519581,0.75,-0.16222283,0.39130434,0.028985507246376812,0.043478260869565216,-0.18290578,-1.2436898,-0.09371059
2024_02_NYG_WAS,2024,2,NYG,WAS,0.111323394,0.44642857,0.22632582,-0.05368011,0.125,0.030303030303030304,56,-0.03977435,0.4047619,0.5161290322580645,0.54559577,0.54545456,0.8165527,0.6666667,0.18668583,0.45714286,0.15714285714285714,0.1,-0.042610563,-0.5611545,0.90155107
2024_02_NYG_WAS,2024,2,WAS,NYG,0.18668583,0.45714286,0.24961804,0.097712725,0.15714285714285714,0.12195121951219512,70,-0.042610563,0.3773585,0.5,-0.5611545,0.21052632,0.90155107,0.7058824,0.111323394,0.44642857,0.125,0.07142857142857142,-0.03977435,0.54559577,0.8165527
2024_02_NYJ_TEN,2024,2,NYJ,TEN,0.08387019,0.42857143,0.11949002,0.028821338,0.07142857142857142,0.058823529411764705,56,0.10485631,0.41860464,0.6060606060606061,0.7166449,0.4,0.01445453,0.46153846,-0.06447494,0.3939394,0.09090909090909091,0.09090909090909091,-0.008797782,-0.72116137,-0.27127585
2024_02_NYJ_TEN,2024,2,TEN,NYJ,-0.06447494,0.3939394,-0.0811192,-0.041886307,0.09090909090909091,0.10526315789473684,66,-0.008797782,0.3846154,0.46153846153846156,-0.72116137,0.25,-0.27127585,0.42857143,0.08387019,0.42857143,0.07142857142857142,0.05357142857142857,0.10485631,0.7166449,0.01445453
2024_02_PIT_DEN,2024,2,DEN,PIT,-0.23951201,0.36065573,-0.2336596,-0.25465944,0.09836065573770492,0.045454545454545456,61,-0.19685203,0.40425533,0.5,-1.2315798,0.125,-0.38272762,0.21428572,-0.07689965,0.3181818,0.045454545454545456,0.09090909090909091,-0.08898077,0.19398901,-0.035823822
2024_02_PIT_DEN,2024,2,PIT,DEN,-0.07689965,0.3181818,0.14675112,-0.3005504,0.045454545454545456,0.06060606060606061,66,-0.08898077,0.29411766,0.4838709677419355,0.19398901,0.5714286,-0.035823822,0.4,-0.23951201,0.36065573,0.09836065573770492,0.11475409836065574,-0.19685203,-1.2315798,-0.38272762
2024_02_SEA_NE,2024,2,NE,SEA,0.049915016,0.44117647,0.056545086,0.043663807,0.07352941176470588,0.09090909090909091,68,0.08554961,0.44230768,0.46153846153846156,0.0066809454,0.4,-0.06589742,0.4375,0.061817862,0.4852941,0.029411764705882353,0.07352941176470588,-0.038696174,0.27159733,0.3410235
2024_02_SEA_NE,2024,2,SEA,NE,0.061817862,0.4852941,0.23785283,-0.46628702,0.029411764705882353,0.058823529411764705,68,-0.038696174,0.44,0.6875,0.27159733,0.4,0.3410235,0.6111111,0.049915016,0.44117647,0.07352941176470588,0.10294117647058823,0.08554961,0.0066809454,-0.06589742
2024_02_SF_MIN,2024,2,MIN,SF,-0.04221357,0.49019608,-0.11869642,0.07633483,0.09803921568627451,0.12903225806451613,51,-0.15643583,0.46153846,0.6666666666666666,-0.52151215,0.3,0.3290088,0.5833333,-0.076017,0.5,0.1,0.11428571428571428,0.11410513,-0.20139912,-0.9096294
2024_02_SF_MIN,2024,2,SF,MIN,-0.076017,0.5,-0.023339266,-0.16516392,0.1,0.13636363636363635,70,0.11410513,0.5614035,0.4166666666666667,-0.20139912,0.46153846,-0.9096294,0.23076923,-0.04221357,0.49019608,0.09803921568627451,0.11764705882352941,-0.15643583,-0.52151215,0.3290088
2024_02_TB_DET,2024,2,DET,TB,-0.0771234,0.42857143,-0.16427276,0.11728667,0.07142857142857142,0.0,84,-0.16892734,0.41935483,0.627906976744186,-0.53953135,0.23809524,0.18159676,0.45454547,-0.03185128,0.38297874,0.06382978723404255,0.10638297872340426,0.17376809,-0.2828313,-0.79264295
2024_02_TB_DET,2024,2,TB,DET,-0.03185128,0.38297874,0.071295924,-0.18385766,0.06382978723404255,0.17857142857142858,47,0.17376809,0.4054054,0.5517241379310345,-0.2828313,0.25,-0.79264295,0.3,-0.0771234,0.42857143,0.07142857142857142,0.11904761904761904,-0.16892734,-0.53953135,0.18159676
2024_03_BAL_DAL,2024,3,BAL,DAL,0.31388202,0.47540984,0.51522183,0.22960024,0.21311475409836064,0.0,61,0.39629012,0.49019608,0.2727272727272727,0.9761122,0.6,-0.10639919,0.4,0.055624507,0.3875,0.075,0.1,-0.017075062,-0.26691547,0.46266338
2024_03_BAL_DAL,2024,3,DAL,BAL,0.055624507,0.3875,0.10156701,-0.1281455,0.075,0.046875,80,-0.017075062,0.3548387,0.5,-0.26691547,0.3,0.46266338,0.5625,0.31388202,0.47540984,0.21311475409836064,0.01639344262295082,0.39629012,0.9761122,-0.10639919
2024_03_CAR_LV,2024,3,CAR,LV,0.19730632,0.5,0.29377645,0.054264415,0.125,0.046511627906976744,72,0.16139224,0.5,0.5862068965517241,0.048253633,0.26666668,0.44556192,0.53846157,-0.06654051,0.484375,0.046875,0.09375,0.034066707,0.7766968,-0.49863294
2024_03_CAR_LV,2024,3,LV,CAR,-0.06654051,0.484375,0.069883496,-0.51219225,0.046875,0.061224489795918366,64,0.034066707,0.5102041,0.45,0.7766968,0.7777778,-0.49863294,0.35714287,0.19730632,0.5,0.125,0.05555555555555555,0.16139224,0.048253633,0.44556192
2024_03_CHI_IND,2024,3,CHI,IND,-0.15093304,0.37078652,-0.062850125,-0.33317354,0.033707865168539325,0.06666666666666667,89,-0.2153568,0.31746033,0.5813953488372093,-0.13588394,0.31578946,0.043257475,0.52,-0.22912928,0.33962265,0.1509433962264151,0.05660377358490566,-0.06615025,-0.256954,-0.78597426
2024_03_CHI_IND,2024,3,IND,CHI,-0.22912928,0.33962265,-0.46178445,-0.050760303,0.1509433962264151,0.043478260869565216,53,-0.06615025,0.36585367,0.42424242424242425,-0.256954,0.5,-0.78597426,0.25,-0.15093304,0.37078652,0.033707865168539325,0.056179775280898875,-0.2153568,-0.13588394,0.043257475
2024_03_DEN_TB,2024,3,DEN,TB,0.09154993,0.53731346,0.15385973,-0.020088464,0.05970149253731343,0.0,67,0.061813656,0.5510204,0.5,0.18646951,0.5,0.17249867,0.5,-0.34278724,0.45614034,0.03508771929824561,0.15789473684210525,0.06314307,-0.6386822,-1.7167052
2024_03_DEN_TB,2024,3,TB,DEN,-0.34278724,0.45614034,-0.52583814,0.12628065,0.03508771929824561,0.17073170731707318,57,0.06314307,0.52272725,0.5,-0.6386822,0.5,-1.7167052,0.23076923,0.09154993,0.53731346,0.05970149253731343,0.029850746268656716,0.061813656,0.18646951,0.17249867
2024_03_DET_ARI,2024,3,ARI,DET,-0.16681069,0.44067797,-0.0030766646,-0.5713301,0.05084745762711865,0.023809523809523808,59,0.041551705,0.4893617,0.5625,0.60561144,0.6666667,-0.9828968,0.25,0.04477957,0.56060606,0.13636363636363635,0.030303030303030304,0.10587025,0.6843642,-0.20428243
2024_03_DET_ARI,2024,3,DET,ARI,0.04477957,0.56060606,0.25417423,-0.09132697,0.13636363636363635,0.07692307692307693,66,0.10587025,0.5849057,0.35714285714285715,0.6843642,0.8,-0.20428243,0.46153846,-0.16681069,0.44067797,0.05084745762711865,0.06779661016949153,0.041551705,0.60561144,-0.9828968
2024_03_GB_TEN,2024,3,GB,TEN,0.053374775,0.36507937,0.26833236,-0.09767649,0.15873015873015872,0.11538461538461539,63,-0.009488385,0.36734694,0.3333333333333333,-0.4221165,0.125,0.27339584,0.35714287,-0.34673494,0.44444445,0.07407407407407407,0.18518518518518517,-0.3154013,0.5559367,-0.4692211
2024_03_GB_TEN,2024,3,TEN,GB,-0.34673494,0.44444445,-0.37879413,-0.18643886,0.07407407407407407,0.17777777777777778,54,-0.3154013,0.44186047,0.6666666666666666,0.5559367,0.71428573,-0.4692211,0.45454547,0.053374775,0.36507937,0.15873015873015872,0.047619047619047616,-0.009488385,-0.4221165,0.27339584
2024_03_HOU_MIN,2024,3,HOU,MIN,-0.22400647,0.3030303,-0.20058386,-0.34111968,0.030303030303030304,0.09090909090909091,66,-0.3544353,0.3043478,0.7,-0.3064521,0.375,0.07597977,0.3,0.09653781,0.46774194,0.06451612903225806,0.11290322580645161,0.09315657,0.19392557,0.106258884
2024_03_HOU_MIN,2024,3,MIN,HOU,0.09653781,0.46774194,0.1376498,0.043244496,0.06451612903225806,0.11428571428571428,62,0.09315657,0.45652175,0.5555555555555556,0.19392557,0.4,0.106258884,0.5,-0.22400647,0.3030303,0.030303030303030304,0.12121212121212122,-0.3544353,-0.3064521,0.07597977
2024_03_JAX_BUF,2024,3,BUF,JAX,0.42253175,0.50793654,0.63980824,0.06945751,0.09523809523809523,0.0,63,0.26599273,0.48,0.6875,0.39924836,0.45,1.024605,0.61538464,-0.20914061,0.3802817,0.056338028169014086,0.14084507042253522,-0.20204447,-0.81750596,-0.22494565
2024_03_JAX_BUF,2024,3,JAX,BUF,-0.20914061,0.3802817,-0.48407906,0.60040045,0.056338028169014086,0.09433962264150944,71,-0.20204447,0.40816328,1.0,-0.81750596,0.1,-0.22494565,0.3181818,0.42253175,0.50793654,0.09523809523809523,0.015873015873015872,0.26599273,0.39924836,1.024605
2024_03_KC_ATL,2024,3,ATL,KC,-0.034978986,0.43333334,0.17141856,-0.34457532,0.08333333333333333,0.05555555555555555,60,0.10164866,0.4680851,0.5416666666666666,-0.56483644,0.27272728,-0.52894044,0.30769232,0.10633402,0.5915493,0.014084507042253521,0.09859154929577464,0.070489176,-0.20823061,0.25227377
2024_03_KC_ATL,2024,3,KC,ATL,0.10633402,0.5915493,0.11900395,0.08798445,0.014084507042253521,0.0,71,0.070489176,0.61403507,0.5660377358490566,-0.20823061,0.5625,0.25227377,0.5,-0.034978986,0.43333334,0.08333333333333333,0.16666666666666666,0.10164866,-0.56483644,-0.52894044
2024_03_LAC_PIT,2024,3,LAC,PIT,-0.18929164,0.32608697,-0.12862657,-0.26815623,0.043478260869565216,0.19230769230769232,46,-0.09861093,0.3529412,0.5357142857142857,-0.33947802,0.25,-0.44622037,0.25,0.11179533,0.45454547,0.13636363636363635,0.07575757575757576,-0.11341094,-0.2266403,0.87749666
2024_03_LAC_PIT,2024,3,PIT,LAC,0.11179533,0.45454547,0.21984172,-0.02605698,0.13636363636363635,0.05405405405405406,66,-0.11341094,0.39215687,0.5789473684210527,-0.2266403,0.2,0.87749666,0.6666667,-0.18929164,0.32608697,0.043478260869565216,0.15217391304347827,-0.09861093,-0.33947802,-0.44622037
2024_03_MIA_SEA,2024,3,MIA,SEA,-0.41092438,0.32786885,-0.38018775,-0.47886842,0.06557377049180328,0.14285714285714285,61,0.008305142,0.4,0.6666666666666666,-0.7570162,0.1,-1.5900074,0.125,-0.053274702,0.41935483,0.11290322580645161,0.11290322580645161,0.13482282,1.0087807,-0.9253632
2024_03_MIA_SEA,2024,3,SEA,MIA,-0.053274702,0.41935483,-0.035259604,-0.081798606,0.11290322580645161,0.07894736842105263,62,0.13482282,0.47058824,0.5454545454545454,1.0087807,0.6666667,-0.9253632,0.18181819,-0.41092438,0.32786885,0.06557377049180328,0.21311475409836064,0.008305142,-0.7570162,-1.5900074
2024_03_NE_NYJ,2024,3,NE,NYJ,-0.30817825,0.3653846,-0.31188908,-0.2970457,0.038461538461538464,0.1794871794871795,52,-0.45689473,0.34285715,0.6666666666666666,-4.797389,0.0,-0.0019972185,0.4117647,0.21623303,0.5479452,0.0958904109589041,0.0547945205479452,0.03723341,0.3273879,0.90836495
2024_03_NE_NYJ,2024,3,NYJ,NE,0.21623303,0.5479452,0.40588108,-0.055595852,0.0958904109589041,0.046511627906976744,73,0.03723341,0.5,0.5769230769230769,0.3273879,0.6,0.90836495,0.73333335,-0.30817825,0.3653846,0.038461538461538464,0.23076923076923078,-0.45689473,-4.797389,-0.0019972185
2024_03_NYG_CLE,2024,3,CLE,NYG,-0.34005022,0.37878788,-0.29384872,-0.49713522,0.07575757575757576,0.1568627450980392,66,-0.2659734,0.38297874,0.75,1.0772578,1.0,-0.6108647,0.33333334,0.041151285,0.44117647,0.07352941176470588,0.1323529411764706,0.017228842,0.73085076,0.13342357
2024_03_NYG_CLE,2024,3,NYG,CLE,0.041151285,0.44117647,0.19663008,-0.19494615,0.07352941176470588,0.04878048780487805,68,0.017228842,0.44444445,0.5483870967741935,0.73085076,0.7777778,0.13342357,0.42857143,-0.34005022,0.37878788,0.07575757575757576,0.21212121212121213,-0.2659734,1.0772578,-0.6108647
2024_03_PHI_NO,2024,3,NO,PHI,-0.20246732,0.29090908,0.016208371,-0.42924213,0.05454545454545454,0.03571428571428571,55,-0.11950211,0.25,0.375,-0.79788387,0.125,-0.38632986,0.42857143,0.012305472,0.42647058,0.14705882352941177,0.10294117647058823,0.026606696,-1.1282417,-0.09832314
2024_03_PHI_NO,2024,3,PHI,NO,0.012305472,0.42647058,-0.06666927,0.17743446,0.14705882352941177,0.08695652173913043,68,0.026606696,0.4117647,0.6052631578947368,-1.1282417,0.33333334,-0.09832314,0.4375,-0.20246732,0.29090908,0.05454545454545454,0.07272727272727272,-0.11950211,-0.79788387,-0.38632986
2024_03_SF_LA,2024,3,LA,SF,0.19496295,0.45762712,0.237075,0.14151305,0.06779661016949153,0.09090909090909091,59,0.11730771,0.4318182,0.7142857142857143,0.17289658,0.5,0.4227517,0.53333336,0.2176928,0.47887325,0.08450704225352113,0.056338028169014086,0.074402995,0.23682971,0.75264144
2024_03_SF_LA,2024,3,SF,LA,0.2176928,0.47887325,0.4208987,-0.09437336,0.08450704225352113,0.023255813953488372,71,0.074402995,0.42857143,0.5897435897435898,0.23682971,0.5,0.75264144,0.6666667,0.19496295,0.45762712,0.06779661016949153,0.0847457627118644,0.11730771,0.17289658,0.4227517
2024_03_WAS_CIN,2024,3,CIN,WAS,0.40651807,0.5645161,0.44870347,0.31104589,0.14516129032258066,0.046511627906976744,62,0.4020049,0.56,0.6,0.110796385,0.33333334,0.55007964,0.6363636,0.50604373,0.58928573,0.07142857142857142,0.05357142857142857,0.3900482,0.5259873,0.9313607
2024_03_WAS_CIN,2024,3,WAS,CIN,0.50604373,0.58928573,0.77460766,0.19616228,0.07142857142857142,0.06666666666666667,56,0.3900482,0.5681818,0.48484848484848486,0.5259873,0.5555556,0.9313607,0.6666667,0.40651807,0.5645161,0.14516129032258066,0.06451612903225806,0.4020049,0.110796385,0.55007964
2024_04_BUF_BAL,2024,4,BAL,BUF,0.2558847,0.49122807,0.40938413,0.15939939,0.14035087719298245,0.045454545454545456,57,0.25139427,0.47916666,0.5,0.8400957,0.6666667,0.27983373,0.5555556,-0.1765339,0.33898306,0.06779661016949153,0.15254237288135594,-0.13851725,-0.4952864,-0.28804943
2024_04_BUF_BAL,2024,4,BUF,BAL,-0.1765339,0.33898306,-0.31207934,0.06873884,0.06779661016949153,0.07894736842105263,59,-0.13851725,0.3409091,0.6153846153846154,-0.4952864,0.5,-0.28804943,0.33333334,0.2558847,0.49122807,0.14035087719298245,0.05263157894736842,0.25139427,0.8400957,0.27983373
2024_04_CIN_CAR,2024,4,CAR,CIN,0.022533625,0.4857143,0.026697718,0.015486724,0.07142857142857142,0.0,70,0.13816077,0.48076922,0.5161290322580645,0.042960715,0.5,-0.3115003,0.5,0.15929641,0.4477612,0.1044776119402985,0.029850746268656716,0.03240424,0.5658723,0.6396739
2024_04_CIN_CAR,2024,4,CIN,CAR,0.15929641,0.4477612,0.29825187,-0.0020712113,0.1044776119402985,0.0,67,0.03240424,0.41509435,0.7,0.5658723,0.61538464,0.6396739,0.5714286,0.022533625,0.4857143,0.07142857142857142,0.02857142857142857,0.13816077,0.042960715,-0.3115003
2024_04_CLE_LV,2024,4,CLE,LV,-0.13889717,0.3559322,-0.19632734,0.029564722,0.01694915254237288,0.06818181818181818,59,-0.089264445,0.375,0.6333333333333333,-0.16804627,0.5,-0.35547632,0.27272728,-0.13563073,0.40350878,0.12280701754385964,0.07017543859649122,-0.0130722625,0.2826638,-0.595225
2024_04_CLE_LV,2024,4,LV,CLE,-0.13563073,0.40350878,-0.07092963,-0.20264256,0.12280701754385964,0.06896551724137931,57,-0.0130722625,0.4,0.56,0.2826638,0.42857143,-0.595225,0.41666666,-0.13889717,0.3559322,0.01694915254237288,0.1694915254237288,-0.089264445,-0.16804627,-0.35547632
2024_04_DAL_NYG,2024,4,DAL,NYG,0.09113758,0.4909091,0.2025342,-0.06384902,0.03636363636363636,0.03125,55,0.14153132,0.52380955,0.6,0.5256964,0.33333334,-0.07167299,0.3846154,-0.05686234,0.35820895,0.029850746268656716,0.04477611940298507,-0.20387569,-0.82088506,0.2651669
2024_04_DAL_NYG,2024,4,NYG,DAL,-0.05686234,0.35820895,0.07968291,-0.31807932,0.029850746268656716,0.022727272727272728,67,-0.20387569,0.32608697,0.5142857142857142,-0.82088506,0.0,0.2651669,0.42857143,0.09113758,0.4909091,0.03636363636363636,0.05454545454545454,0.14153132,0.5256964,-0.07167299
2024_04_DEN_NYJ,2024,4,DEN,NYJ,-0.25485012,0.33898306,-0.54434973,0.024999507,0.1016949152542373,0.0,59,-0.14247777,0.36363637,0.47058823529411764,0.6639419,0.33333334,-0.5844757,0.26666668,-0.2346309,0.3108108,0.06756756756756757,0.17567567567567569,-0.13367039,-0.4954451,-0.5072243
2024_04_DEN_NYJ,2024,4,NYJ,DEN,-0.2346309,0.3108108,-0.21378061,-0.2909267,0.06756756756756757,0.09259259259259259,74,-0.13367039,0.3148148,0.5897435897435898,-0.4954451,0.16666667,-0.5072243,0.3,-0.25485012,0.33898306,0.1016949152542373,0.03389830508474576,-0.14247777,0.6639419,-0.5844757
2024_04_JAX_HOU,2024,4,HOU,JAX,0.10448479,0.44,0.3085474,-0.32914826,0.10666666666666667,0.0392156862745098,75,-0.030772928,0.40983605,0.5526315789473685,0.33828813,0.5,0.69382197,0.5714286,-0.013452726,0.4385965,0.12280701754385964,0.05263157894736842,0.08232998,-0.39283055,-0.33764035
2024_04_JAX_HOU,2024,4,JAX,HOU,-0.013452726,0.4385965,-0.035429165,0.021509783,0.12280701754385964,0.02857142857142857,57,0.08232998,0.47727272,0.5428571428571428,-0.39283055,0.375,-0.33764035,0.30769232,0.10448479,0.44,0.10666666666666667,0.08,-0.030772928,0.33828813,0.69382197
2024_04_KC_LAC,2024,4,KC,LAC,-0.12226407,0.45762712,-0.07579134,-0.20042276,0.06779661016949153,0.08108108108108109,59,-0.28618315,0.38636363,0.7777777777777778,0.1232759,0.8,0.35856527,0.6666667,-0.25146613,0.26785713,0.07142857142857142,0.17857142857142858,-0.12922461,-0.79436463,-0.6181907
2024_04_KC_LAC,2024,4,LAC,KC,-0.25146613,0.26785713,-0.09481272,-0.43222004,0.07142857142857142,0.06666666666666667,56,-0.12922461,0.26190478,0.39285714285714285,-0.79436463,0.14285715,-0.6181907,0.2857143,-0.12226407,0.45762712,0.06779661016949153,0.0847457627118644,-0.28618315,0.1232759,0.35856527
2024_04_LA_CHI,2024,4,CHI,LA,0.104399025,0.5,0.119036786,0.08638333,0.05172413793103448,0.09375,58,0.10747716,0.5217391,0.5428571428571428,0.30998546,0.4,0.09259951,0.41666666,0.039437167,0.51666665,0.08333333333333333,0.1,0.022194743,-0.27583373,0.20435296
2024_04_LA_CHI,2024,4,LA,CHI,0.039437167,0.51666665,-0.06083435,0.17981727,0.08333333333333333,0.08571428571428572,60,0.022194743,0.5208333,0.5641025641025641,-0.27583373,0.41666666,0.20435296,0.54545456,0.104399025,0.5,0.05172413793103448,0.06896551724137931,0.10747716,0.30998546,0.09259951
2024_04_MIN_GB,2024,4,GB,MIN,-0.09550546,0.40789473,-0.09380414,-0.100987464,0.11842105263157894,0.017241379310344827,76,-0.043028336,0.4,0.375,0.6641967,0.5833333,-0.38198105,0.4,0.054402396,0.52307695,0.1076923076923077,0.046153846153846156,0.05343547,-0.29553965,0.05827009
2024_04_MIN_GB,2024,4,MIN,GB,0.054402396,0.52307695,0.34897697,-0.3112764,0.1076923076923077,0.05555555555555555,65,0.05343547,0.5576923,0.5714285714285714,-0.29553965,0.5,0.05827009,0.3846154,-0.09550546,0.40789473,0.11842105263157894,0.13157894736842105,-0.043028336,0.6641967,-0.38198105
2024_04_NE_SF,2024,4,NE,SF,-0.4321121,0.34375,-0.38413918,-0.51206696,0.046875,0.15,64,-0.28747094,0.30232558,0.2222222222222222,-0.8634471,0.125,-0.7282821,0.42857143,0.106100366,0.39344263,0.14754098360655737,0.06557377049180328,0.026461298,-0.06696195,0.40015227
2024_04_NE_SF,2024,4,SF,NE,0.106100366,0.39344263,0.28846678,-0.08234497,0.14754098360655737,0.03225806451612903,61,0.026461298,0.35416666,0.3076923076923077,-0.06696195,0.23076923,0.40015227,0.53846157,-0.4321121,0.34375,0.046875,0.1875,-0.28747094,-0.8634471,-0.7282821
2024_04_NO_ATL,2024,4,ATL,NO,-0.029200371,0.39285713,-0.0753581,0.08619398,0.10714285714285714,0.025,56,-0.15971422,0.35555556,0.65625,-1.1812823,0.0,0.5047199,0.54545456,0.04793833,0.4864865,0.06756756756756757,0.04054054054054054,0.0037703735,0.08492882,0.2216656
2024_04_NO_ATL,2024,4,NO,ATL,0.04793833,0.4864865,-0.037757073,0.15440837,0.06756756756756757,0.024390243902439025,74,0.0037703735,0.47457626,0.5476190476190477,0.08492882,0.5,0.2216656,0.53333336,-0.029200371,0.39285713,0.10714285714285714,0.07142857142857142,-0.15971422,-1.1812823,0.5047199
2024_04_PHI_TB,2024,4,PHI,TB,-0.07759232,0.42857143,-0.2614785,0.31061184,0.05357142857142857,0.15789473684210525,56,-0.07376676,0.425,0.5,-0.2368519,0.5555556,-0.08715619,0.4375,0.24076936,0.5131579,0.09210526315789473,0.02631578947368421,0.16197488,0.27232128,0.5362486
2024_04_PHI_TB,2024,4,TB,PHI,0.24076936,0.5131579,0.30164382,0.108874686,0.09210526315789473,0.038461538461538464,76,0.16197488,0.5,0.8461538461538461,0.27232128,0.64285713,0.5362486,0.5625,-0.07759232,0.42857143,0.05357142857142857,0.14285714285714285,-0.07376676,-0.2368519,-0.08715619
2024_04_PIT_IND,2024,4,IND,PIT,0.14582376,0.43076923,0.3859099,-0.13427673,0.13846153846153847,0.05714285714285714,65,0.040128212,0.4,0.45,0.14519514,0.47058824,0.4981422,0.53333336,-0.013568862,0.47826087,0.14492753623188406,0.10144927536231885,0.020333262,0.13578342,-0.13561656
2024_04_PIT_IND,2024,4,PIT,IND,-0.013568862,0.47826087,0.10701846,-0.21300174,0.14492753623188406,0.09302325581395349,69,0.020333262,0.4814815,0.5,0.13578342,0.61538464,-0.13561656,0.46666667,0.14582376,0.43076923,0.13846153846153847,0.09230769230769231,0.040128212,0.14519514,0.4981422
2024_04_SEA_DET,2024,4,DET,SEA,0.40925553,0.54,0.75480205,0.090289466,0.16,0.125,50,0.45434704,0.54545456,0.4666666666666667,0.57909125,0.6666667,0.07858443,0.5,0.12377862,0.5222222,0.1,0.08888888888888889,0.11164628,-0.42592424,0.27323228
2024_04_SEA_DET,2024,4,SEA,DET,0.12377862,0.5222222,0.08299646,0.298902,0.1,0.0410958904109589,90,0.11164628,0.5405405,0.875,-0.42592424,0.42857143,0.27323228,0.5,0.40925553,0.54,0.16,0.08,0.45434704,0.57909125,0.07858443
2024_04_TEN_MIA,2024,4,MIA,TEN,-0.41561696,0.26666668,-0.35602942,-0.47931394,0.06666666666666667,0.06451612903225806,60,-0.29309455,0.30952382,0.4,-0.2192732,0.2857143,-0.68706155,0.1764706,-0.0668772,0.359375,0.0625,0.046875,-0.06755314,0.40186733,-0.06466913
2024_04_TEN_MIA,2024,4,TEN,MIA,-0.0668772,0.359375,-0.17211874,-0.003732276,0.0625,0.041666666666666664,64,-0.06755314,0.36734694,0.37142857142857144,0.40186733,0.44444445,-0.06466913,0.33333334,-0.41561696,0.26666668,0.06666666666666667,0.08333333333333333,-0.29309455,-0.2192732,-0.68706155
2024_04_WAS_ARI,2024,4,ARI,WAS,-0.10272615,0.45762712,-0.26243564,0.041527595,0.13559322033898305,0.14285714285714285,59,-0.123635486,0.46666667,0.45454545454545453,0.5290512,0.71428573,-0.03551752,0.42857143,0.4178601,0.57746476,0.07042253521126761,0.014084507042253521,0.14991881,0.9906965,1.5438226
2024_04_WAS_ARI,2024,4,WAS,ARI,0.4178601,0.57746476,0.4393097,0.39171842,0.07042253521126761,0.0,71,0.14991881,0.5263158,0.5,0.9906965,0.6666667,1.5438226,0.7692308,-0.10272615,0.45762712,0.13559322033898305,0.0847457627118644,-0.123635486,0.5290512,-0.03551752
2024_05_ARI_SF,2024,5,ARI,SF,0.123573415,0.44642857,-0.005806988,0.3092062,0.16071428571428573,0.030303030303030304,56,0.065286435,0.45454547,0.6428571428571429,0.22794393,0.42857143,0.27222803,0.36363637,-0.07083729,0.421875,0.078125,0.078125,-0.11296484,-0.420973,0.094432354
2024_05_ARI_SF,2024,5,SF,ARI,-0.07083729,0.421875,0.04261561,-0.27307943,0.078125,0.04878048780487805,64,-0.11296484,0.4117647,0.56,-0.420973,0.33333334,0.094432354,0.46153846,0.123573415,0.44642857,0.16071428571428573,0.03571428571428571,0.065286435,0.22794393,0.27222803
2024_05_BAL_CIN,2024,5,BAL,CIN,0.27537692,0.54545456,0.41707242,0.04084648,0.07792207792207792,0.020833333333333332,77,0.16871028,0.5081967,0.5,0.9511112,0.8181818,0.68204355,0.6875,0.26225522,0.4477612,0.07462686567164178,0.13432835820895522,0.13704254,0.6338662,0.68063784
2024_05_BAL_CIN,2024,5,CIN,BAL,0.26225522,0.4477612,0.5257543,-0.24182998,0.07462686567164178,0.06818181818181818,67,0.13704254,0.4117647,0.631578947368421,0.6338662,0.45454547,0.68063784,0.5714286,0.27537692,0.54545456,0.07792207792207792,0.09090909090909091,0.16871028,0.9511112,0.68204355
2024_05_BUF_HOU,2024,5,BUF,HOU,-0.02688041,0.3114754,0.041673947,-0.11916509,0.13114754098360656,0.02857142857142857,61,-0.017419728,0.32608697,0.4,-0.2850941,0.22222222,-0.05589316,0.26666668,-0.06979287,0.38235295,0.058823529411764705,0.10294117647058823,-0.21467009,-1.2892945,0.36483884
2024_05_BUF_HOU,2024,5,HOU,BUF,-0.06979287,0.38235295,0.16700958,-0.45231992,0.058823529411764705,0.023809523809523808,68,-0.21467009,0.3137255,0.5833333333333334,-1.2892945,0.5,0.36483884,0.5882353,-0.02688041,0.3114754,0.13114754098360656,0.14754098360655737,-0.017419728,-0.2850941,-0.05589316
2024_05_CAR_CHI,2024,5,CAR,CHI,-0.2268574,0.3559322,-0.4410028,0.30220774,0.1016949152542373,0.09523809523809523,59,-0.10095786,0.37209302,0.46153846153846156,-0.92723304,0.0,-0.56521237,0.3125,0.17682546,0.43661973,0.09859154929577464,0.028169014084507043,0.18073453,0.06415985,0.25158378
2024_05_CAR_CHI,2024,5,CHI,CAR,0.17682546,0.43661973,0.41601,-0.11468065,0.09859154929577464,0.02564102564102564,71,0.18073453,0.44827586,0.3870967741935484,0.06415985,0.4347826,0.25158378,0.41666666,-0.2268574,0.3559322,0.1016949152542373,0.13559322033898305,-0.10095786,-0.92723304,-0.56521237
2024_05_CLE_WAS,2024,5,CLE,WAS,-0.28055915,0.32258064,-0.38020277,-0.08601681,0.04838709677419355,0.17073170731707318,62,-0.23499845,0.3409091,0.75,0.07310465,0.33333334,-0.39192975,0.2777778,0.07283202,0.34848484,0.16666666666666666,0.045454545454545456,-0.19590849,-0.16055553,0.7376112
2024_05_CLE_WAS,2024,5,WAS,CLE,0.07283202,0.34848484,0.12720904,0.0034544386,0.16666666666666666,0.08108108108108109,66,-0.19590849,0.27659574,0.44,-0.16055553,0.47058824,0.7376112,0.5263158,-0.28055915,0.32258064,0.04838709677419355,0.16129032258064516,-0.23499845,0.07310465,-0.39192975
2024_05_DAL_PIT,2024,5,DAL,PIT,0.13456789,0.4868421,0.2755699,-0.08163517,0.10526315789473684,0.043478260869565216,76,-0.026528819,0.44067797,0.6097560975609756,-0.9414766,0.18181819,0.69366825,0.64705884,0.062874265,0.5,0.034482758620689655,0.10344827586206896,0.14369439,0.8386191,-0.19113182
2024_05_DAL_PIT,2024,5,PIT,DAL,0.062874265,0.5,-0.02872708,0.17561439,0.034482758620689655,0.09375,58,0.14369439,0.52272725,0.5,0.8386191,0.5,-0.19113182,0.42857143,0.13456789,0.4868421,0.10526315789473684,0.07894736842105263,-0.026528819,-0.9414766,0.69366825
2024_05_GB_LA,2024,5,GB,LA,0.035833865,0.4385965,0.088634096,-0.022833051,0.10526315789473684,0.06666666666666667,57,0.23131186,0.45833334,0.45454545454545453,0.10975041,0.6666667,-1.0067154,0.33333334,-0.073417,0.53846157,0.05128205128205128,0.11538461538461539,0.019160677,-0.085368134,-0.29358423
2024_05_GB_LA,2024,5,LA,GB,-0.073417,0.53846157,-0.14698637,0.050889842,0.05128205128205128,0.061224489795918366,78,0.019160677,0.5614035,0.47058823529411764,-0.085368134,0.5714286,-0.29358423,0.5,0.035833865,0.4385965,0.10526315789473684,0.05263157894736842,0.23131186,0.10975041,-1.0067154
2024_05_IND_JAX,2024,5,IND,JAX,0.25686276,0.44927537,0.30898368,0.10918681,0.13043478260869565,0.0784313725490196,69,0.16825049,0.42592594,0.7,0.15377086,0.3888889,0.5758669,0.53333336,0.24639589,0.41379312,0.10344827586206896,0.0,0.43236443,0.3113506,-0.4664835
2024_05_IND_JAX,2024,5,JAX,IND,0.24639589,0.41379312,0.3396499,0.10448761,0.10344827586206896,0.0,58,0.43236443,0.4347826,0.5862068965517241,0.3113506,0.5555556,-0.4664835,0.33333334,0.25686276,0.44927537,0.13043478260869565,0.08695652173913043,0.16825049,0.15377086,0.5758669
2024_05_LV_DEN,2024,5,DEN,LV,0.01845997,0.45614034,-0.0013965874,0.045762736,0.14035087719298245,0.09090909090909091,57,0.081607796,0.46666667,0.6190476190476191,0.6419904,0.6666667,-0.21834433,0.41666666,-0.20594583,0.37142858,0.04285714285714286,0.08571428571428572,-0.32572398,-0.9223726,0.0863787
2024_05_LV_DEN,2024,5,LV,DEN,-0.20594583,0.37142858,-0.27167702,-0.07996113,0.04285714285714286,0.06521739130434782,70,-0.32572398,0.32692307,0.4482758620689655,-0.9223726,0.6666667,0.0863787,0.47058824,0.01845997,0.45614034,0.14035087719298245,0.07017543859649122,0.081607796,0.6419904,-0.21834433
2024_05_MIA_NE,2024,5,MIA,NE,-0.031329952,0.37974682,0.02429397,-0.08556326,0.10126582278481013,0.07692307692307693,79,0.004973477,0.375,0.5,-0.27582428,0.22222222,-0.13188346,0.42857143,-0.14192797,0.40677965,0.11864406779661017,0.15254237288135594,-0.0057546296,-0.9155684,-0.57962805
2024_05_MIA_NE,2024,5,NE,MIA,-0.14192797,0.40677965,-0.2690595,0.1257173,0.11864406779661017,0.05,59,-0.0057546296,0.44444445,0.5517241379310345,-0.9155684,0.09090909,-0.57962805,0.2857143,-0.031329952,0.37974682,0.10126582278481013,0.05063291139240506,0.004973477,-0.27582428,-0.13188346
2024_05_NO_KC,2024,5,KC,NO,0.13962065,0.56790125,0.1793486,0.084702566,0.04938271604938271,0.0425531914893617,81,0.08337692,0.53731346,0.6486486486486487,-0.40656632,0.47368422,0.40878707,0.71428573,-0.096905395,0.35849056,0.03773584905660377,0.16981132075471697,0.014695472,0.9528981,-0.4077935
2024_05_NO_KC,2024,5,NO,KC,-0.096905395,0.35849056,-0.08492054,-0.13029179,0.03773584905660377,0.02564102564102564,53,0.014695472,0.35897437,0.6363636363636364,0.9528981,0.5,-0.4077935,0.35714287,0.13962065,0.56790125,0.04938271604938271,0.07407407407407407,0.08337692,-0.40656632,0.40878707
2024_05_NYG_SEA,2024,5,NYG,SEA,0.013006963,0.4857143,0.2454662,-0.27944174,0.11428571428571428,0.07692307692307693,70,0.21261147,0.5,0.5476190476190477,-1.0360233,0.33333334,-0.541077,0.47058824,-0.09542316,0.4827586,0.08620689655172414,0.13793103448275862,0.116789185,0.54325914,-0.83000433
2024_05_NYG_SEA,2024,5,SEA,NYG,-0.09542316,0.4827586,-0.10768439,-0.006091305,0.08620689655172414,0.13725490196078433,58,0.116789185,0.53333336,0.7916666666666666,0.54325914,0.6,-0.83000433,0.30769232,0.013006963,0.4857143,0.11428571428571428,0.07142857142857142,0.21261147,-1.0360233,-0.541077
2024_05_NYJ_MIN,2024,5,MIN,NYJ,-0.15431234,0.3943662,-0.019893067,-0.3607419,0.08450704225352113,0.09302325581395349,71,-0.06413792,0.4107143,0.4666666666666667,0.34988865,0.6666667,-0.49096346,0.33333334,-0.31121936,0.3611111,0.027777777777777776,0.1527777777777778,-0.14117795,0.30114698,-0.7855455
2024_05_NYJ_MIN,2024,5,NYJ,MIN,-0.31121936,0.3611111,-0.25407964,-0.5479412,0.027777777777777776,0.05172413793103448,72,-0.14117795,0.3773585,0.6666666666666666,0.30114698,0.5,-0.7855455,0.31578946,-0.15431234,0.3943662,0.08450704225352113,0.09859154929577464,-0.06413792,0.34988865,-0.49096346
2024_05_TB_ATL,2024,5,ATL,TB,0.19906478,0.45882353,0.3381058,-0.25281855,0.09411764705882353,0.06153846153846154,85,0.11603182,0.4477612,0.75,0.06992176,0.375,0.5081319,0.5,0.13387299,0.48076922,0.11538461538461539,0.019230769230769232,0.07357536,0.18280554,0.35861865
2024_05_TB_ATL,2024,5,TB,ATL,0.13387299,0.48076922,0.3264459,-0.15040138,0.11538461538461539,0.03225806451612903,52,0.07357536,0.46341464,0.5862068965517241,0.18280554,0.5,0.35861865,0.54545456,0.19906478,0.45882353,0.09411764705882353,0.12941176470588237,0.11603182,0.06992176,0.5081319
2024_06_ARI_GB,2024,6,ARI,GB,-0.13684732,0.44827586,-0.06062826,-0.29329696,0.034482758620689655,0.0,58,-0.0806066,0.45833334,0.3333333333333333,-0.52089685,0.16666667,-0.40680274,0.4,0.2684133,0.52112675,0.1267605633802817,0.028169014084507043,0.13054332,0.49116597,0.78312784
2024_06_ARI_GB,2024,6,GB,ARI,0.2684133,0.52112675,0.5308025,-0.017127903,0.1267605633802817,0.0,71,0.13054332,0.5,0.5,0.49116597,0.44444445,0.78312784,0.6,-0.13684732,0.44827586,0.034482758620689655,0.017241379310344827,-0.0806066,-0.52089685,-0.40680274
2024_06_ATL_CAR,2024,6,ATL,CAR,0.3062599,0.530303,0.29004118,0.32062507,0.09090909090909091,0.0,66,0.23071639,0.49056605,0.5,0.06550488,0.33333334,0.57768196,0.6666667,-0.08656442,0.4090909,0.06060606060606061,0.045454545454545456,-0.11061508,0.20310906,0.011488273
2024_06_ATL_CAR,2024,6,CAR,ATL,-0.08656442,0.4090909,-0.09567989,-0.06833349,0.06060606060606061,0.0,66,-0.11061508,0.3962264,0.5483870967741935,0.20310906,0.4,0.011488273,0.46153846,0.3062599,0.530303,0.09090909090909091,0.045454545454545456,0.23071639,0.06550488,0.57768196
2024_06_BUF_NYJ,2024,6,BUF,NYJ,0.27364415,0.5538462,0.33484143,0.1927763,0.09230769230769231,0.05405405405405406,65,0.23461577,0.5555556,0.5476190476190477,0.34355924,0.5294118,0.4652379,0.54545456,0.1703382,0.3968254,0.15873015873015872,0.07936507936507936,0.13293545,-0.5164289,0.30124778
2024_06_BUF_NYJ,2024,6,NYJ,BUF,0.1703382,0.3968254,0.2997211,-0.0707845,0.15873015873015872,0.07317073170731707,63,0.13293545,0.3877551,0.5,-0.5164289,0.16666667,0.30124778,0.42857143,0.27364415,0.5538462,0.09230769230769231,0.03076923076923077,0.23461577,0.34355924,0.4652379
2024_06_CIN_NYG,2024,6,CIN,NYG,-0.009881478,0.43137255,0.2344954,-0.49863523,0.09803921568627451,0.11764705882352941,51,-0.04783996,0.46153846,0.6774193548387096,-0.35766935,0.33333334,0.1134836,0.33333334,-0.07470339,0.47368422,0.039473684210526314,0.07894736842105263,-0.087675765,-1.3061223,-0.04286208
2024_06_CIN_NYG,2024,6,NYG,CIN,-0.07470339,0.47368422,-0.18289809,0.11077325,0.039473684210526314,0.041666666666666664,76,-0.087675765,0.4814815,0.5945945945945946,-1.3061223,0.6666667,-0.04286208,0.45454547,-0.009881478,0.43137255,0.09803921568627451,0.13725490196078433,-0.04783996,-0.35766935,0.1134836
2024_06_CLE_PHI,2024,6,CLE,PHI,-0.07390009,0.3508772,0.005618283,-0.18323785,0.08771929824561403,0.15151515151515152,57,-0.017145853,0.3809524,0.5217391304347826,-0.60631263,0.0,-0.23281194,0.26666668,0.17127573,0.5,0.13793103448275862,0.034482758620689655,0.26078442,,-0.08531586
2024_06_CLE_PHI,2024,6,PHI,CLE,0.17127573,0.5,0.27475837,0.08719609,0.13793103448275862,0.038461538461538464,58,0.26078442,0.5116279,0.42424242424242425,,,-0.08531586,0.46666667,-0.07390009,0.3508772,0.08771929824561403,0.14035087719298245,-0.017145853,-0.60631263,-0.23281194
2024_06_DET_DAL,2024,6,DAL,DET,-0.44487402,0.33333334,-0.5361657,-0.14247039,0.043478260869565216,0.07547169811320754,69,-0.2954414,0.32,0.5882352941176471,-1.5291779,0.1,-0.8381178,0.36842105,0.33979383,0.45454547,0.21212121212121213,0.09090909090909091,0.39690557,0.090018906,0.106953725
2024_06_DET_DAL,2024,6,DET,DAL,0.33979383,0.45454547,0.41672763,0.25805172,0.21212121212121213,0.08823529411764706,66,0.39690557,0.49056605,0.4375,0.090018906,0.35714287,0.106953725,0.30769232,-0.44487402,0.33333334,0.043478260869565216,0.15942028985507245,-0.2954414,-1.5291779,-0.8381178
2024_06_HOU_NE,2024,6,HOU,NE,0.16363677,0.41538462,0.16283782,0.16483523,0.1076923076923077,0.05128205128205128,65,0.1705865,0.4,0.47368421052631576,0.7654391,0.53846157,0.14047106,0.46666667,-0.27930638,0.3939394,0.06060606060606061,0.12121212121212122,-0.2234142,0.2690674,-0.4693399
2024_06_HOU_NE,2024,6,NE,HOU,-0.27930638,0.3939394,-0.2268784,-0.39165217,0.06060606060606061,0.08888888888888889,66,-0.2234142,0.4117647,0.25,0.2690674,0.5,-0.4693399,0.33333334,0.16363677,0.41538462,0.1076923076923077,0.06153846153846154,0.1705865,0.7654391,0.14047106
2024_06_IND_TEN,2024,6,IND,TEN,0.014544736,0.37142858,0.1884511,-0.2624172,0.07142857142857142,0.0,70,-0.15396568,0.30769232,0.6,-0.05491182,0.33333334,0.5013526,0.5555556,-0.018675525,0.37931034,0.06896551724137931,0.06896551724137931,-0.116451055,0.27972278,0.31977823
2024_06_IND_TEN,2024,6,TEN,IND,-0.018675525,0.37931034,-0.1381047,0.12831423,0.06896551724137931,0.0,58,-0.116451055,0.35555556,0.47058823529411764,0.27972278,0.5,0.31977823,0.46153846,0.014544736,0.37142858,0.07142857142857142,0.02857142857142857,-0.15396568,-0.05491182,0.5013526
2024_06_JAX_CHI,2024,6,CHI,JAX,0.32011378,0.52380955,0.52841127,-0.018369632,0.14285714285714285,0.07692307692307693,63,0.26430604,0.5,0.5,0.78040564,0.7777778,0.4986985,0.6,-0.02392606,0.39344263,0.04918032786885246,0.11475409836065574,-0.16283764,-0.10287571,0.381737
2024_06_JAX_CHI,2024,6,JAX,CHI,-0.02392606,0.39344263,0.0063392143,-0.102259725,0.04918032786885246,0.09090909090909091,61,-0.16283764,0.3488372,0.5,-0.10287571,0.2,0.381737,0.5294118,0.32011378,0.52380955,0.14285714285714285,0.06349206349206349,0.26430604,0.78040564,0.4986985
2024_06_LAC_DEN,2024,6,DEN,LAC,-0.07052879,0.4107143,0.048697505,-0.5076919,0.14285714285714285,0.045454545454545456,56,-0.042489626,0.425,0.25,0.6623959,0.6666667,-0.086868525,0.4,0.097936735,0.44,0.10666666666666667,0.08,-0.13251325,-0.107601084,0.7771577
2024_06_LAC_DEN,2024,6,LAC,DEN,0.097936735,0.44,0.2096067,-0.03672412,0.10666666666666667,0.07317073170731707,75,-0.13251325,0.35714287,0.75,-0.107601084,0.3529412,0.7771577,0.68421054,-0.07052879,0.4107143,0.14285714285714285,0.10714285714285714,-0.042489626,0.6623959,-0.086868525
2024_06_PIT_LV,2024,6,LV,PIT,-0.26215175,0.42857143,-0.12386244,-0.5824006,0.031746031746031744,0.022727272727272728,63,-0.046799112,0.5,0.5714285714285714,-0.29638377,0.41666666,-0.9515859,0.21428572,0.066002734,0.4,0.1076923076923077,0.07692307692307693,-0.035339642,-0.28187737,0.46458805
2024_06_PIT_LV,2024,6,PIT,LV,0.066002734,0.4,0.14903308,-0.030866016,0.1076923076923077,0.08571428571428572,65,-0.035339642,0.36734694,0.4722222222222222,-0.28187737,0.25,0.46458805,0.53333336,-0.26215175,0.42857143,0.031746031746031744,0.047619047619047616,-0.046799112,-0.29638377,-0.9515859
2024_06_SF_SEA,2024,6,SEA,SF,0.0070266756,0.4025974,0.07021823,-0.17306927,0.025974025974025976,0.017543859649122806,77,-0.16307932,0.36842105,0.2,0.24709612,0.4375,0.49182877,0.5,0.29529804,0.5,0.09375,0.0625,0.36497304,0.045621224,0.13311861
2024_06_SF_SEA,2024,6,SF,SEA,0.29529804,0.5,0.39138106,0.19301613,0.09375,0.0,64,0.36497304,0.52,0.5,0.045621224,0.3125,0.13311861,0.5,0.0070266756,0.4025974,0.025974025974025976,0.06493506493506493,-0.16307932,0.24709612,0.49182877
2024_06_TB_NO,2024,6,NO,TB,-0.37225455,0.3857143,-0.4070534,-0.27884722,0.04285714285714286,0.09803921568627451,70,-0.4633576,0.3888889,0.6333333333333333,-0.08467418,0.5,-0.064781815,0.375,0.19495098,0.5394737,0.18421052631578946,0.02631578947368421,0.09079435,0.25067335,0.9861641
2024_06_TB_NO,2024,6,TB,NO,0.19495098,0.5394737,0.08758837,0.34257457,0.18421052631578946,0.022727272727272728,76,0.09079435,0.53846157,0.6756756756756757,0.25067335,0.53333336,0.9861641,0.6,-0.37225455,0.3857143,0.04285714285714286,0.12857142857142856,-0.4633576,-0.08467418,-0.064781815
2024_06_WAS_BAL,2024,6,BAL,WAS,0.23233198,0.530303,0.4642866,0.0003773254,0.15151515151515152,0.06060606060606061,66,0.08931446,0.4814815,0.5348837209302325,-0.25935227,0.35714287,0.8759107,0.75,0.12302355,0.44067797,0.0847457627118644,0.11864406779661017,0.046173748,0.2103635,0.34844962
2024_06_WAS_BAL,2024,6,WAS,BAL,0.12302355,0.44067797,0.30126643,-0.39982226,0.0847457627118644,0.06818181818181818,59,0.046173748,0.45454547,0.6896551724137931,0.2103635,0.35714287,0.34844962,0.4,0.23233198,0.530303,0.15151515151515152,0.06060606060606061,0.08931446,-0.25935227,0.8759107
2024_07_BAL_TB,2024,7,BAL,TB,0.35042757,0.47457626,0.96112555,-0.23991388,0.15254237288135594,0.06896551724137931,59,0.27088964,0.44,0.5833333333333334,0.39668038,0.33333334,0.792305,0.6666667,0.11642732,0.49382716,0.09876543209876543,0.04938271604938271,0.08296596,-0.2823358,0.22148106
2024_07_BAL_TB,2024,7,TB,BAL,0.11642732,0.49382716,0.13821964,0.067612536,0.09876543209876543,0.05357142857142857,81,0.08296596,0.47457626,0.46153846153846156,-0.2823358,0.46153846,0.22148106,0.55,0.35042757,0.47457626,0.15254237288135594,0.03389830508474576,0.27088964,0.39668038,0.792305
2024_07_CAR_WAS,2024,7,CAR,WAS,-0.47399506,0.42857143,-0.87237185,-0.075618304,0.047619047619047616,0.09523809523809523,42,-0.09214118,0.48387095,0.4444444444444444,0.5648221,0.75,-1.5501288,0.27272728,0.24187139,0.5522388,0.07462686567164178,0.029850746268656716,0.2469379,0.12383659,0.21299228
2024_07_CAR_WAS,2024,7,WAS,CAR,0.24187139,0.5522388,0.47771883,0.026239432,0.07462686567164178,0.03125,67,0.2469379,0.5614035,0.125,0.12383659,0.5,0.21299228,0.5,-0.47399506,0.42857143,0.047619047619047616,0.047619047619047616,-0.09214118,0.5648221,-1.5501288
2024_07_CIN_CLE,2024,7,CIN,CLE,-0.17677101,0.3137255,-0.03642881,-0.36176756,0.09803921568627451,0.10344827586206896,51,0.0037941963,0.36842105,0.6071428571428571,1.0622994,0.5,-0.7045771,0.15384616,-0.15220134,0.36144578,0.04819277108433735,0.13253012048192772,-0.21480931,0.37829915,-0.036234226
2024_07_CIN_CLE,2024,7,CLE,CIN,-0.15220134,0.36144578,-0.182417,-0.06842155,0.04819277108433735,0.06557377049180328,83,-0.21480931,0.31666666,0.6666666666666666,0.37829915,0.41666666,-0.036234226,0.45454547,-0.17677101,0.3137255,0.09803921568627451,0.11764705882352941,0.0037941963,1.0622994,-0.7045771
2024_07_DEN_NO,2024,7,DEN,NO,0.07915802,0.53968257,-0.04530735,0.24511187,0.15873015873015872,0.0,63,0.11135679,0.5576923,0.5714285714285714,0.12805144,0.625,-0.073054306,0.45454547,-0.33212537,0.39130434,0.057971014492753624,0.14492753623188406,-0.468685,2.0973055,-0.019989122
2024_07_DEN_NO,2024,7,NO,DEN,-0.33212537,0.39130434,-0.43975815,-0.0028957059,0.057971014492753624,0.11538461538461539,69,-0.468685,0.35416666,0.6666666666666666,2.0973055,1.0,-0.019989122,0.47619048,0.07915802,0.53968257,0.15873015873015872,0.0,0.11135679,0.12805144,-0.073054306
2024_07_DET_MIN,2024,7,DET,MIN,0.075732335,0.4107143,0.51441026,-0.39544025,0.10714285714285714,0.13793103448275862,56,0.037382558,0.39130434,0.5,0.8794666,0.33333334,0.25214124,0.5,-0.021504473,0.33898306,0.11864406779661017,0.0847457627118644,-0.04137915,-0.947,0.1664435
2024_07_DET_MIN,2024,7,MIN,DET,-0.021504473,0.33898306,-0.0162025,-0.034603495,0.11864406779661017,0.09523809523809523,59,-0.04137915,0.33333334,0.5294117647058824,-0.947,0.0,0.1664435,0.4,0.075732335,0.4107143,0.10714285714285714,0.125,0.037382558,0.8794666,0.25214124
2024_07_HOU_GB,2024,7,GB,HOU,-0.02630253,0.39655173,0.058759212,-0.18791983,0.08620689655172414,0.07894736842105263,58,0.09391412,0.39583334,0.5263157894736842,0.6122464,0.42857143,-0.6033424,0.4,-0.14333399,0.3809524,0.07936507936507936,0.1111111111111111,-0.00086115755,-0.08862161,-0.5362285
2024_07_HOU_GB,2024,7,HOU,GB,-0.14333399,0.3809524,-0.28310412,0.0009448759,0.07936507936507936,0.125,63,-0.00086115755,0.39130434,0.4375,-0.08862161,0.35714287,-0.5362285,0.4,-0.02630253,0.39655173,0.08620689655172414,0.10344827586206896,0.09391412,0.6122464,-0.6033424
2024_07_KC_SF,2024,7,KC,SF,0.04096984,0.5147059,0.055396244,0.02736781,0.10294117647058823,0.06060606060606061,68,0.046894852,0.5,0.4473684210526316,0.46553478,0.6875,0.021713562,0.5625,-0.14614014,0.44444445,0.07936507936507936,0.09523809523809523,0.0006612977,-0.15062796,-0.63786405
2024_07_KC_SF,2024,7,SF,KC,-0.14614014,0.44444445,-0.163653,-0.11111442,0.07936507936507936,0.023809523809523808,63,0.0006612977,0.46938777,0.5454545454545454,-0.15062796,0.64285713,-0.63786405,0.3846154,0.04096984,0.5147059,0.10294117647058823,0.08823529411764706,0.046894852,0.46553478,0.021713562
2024_07_LAC_ARI,2024,7,ARI,LAC,0.10232162,0.5090909,0.26426193,-0.10685126,0.14545454545454545,0.0,55,0.24664022,0.54347825,0.5294117647058824,0.27506596,0.6,-0.6353069,0.33333334,0.046671808,0.43076923,0.09230769230769231,0.1076923076923077,-0.04864063,-0.7458172,0.39388138
2024_07_LAC_ARI,2024,7,LAC,ARI,0.046671808,0.43076923,0.12967305,-0.14008096,0.09230769230769231,0.06666666666666667,65,-0.04864063,0.4117647,0.6486486486486487,-0.7458172,0.0,0.39388138,0.5,0.10232162,0.5090909,0.14545454545454545,0.01818181818181818,0.24664022,0.27506596,-0.6353069
2024_07_LV_LA,2024,7,LA,LV,-0.25490734,0.43396226,-0.2200032,-0.2885187,0.09433962264150944,0.038461538461538464,53,-0.0864727,0.5,0.5,-0.012679151,0.2857143,-0.89802134,0.18181819,-0.32440162,0.32911393,0.05063291139240506,0.12658227848101267,-0.22453125,-0.6800703,-0.6886348
2024_07_LV_LA,2024,7,LV,LA,-0.32440162,0.32911393,-0.46347615,-0.10906046,0.05063291139240506,0.041666666666666664,79,-0.22453125,0.33870968,0.5333333333333333,-0.6800703,0.18181819,-0.6886348,0.29411766,-0.25490734,0.43396226,0.09433962264150944,0.03773584905660377,-0.0864727,-0.012679151,-0.89802134
2024_07_MIA_IND,2024,7,IND,MIA,-0.19140738,0.36065573,-0.15599914,-0.2256734,0.11475409836065574,0.0,61,-0.11960129,0.375,0.5161290322580645,-0.63036275,0.44444445,-0.45653754,0.30769232,-0.23439677,0.44117647,0.10294117647058823,0.07352941176470588,-0.24164325,-0.7778188,-0.21084568
2024_07_MIA_IND,2024,7,MIA,IND,-0.23439677,0.44117647,-0.029653624,-0.41639063,0.10294117647058823,0.0625,68,-0.24164325,0.44230768,0.23809523809523808,-0.7778188,0.2857143,-0.21084568,0.4375,-0.19140738,0.36065573,0.11475409836065574,0.06557377049180328,-0.11960129,-0.63036275,-0.45653754
2024_07_NE_JAX,2024,7,JAX,NE,0.25487065,0.5409836,0.6277796,0.029162608,0.13114754098360656,0.0,61,0.26363087,0.53061223,0.4,0.1630073,0.47619048,0.14329074,0.54545456,0.068745025,0.35,0.06666666666666667,0.05,-0.018222433,0.029499173,0.4208365
2024_07_NE_JAX,2024,7,NE,JAX,0.068745025,0.35,0.17800875,-0.29026437,0.06666666666666667,0.043478260869565216,60,-0.018222433,0.33333334,0.6,0.029499173,0.2,0.4208365,0.42857143,0.25487065,0.5409836,0.13114754098360656,0.0,0.26363087,0.1630073,0.14329074
2024_07_NYJ_PIT,2024,7,NYJ,PIT,-0.038210433,0.4385965,0.0020663564,-0.14141971,0.10526315789473684,0.024390243902439025,57,-0.03971037,0.4090909,0.6363636363636364,0.26344207,0.5,-0.12364485,0.5,0.16868919,0.38235295,0.1323529411764706,0.07352941176470588,0.11171138,0.29617602,0.35386708
2024_07_NYJ_PIT,2024,7,PIT,NYJ,0.16868919,0.38235295,0.28659362,0.057522174,0.1323529411764706,0.030303030303030304,68,0.11171138,0.3653846,0.4,0.29617602,0.45,0.35386708,0.4375,-0.038210433,0.4385965,0.10526315789473684,0.14035087719298245,-0.03971037,0.26344207,-0.12364485
2024_07_PHI_NYG,2024,7,NYG,PHI,-0.41909307,0.2982456,-0.5283856,-0.11307411,0.017543859649122806,0.19047619047619047,57,-0.1599552,0.31707317,0.75,-0.5170525,0.0,-1.0831338,0.25,0.14429827,0.41538462,0.1076923076923077,0.1076923076923077,0.16947307,0.45257625,0.06720048
2024_07_PHI_NYG,2024,7,PHI,NYG,0.14429827,0.41538462,0.06842008,0.18585064,0.1076923076923077,0.21739130434782608,65,0.16947307,0.4489796,0.3333333333333333,0.45257625,0.6666667,0.06720048,0.3125,-0.41909307,0.2982456,0.017543859649122806,0.19298245614035087,-0.1599552,-0.5170525,-1.0831338
2024_07_SEA_ATL,2024,7,ATL,SEA,-0.09490625,0.5277778,-0.19445656,0.036757085,0.06944444444444445,0.07317073170731707,72,-0.16573098,0.5272727,0.5625,0.38827986,0.5555556,0.13423263,0.5294118,0.17774087,0.41666666,0.1,0.1,0.038296048,0.62725693,0.6359167
2024_07_SEA_ATL,2024,7,SEA,ATL,0.17774087,0.41666666,0.3718919,-0.11348566,0.1,0.027777777777777776,60,0.038296048,0.39130434,0.6388888888888888,0.62725693,0.5,0.6359167,0.5,-0.09490625,0.5277778,0.06944444444444445,0.125,-0.16573098,0.38827986,0.13423263
2024_07_TEN_BUF,2024,7,BUF,TEN,0.2253247,0.45454547,0.36269605,-0.015075159,0.14545454545454545,0.02857142857142857,55,0.286951,0.47727272,0.5,0.21633781,0.42857143,-0.021180488,0.36363637,-0.1806148,0.3888889,0.06944444444444445,0.1388888888888889,-0.18593912,-0.5138964,-0.16576277
2024_07_TEN_BUF,2024,7,TEN,BUF,-0.1806148,0.3888889,0.010632546,-0.5189755,0.06944444444444445,0.06521739130434782,72,-0.18593912,0.3773585,0.5609756097560976,-0.5138964,0.25,-0.16576277,0.42105263,0.2253247,0.45454547,0.14545454545454545,0.07272727272727272,0.286951,0.21633781,-0.021180488
2024_08_ARI_MIA,2024,8,ARI,MIA,0.23895729,0.50769234,0.44007072,-0.06271288,0.1076923076923077,0.0,65,0.22853442,0.49019608,0.625,0.3942708,0.54545456,0.37107447,0.61538464,0.1759174,0.4923077,0.09230769230769231,0.06153846153846154,-0.0068422584,0.2821029,0.7851163
2024_08_ARI_MIA,2024,8,MIA,ARI,0.1759174,0.4923077,0.23212267,0.07990008,0.09230769230769231,0.024390243902439025,65,-0.0068422584,0.42,0.5897435897435898,0.2821029,0.5833333,0.7851163,0.73333335,0.23895729,0.50769234,0.1076923076923077,0.015384615384615385,0.22853442,0.3942708,0.37107447
2024_08_ATL_TB,2024,8,ATL,TB,0.24303913,0.5322581,0.5151638,-0.06661994,0.11290322580645161,0.06060606060606061,62,0.07000984,0.4680851,0.5945945945945946,0.7898968,0.5,0.78519756,0.73333335,0.049922198,0.5,0.06944444444444445,0.0,-0.12860094,0.8405011,0.6747531
2024_08_ATL_TB,2024,8,TB,ATL,0.049922198,0.5,0.14848413,-0.20633884,0.06944444444444445,0.0,72,-0.12860094,0.4642857,0.5675675675675675,0.8405011,0.71428573,0.6747531,0.625,0.24303913,0.5322581,0.11290322580645161,0.06451612903225806,0.07000984,0.7898968,0.78519756
2024_08_BAL_CLE,2024,8,BAL,CLE,0.1434995,0.5,0.2711545,-0.150107,0.13636363636363635,0.06521739130434782,66,0.30821842,0.5660377,0.6571428571428571,-0.29830474,0.27272728,-0.52804697,0.23076923,0.11683771,0.47826087,0.08695652173913043,0.10144927536231885,0.18986621,-0.742613,-0.070273794
2024_08_BAL_CLE,2024,8,CLE,BAL,0.11683771,0.47826087,0.27005705,-0.17044854,0.08695652173913043,0.044444444444444446,69,0.18986621,0.4716981,0.5263157894736842,-0.742613,0.0,-0.070273794,0.53333336,0.1434995,0.5,0.13636363636363635,0.10606060606060606,0.30821842,-0.29830474,-0.52804697
2024_08_BUF_SEA,2024,8,BUF,SEA,0.27409112,0.53424656,0.35664564,0.1683181,0.136986301369863,0.024390243902439025,73,0.24706647,0.49122807,0.6451612903225806,0.4836621,0.53333336,0.37036636,0.6875,-0.20573199,0.46,0.02,0.1,-0.029583666,-0.45658827,-1.1305107
2024_08_BUF_SEA,2024,8,SEA,BUF,-0.20573199,0.46,0.019992288,-0.7861658,0.02,0.027777777777777776,50,-0.029583666,0.52380955,0.5882352941176471,-0.45658827,0.5,-1.1305107,0.125,0.27409112,0.53424656,0.136986301369863,0.0136986301369863,0.24706647,0.4836621,0.37036636
2024_08_CAR_DEN,2024,8,CAR,DEN,-0.17945047,0.38709676,-0.1823876,-0.17227077,0.06451612903225806,0.045454545454545456,62,-0.21895567,0.39534885,0.47058823529411764,0.17534521,0.625,-0.09004402,0.36842105,0.053986076,0.44444445,0.06944444444444445,0.027777777777777776,0.008883691,0.30241826,0.17979799
2024_08_CAR_DEN,2024,8,DEN,CAR,0.053986076,0.44444445,0.088946685,0.005041239,0.06944444444444445,0.047619047619047616,72,0.008883691,0.3773585,0.6551724137931034,0.30241826,0.57894737,0.17979799,0.6315789,-0.17945047,0.38709676,0.06451612903225806,0.08064516129032258,-0.21895567,0.17534521,-0.09004402
2024_08_CHI_WAS,2024,8,CHI,WAS,-0.085538745,0.42857143,-0.16308612,0.011395461,0.07936507936507936,0.08571428571428572,63,0.18418834,0.4893617,0.46153846153846156,-0.075577855,0.5,-1.0065862,0.2,0.05087924,0.43243244,0.0945945945945946,0.0945945945945946,0.13654643,-0.50157416,-0.2596643
2024_08_CHI_WAS,2024,8,WAS,CHI,0.05087924,0.43243244,0.21643889,-0.25476936,0.0945945945945946,0.041666666666666664,74,0.13654643,0.46551725,0.5,-0.50157416,0.27272728,-0.2596643,0.3125,-0.085538745,0.42857143,0.07936507936507936,0.12698412698412698,0.18418834,-0.075577855,-1.0065862
2024_08_DAL_SF,2024,8,DAL,SF,0.023263693,0.4262295,0.07878451,-0.10936938,0.09836065573770492,0.046511627906976744,61,0.015515035,0.4347826,0.6428571428571429,0.5035046,0.54545456,0.04702622,0.4,0.17434508,0.49253732,0.11940298507462686,0.04477611940298507,0.12201315,0.65949696,0.3282625
2024_08_DAL_SF,2024,8,SF,DAL,0.17434508,0.49253732,0.28842142,0.056811847,0.11940298507462686,0.058823529411764705,67,0.12201315,0.48,0.53125,0.65949696,0.6363636,0.3282625,0.5294118,0.023263693,0.4262295,0.09836065573770492,0.13114754098360656,0.015515035,0.5035046,0.04702622
2024_08_GB_JAX,2024,8,GB,JAX,0.15847772,0.46268657,0.33942038,-0.006955559,0.1044776119402985,0.03125,67,0.2277972,0.49056605,0.425,-0.24473861,0.30769232,-0.10394605,0.35714287,0.039201915,0.47368422,0.19298245614035087,0.07017543859649122,0.29530448,0.84467816,-1.1644802
2024_08_GB_JAX,2024,8,JAX,GB,0.039201915,0.47368422,0.085173815,-0.033935223,0.19298245614035087,0.02857142857142857,57,0.29530448,0.5319149,0.5416666666666666,0.84467816,0.625,-1.1644802,0.2,0.15847772,0.46268657,0.1044776119402985,0.04477611940298507,0.2277972,-0.24473861,-0.10394605
2024_08_IND_HOU,2024,8,HOU,IND,-0.050622683,0.4225352,0.14153327,-0.31323582,0.09859154929577464,0.04878048780487805,71,0.052558158,0.4385965,0.6097560975609756,-0.7224809,0.33333334,-0.4707161,0.35714287,-0.10370091,0.29032257,0.14516129032258066,0.14516129032258066,0.07202158,-0.13093415,-0.654298
2024_08_IND_HOU,2024,8,IND,HOU,-0.10370091,0.29032257,-0.2002576,0.06002565,0.14516129032258066,0.1282051282051282,62,0.07202158,0.29787233,0.56,-0.13093415,0.25,-0.654298,0.26666668,-0.050622683,0.4225352,0.09859154929577464,0.1267605633802817,0.052558158,-0.7224809,-0.4707161
2024_08_KC_LV,2024,8,KC,LV,0.12591568,0.5147059,0.28017282,-0.13940662,0.029411764705882353,0.023255813953488372,68,-0.100399196,0.43396226,0.5675675675675675,0.24832797,0.5714286,0.92556155,0.8,-0.07286512,0.4909091,0.01818181818181818,0.16363636363636364,-0.22200696,-0.21823406,0.2906681
2024_08_KC_LV,2024,8,LV,KC,-0.07286512,0.4909091,0.17190807,-0.5366459,0.01818181818181818,0.1388888888888889,55,-0.22200696,0.43589744,0.3793103448275862,-0.21823406,0.47058824,0.2906681,0.625,0.12591568,0.5147059,0.029411764705882353,0.04411764705882353,-0.100399196,0.24832797,0.92556155
2024_08_MIN_LA,2024,8,LA,MIN,0.24324572,0.5,0.5303013,-0.14279456,0.10294117647058823,0.0,68,0.118476875,0.45454547,0.5813953488372093,0.555557,0.5833333,0.7711138,0.6923077,0.107988074,0.4489796,0.061224489795918366,0.10204081632653061,0.18180928,-0.13595358,-0.3349391
2024_08_MIN_LA,2024,8,MIN,LA,0.107988074,0.4489796,0.29650748,-0.16536507,0.061224489795918366,0.10344827586206896,49,0.18180928,0.47619048,0.5428571428571428,-0.13595358,0.44444445,-0.3349391,0.2857143,0.24324572,0.5,0.10294117647058823,0.029411764705882353,0.118476875,0.555557,0.7711138
2024_08_NO_LAC,2024,8,LAC,NO,0.014237758,0.3181818,0.14109677,-0.19381103,0.09090909090909091,0.07317073170731707,66,0.14685425,0.33962265,0.5405405405405406,0.2883394,0.36363637,-0.5264296,0.23076923,-0.21538846,0.31506848,0.1095890410958904,0.0958904109589041,-0.14744219,-0.88818204,-0.40849897
2024_08_NO_LAC,2024,8,NO,LAC,-0.21538846,0.31506848,-0.2273074,-0.18587497,0.1095890410958904,0.09615384615384616,73,-0.14744219,0.35185185,0.6428571428571429,-0.88818204,0.2,-0.40849897,0.21052632,0.014237758,0.3181818,0.09090909090909091,0.09090909090909091,0.14685425,0.2883394,-0.5264296
2024_08_NYG_PIT,2024,8,NYG,PIT,-0.0051277014,0.3888889,-0.08908236,0.15270704,0.09722222222222222,0.0851063829787234,72,-0.0037927583,0.37037036,0.45454545454545453,-1.0762905,0.14285715,0.046036102,0.47058824,0.041111093,0.44444445,0.15873015873015872,0.12698412698412698,-0.10890377,-0.7967387,0.61809134
2024_08_NYG_PIT,2024,8,PIT,NYG,0.041111093,0.44444445,0.057995863,0.022537835,0.15873015873015872,0.12121212121212122,63,-0.10890377,0.44,0.5,-0.7967387,0.09090909,0.61809134,0.46153846,-0.0051277014,0.3888889,0.09722222222222222,0.18055555555555555,-0.0037927583,-1.0762905,0.046036102
2024_08_NYJ_NE,2024,8,NE,NYJ,0.032179564,0.41791046,0.12297989,-0.0942923,0.014925373134328358,0.05128205128205128,67,-0.124115795,0.38,0.46875,0.40871322,0.5,0.4568013,0.5,0.17628612,0.5,0.11290322580645161,0.08064516129032258,0.2555197,0.040782537,-0.053643826
2024_08_NYJ_NE,2024,8,NYJ,NE,0.17628612,0.5,0.27450475,0.057020646,0.11290322580645161,0.029411764705882353,62,0.2555197,0.5102041,0.4857142857142857,0.040782537,0.4,-0.053643826,0.5,0.032179564,0.41791046,0.014925373134328358,0.04477611940298507,-0.124115795,0.40871322,0.4568013
2024_08_PHI_CIN,2024,8,CIN,PHI,-0.0009322459,0.40350878,0.1193913,-0.28404647,0.05263157894736842,0.025,57,-0.17278935,0.3255814,0.6486486486486487,0.2755293,0.5833333,0.52691454,0.64285713,0.334626,0.4918033,0.14754098360655737,0.01639344262295082,0.27366224,0.34461385,0.559723
2024_08_PHI_CIN,2024,8,PHI,CIN,0.334626,0.4918033,0.6701229,0.13156207,0.14754098360655737,0.0,61,0.27366224,0.47916666,0.42424242424242425,0.34461385,0.5714286,0.559723,0.53846157,-0.0009322459,0.40350878,0.05263157894736842,0.05263157894736842,-0.17278935,0.2755293,0.52691454
2024_08_TEN_DET,2024,8,DET,TEN,0.06227087,0.45833334,-0.107198246,0.23174,0.0625,0.16666666666666666,48,0.12685026,0.47368422,0.5714285714285714,0.4700845,0.6,-0.18313083,0.4,-0.28074342,0.42105263,0.09210526315789473,0.06578947368421052,-0.20558478,-0.7054144,-0.64497375
2024_08_TEN_DET,2024,8,TEN,DET,-0.28074342,0.42105263,-0.29467794,-0.25815985,0.09210526315789473,0.02127659574468085,76,-0.20558478,0.44444445,0.6666666666666666,-0.7054144,0.45454547,-0.64497375,0.30769232,0.06227087,0.45833334,0.0625,0.10416666666666667,0.12685026,0.4700845,-0.18313083
2024_09_CHI_ARI,2024,9,ARI,CHI,-0.08666875,0.41379312,-0.31741786,0.064966366,0.1206896551724138,0.13043478260869565,58,-0.043907408,0.4318182,0.4166666666666667,-0.043822248,0.4,-0.22106154,0.35714287,-0.24301352,0.28767124,0.0410958904109589,0.1232876712328767,-0.15118773,-0.4086085,-0.4863518
2024_09_CHI_ARI,2024,9,CHI,ARI,-0.24301352,0.28767124,-0.2785242,-0.14208838,0.0410958904109589,0.1111111111111111,73,-0.15118773,0.3018868,0.6451612903225806,-0.4086085,0.2,-0.4863518,0.25,-0.08666875,0.41379312,0.1206896551724138,0.05172413793103448,-0.043907408,-0.043822248,-0.22106154
2024_09_DAL_ATL,2024,9,ATL,DAL,0.079976566,0.47272727,0.2760864,-0.10912932,0.09090909090909091,0.07407407407407407,55,0.09422523,0.4871795,0.4,0.4753577,0.6,0.111395136,0.46666667,-0.030440597,0.42105263,0.09210526315789473,0.10526315789473684,0.17826457,0.55979854,-0.75153136
2024_09_DAL_ATL,2024,9,DAL,ATL,-0.030440597,0.42105263,-0.08553579,0.13484499,0.09210526315789473,0.05263157894736842,76,0.17826457,0.47368422,0.75,0.55979854,0.7,-0.75153136,0.22222222,0.079976566,0.47272727,0.09090909090909091,0.07272727272727272,0.09422523,0.4753577,0.111395136
2024_09_DEN_BAL,2024,9,BAL,DEN,0.37834066,0.53571427,0.8409965,0.03134877,0.14285714285714285,0.041666666666666664,56,0.4203121,0.5510204,0.5238095238095238,0.30524144,0.5,0.08454037,0.42857143,-0.1480132,0.32394367,0.07042253521126761,0.08450704225352113,-0.07974268,-0.46251482,-0.32210302
2024_09_DEN_BAL,2024,9,DEN,BAL,-0.1480132,0.32394367,-0.05453456,-0.3200139,0.07042253521126761,0.08695652173913043,71,-0.07974268,0.3137255,0.5333333333333333,-0.46251482,0.25,-0.32210302,0.35,0.37834066,0.53571427,0.14285714285714285,0.017857142857142856,0.4203121,0.30524144,0.08454037
2024_09_DET_GB,2024,9,DET,GB,0.12916629,0.44444445,0.31457207,-0.019158296,0.09259259259259259,0.041666666666666664,54,0.059324343,0.41025642,0.45,0.27998126,0.3846154,0.31075534,0.53333336,0.01025247,0.46153846,0.1076923076923077,0.03076923076923077,0.045143712,-0.46304348,-0.17324206
2024_09_DET_GB,2024,9,GB,DET,0.01025247,0.46153846,-0.033931546,0.09093631,0.1076923076923077,0.0,65,0.045143712,0.46938777,0.5,-0.46304348,0.2857143,-0.17324206,0.4,0.12916629,0.44444445,0.09259259259259259,0.05555555555555555,0.059324343,0.27998126,0.31075534
2024_09_HOU_NYJ,2024,9,HOU,NYJ,-0.04174,0.35897437,-0.09067356,0.036553673,0.08974358974358974,0.16666666666666666,78,-0.1856068,0.3275862,0.43902439024390244,-0.5391929,0.22222222,0.37547365,0.45,0.0766951,0.40350878,0.12280701754385964,0.07017543859649122,-0.06969782,-1.6781492,0.48659527
2024_09_HOU_NYJ,2024,9,NYJ,HOU,0.0766951,0.40350878,0.26029894,-0.23805436,0.12280701754385964,0.05555555555555555,57,-0.06969782,0.3809524,0.5588235294117647,-1.6781492,0.0,0.48659527,0.46666667,-0.04174,0.35897437,0.08974358974358974,0.15384615384615385,-0.1856068,-0.5391929,0.37547365
2024_09_IND_MIN,2024,9,IND,MIN,-0.32650483,0.35849056,-0.29776236,-0.382393,0.07547169811320754,0.08571428571428572,53,-0.21278603,0.375,0.56,,,-0.6764089,0.30769232,-0.051605567,0.5,0.16666666666666666,0.09722222222222222,-0.13276637,-0.20396148,0.284632
2024_09_IND_MIN,2024,9,MIN,IND,-0.051605567,0.5,-0.0654783,-0.03218376,0.16666666666666666,0.09523809523809523,72,-0.13276637,0.4827586,0.6,-0.20396148,0.35714287,0.284632,0.5714286,-0.32650483,0.35849056,0.07547169811320754,0.1320754716981132,-0.21278603,,-0.6764089
2024_09_JAX_PHI,2024,9,JAX,PHI,-0.1427179,0.35849056,-0.14794871,-0.12946653,0.07547169811320754,0.05263157894736842,53,-0.12284074,0.31578946,0.375,0.0454669,0.625,-0.384777,0.3846154,-0.013051178,0.42105263,0.17105263157894737,0.039473684210526314,-0.056542818,-0.028077643,0.25802222
2024_09_JAX_PHI,2024,9,PHI,JAX,-0.013051178,0.42105263,0.20291686,-0.2074224,0.17105263157894737,0.08333333333333333,76,-0.056542818,0.42592594,0.375,-0.028077643,0.25,0.25802222,0.47368422,-0.1427179,0.35849056,0.07547169811320754,0.05660377358490566,-0.12284074,0.0454669,-0.384777
2024_09_LAC_CLE,2024,9,CLE,LAC,-0.28198752,0.37974682,-0.3233348,-0.16001305,0.02531645569620253,0.1016949152542373,79,-0.2707414,0.37931034,0.5882352941176471,-0.50217015,0.25,-0.3130482,0.3809524,0.0054445006,0.29090908,0.16363636363636364,0.2,-0.1504508,0.42096576,0.42116532
2024_09_LAC_CLE,2024,9,LAC,CLE,0.0054445006,0.29090908,-0.0069049257,0.027055997,0.16363636363636364,0.17142857142857143,55,-0.1504508,0.25,0.5,0.42096576,0.4,0.42116532,0.4,-0.28198752,0.37974682,0.02531645569620253,0.10126582278481013,-0.2707414,-0.50217015,-0.3130482
2024_09_LA_SEA,2024,9,LA,SEA,0.008651186,0.41558442,0.20881237,-0.32265007,0.06493506493506493,0.0,77,0.07712931,0.43548387,0.6111111111111112,-0.08569676,0.375,-0.2743917,0.33333334,-0.22146218,0.39240506,0.12658227848101267,0.13924050632911392,-0.28655806,-2.006537,-0.029429328
2024_09_LA_SEA,2024,9,SEA,LA,-0.22146218,0.39240506,-0.074622,-0.44882762,0.12658227848101267,0.14583333333333334,79,-0.28655806,0.3898305,0.5757575757575758,-2.006537,0.2,-0.029429328,0.4,0.008651186,0.41558442,0.06493506493506493,0.09090909090909091,0.07712931,-0.08569676,-0.2743917
2024_09_LV_CIN,2024,9,CIN,LV,0.09197606,0.53521127,0.18790394,-0.055341728,0.056338028169014086,0.023255813953488372,71,-0.0064863367,0.5272727,0.6363636363636364,0.5320155,0.5882353,0.43044057,0.5625,-0.20597193,0.36065573,0.06557377049180328,0.21311475409836064,-0.08373494,0.37105998,-0.58083194
2024_09_LV_CIN,2024,9,LV,CIN,-0.20597193,0.36065573,-0.13180904,-0.35800582,0.06557377049180328,0.12195121951219512,61,-0.08373494,0.32608697,0.5454545454545454,0.37105998,0.6666667,-0.58083194,0.46666667,0.09197606,0.53521127,0.056338028169014086,0.08450704225352113,-0.0064863367,0.5320155,0.43044057
2024_09_MIA_BUF,2024,9,BUF,MIA,0.18316922,0.53846157,0.27523395,-0.05722206,0.06153846153846154,0.02127659574468085,65,0.10353329,0.50980395,0.6216216216216216,-0.09767855,0.5294118,0.42867705,0.61538464,0.32005256,0.5833333,0.1,0.03333333333333333,0.27115878,0.19250646,0.56452143
2024_09_MIA_BUF,2024,9,MIA,BUF,0.32005256,0.5833333,0.68185824,-0.0667053,0.1,0.03225806451612903,60,0.27115878,0.58,0.45714285714285713,0.19250646,0.4,0.56452143,0.6,0.18316922,0.53846157,0.06153846153846154,0.046153846153846156,0.10353329,-0.09767855,0.42867705
2024_09_NE_TEN,2024,9,NE,TEN,-0.08889039,0.42647058,-0.016865626,-0.36670017,0.04411764705882353,0.07407407407407407,68,-0.13095304,0.41509435,0.65625,0.544463,0.6363636,0.059731055,0.46666667,-0.0025325734,0.42857143,0.09090909090909091,0.05194805194805195,0.021829946,-0.3432561,-0.08851795
2024_09_NE_TEN,2024,9,TEN,NE,-0.0025325734,0.42857143,0.20876952,-0.19798699,0.09090909090909091,0.02702702702702703,77,0.021829946,0.43333334,0.4878048780487805,-0.3432561,0.3125,-0.08851795,0.4117647,-0.08889039,0.42647058,0.04411764705882353,0.11764705882352941,-0.13095304,0.544463,0.059731055
2024_09_NO_CAR,2024,9,CAR,NO,0.048459798,0.4117647,0.1196949,-0.071515135,0.09803921568627451,0.03125,51,0.10107263,0.425,0.5172413793103449,0.5710695,0.5,-0.062445544,0.4,0.1163982,0.45,0.0875,0.0625,0.03192382,0.04592602,0.46175015
2024_09_NO_CAR,2024,9,NO,CAR,0.1163982,0.45,0.07986978,0.14944771,0.0875,0.02631578947368421,80,0.03192382,0.44262296,0.38636363636363635,0.04592602,0.3846154,0.46175015,0.5,0.048459798,0.4117647,0.09803921568627451,0.058823529411764705,0.10107263,0.5710695,-0.062445544
2024_09_TB_KC,2024,9,KC,TB,0.14217694,0.48235294,0.2625264,-0.03834726,0.058823529411764705,0.0784313725490196,85,-0.05890551,0.42424244,0.5609756097560976,0.3695221,0.6,0.84067386,0.68421054,0.16516304,0.4181818,0.01818181818181818,0.05454545454545454,0.05991121,0.9828243,0.5052074
2024_09_TB_KC,2024,9,TB,KC,0.16516304,0.4181818,0.22544242,0.041255414,0.01818181818181818,0.05405405405405406,55,0.05991121,0.3809524,0.6071428571428571,0.9828243,0.625,0.5052074,0.53846157,0.14217694,0.48235294,0.058823529411764705,0.08235294117647059,-0.05890551,0.3695221,0.84067386
2024_09_WAS_NYG,2024,9,NYG,WAS,0.13078299,0.47692308,0.018397113,0.2618999,0.12307692307692308,0.05714285714285714,65,0.053236436,0.4375,0.2727272727272727,-0.14921054,0.3,0.5226364,0.6666667,0.31881642,0.5423729,0.1016949152542373,0.03389830508474576,0.3494786,0.25993818,0.21031941
2024_09_WAS_NYG,2024,9,WAS,NYG,0.31881642,0.5423729,0.5396136,0.13251881,0.1016949152542373,0.0,59,0.3494786,0.54347825,0.44,0.25993818,0.5294118,0.21031941,0.53846157,0.13078299,0.47692308,0.12307692307692308,0.06153846153846154,0.053236436,-0.14921054,0.5226364
2024_10_ATL_NO,2024,10,ATL,NO,0.094481766,0.53846157,0.034483355,0.17212677,0.08974358974358974,0.06818181818181818,78,0.038590267,0.51666665,0.36363636363636365,-0.27603218,0.27272728,0.28078678,0.6111111,-0.02086381,0.3653846,0.11538461538461539,0.019230769230769232,-0.046044994,-0.71111727,0.04748514
2024_10_ATL_NO,2024,10,NO,ATL,-0.02086381,0.3653846,0.22400023,-0.28531697,0.11538461538461539,0.0,52,-0.046044994,0.36842105,0.43333333333333335,-0.71111727,0.16666667,0.04748514,0.35714287,0.094481766,0.53846157,0.08974358974358974,0.11538461538461539,0.038590267,-0.27603218,0.28078678
2024_10_BUF_IND,2024,10,BUF,IND,0.0036854106,0.4520548,-0.121889494,0.1836761,0.0958904109589041,0.046511627906976744,73,-0.09001685,0.42592594,0.6052631578947368,-0.0033454043,0.2857143,0.2699971,0.5263158,-0.23010786,0.40625,0.09375,0.109375,-0.36008605,-0.17947702,0.15982679
2024_10_BUF_IND,2024,10,IND,BUF,-0.23010786,0.40625,-0.2821678,-0.13072063,0.09375,0.09523809523809523,64,-0.36008605,0.375,0.5151515151515151,-0.17947702,0.2,0.15982679,0.5,0.0036854106,0.4520548,0.0958904109589041,0.0684931506849315,-0.09001685,-0.0033454043,0.2699971
2024_10_CIN_BAL,2024,10,BAL,CIN,0.2737064,0.48387095,0.48258874,-0.08048537,0.04838709677419355,0.0,62,0.0033905443,0.39583334,0.7,0.70633096,0.64285713,1.21185,0.7692308,0.180103,0.47560975,0.04878048780487805,0.15853658536585366,0.08527671,0.42825854,0.48564184
2024_10_CIN_BAL,2024,10,CIN,BAL,0.180103,0.47560975,0.30390456,-0.33057848,0.04878048780487805,0.045454545454545456,82,0.08527671,0.45762712,0.7,0.42825854,0.53333336,0.48564184,0.54545456,0.2737064,0.48387095,0.04838709677419355,0.016129032258064516,0.0033905443,0.70633096,1.21185
2024_10_DEN_KC,2024,10,DEN,KC,0.030146793,0.40350878,0.18265292,-0.19529708,0.08771929824561403,0.058823529411764705,57,-0.07807216,0.36363637,0.5882352941176471,0.22507179,0.16666667,0.39642632,0.53846157,0.019019542,0.36764705,0.07352941176470588,0.1323529411764706,-0.17159511,-0.154798,0.5106047
2024_10_DEN_KC,2024,10,KC,DEN,0.019019542,0.36764705,0.120571114,-0.28563517,0.07352941176470588,0.0784313725490196,68,-0.17159511,0.30612245,0.6785714285714286,-0.154798,0.23529412,0.5106047,0.5263158,0.030146793,0.40350878,0.08771929824561403,0.08771929824561403,-0.07807216,0.22507179,0.39642632
2024_10_DET_HOU,2024,10,DET,HOU,-0.11616601,0.4,-0.04457371,-0.18999557,0.13846153846153847,0.0,65,-0.26133692,0.3653846,0.6,-0.017343441,0.5,0.5821442,0.5833333,-0.20213659,0.32352942,0.058823529411764705,0.10294117647058823,-0.29401487,-0.22718915,0.12250003
2024_10_DET_HOU,2024,10,HOU,DET,-0.20213659,0.32352942,-0.06650935,-0.38453186,0.058823529411764705,0.10256410256410256,68,-0.29401487,0.3018868,0.4782608695652174,-0.22718915,0.2,0.12250003,0.4,-0.11616601,0.4,0.13846153846153847,0.07692307692307693,-0.26133692,-0.017343441,0.5821442
2024_10_MIA_LA,2024,10,LA,MIA,-0.25345075,0.4347826,-0.15214624,-0.5016469,0.028985507246376812,0.08163265306122448,69,-0.10507633,0.47368422,0.48,-0.5920479,0.125,-0.9582293,0.25,-0.12069886,0.3846154,0.09615384615384616,0.07692307692307693,-0.29983836,0.6584105,0.41671962
2024_10_MIA_LA,2024,10,MIA,LA,-0.12069886,0.3846154,-0.04939523,-0.22595662,0.09615384615384616,0.0967741935483871,52,-0.29983836,0.35897437,0.45454545454545453,0.6584105,0.6666667,0.41671962,0.46153846,-0.25345075,0.4347826,0.028985507246376812,0.10144927536231885,-0.10507633,-0.5920479,-0.9582293
2024_10_MIN_JAX,2024,10,JAX,MIN,-0.31555602,0.3181818,-0.25913054,-0.4143006,0.06818181818181818,0.10714285714285714,44,-0.50923336,0.21212122,0.5416666666666666,0.7415221,0.5,0.26547605,0.6363636,-0.00070265296,0.47560975,0.06097560975609756,0.036585365853658534,0.015743095,-0.8822054,-0.06854131
2024_10_MIN_JAX,2024,10,MIN,JAX,-0.00070265296,0.47560975,0.00937846,-0.01237552,0.06097560975609756,0.022727272727272728,82,0.015743095,0.4848485,0.5319148936170213,-0.8822054,0.2,-0.06854131,0.4375,-0.31555602,0.3181818,0.06818181818181818,0.09090909090909091,-0.50923336,0.7415221,0.26547605
2024_10_NE_CHI,2024,10,CHI,NE,-0.37330976,0.33333334,-0.43419832,-0.23123635,0.0,0.21428571428571427,60,-0.19997829,0.3902439,0.45454545454545453,-0.69411206,0.0,-0.7473408,0.21052632,-0.030862425,0.41935483,0.08064516129032258,0.11290322580645161,0.002605589,-0.049215913,-0.13572884
2024_10_NE_CHI,2024,10,NE,CHI,-0.030862425,0.41935483,-0.08780546,0.02608063,0.08064516129032258,0.03225806451612903,62,0.002605589,0.42553192,0.5,-0.049215913,0.30769232,-0.13572884,0.4,-0.37330976,0.33333334,0.0,0.21666666666666667,-0.19997829,-0.69411206,-0.7473408
2024_10_NYG_CAR,2024,10,CAR,NYG,-0.04475459,0.41666666,-0.20288356,0.10317252,0.11666666666666667,0.034482758620689655,60,-0.09822052,0.42222223,0.4583333333333333,0.3435179,0.5,0.11564322,0.4,-0.09069475,0.5068493,0.0821917808219178,0.0684931506849315,-0.014715968,-0.54925233,-0.38447937
2024_10_NYG_CAR,2024,10,NYG,CAR,-0.09069475,0.5068493,-0.1602276,-0.0016057938,0.0821917808219178,0.04878048780487805,73,-0.014715968,0.5,0.5714285714285714,-0.54925233,0.42857143,-0.38447937,0.53333336,-0.04475459,0.41666666,0.11666666666666667,0.06666666666666667,-0.09822052,0.3435179,0.11564322
2024_10_NYJ_ARI,2024,10,ARI,NYJ,0.39284867,0.6034483,0.732013,0.09744755,0.13793103448275862,0.037037037037037035,58,0.36528766,0.6,0.6521739130434783,0.7127746,0.625,0.5651052,0.625,-0.105836555,0.46551725,0.034482758620689655,0.08620689655172414,0.01612383,-0.94701415,-0.39997628
2024_10_NYJ_ARI,2024,10,NYJ,ARI,-0.105836555,0.46551725,-0.20447208,0.1320491,0.034482758620689655,0.07317073170731707,58,0.01612383,0.46341464,0.5555555555555556,-0.94701415,0.30769232,-0.39997628,0.47058824,0.39284867,0.6034483,0.13793103448275862,0.034482758620689655,0.36528766,0.7127746,0.5651052
2024_10_PHI_DAL,2024,10,DAL,PHI,-0.64631516,0.33333334,-0.7451052,-0.50800914,0.03333333333333333,0.08571428571428572,60,-0.75456744,0.30952382,0.42857142857142855,-1.1503145,0.42857143,-0.3937266,0.3888889,-0.029198295,0.49253732,0.1044776119402985,0.1044776119402985,-0.004735301,0.14891721,-0.14132038
2024_10_PHI_DAL,2024,10,PHI,DAL,-0.029198295,0.49253732,-0.036648132,-0.021967573,0.1044776119402985,0.15151515151515152,67,-0.004735301,0.5272727,0.6111111111111112,0.14891721,0.46666667,-0.14132038,0.33333334,-0.64631516,0.33333334,0.03333333333333333,0.1,-0.75456744,-1.1503145,-0.3937266
2024_10_PIT_WAS,2024,10,PIT,WAS,0.012561316,0.38157895,0.25240633,-0.20329921,0.09210526315789473,0.08333333333333333,76,-0.0743545,0.36206895,0.5,0.14534672,0.46153846,0.2926234,0.44444445,-0.07925662,0.453125,0.0625,0.09375,0.03312525,0.5407843,-0.4463707
2024_10_PIT_WAS,2024,10,WAS,PIT,-0.07925662,0.453125,-0.14804998,0.043375064,0.0625,0.07317073170731707,64,0.03312525,0.48979592,0.5952380952380952,0.5407843,0.75,-0.4463707,0.33333334,0.012561316,0.38157895,0.09210526315789473,0.07894736842105263,-0.0743545,0.14534672,0.2926234
2024_10_SF_TB,2024,10,SF,TB,0.28513542,0.5483871,0.48949546,-0.21441129,0.11290322580645161,0.06818181818181818,62,0.24576588,0.56,0.5757575757575758,-0.18413702,0.2,0.44917524,0.5,-0.0152624585,0.4262295,0.04918032786885246,0.03278688524590164,-0.0075220424,-0.03305321,-0.03703237
2024_10_SF_TB,2024,10,TB,SF,-0.0152624585,0.4262295,0.006820607,-0.043070763,0.04918032786885246,0.058823529411764705,61,-0.0075220424,0.42222223,0.45454545454545453,-0.03305321,0.45454547,-0.03703237,0.4375,0.28513542,0.5483871,0.11290322580645161,0.11290322580645161,0.24576588,-0.18413702,0.44917524
2024_10_TEN_LAC,2024,10,LAC,TEN,0.22785838,0.5,0.43997553,0.06877051,0.125,0.0,56,0.2378668,0.51111114,0.4838709677419355,0.12554169,0.44444445,0.18691479,0.45454547,0.102924824,0.46296296,0.09259259259259259,0.16666666666666666,0.18657213,-0.2784629,-0.2651234
2024_10_TEN_LAC,2024,10,TEN,LAC,0.102924824,0.46296296,0.062472906,0.17169306,0.09259259259259259,0.20588235294117646,54,0.18657213,0.47727272,0.5172413793103449,-0.2784629,0.4,-0.2651234,0.4,0.22785838,0.5,0.125,0.03571428571428571,0.2378668,0.12554169,0.18691479
2024_11_ATL_DEN,2024,11,ATL,DEN,-0.252395,0.36206895,-0.09929905,-0.5029156,0.034482758620689655,0.1111111111111111,58,-0.38539115,0.33333334,0.625,-0.5610116,0.0,0.0967199,0.4375,0.32551944,0.516129,0.11290322580645161,0.04838709677419355,0.1909489,0.6896908,0.88623
2024_11_ATL_DEN,2024,11,DEN,ATL,0.32551944,0.516129,0.5937781,-0.045915585,0.11290322580645161,0.027777777777777776,62,0.1909489,0.5,0.6153846153846154,0.6896908,0.6923077,0.88623,0.5833333,-0.252395,0.36206895,0.034482758620689655,0.10344827586206896,-0.38539115,-0.5610116,0.0967199
2024_11_BAL_PIT,2024,11,BAL,PIT,-0.13279782,0.4,-0.18539816,-0.035111494,0.1,0.05128205128205128,60,-0.09654213,0.42553192,0.4864864864864865,0.67877424,0.75,-0.20694917,0.33333334,-0.26912197,0.32,0.08,0.09333333333333334,-0.02111314,-0.7842383,-1.1152697
2024_11_BAL_PIT,2024,11,PIT,BAL,-0.26912197,0.32,-0.28446335,-0.24959663,0.08,0.09523809523809523,75,-0.02111314,0.36206895,0.5476190476190477,-0.7842383,0.14285715,-1.1152697,0.1764706,-0.13279782,0.4,0.1,0.1,-0.09654213,0.67877424,-0.20694917
2024_11_CIN_LAC,2024,11,CIN,LAC,0.11484495,0.3902439,0.18039118,-0.053295378,0.0975609756097561,0.05084745762711865,82,0.04337527,0.37096775,0.6666666666666666,-0.017670369,0.45,0.33640093,0.45,0.041040845,0.42424244,0.18181818181818182,0.07575757575757576,0.1746952,0.09654275,-0.45538965
2024_11_CIN_LAC,2024,11,LAC,CIN,0.041040845,0.42424244,0.04154358,0.039963573,0.18181818181818182,0.044444444444444446,66,0.1746952,0.46153846,0.5652173913043478,0.09654275,0.44444445,-0.45538965,0.2857143,0.11484495,0.3902439,0.0975609756097561,0.15853658536585366,0.04337527,-0.017670369,0.33640093
2024_11_CLE_NO,2024,11,CLE,NO,0.043069825,0.3888889,0.18923202,-0.36464575,0.08333333333333333,0.05660377358490566,72,0.24132621,0.42592594,0.6341463414634146,-0.16822231,0.16666667,-0.6272867,0.25,0.23851997,0.4827586,0.15517241379310345,0.05172413793103448,0.15117264,-0.11771822,0.5733514
2024_11_CLE_NO,2024,11,NO,CLE,0.23851997,0.4827586,0.09109546,0.40778515,0.15517241379310345,0.03225806451612903,58,0.15117264,0.45652175,0.4722222222222222,-0.11771822,0.5555556,0.5733514,0.5833333,0.043069825,0.3888889,0.08333333333333333,0.05555555555555555,0.24132621,-0.16822231,-0.6272867
2024_11_GB_CHI,2024,11,CHI,GB,0.16085838,0.4861111,0.15418771,0.17019732,0.05555555555555555,0.07142857142857142,72,-0.045322828,0.42307693,0.5,-0.08395055,0.375,0.7834522,0.68421054,0.24476704,0.51111114,0.17777777777777778,0.06666666666666667,0.52568555,-0.44911104,-1.3357557
2024_11_GB_CHI,2024,11,GB,CHI,0.24476704,0.51111114,0.51369816,-0.012471404,0.17777777777777778,0.045454545454545456,45,0.52568555,0.57894737,0.43333333333333335,-0.44911104,0.3846154,-1.3357557,0.16666667,0.16085838,0.4861111,0.05555555555555555,0.08333333333333333,-0.045322828,-0.08395055,0.7834522
2024_11_HOU_DAL,2024,11,DAL,HOU,-0.30218098,0.35714287,-0.27441883,-0.41159657,0.047619047619047616,0.07462686567164178,84,-0.27247733,0.375,0.68,-2.188787,0.0,-0.39723268,0.3,0.1693105,0.42857143,0.09523809523809523,0.015873015873015872,0.24087508,-0.013554822,-0.05969622
2024_11_HOU_DAL,2024,11,HOU,DAL,0.1693105,0.42857143,0.18276343,0.14591408,0.09523809523809523,0.025,63,0.24087508,0.41666666,0.6666666666666666,-0.013554822,0.3529412,-0.05969622,0.46666667,-0.30218098,0.35714287,0.047619047619047616,0.08333333333333333,-0.27247733,-2.188787,-0.39723268
2024_11_IND_NYJ,2024,11,IND,NYJ,-0.00024483885,0.3857143,0.26335478,-0.23534721,0.07142857142857142,0.06060606060606061,70,-0.15500596,0.39215687,0.3225806451612903,0.017754694,0.25,0.5754215,0.4117647,-0.10101157,0.34615386,0.09615384615384616,0.09615384615384616,-0.037582636,1.427935,-0.27317578
2024_11_IND_NYJ,2024,11,NYJ,IND,-0.10101157,0.34615386,-0.024306105,-0.23423684,0.09615384615384616,0.09090909090909091,52,-0.037582636,0.36842105,0.42857142857142855,1.427935,1.0,-0.27317578,0.2857143,-0.00024483885,0.3857143,0.07142857142857142,0.07142857142857142,-0.15500596,0.017754694,0.5754215
2024_11_JAX_DET,2024,11,DET,JAX,0.554737,0.6753247,1.0176921,0.10365253,0.18181818181818182,0.0,77,0.4061961,0.671875,0.45,0.5970494,0.78571427,1.286015,0.6923077,-0.35526666,0.3125,0.0625,0.041666666666666664,-0.13141921,,-1.0268089
2024_11_JAX_DET,2024,11,JAX,DET,-0.35526666,0.3125,-0.3892852,-0.28722942,0.0625,0.03125,48,-0.13141921,0.3611111,0.5,,,-1.0268089,0.16666667,0.554737,0.6753247,0.18181818181818182,0.025974025974025976,0.4061961,0.5970494,1.286015
2024_11_KC_BUF,2024,11,BUF,KC,0.16670434,0.45070422,0.31411836,-0.12198144,0.08450704225352113,0.0,71,0.0032615634,0.3653846,0.625,0.4230096,0.54545456,0.6140215,0.68421054,0.08734659,0.5090909,0.03636363636363636,0.12727272727272726,0.13930613,0.51001006,-0.09884178
2024_11_KC_BUF,2024,11,KC,BUF,0.08734659,0.5090909,0.11233869,0.031481873,0.03636363636363636,0.05263157894736842,55,0.13930613,0.5116279,0.6206896551724138,0.51001006,0.5833333,-0.09884178,0.5,0.16670434,0.45070422,0.08450704225352113,0.056338028169014086,0.0032615634,0.4230096,0.6140215
2024_11_LA_NE,2024,11,LA,NE,0.39898184,0.53061223,0.57775605,0.16061623,0.16326530612244897,0.0,49,0.5427246,0.5609756,0.5294117647058824,0.9051469,0.5714286,-0.33769986,0.375,0.09465702,0.5131579,0.05263157894736842,0.06578947368421052,0.16948147,0.01795567,-0.20962903
2024_11_LA_NE,2024,11,NE,LA,0.09465702,0.5131579,0.24561733,-0.16413209,0.05263157894736842,0.0625,76,0.16948147,0.52459013,0.6071428571428571,0.01795567,0.5,-0.20962903,0.46666667,0.39898184,0.53061223,0.16326530612244897,0.08163265306122448,0.5427246,0.9051469,-0.33769986
2024_11_LV_MIA,2024,11,LV,MIA,0.06459464,0.43076923,0.102021426,-0.06016129,0.06153846153846154,0.06,65,-0.21070932,0.375,0.625,-0.1468844,0.2857143,0.9537312,0.625,0.32398662,0.52238804,0.04477611940298507,0.029850746268656716,0.037458982,0.0032103062,1.2372935
2024_11_LV_MIA,2024,11,MIA,LV,0.32398662,0.52238804,0.66076833,-0.17494923,0.04477611940298507,0.05,67,0.037458982,0.43137255,0.5,0.0032103062,0.42857143,1.2372935,0.8125,0.06459464,0.43076923,0.06153846153846154,0.06153846153846154,-0.21070932,-0.1468844,0.9537312
2024_11_MIN_TEN,2024,11,MIN,TEN,0.052125808,0.41666666,0.36670268,-0.36392748,0.06944444444444445,0.04878048780487805,72,-0.00043370877,0.3888889,0.625,0.4488192,0.54545456,0.20980436,0.5,-0.18463753,0.2542373,0.06779661016949153,0.15254237288135594,-0.27721265,-0.7966133,0.026228057
2024_11_MIN_TEN,2024,11,TEN,MIN,-0.18463753,0.2542373,0.005368904,-0.61743,0.06779661016949153,0.12195121951219512,59,-0.27721265,0.2195122,0.4375,-0.7966133,0.0,0.026228057,0.33333334,0.052125808,0.41666666,0.06944444444444445,0.05555555555555555,-0.00043370877,0.4488192,0.20980436
2024_11_SEA_SF,2024,11,SEA,SF,0.0071357847,0.48333332,0.1133484,-0.19011618,0.05,0.10256410256410256,60,0.045566536,0.47727272,0.5862068965517241,1.4976782,1.0,-0.09854878,0.5,0.021645276,0.44444445,0.047619047619047616,0.06349206349206349,-0.067621045,0.08961662,0.36497733
2024_11_SEA_SF,2024,11,SF,SEA,0.021645276,0.44444445,0.11525163,-0.12063637,0.047619047619047616,0.05263157894736842,63,-0.067621045,0.42,0.6052631578947368,0.08961662,0.53846157,0.36497733,0.53846157,0.0071357847,0.48333332,0.05,0.1,0.045566536,1.4976782,-0.09854878
2024_11_WAS_PHI,2024,11,PHI,WAS,0.18555565,0.45714286,0.089117214,0.28199407,0.11428571428571428,0.05714285714285714,70,0.08288559,0.42592594,0.5116279069767442,-0.13279627,0.41666666,0.53206706,0.5625,-0.059445035,0.45454547,0.045454545454545456,0.045454545454545456,0.025337284,0.6415383,-0.41621578
2024_11_WAS_PHI,2024,11,WAS,PHI,-0.059445035,0.45454547,0.10598224,-0.34894276,0.045454545454545456,0.07142857142857142,66,0.025337284,0.48,0.5,0.6415383,0.5555556,-0.41621578,0.33333334,0.18555565,0.45714286,0.11428571428571428,0.05714285714285714,0.08288559,-0.13279627,0.53206706
2024_12_ARI_SEA,2024,12,ARI,SEA,-0.22136506,0.3448276,-0.16191179,-0.40821815,0.08620689655172414,0.11363636363636363,58,-0.055373386,0.38636363,0.6153846153846154,-0.59858805,0.14285715,-0.7430531,0.21428572,-0.066853896,0.38709676,0.08064516129032258,0.11290322580645161,-0.0101632625,-0.8963735,-0.26122174
2024_12_ARI_SEA,2024,12,SEA,ARI,-0.066853896,0.38709676,0.056658868,-0.27628857,0.08064516129032258,0.1282051282051282,62,-0.0101632625,0.375,0.5666666666666667,-0.8963735,0.5,-0.26122174,0.42857143,-0.22136506,0.3448276,0.08620689655172414,0.10344827586206896,-0.055373386,-0.59858805,-0.7430531
2024_12_BAL_LAC,2024,12,BAL,LAC,0.265095,0.44444445,0.29143116,0.2465885,0.14285714285714285,0.038461538461538464,63,0.0025597045,0.38636363,0.4583333333333333,0.48251432,0.5,0.9741866,0.6111111,0.028007893,0.4347826,0.028985507246376812,0.10144927536231885,-0.10424775,0.63221663,0.35203418
2024_12_BAL_LAC,2024,12,LAC,BAL,0.028007893,0.4347826,0.093564145,-0.15773484,0.028985507246376812,0.0784313725490196,69,-0.10424775,0.40816328,0.6470588235294118,0.63221663,0.5,0.35203418,0.5,0.265095,0.44444445,0.14285714285714285,0.031746031746031744,0.0025597045,0.48251432,0.9741866
2024_12_DAL_WAS,2024,12,DAL,WAS,-0.030963985,0.45454547,0.23102911,-0.38652605,0.045454545454545456,0.02631578947368421,66,0.008240181,0.49019608,0.5945945945945946,-0.2808719,0.4,-0.16425814,0.33333334,-0.044702116,0.39130434,0.10144927536231885,0.14492753623188406,-0.00018405037,1.2182267,-0.3439283
2024_12_DAL_WAS,2024,12,WAS,DAL,-0.044702116,0.39130434,-0.20006043,0.22872852,0.10144927536231885,0.09090909090909091,69,-0.00018405037,0.39285713,0.5277777777777778,1.2182267,1.0,-0.3439283,0.33333334,-0.030963985,0.45454547,0.045454545454545456,0.030303030303030304,0.008240181,-0.2808719,-0.16425814
2024_12_DEN_LV,2024,12,DEN,LV,0.022936627,0.3970588,0.22085856,-0.36430192,0.08823529411764706,0.022222222222222223,68,-0.040870674,0.3962264,0.55,-0.11352902,0.22222222,0.24838905,0.4,-0.18680292,0.4025974,0.06493506493506493,0.1038961038961039,-0.2700684,-0.2504327,0.086122826
2024_12_DEN_LV,2024,12,LV,DEN,-0.18680292,0.4025974,-0.21354872,-0.06644683,0.06493506493506493,0.07936507936507936,77,-0.2700684,0.37288135,0.6764705882352942,-0.2504327,0.375,0.086122826,0.5,0.022936627,0.3970588,0.08823529411764706,0.029411764705882353,-0.040870674,-0.11352902,0.24838905
2024_12_DET_IND,2024,12,DET,IND,0.15357555,0.52112675,0.21243379,0.077629454,0.08450704225352113,0.075,71,0.14296463,0.5090909,0.6,0.023754222,0.42857143,0.19005063,0.5625,-0.24144791,0.2962963,0.14814814814814814,0.1111111111111111,-0.06782951,-0.69349897,-0.6928558
2024_12_DET_IND,2024,12,IND,DET,-0.24144791,0.2962963,-0.2853745,-0.16053046,0.14814814814814814,0.0,54,-0.06782951,0.30769232,0.5357142857142857,-0.69349897,0.14285715,-0.6928558,0.26666668,0.15357555,0.52112675,0.08450704225352113,0.1267605633802817,0.14296463,0.023754222,0.19005063
2024_12_KC_CAR,2024,12,CAR,KC,0.22937861,0.46774194,0.23645148,0.21337156,0.08064516129032258,0.046511627906976744,62,0.10686054,0.45454547,0.75,-0.13217068,0.3478261,0.56444067,0.53333336,0.25508493,0.5540541,0.08108108108108109,0.0945945945945946,0.108343534,0.008088595,0.78702253
2024_12_KC_CAR,2024,12,KC,CAR,0.25508493,0.5540541,0.2789609,0.19865084,0.08108108108108109,0.09615384615384616,74,0.108343534,0.5344828,0.6744186046511628,0.008088595,0.44444445,0.78702253,0.625,0.22937861,0.46774194,0.08064516129032258,0.0967741935483871,0.10686054,-0.13217068,0.56444067
2024_12_MIN_CHI,2024,12,CHI,MIN,0.044547975,0.42666668,0.108013675,-0.171982,0.09333333333333334,0.05172413793103448,75,0.060859643,0.3962264,0.6,0.48986965,0.6,0.0004768744,0.5,0.087933235,0.46478873,0.14084507042253522,0.1267605633802817,0.08652061,-0.42006978,0.09278911
2024_12_MIN_CHI,2024,12,MIN,CHI,0.087933235,0.46478873,0.35665765,-0.32475066,0.14084507042253522,0.06976744186046512,71,0.08652061,0.45454547,0.5142857142857142,-0.42006978,0.3125,0.09278911,0.5,0.044547975,0.42666668,0.09333333333333334,0.06666666666666667,0.060859643,0.48986965,0.0004768744
2024_12_NE_MIA,2024,12,MIA,NE,-0.0021445605,0.46153846,0.31777763,-0.62744707,0.09230769230769231,0.046511627906976744,65,-0.017610855,0.4814815,0.6111111111111112,0.2534214,0.30769232,0.073780835,0.36363637,-0.19639367,0.38235295,0.07352941176470588,0.10294117647058823,-0.20779392,-0.043822944,-0.23477043
2024_12_NE_MIA,2024,12,NE,MIA,-0.19639367,0.38235295,-0.23550394,-0.069285244,0.07352941176470588,0.07692307692307693,68,-0.20779392,0.40816328,0.5,-0.043822944,0.5,-0.23477043,0.2777778,-0.0021445605,0.46153846,0.09230769230769231,0.03076923076923077,-0.017610855,0.2534214,0.073780835
2024_12_PHI_LA,2024,12,LA,PHI,0.026407283,0.46875,0.1651998,-0.35731325,0.078125,0.10638297872340426,64,0.029417286,0.53061223,0.6363636363636364,-0.801378,0.33333334,0.08540138,0.2857143,0.31680378,0.5,0.1,0.02857142857142857,0.16665426,-0.079002224,0.75056916
2024_12_PHI_LA,2024,12,PHI,LA,0.31680378,0.5,0.32263616,0.31242958,0.1,0.03333333333333333,70,0.16665426,0.48076922,0.4,-0.079002224,0.42105263,0.75056916,0.5555556,0.026407283,0.46875,0.078125,0.171875,0.029417286,-0.801378,0.08540138
2024_12_PIT_CLE,2024,12,CLE,PIT,-0.007282954,0.4915254,-0.08385086,0.08989938,0.05084745762711865,0.030303030303030304,59,0.00213501,0.52380955,0.4230769230769231,0.49140072,0.61538464,-0.041690987,0.4,-0.008749247,0.3768116,0.11594202898550725,0.15942028985507245,-0.103309475,-0.083075844,0.28449824
2024_12_PIT_CLE,2024,12,PIT,CLE,-0.008749247,0.3768116,0.26631466,-0.30881897,0.11594202898550725,0.1111111111111111,69,-0.103309475,0.36734694,0.3333333333333333,-0.083075844,0.42857143,0.28449824,0.42105263,-0.007282954,0.4915254,0.05084745762711865,0.1016949152542373,0.00213501,0.49140072,-0.041690987
2024_12_SF_GB,2024,12,GB,SF,0.107572705,0.47887325,0.3208732,-0.023316223,0.08450704225352113,0.07407407407407407,71,0.09871899,0.45454547,0.3333333333333333,0.49245432,0.68421054,0.13800733,0.5625,-0.4078597,0.3125,0.125,0.08333333333333333,-0.2366662,0.58463687,-0.9214403
2024_12_SF_GB,2024,12,SF,GB,-0.4078597,0.3125,-0.52426004,-0.17505907,0.125,0.0625,48,-0.2366662,0.33333334,0.5,0.58463687,0.5,-0.9214403,0.25,0.107572705,0.47887325,0.08450704225352113,0.04225352112676056,0.09871899,0.49245432,0.13800733
2024_12_TB_NYG,2024,12,NYG,TB,-0.23150454,0.39655173,-0.09722878,-0.6164284,0.05172413793103448,0.09302325581395349,58,-0.22045392,0.4,0.2,-0.56075764,0.44444445,-0.26975664,0.3846154,0.3035897,0.50769234,0.09230769230769231,0.03076923076923077,0.29553118,0.56333596,0.32826886
2024_12_TB_NYG,2024,12,TB,NYG,0.3035897,0.50769234,0.7273385,-0.19078389,0.09230769230769231,0.0,65,0.29553118,0.48979592,0.6470588235294118,0.56333596,0.72727275,0.32826886,0.5625,-0.23150454,0.39655173,0.05172413793103448,0.15517241379310345,-0.22045392,-0.56075764,-0.26975664
2024_12_TEN_HOU,2024,12,HOU,TEN,-0.25247267,0.32142857,-0.16582945,-0.5124024,0.05357142857142857,0.09523809523809523,56,-0.20409194,0.3255814,0.7058823529411765,-0.11610611,0.3,-0.41250136,0.30769232,-0.06725251,0.3846154,0.12307692307692308,0.13846153846153847,-0.009382998,0.15809065,-0.24447793
2024_12_TEN_HOU,2024,12,TEN,HOU,-0.06725251,0.3846154,0.04241243,-0.20338835,0.12307692307692308,0.2222222222222222,65,-0.009382998,0.3877551,0.4634146341463415,0.15809065,0.5,-0.24447793,0.375,-0.25247267,0.32142857,0.05357142857142857,0.10714285714285714,-0.20409194,-0.11610611,-0.41250136
2024_13_ARI_MIN,2024,13,ARI,MIN,0.083313644,0.4691358,0.14712436,-0.04430785,0.04938271604938271,0.018518518518518517,81,0.016631112,0.46153846,0.68,-0.33556515,0.22222222,0.35421142,0.5,-0.02375706,0.53846157,0.07692307692307693,0.15384615384615385,0.17412166,-0.100241184,-0.96917766
2024_13_ARI_MIN,2024,13,MIN,ARI,-0.02375706,0.53846157,-0.023639621,-0.024194771,0.07692307692307693,0.12195121951219512,52,0.17412166,0.60465115,0.6956521739130435,-0.100241184,0.44444445,-0.96917766,0.22222222,0.083313644,0.4691358,0.04938271604938271,0.04938271604938271,0.016631112,-0.33556515,0.35421142
2024_13_CHI_DET,2024,13,CHI,DET,0.0041267546,0.3939394,0.025232913,-0.10140407,0.07575757575757576,0.09090909090909091,66,-0.07018896,0.4,0.5,0.21577413,0.33333334,0.21889345,0.4,0.051848404,0.45714286,0.12857142857142856,0.05714285714285714,0.0143772075,-0.21134211,0.18924278
2024_13_CHI_DET,2024,13,DET,CHI,0.051848404,0.45714286,0.027888728,0.077217475,0.12857142857142856,0.05555555555555555,70,0.0143772075,0.43636364,0.3157894736842105,-0.21134211,0.47368422,0.18924278,0.53333336,0.0041267546,0.3939394,0.07575757575757576,0.13636363636363635,-0.07018896,0.21577413,0.21889345
2024_13_CLE_DEN,2024,13,CLE,DEN,-0.020699723,0.40697673,0.014989093,-0.12452173,0.08139534883720931,0.046875,86,-0.22419289,0.359375,0.5405405405405406,0.067946754,0.6666667,0.5483413,0.52380955,0.09224466,0.453125,0.09375,0.03125,-0.04651742,-0.09598938,0.63661903
2024_13_CLE_DEN,2024,13,DEN,CLE,0.09224466,0.453125,0.15958968,-0.019997047,0.09375,0.0,64,-0.04651742,0.4509804,0.5714285714285714,-0.09598938,0.41666666,0.63661903,0.46153846,-0.020699723,0.40697673,0.08139534883720931,0.11627906976744186,-0.22419289,0.067946754,0.5483413
2024_13_HOU_JAX,2024,13,HOU,JAX,0.079335086,0.4,0.0746668,0.08867165,0.13333333333333333,0.05,60,0.048512068,0.37777779,0.6857142857142857,-0.3994657,0.14285715,0.17180413,0.46666667,0.06520345,0.4,0.08571428571428572,0.04285714285714286,-0.03052547,-0.23017924,0.35382593
2024_13_HOU_JAX,2024,13,JAX,HOU,0.06520345,0.4,0.18159035,-0.17263062,0.08571428571428572,0.0,70,-0.03052547,0.37254903,0.4482758620689655,-0.23017924,0.33333334,0.35382593,0.47058824,0.079335086,0.4,0.13333333333333333,0.05,0.048512068,-0.3994657,0.17180413
2024_13_IND_NE,2024,13,IND,NE,0.1253763,0.5409836,0.06001677,0.18083286,0.04918032786885246,0.0,61,0.004395805,0.52272725,0.36666666666666664,0.3904984,0.6315789,0.40009618,0.5625,0.11115559,0.5,0.09722222222222222,0.05555555555555555,0.14187981,-0.26915193,-0.14205334
2024_13_IND_NE,2024,13,NE,IND,0.11115559,0.5,0.21307695,-0.039969202,0.09722222222222222,0.09302325581395349,72,0.14187981,0.48333332,0.5652173913043478,-0.26915193,0.3478261,-0.14205334,0.54545456,0.1253763,0.5409836,0.04918032786885246,0.03278688524590164,0.004395805,0.3904984,0.40009618
2024_13_LAC_ATL,2024,13,ATL,LAC,-0.16426513,0.44444445,-0.17409755,-0.15313897,0.04938271604938271,0.023255813953488372,81,0.09349355,0.48387095,0.4666666666666667,-0.60932636,0.21428572,-1.0053724,0.31578946,-0.28624597,0.3181818,0.09090909090909091,0.18181818181818182,-0.026002504,-0.4761126,-1.0701455
2024_13_LAC_ATL,2024,13,LAC,ATL,-0.28624597,0.3181818,-0.26349437,-0.3349994,0.09090909090909091,0.16666666666666666,44,-0.026002504,0.32258064,0.6666666666666666,-0.4761126,0.16666667,-1.0701455,0.25,-0.16426513,0.44444445,0.04938271604938271,0.04938271604938271,0.09349355,-0.60932636,-1.0053724
2024_13_LA_NO,2024,13,LA,NO,0.15622507,0.5,0.07465404,0.23779608,0.14814814814814814,0.07407407407407407,54,0.24490438,0.5,0.36363636363636365,1.034972,0.85714287,-0.15415253,0.5,-0.016540911,0.3943662,0.09859154929577464,0.04225352112676056,-0.06716473,-0.7406891,0.06305245
2024_13_LA_NO,2024,13,NO,LA,-0.016540911,0.3943662,0.0458669,-0.10692462,0.09859154929577464,0.0,71,-0.06716473,0.3529412,0.5789473684210527,-0.7406891,0.125,0.06305245,0.47368422,0.15622507,0.5,0.14814814814814814,0.1111111111111111,0.24490438,1.034972,-0.15415253
2024_13_LV_KC,2024,13,KC,LV,-0.007170458,0.3478261,0.06286053,-0.2822922,0.08695652173913043,0.09090909090909091,69,-0.067373306,0.3207547,0.7222222222222222,-0.6450903,0.16666667,0.19225146,0.4375,0.03364163,0.43283582,0.16417910447761194,0.05970149253731343,0.21791239,-0.7305703,-0.6639548
2024_13_LV_KC,2024,13,LV,KC,0.03364163,0.43283582,0.19216871,-0.2163434,0.16417910447761194,0.07317073170731707,67,0.21791239,0.4716981,0.5,-0.7305703,0.33333334,-0.6639548,0.2857143,-0.007170458,0.3478261,0.08695652173913043,0.17391304347826086,-0.067373306,-0.6450903,0.19225146
2024_13_MIA_GB,2024,13,GB,MIA,0.21914494,0.4814815,0.4592403,-0.05936565,0.12962962962962962,0.0,54,0.17832264,0.4883721,0.2857142857142857,0.09966218,0.375,0.37872306,0.45454547,0.07225329,0.5070422,0.056338028169014086,0.08450704225352113,0.11029546,-0.27637404,-0.025831
2024_13_MIA_GB,2024,13,MIA,GB,0.07225329,0.5070422,0.21625058,-0.46533662,0.056338028169014086,0.08928571428571429,71,0.11029546,0.54,0.6,-0.27637404,0.36363637,-0.025831,0.42105263,0.21914494,0.4814815,0.12962962962962962,0.05555555555555555,0.17832264,0.09966218,0.37872306
2024_13_NYG_DAL,2024,13,DAL,NYG,-0.042095892,0.39726028,0.035399538,-0.14708969,0.0958904109589041,0.0,73,-0.08881799,0.37037036,0.6470588235294118,-0.12573916,0.3846154,0.09069326,0.47368422,-0.22811198,0.3968254,0.031746031746031744,0.20634920634920634,-0.1268906,1.1227705,-0.5823868
2024_13_NYG_DAL,2024,13,NYG,DAL,-0.22811198,0.3968254,-0.31465545,-0.011753289,0.031746031746031744,0.13333333333333333,63,-0.1268906,0.3877551,0.5555555555555556,1.1227705,1.0,-0.5823868,0.42857143,-0.042095892,0.39726028,0.0958904109589041,0.0410958904109589,-0.08881799,-0.12573916,0.09069326
2024_13_PHI_BAL,2024,13,BAL,PHI,0.019559529,0.4027778,0.11272928,-0.13572338,0.08333333333333333,0.06666666666666667,72,0.07462779,0.3888889,0.5405405405405406,-0.11791023,0.22222222,-0.14564528,0.44444445,0.042686243,0.44444445,0.07407407407407407,0.037037037037037035,0.1487184,0.4659432,-0.29172286
2024_13_PHI_BAL,2024,13,PHI,BAL,0.042686243,0.44444445,-0.06980303,0.12614602,0.07407407407407407,0.08695652173913043,54,0.1487184,0.46341464,0.5555555555555556,0.4659432,0.375,-0.29172286,0.3846154,0.019559529,0.4027778,0.08333333333333333,0.06944444444444445,0.07462779,-0.11791023,-0.14564528
2024_13_PIT_CIN,2024,13,CIN,PIT,0.0777792,0.5483871,0.07118425,0.10263709,0.11290322580645161,0.08163265306122448,62,0.08894703,0.5471698,0.6363636363636364,0.13776374,0.45454547,0.012013118,0.5555556,0.3124156,0.59090906,0.18181818181818182,0.13636363636363635,0.41451105,0.27283648,-0.2593192
2024_13_PIT_CIN,2024,13,PIT,CIN,0.3124156,0.59090906,0.42794076,0.0964337,0.18181818181818182,0.046511627906976744,66,0.41451105,0.60714287,0.6818181818181818,0.27283648,0.5,-0.2593192,0.5,0.0777792,0.5483871,0.11290322580645161,0.1774193548387097,0.08894703,0.13776374,0.012013118
2024_13_SEA_NYJ,2024,13,NYJ,SEA,-0.23424792,0.37313432,-0.26272556,-0.17599817,0.05970149253731343,0.044444444444444446,67,-0.16950691,0.30612245,0.5151515151515151,-0.6943413,0.5,-0.4965748,0.5294118,0.10329517,0.37096775,0.12903225806451613,0.0967741935483871,-0.058896337,-0.20326957,0.44389734
2024_13_SEA_NYJ,2024,13,SEA,NYJ,0.10329517,0.37096775,0.12528123,0.06848391,0.12903225806451613,0.07894736842105263,62,-0.058896337,0.30952382,0.5769230769230769,-0.20326957,0.33333334,0.44389734,0.5,-0.23424792,0.37313432,0.05970149253731343,0.08955223880597014,-0.16950691,-0.6943413,-0.4965748
2024_13_SF_BUF,2024,13,BUF,SF,0.34465536,0.5272727,0.563056,0.21985501,0.10909090909090909,0.0,55,0.24754088,0.5,0.3076923076923077,0.911752,0.625,0.65840983,0.61538464,-0.21523903,0.34042552,0.1702127659574468,0.0425531914893617,-0.19107786,-1.1385459,-0.29431194
2024_13_SF_BUF,2024,13,SF,BUF,-0.21523903,0.34042552,-0.28704163,-0.15205279,0.1702127659574468,0.09090909090909091,47,-0.19107786,0.33333334,0.42857142857142855,-1.1385459,0.2857143,-0.29431194,0.36363637,0.34465536,0.5272727,0.10909090909090909,0.01818181818181818,0.24754088,0.911752,0.65840983
2024_13_TB_CAR,2024,13,CAR,TB,0.00401954,0.4857143,0.13055071,-0.36151502,0.04285714285714286,0.019230769230769232,70,0.034716614,0.5,0.6666666666666666,-0.109332904,0.35714287,-0.099583134,0.4375,-0.0061295363,0.4556962,0.12658227848101267,0.0759493670886076,0.16012686,0.08162664,-0.7780342
2024_13_TB_CAR,2024,13,TB,CAR,-0.0061295363,0.4556962,-0.12129562,0.11812861,0.12658227848101267,0.0975609756097561,79,0.16012686,0.4923077,0.5,0.08162664,0.44444445,-0.7780342,0.2857143,0.00401954,0.4857143,0.04285714285714286,0.15714285714285714,0.034716614,-0.109332904,-0.099583134
2024_13_TEN_WAS,2024,13,TEN,WAS,-0.08299669,0.3090909,0.089217156,-0.7000963,0.05454545454545454,0.046511627906976744,55,-0.255015,0.2820513,0.5,-0.094255924,0.2,0.42185104,0.4,0.29021934,0.5802469,0.09876543209876543,0.024691358024691357,0.12032861,0.51918906,0.92980796
2024_13_TEN_WAS,2024,13,WAS,TEN,0.29021934,0.5802469,0.2904725,0.28994673,0.09876543209876543,0.047619047619047616,81,0.12032861,0.53125,0.5384615384615384,0.51918906,0.5,0.92980796,0.7647059,-0.08299669,0.3090909,0.05454545454545454,0.14545454545454545,-0.255015,-0.094255924,0.42185104
2024_14_ATL_MIN,2024,14,ATL,MIN,0.07955094,0.5405405,0.017250191,0.15284593,0.12162162162162163,0.025,74,0.030428879,0.54385966,0.4418604651162791,-0.24197783,0.33333334,0.19370773,0.5,0.45017713,0.50877196,0.19298245614035087,0.12280701754385964,0.09067513,0.44811618,1.7983097
2024_14_ATL_MIN,2024,14,MIN,ATL,0.45017713,0.50877196,0.65783,0.09420085,0.19298245614035087,0.1111111111111111,57,0.09067513,0.44444445,0.5925925925925926,0.44811618,0.4375,1.7983097,0.75,0.07955094,0.5405405,0.12162162162162163,0.05405405405405406,0.030428879,-0.24197783,0.19370773
2024_14_BUF_LA,2024,14,BUF,LA,0.5296692,0.53333336,0.67626774,0.089873746,0.13333333333333333,0.0,60,0.30513063,0.5,0.6666666666666666,0.5100386,0.8,1.4278237,0.6666667,0.30273286,0.5194805,0.09090909090909091,0.03896103896103896,0.044512123,0.54358095,1.1491231
2024_14_BUF_LA,2024,14,LA,BUF,0.30273286,0.5194805,0.7802516,-0.09519946,0.09090909090909091,0.0,77,0.044512123,0.44067797,0.3333333333333333,0.54358095,0.6111111,1.1491231,0.7777778,0.5296692,0.53333336,0.13333333333333333,0.016666666666666666,0.30513063,0.5100386,1.4278237
2024_14_CAR_PHI,2024,14,CAR,PHI,0.008829791,0.3857143,0.09314577,-0.12545122,0.04285714285714286,0.023255813953488372,70,-0.10822185,0.33333334,0.4117647058823529,0.3189925,0.45454547,0.26421517,0.5,0.12576234,0.47368422,0.14035087719298245,0.07017543859649122,0.002268527,0.6317619,0.50130326
2024_14_CAR_PHI,2024,14,PHI,CAR,0.12576234,0.47368422,0.033340946,0.22148451,0.14035087719298245,0.13793103448275862,57,0.002268527,0.4318182,0.4857142857142857,0.6317619,0.6363636,0.50130326,0.5833333,0.008829791,0.3857143,0.04285714285714286,0.11428571428571428,-0.10822185,0.3189925,0.26421517
2024_14_CHI_SF,2024,14,CHI,SF,-0.15471043,0.3962264,-0.1657547,-0.13494699,0.0,0.20588235294117646,53,-0.06989221,0.4047619,0.6666666666666666,0.44750023,0.5,-0.43171796,0.4,0.40700737,0.5,0.15,0.05,0.34101203,0.52149016,0.6238491
2024_14_CHI_SF,2024,14,SF,CHI,0.40700737,0.5,0.7295946,0.12474357,0.15,0.03571428571428571,60,0.34101203,0.45652175,0.5384615384615384,0.52149016,0.5714286,0.6238491,0.64285713,-0.15471043,0.3962264,0.0,0.1509433962264151,-0.06989221,0.44750023,-0.43171796
2024_14_CIN_DAL,2024,14,CIN,DAL,0.10166595,0.49275362,0.14854637,-0.041732974,0.07246376811594203,0.038461538461538464,69,0.1986542,0.5263158,0.7222222222222222,0.20725365,0.4,-0.3590283,0.33333334,-0.0011368255,0.45,0.13333333333333333,0.11666666666666667,-0.013819569,-0.37552202,0.040535014
2024_14_CIN_DAL,2024,14,DAL,CIN,-0.0011368255,0.45,-0.14757794,0.21852483,0.13333333333333333,0.08333333333333333,60,-0.013819569,0.45652175,0.5263157894736842,-0.37552202,0.44444445,0.040535014,0.42857143,0.10166595,0.49275362,0.07246376811594203,0.11594202898550725,0.1986542,0.20725365,-0.3590283
2024_14_CLE_PIT,2024,14,CLE,PIT,-0.15459059,0.3888889,-0.19084756,-0.08642749,0.06944444444444445,0.06382978723404255,72,-0.21537526,0.3962264,0.4827586206896552,-0.107300855,0.2,0.014966614,0.36842105,-0.10192382,0.36507937,0.1111111111111111,0.1111111111111111,-0.13625214,0.37067404,-0.0010843873
2024_14_CLE_PIT,2024,14,PIT,CLE,-0.10192382,0.36507937,0.032031793,-0.2316933,0.1111111111111111,0.03225806451612903,63,-0.13625214,0.34042552,0.5151515151515151,0.37067404,0.5,-0.0010843873,0.4375,-0.15459059,0.3888889,0.06944444444444445,0.08333333333333333,-0.21537526,-0.107300855,0.014966614
2024_14_GB_DET,2024,14,DET,GB,0.042228386,0.475,0.29908845,-0.28802028,0.0625,0.022222222222222223,80,-0.0875223,0.44067797,0.5581395348837209,0.3416292,0.55,0.406766,0.5714286,0.15768084,0.46938777,0.12244897959183673,0.14285714285714285,0.12466761,0.30060828,0.35576025
2024_14_GB_DET,2024,14,GB,DET,0.15768084,0.46938777,0.23118877,0.06746655,0.12244897959183673,0.037037037037037035,49,0.12466761,0.47619048,0.5333333333333333,0.30060828,0.5,0.35576025,0.42857143,0.042228386,0.475,0.0625,0.0375,-0.0875223,0.3416292,0.406766
2024_14_JAX_TEN,2024,14,JAX,TEN,0.011406408,0.41379312,0.08134233,-0.095017806,0.10344827586206896,0.02857142857142857,58,-0.05781462,0.38636363,0.6470588235294118,0.013041067,0.2,0.22895817,0.5,-0.14697303,0.375,0.078125,0.046875,0.018805634,-0.61768335,-0.5396067
2024_14_JAX_TEN,2024,14,TEN,JAX,-0.14697303,0.375,-0.25369847,-0.018166462,0.078125,0.05714285714285714,64,0.018805634,0.35555556,0.48484848484848486,-0.61768335,0.21428572,-0.5396067,0.42105263,0.011406408,0.41379312,0.10344827586206896,0.10344827586206896,-0.05781462,0.013041067,0.22895817
2024_14_LAC_KC,2024,14,KC,LAC,0.06871691,0.5522388,0.13442734,-0.07522021,0.014925373134328358,0.06521739130434782,67,0.045335177,0.54,0.75,0.08558227,0.42857143,0.13748673,0.5882353,0.09424379,0.4,0.1,0.11666666666666667,0.00496806,0.27632245,0.36207098
2024_14_LAC_KC,2024,14,LAC,KC,0.09424379,0.4,0.21393669,-0.1124985,0.1,0.07894736842105263,60,0.00496806,0.37777779,0.65,0.27632245,0.5714286,0.36207098,0.46666667,0.06871691,0.5522388,0.014925373134328358,0.1791044776119403,0.045335177,0.08558227,0.13748673
2024_14_LV_TB,2024,14,LV,TB,-0.15069069,0.4090909,-0.14935254,-0.15319248,0.07575757575757576,0.046511627906976744,66,-0.28182104,0.36734694,0.5238095238095238,-0.4877329,0.3125,0.22727327,0.5294118,0.14107676,0.5,0.16129032258064516,0.11290322580645161,0.024004137,0.2097147,0.5424686
2024_14_LV_TB,2024,14,TB,LV,0.14107676,0.5,0.16944951,0.09615325,0.16129032258064516,0.10526315789473684,62,0.024004137,0.47916666,0.6333333333333333,0.2097147,0.8,0.5424686,0.5714286,-0.15069069,0.4090909,0.07575757575757576,0.09090909090909091,-0.28182104,-0.4877329,0.22727327
2024_14_NO_NYG,2024,14,NO,NYG,-0.060506184,0.42647058,0.082814865,-0.22174236,0.07352941176470588,0.05555555555555555,68,-0.020567002,0.43137255,0.5476190476190477,1.4894066,1.0,-0.18032373,0.4117647,-0.14047928,0.35064936,0.05194805194805195,0.16883116883116883,-0.06558369,-0.20043278,-0.35248137
2024_14_NO_NYG,2024,14,NYG,NO,-0.14047928,0.35064936,-0.10273756,-0.26418823,0.05194805194805195,0.03389830508474576,77,-0.06558369,0.34615386,0.6153846153846154,-0.20043278,0.42857143,-0.35248137,0.33333334,-0.060506184,0.42647058,0.07352941176470588,0.058823529411764705,-0.020567002,1.4894066,-0.18032373
2024_14_NYJ_MIA,2024,14,MIA,NYJ,0.21951762,0.57746476,0.42763343,-0.31117767,0.04225352112676056,0.0,71,0.29746467,0.62068963,0.5882352941176471,0.2682016,0.5,-0.2266833,0.33333334,0.24398918,0.5294118,0.058823529411764705,0.08823529411764706,0.13529882,0.048704267,0.6280286
2024_14_NYJ_MIA,2024,14,NYJ,MIA,0.24398918,0.5294118,0.3797241,-0.021579063,0.058823529411764705,0.06666666666666667,68,0.13529882,0.509434,0.5365853658536586,0.048704267,0.41666666,0.6280286,0.6,0.21951762,0.57746476,0.04225352112676056,0.0,0.29746467,0.2682016,-0.2266833
2024_14_SEA_ARI,2024,14,ARI,SEA,-0.10125965,0.45714286,-0.12882537,-0.044929694,0.08571428571428572,0.0425531914893617,70,-0.10334197,0.47272727,0.5,-0.27653697,0.30769232,-0.17552622,0.35714287,0.1254799,0.47619048,0.1111111111111111,0.031746031746031744,0.0776443,-0.18574801,0.27855384
2024_14_SEA_ARI,2024,14,SEA,ARI,0.1254799,0.47619048,0.21295089,0.040742382,0.1111111111111111,0.0,63,0.0776443,0.45833334,0.4090909090909091,-0.18574801,0.33333334,0.27855384,0.53333336,-0.10125965,0.45714286,0.08571428571428572,0.07142857142857142,-0.10334197,-0.27653697,-0.17552622
2024_15_ATL_LV,2024,15,ATL,LV,-0.18146107,0.3448276,-0.29797938,-0.11025545,0.08620689655172414,0.13636363636363635,58,-0.15102354,0.3181818,0.32,,,-0.27712187,0.42857143,-0.27333707,0.3939394,0.06060606060606061,0.09090909090909091,-0.25016516,1.2304654,-0.34574923
2024_15_ATL_LV,2024,15,LV,ATL,-0.27333707,0.3939394,-0.16905592,-0.5312957,0.06060606060606061,0.0851063829787234,66,-0.25016516,0.4,0.56,1.2304654,1.0,-0.34574923,0.375,-0.18146107,0.3448276,0.08620689655172414,0.05172413793103448,-0.15102354,,-0.27712187
2024_15_BAL_NYG,2024,15,BAL,NYG,0.44326374,0.6034483,0.84943515,0.03709234,0.1896551724137931,0.10344827586206896,58,0.25615618,0.5531915,0.625,0.83443636,0.75,1.2427233,0.8181818,-0.004564563,0.3880597,0.04477611940298507,0.1044776119402985,-0.13870554,-0.5683494,0.26981473
2024_15_BAL_NYG,2024,15,NYG,BAL,-0.004564563,0.3880597,0.08416802,-0.22873108,0.04477611940298507,0.0625,67,-0.13870554,0.33333334,0.4,-0.5683494,0.375,0.26981473,0.5,0.44326374,0.6034483,0.1896551724137931,0.06896551724137931,0.25615618,0.83443636,1.2427233
2024_15_BUF_DET,2024,15,BUF,DET,0.43854713,0.5507246,0.55703205,0.29330757,0.14492753623188406,0.0,69,0.42004868,0.5614035,0.47058823529411764,0.31593543,0.6315789,0.5264147,0.5,0.22605331,0.48051947,0.09090909090909091,0.12987012987012986,0.011981056,0.61697364,1.0422038
2024_15_BUF_DET,2024,15,DET,BUF,0.22605331,0.48051947,0.33001098,-0.28573835,0.09090909090909091,0.046875,77,0.011981056,0.45901638,0.8181818181818182,0.61697364,0.625,1.0422038,0.5625,0.43854713,0.5507246,0.14492753623188406,0.043478260869565216,0.42004868,0.31593543,0.5264147
2024_15_CHI_MIN,2024,15,CHI,MIN,-0.27762666,0.35820895,-0.2506889,-0.31514707,0.07462686567164178,0.05128205128205128,67,0.025779778,0.42,0.4444444444444444,-0.14807752,0.23076923,-1.1839359,0.1875,0.050376467,0.5064935,0.05194805194805195,0.1038961038961039,0.019104043,0.24681973,0.16074972
2024_15_CHI_MIN,2024,15,MIN,CHI,0.050376467,0.5064935,0.11938903,-0.057743214,0.05194805194805195,0.0425531914893617,77,0.019104043,0.46666667,0.42857142857142855,0.24681973,0.5,0.16074972,0.64705884,-0.27762666,0.35820895,0.07462686567164178,0.04477611940298507,0.025779778,-0.14807752,-1.1839359
2024_15_CIN_TEN,2024,15,CIN,TEN,0.23563544,0.5,0.30868173,0.124713324,0.08823529411764706,0.024390243902439025,68,-0.017128501,0.44444445,0.696969696969697,0.13267748,0.5263158,1.2105821,0.71428573,-0.04844884,0.5362319,0.07246376811594203,0.07246376811594203,-0.1181809,0.83706206,0.3629704
2024_15_CIN_TEN,2024,15,TEN,CIN,-0.04844884,0.5362319,0.044917747,-0.21277402,0.07246376811594203,0.022727272727272728,69,-0.1181809,0.5084746,0.4090909090909091,0.83706206,0.7,0.3629704,0.7,0.23563544,0.5,0.08823529411764706,0.08823529411764706,-0.017128501,0.13267748,1.2105821
2024_15_DAL_CAR,2024,15,CAR,DAL,-0.17376438,0.4181818,-0.16263957,-0.2097061,0.03636363636363636,0.14285714285714285,55,-0.23539643,0.3902439,0.5,-0.7262988,0.4,0.0067293984,0.5,0.17415904,0.54285717,0.12857142857142856,0.04285714285714286,0.22975096,0.37017465,-0.094535254
2024_15_DAL_CAR,2024,15,DAL,CAR,0.17415904,0.54285717,0.3510179,0.04151492,0.12857142857142856,0.03333333333333333,70,0.22975096,0.55172414,0.4,0.37017465,0.625,-0.094535254,0.5,-0.17376438,0.4181818,0.03636363636363636,0.18181818181818182,-0.23539643,-0.7262988,0.0067293984
2024_15_GB_SEA,2024,15,GB,SEA,0.11860933,0.5,0.50770515,-0.22471055,0.09375,0.0,64,0.20318304,0.52,0.4375,0.20468365,0.45454547,-0.18343966,0.42857143,-0.341293,0.3220339,0.06779661016949153,0.2033898305084746,-0.24206938,-1.7359543,-0.63234895
2024_15_GB_SEA,2024,15,SEA,GB,-0.341293,0.3220339,-0.45258272,-0.014843277,0.06779661016949153,0.1590909090909091,59,-0.24206938,0.3181818,0.6666666666666666,-1.7359543,0.0,-0.63234895,0.33333334,0.11860933,0.5,0.09375,0.09375,0.20318304,0.20468365,-0.18343966
2024_15_IND_DEN,2024,15,DEN,IND,-0.28924417,0.35,-0.31097227,-0.24889205,0.03333333333333333,0.02564102564102564,60,-0.18418147,0.3409091,0.6086956521739131,1.5434487,0.6,-0.57816666,0.375,-0.43810433,0.3026316,0.09210526315789473,0.11842105263157894,-0.54908663,-1.6752924,-0.10515743
2024_15_IND_DEN,2024,15,IND,DEN,-0.43810433,0.3026316,-0.45339546,-0.41465786,0.09210526315789473,0.043478260869565216,76,-0.54908663,0.28070176,0.4864864864864865,-1.6752924,0.0,-0.10515743,0.36842105,-0.28924417,0.35,0.03333333333333333,0.016666666666666666,-0.18418147,1.5434487,-0.57816666
2024_15_KC_CLE,2024,15,CLE,KC,-0.4906877,0.37704918,-0.60310936,-0.22212481,0.04918032786885246,0.11627906976744186,61,-0.35893145,0.40425533,0.5294117647058824,,,-0.9330123,0.2857143,-0.07742546,0.41095892,0.0684931506849315,0.1643835616438356,0.023621012,0.3645654,-0.36461014
2024_15_KC_CLE,2024,15,KC,CLE,-0.07742546,0.41095892,-0.020903094,-0.15400413,0.0684931506849315,0.0,73,0.023621012,0.42592594,0.52,0.3645654,0.5,-0.36461014,0.36842105,-0.4906877,0.37704918,0.04918032786885246,0.18032786885245902,-0.35893145,,-0.9330123
2024_15_LA_SF,2024,15,LA,SF,-0.095589206,0.4,-0.13667476,-0.06449743,0.03076923076923077,0.0,65,-0.018137144,0.40816328,0.3235294117647059,-0.37608704,0.41666666,-0.33278614,0.375,-0.2987003,0.2962963,0.05555555555555555,0.05555555555555555,-0.22459753,,-0.55806005
2024_15_LA_SF,2024,15,SF,LA,-0.2987003,0.2962963,-0.33127305,-0.2386979,0.05555555555555555,0.08571428571428572,54,-0.22459753,0.2857143,0.5862068965517241,,,-0.55806005,0.33333334,-0.095589206,0.4,0.03076923076923077,0.07692307692307693,-0.018137144,-0.37608704,-0.33278614
2024_15_MIA_HOU,2024,15,HOU,MIA,-0.21639256,0.39583334,-0.2365832,-0.17197308,0.041666666666666664,0.12121212121212122,48,-0.24585852,0.37142858,0.6538461538461539,0.101462424,0.2857143,-0.1370611,0.46153846,-0.21853648,0.44117647,0.029411764705882353,0.058823529411764705,-0.16285396,-0.7037265,-0.38558412
2024_15_MIA_HOU,2024,15,MIA,HOU,-0.21853648,0.44117647,-0.20979944,-0.24106887,0.029411764705882353,0.061224489795918366,68,-0.16285396,0.4509804,0.6176470588235294,-0.7037265,0.16666667,-0.38558412,0.4117647,-0.21639256,0.39583334,0.041666666666666664,0.125,-0.24585852,0.101462424,-0.1370611
2024_15_NE_ARI,2024,15,ARI,NE,0.18832515,0.4347826,0.2555393,0.089904405,0.08695652173913043,0.0,69,0.0346541,0.35849056,0.7368421052631579,0.5035262,0.5833333,0.6973605,0.6875,0.02341519,0.54901963,0.1568627450980392,0.0392156862745098,0.23975842,-0.40103033,-0.86359215
2024_15_NE_ARI,2024,15,NE,ARI,0.02341519,0.54901963,0.19990757,-0.20923385,0.1568627450980392,0.06896551724137931,51,0.23975842,0.6097561,0.5714285714285714,-0.40103033,0.5714286,-0.86359215,0.3,0.18832515,0.4347826,0.08695652173913043,0.0,0.0346541,0.5035262,0.6973605
2024_15_NYJ_JAX,2024,15,JAX,NYJ,0.1190805,0.53571427,0.13986582,0.07271328,0.05952380952380952,0.034482758620689655,84,0.0057838997,0.530303,0.6382978723404256,0.017731462,0.35714287,0.62164843,0.5882353,0.41629568,0.43103448,0.13793103448275862,0.05172413793103448,0.28551865,0.0724119,0.9052991
2024_15_NYJ_JAX,2024,15,NYJ,JAX,0.41629568,0.43103448,0.527659,0.14771353,0.13793103448275862,0.024390243902439025,58,0.28551865,0.41304347,0.5806451612903226,0.0724119,0.625,0.9052991,0.45454547,0.1190805,0.53571427,0.05952380952380952,0.03571428571428571,0.0057838997,0.017731462,0.62164843
2024_15_PIT_PHI,2024,15,PHI,PIT,0.15365194,0.45454547,0.3690556,-0.07921687,0.1038961038961039,0.075,77,0.016101044,0.38333333,0.4888888888888889,0.123299316,0.4,0.6391257,0.7058824,-0.3002454,0.3488372,0.023255813953488372,0.09302325581395349,-0.3552588,0.0045804447,-0.1187011
2024_15_PIT_PHI,2024,15,PIT,PHI,-0.3002454,0.3488372,-0.20481339,-0.4612869,0.023255813953488372,0.07407407407407407,43,-0.3552588,0.33333334,0.5789473684210527,0.0045804447,0.33333334,-0.1187011,0.4,0.15365194,0.45454547,0.1038961038961039,0.06493506493506493,0.016101044,0.123299316,0.6391257
2024_15_TB_LAC,2024,15,LAC,TB,-0.29219377,0.40384614,-0.30305156,-0.2517238,0.038461538461538464,0.07317073170731707,52,-0.08272103,0.4651163,0.7272727272727273,0.333627,0.6,-1.293008,0.11111111,0.18264915,0.5138889,0.125,0.027777777777777776,0.057498794,-0.3777701,0.58754736
2024_15_TB_LAC,2024,15,TB,LAC,0.18264915,0.5138889,0.4786821,-0.09738206,0.125,0.02857142857142857,72,0.057498794,0.4909091,0.525,-0.3777701,0.3,0.58754736,0.5882353,-0.29219377,0.40384614,0.038461538461538464,0.17307692307692307,-0.08272103,0.333627,-1.293008
2024_15_WAS_NO,2024,15,NO,WAS,-0.058917645,0.37037036,-0.021330778,-0.1566435,0.12962962962962962,0.07692307692307693,54,0.15022302,0.3846154,0.375,0.02198175,0.42857143,-0.57808936,0.35714287,0.019458374,0.47435898,0.038461538461538464,0.10256410256410256,-0.061816815,0.07576225,0.27183923
2024_15_WAS_NO,2024,15,WAS,NO,0.019458374,0.47435898,0.08984441,-0.09315927,0.038461538461538464,0.16666666666666666,78,-0.061816815,0.42372882,0.6,0.07576225,0.5833333,0.27183923,0.6315789,-0.058917645,0.37037036,0.12962962962962962,0.12962962962962962,0.15022302,0.02198175,-0.57808936
2024_16_ARI_CAR,2024,16,ARI,CAR,0.15068336,0.51428574,0.13703525,0.17524996,0.08571428571428572,0.06666666666666667,70,0.14146164,0.509434,0.47058823529411764,0.46250558,0.5,0.17943345,0.5294118,0.26164803,0.46268657,0.13432835820895522,0.05970149253731343,0.13181627,0.30587825,0.6435062
2024_16_ARI_CAR,2024,16,CAR,ARI,0.26164803,0.46268657,0.28569865,0.23534268,0.13432835820895522,0.08571428571428572,67,0.13181627,0.44,0.3793103448275862,0.30587825,0.46666667,0.6435062,0.5294118,0.15068336,0.51428574,0.08571428571428572,0.04285714285714286,0.14146164,0.46250558,0.17943345
2024_16_CLE_CIN,2024,16,CIN,CLE,0.11405102,0.54545456,0.1216259,0.09969863,0.09090909090909091,0.1111111111111111,55,0.30848035,0.59090906,0.6521739130434783,-0.3677879,0.6,-0.6636663,0.36363637,-0.21949697,0.37878788,0.06060606060606061,0.15151515151515152,-0.088585675,-0.82137907,-0.6285948
2024_16_CLE_CIN,2024,16,CLE,CIN,-0.21949697,0.37878788,-0.272244,-0.106467634,0.06060606060606061,0.1111111111111111,66,-0.088585675,0.4,0.3,-0.82137907,0.45454547,-0.6285948,0.3125,0.11405102,0.54545456,0.09090909090909091,0.14545454545454545,0.30848035,-0.3677879,-0.6636663
2024_16_DEN_LAC,2024,16,DEN,LAC,0.16870469,0.4375,0.19666721,0.102477655,0.03125,0.044444444444444446,64,0.0461159,0.40816328,0.5757575757575758,0.8483448,0.85714287,0.56916136,0.53333336,0.23966374,0.5322581,0.0967741935483871,0.12903225806451613,0.21459515,0.30050886,0.37104857
2024_16_DEN_LAC,2024,16,LAC,DEN,0.23966374,0.5322581,0.48152193,-0.20007844,0.0967741935483871,0.05,62,0.21459515,0.5,0.4375,0.30050886,0.6666667,0.37104857,0.6666667,0.16870469,0.4375,0.03125,0.0625,0.0461159,0.8483448,0.56916136
2024_16_DET_CHI,2024,16,CHI,DET,0.0058580087,0.42857143,0.25780103,-0.80035967,0.07936507936507936,0.041666666666666664,63,-0.058969337,0.42857143,0.4,-0.35860673,0.33333334,0.23275372,0.42857143,0.32327142,0.5625,0.140625,0.046875,0.35205314,-0.18948482,0.21035849
2024_16_DET_CHI,2024,16,DET,CHI,0.32327142,0.5625,0.46941462,0.16769959,0.140625,0.030303030303030304,64,0.35205314,0.5882353,0.5,-0.18948482,0.2631579,0.21035849,0.46153846,0.0058580087,0.42857143,0.07936507936507936,0.07936507936507936,-0.058969337,-0.35860673,0.23275372
2024_16_HOU_KC,2024,16,HOU,KC,0.07439424,0.37288135,0.12134033,-0.063314274,0.1016949152542373,0.045454545454545456,59,-0.0117801605,0.32608697,0.725,-0.23745076,0.22222222,0.37931904,0.53846157,0.16012694,0.4861111,0.041666666666666664,0.05555555555555555,0.089071505,0.3862288,0.40882096
2024_16_HOU_KC,2024,16,KC,HOU,0.16012694,0.4861111,0.29894862,-0.13562357,0.041666666666666664,0.02040816326530612,72,0.089071505,0.44642857,0.6904761904761905,0.3862288,0.5,0.40882096,0.625,0.07439424,0.37288135,0.1016949152542373,0.2033898305084746,-0.0117801605,-0.23745076,0.37931904
2024_16_JAX_LV,2024,16,JAX,LV,-0.23457284,0.2835821,-0.21496315,-0.2746835,0.07462686567164178,0.022222222222222223,67,-0.33940774,0.24489796,0.5952380952380952,0.42943463,0.5,0.050811093,0.3888889,-0.07390997,0.4084507,0.056338028169014086,0.07042253521126761,-0.0010873036,0.23148534,-0.28272042
2024_16_JAX_LV,2024,16,LV,JAX,-0.07390997,0.4084507,-0.00059581693,-0.21748352,0.056338028169014086,0.0425531914893617,71,-0.0010873036,0.4181818,0.65,0.23148534,0.5,-0.28272042,0.4,-0.23457284,0.2835821,0.07462686567164178,0.05970149253731343,-0.33940774,0.42943463,0.050811093
2024_16_LA_NYJ,2024,16,LA,NYJ,0.10720568,0.5102041,0.20055282,0.042828333,0.061224489795918366,0.0,49,0.032013662,0.475,0.3448275862068966,0.22661258,0.5,0.44139242,0.6666667,-0.101701915,0.4347826,0.014492753623188406,0.028985507246376812,-0.041940223,-0.14030235,-0.24811807
2024_16_LA_NYJ,2024,16,NYJ,LA,-0.101701915,0.4347826,-0.023021065,-0.29446998,0.014492753623188406,0.02040816326530612,69,-0.041940223,0.40816328,0.5277777777777778,-0.14030235,0.33333334,-0.24811807,0.5,0.10720568,0.5102041,0.061224489795918366,0.02040816326530612,0.032013662,0.22661258,0.44139242
2024_16_MIN_SEA,2024,16,MIN,SEA,0.11122555,0.47619048,0.27377245,-0.21386823,0.047619047619047616,0.07142857142857142,63,0.17552434,0.5,0.5135135135135135,1.0281372,0.8333333,-0.09453057,0.4,0.045607433,0.5,0.0625,0.125,0.082296304,0.8819495,-0.11337763
2024_16_MIN_SEA,2024,16,SEA,MIN,0.045607433,0.5,0.069704585,-0.026684001,0.0625,0.041666666666666664,64,0.082296304,0.53846157,0.6923076923076923,0.8819495,0.6666667,-0.11337763,0.33333334,0.11122555,0.47619048,0.047619047619047616,0.1111111111111111,0.17552434,1.0281372,-0.09453057
2024_16_NE_BUF,2024,16,BUF,NE,0.028618706,0.45762712,0.060772724,-0.018272573,0.05084745762711865,0.02857142857142857,59,0.11347526,0.4893617,0.6451612903225806,0.40899915,0.4,-0.30373618,0.33333334,0.047992002,0.4864865,0.0945945945945946,0.08108108108108109,-0.27192405,-0.16073218,1.2076877
2024_16_NE_BUF,2024,16,NE,BUF,0.047992002,0.4864865,0.28341207,-0.317315,0.0945945945945946,0.044444444444444446,74,-0.27192405,0.41379312,0.5121951219512195,-0.16073218,0.4,1.2076877,0.75,0.028618706,0.45762712,0.05084745762711865,0.03389830508474576,0.11347526,0.40899915,-0.30373618
2024_16_NO_GB,2024,16,GB,NO,0.26393583,0.5074627,0.20303534,0.31331462,0.13432835820895522,0.0,67,0.1373354,0.49019608,0.47368421052631576,0.6005259,0.72727275,0.66747475,0.5625,-0.3362968,0.3272727,0.05454545454545454,0.10909090909090909,-0.37401655,,-0.22583184
2024_16_NO_GB,2024,16,NO,GB,-0.3362968,0.3272727,-0.37363523,-0.24528448,0.05454545454545454,0.07692307692307693,55,-0.37401655,0.31707317,0.4,,,-0.22583184,0.35714287,0.26393583,0.5074627,0.13432835820895522,0.04477611940298507,0.1373354,0.6005259,0.66747475
2024_16_NYG_ATL,2024,16,ATL,NYG,0.09732859,0.50769234,0.26888344,-0.04971845,0.07692307692307693,0.0,65,0.04967307,0.46938777,0.4090909090909091,0.0007019724,0.5714286,0.24327362,0.625,-0.4526711,0.43103448,0.034482758620689655,0.10344827586206896,-0.42125848,-0.062166505,-0.5868889
2024_16_NYG_ATL,2024,16,NYG,ATL,-0.4526711,0.43103448,-0.51937145,-0.24304155,0.034482758620689655,0.06818181818181818,58,-0.42125848,0.4680851,0.5909090909090909,-0.062166505,0.44444445,-0.5868889,0.27272728,0.09732859,0.50769234,0.07692307692307693,0.03076923076923077,0.04967307,0.0007019724,0.24327362
2024_16_PHI_WAS,2024,16,PHI,WAS,0.12139466,0.3918919,0.14567511,0.092829406,0.0945945945945946,0.1,74,0.03161079,0.35185185,0.37037037037037035,-0.032369304,0.41666666,0.3638111,0.5,-0.04160717,0.42424244,0.09090909090909091,0.030303030303030304,-0.22225341,0.2865722,0.443209
2024_16_PHI_WAS,2024,16,WAS,PHI,-0.04160717,0.42424244,0.21772543,-0.6831141,0.09090909090909091,0.02127659574468085,66,-0.22225341,0.3877551,0.6666666666666666,0.2865722,0.53846157,0.443209,0.5,0.12139466,0.3918919,0.0945945945945946,0.0945945945945946,0.03161079,-0.032369304,0.3638111
2024_16_PIT_BAL,2024,16,BAL,PIT,0.17810178,0.5254237,0.33787987,0.060617924,0.15254237288135594,0.04,59,0.17673181,0.54,0.43902439024390244,-0.2610801,0.3846154,0.18571275,0.44444445,-0.17896076,0.37288135,0.06779661016949153,0.0847457627118644,-0.13037787,0.6262974,-0.3909587
2024_16_PIT_BAL,2024,16,PIT,BAL,-0.17896076,0.37288135,-0.27833623,-0.011829278,0.06779661016949153,0.08108108108108109,59,-0.13037787,0.375,0.5483870967741935,0.6262974,0.5,-0.3909587,0.36363637,0.17810178,0.5254237,0.15254237288135594,0.01694915254237288,0.17673181,-0.2610801,0.18571275
2024_16_SF_MIA,2024,16,MIA,SF,0.12072753,0.5,0.11397458,0.12835184,0.07575757575757576,0.0,66,0.27329734,0.5471698,0.5384615384615384,-0.30327392,0.16666667,-0.5012878,0.30769232,0.080287114,0.48387095,0.0967741935483871,0.0967741935483871,0.040664114,-0.04129236,0.20443913
2024_16_SF_MIA,2024,16,SF,MIA,0.080287114,0.48387095,0.13263193,-0.058272734,0.0967741935483871,0.06666666666666667,62,0.040664114,0.5106383,0.7241379310344828,-0.04129236,0.4,0.20443913,0.4,0.12072753,0.5,0.07575757575757576,0.015151515151515152,0.27329734,-0.30327392,-0.5012878
2024_16_TB_DAL,2024,16,DAL,TB,-0.0052242037,0.36842105,0.23386258,-0.5232456,0.10526315789473684,0.02564102564102564,57,-0.032708257,0.3488372,0.68,0.60795885,0.5,0.0791911,0.42857143,0.043277845,0.5277778,0.06944444444444445,0.06944444444444445,0.03534456,0.9541794,0.079282746
2024_16_TB_DAL,2024,16,TB,DAL,0.043277845,0.5277778,-0.01951185,0.20653108,0.06944444444444445,0.07692307692307693,72,0.03534456,0.5254237,0.5454545454545454,0.9541794,0.85714287,0.079282746,0.53846157,-0.0052242037,0.36842105,0.10526315789473684,0.05263157894736842,-0.032708257,0.60795885,0.0791911
2024_16_TEN_IND,2024,16,IND,TEN,0.21821912,0.5,0.09955196,0.25283036,0.0967741935483871,0.07142857142857142,62,0.12207858,0.47826087,0.22727272727272727,0.14791605,0.5555556,0.4946231,0.5625,0.09949272,0.48333332,0.08333333333333333,0.06666666666666667,0.15325208,0.92217135,-0.30357134
2024_16_TEN_IND,2024,16,TEN,IND,0.09949272,0.48333332,0.13098775,0.041001957,0.08333333333333333,0.02564102564102564,60,0.15325208,0.4680851,0.5882352941176471,0.92217135,0.7777778,-0.30357134,0.45454547,0.21821912,0.5,0.0967741935483871,0.016129032258064516,0.12207858,0.14791605,0.4946231
2024_17_ARI_LA,2024,17,ARI,LA,-0.035100263,0.51898736,0.037256084,-0.23494162,0.0759493670886076,0.06896551724137931,79,0.026780197,0.53968257,0.6842105263157895,-0.6024917,0.4375,-0.2787546,0.4375,-0.067542784,0.44642857,0.08928571428571429,0.03571428571428571,-0.06746515,-0.03522081,-0.067775674
2024_17_ARI_LA,2024,17,LA,ARI,-0.067542784,0.44642857,-0.030442098,-0.134324,0.08928571428571429,0.0,56,-0.06746515,0.4047619,0.6666666666666666,-0.03522081,0.375,-0.067775674,0.5714286,-0.035100263,0.51898736,0.0759493670886076,0.0759493670886076,0.026780197,-0.6024917,-0.2787546
2024_17_ATL_WAS,2024,17,ATL,WAS,0.11071267,0.53125,0.051836114,0.22311336,0.109375,0.047619047619047616,64,0.09870142,0.56,0.4857142857142857,0.541099,0.6666667,0.15361004,0.42857143,0.1599877,0.5,0.07317073170731707,0.07317073170731707,-0.050133295,0.27366635,0.9070846
2024_17_ATL_WAS,2024,17,WAS,ATL,0.1599877,0.5,0.20604067,0.084223166,0.07317073170731707,0.09803921568627451,82,-0.050133295,0.453125,0.5714285714285714,0.27366635,0.48,0.9070846,0.6666667,0.11071267,0.53125,0.109375,0.046875,0.09870142,0.541099,0.15361004
2024_17_BAL_HOU,2024,17,BAL,HOU,0.30834547,0.5873016,0.5664609,0.17928775,0.12698412698412698,0.047619047619047616,63,0.37163395,0.6111111,0.4,0.64786994,0.71428573,-0.07138553,0.44444445,-0.358793,0.32142857,0.017857142857142856,0.17857142857142858,-0.15329239,-1.5265137,-0.7926276
2024_17_BAL_HOU,2024,17,HOU,BAL,-0.358793,0.32142857,-0.39551502,-0.2669879,0.017857142857142856,0.125,56,-0.15329239,0.34210527,0.3,-1.5265137,0.16666667,-0.7926276,0.2777778,0.30834547,0.5873016,0.12698412698412698,0.06349206349206349,0.37163395,0.64786994,-0.07138553
2024_17_CAR_TB,2024,17,CAR,TB,-0.09934294,0.3617021,-0.0375426,-0.3015986,0.06382978723404255,0.1388888888888889,47,0.12584177,0.4054054,0.7,1.1245694,0.5,-0.93252647,0.2,0.45567894,0.6081081,0.16216216216216217,0.04054054054054054,0.36749142,0.17488958,0.83362526
2024_17_CAR_TB,2024,17,TB,CAR,0.45567894,0.6081081,0.7173242,0.19403368,0.16216216216216217,0.05405405405405406,74,0.36749142,0.56666666,0.48,0.17488958,0.3888889,0.83362526,0.78571427,-0.09934294,0.3617021,0.06382978723404255,0.14893617021276595,0.12584177,1.1245694,-0.93252647
2024_17_DAL_PHI,2024,17,DAL,PHI,-0.27955434,0.4032258,-0.3870091,-0.16493586,0.06451612903225806,0.03125,62,-0.08646848,0.38297874,0.4166666666666667,-0.5404673,0.5714286,-0.88455665,0.46666667,0.29158854,0.4920635,0.14285714285714285,0.015873015873015872,0.16347997,0.1715498,0.6679076
2024_17_DAL_PHI,2024,17,PHI,DAL,0.29158854,0.4920635,0.6768445,0.0848659,0.14285714285714285,0.0,63,0.16347997,0.4893617,0.5555555555555556,0.1715498,0.26666668,0.6679076,0.5,-0.27955434,0.4032258,0.06451612903225806,0.04838709677419355,-0.08646848,-0.5404673,-0.88455665
2024_17_DEN_CIN,2024,17,CIN,DEN,0.17988533,0.56179774,0.33804962,-0.2250153,0.0449438202247191,0.109375,89,0.24695106,0.57746476,0.6590909090909091,0.12425367,0.53846157,-0.08465169,0.5,0.17167535,0.45,0.1,0.06666666666666667,0.13416077,-0.0128762005,0.30730507
2024_17_DEN_CIN,2024,17,DEN,CIN,0.17167535,0.45,0.24563584,0.0343202,0.1,0.05128205128205128,60,0.13416077,0.42553192,0.5517241379310345,-0.0128762005,0.4,0.30730507,0.53846157,0.17988533,0.56179774,0.0449438202247191,0.1348314606741573,0.24695106,0.12425367,-0.08465169
2024_17_DET_SF,2024,17,DET,SF,0.36774823,0.5588235,0.5548895,0.13070264,0.10294117647058823,0.05263157894736842,68,0.112977535,0.52,0.525,0.17583004,0.5,1.076765,0.64705884,0.3129366,0.6031746,0.09523809523809523,0.09523809523809523,0.22623949,0.6420353,0.77243125
2024_17_DET_SF,2024,17,SF,DET,0.3129366,0.6031746,0.4232776,-0.011190026,0.09523809523809523,0.0425531914893617,63,0.22623949,0.5849057,0.6285714285714286,0.6420353,0.5714286,0.77243125,0.7,0.36774823,0.5588235,0.10294117647058823,0.058823529411764705,0.112977535,0.17583004,1.076765
2024_17_GB_MIN,2024,17,GB,MIN,-0.047106493,0.46774194,0.040471267,-0.17672157,0.04838709677419355,0.08108108108108109,62,-0.11702232,0.44444445,0.42105263157894735,0.300986,0.5,0.0807751,0.5,0.08849603,0.5217391,0.10144927536231885,0.057971014492753624,0.08114752,0.10060319,0.12340144
2024_17_GB_MIN,2024,17,MIN,GB,0.08849603,0.5217391,0.26306537,-0.26064265,0.10144927536231885,0.021739130434782608,69,0.08114752,0.54385966,0.6206896551724138,0.10060319,0.375,0.12340144,0.41666666,-0.047106493,0.46774194,0.04838709677419355,0.11290322580645161,-0.11702232,0.300986,0.0807751
2024_17_IND_NYG,2024,17,IND,NYG,0.09499252,0.48051947,0.25767374,-0.12191576,0.07792207792207792,0.045454545454545456,77,0.014022585,0.47540984,0.4583333333333333,0.10182604,0.31578946,0.4937364,0.53333336,0.32810152,0.40384614,0.1346153846153846,0.019230769230769232,0.06988088,0.43699038,1.1027634
2024_17_IND_NYG,2024,17,NYG,IND,0.32810152,0.40384614,1.1759112,-0.51970816,0.1346153846153846,0.0,52,0.06988088,0.33333334,0.2916666666666667,0.43699038,0.44444445,1.1027634,0.61538464,0.09499252,0.48051947,0.07792207792207792,0.05194805194805195,0.014022585,0.10182604,0.4937364
2024_17_KC_PIT,2024,17,KC,PIT,0.25826338,0.5,0.41341564,-0.092870645,0.04838709677419355,0.0,62,0.34736487,0.5531915,0.7352941176470589,0.37215915,0.53333336,0.045227177,0.35714287,-0.1365666,0.42666668,0.10666666666666667,0.12,-0.10705385,-0.50330585,-0.23725712
2024_17_KC_PIT,2024,17,PIT,KC,-0.1365666,0.42666668,-0.22744846,0.034710776,0.10666666666666667,0.10204081632653061,75,-0.10705385,0.44827586,0.5,-0.50330585,0.3846154,-0.23725712,0.3529412,0.25826338,0.5,0.04838709677419355,0.03225806451612903,0.34736487,0.37215915,0.045227177
2024_17_LAC_NE,2024,17,LAC,NE,0.29941475,0.5316456,0.47926965,0.061371468,0.0379746835443038,0.0,79,0.18282247,0.5,0.5454545454545454,0.24713704,0.5,0.66760087,0.6315789,-0.44571644,0.33962265,0.05660377358490566,0.11320754716981132,-0.18865822,,-1.1618072
2024_17_LAC_NE,2024,17,NE,LAC,-0.44571644,0.33962265,-0.3263528,-0.7481043,0.05660377358490566,0.10526315789473684,53,-0.18865822,0.3846154,0.25,,,-1.1618072,0.21428572,0.29941475,0.5316456,0.0379746835443038,0.05063291139240506,0.18282247,0.24713704,0.66760087
2024_17_LV_NO,2024,17,LV,NO,0.09504412,0.42666668,0.29134163,-0.09608767,0.08,0.02702702702702703,75,-0.04165661,0.375,0.4444444444444444,0.12783074,0.41666666,0.4979515,0.57894737,-0.3212785,0.36666667,0.06666666666666667,0.08333333333333333,-0.11442432,-0.5316102,-1.0691359
2024_17_LV_NO,2024,17,NO,LV,-0.3212785,0.36666667,-0.34000152,-0.25358763,0.06666666666666667,0.0851063829787234,60,-0.11442432,0.42553192,0.6551724137931034,-0.5316102,0.33333334,-1.0691359,0.15384616,0.09504412,0.42666668,0.08,0.02666666666666667,-0.04165661,0.12783074,0.4979515
2024_17_MIA_CLE,2024,17,CLE,MIA,-0.35629094,0.34177214,-0.49409094,-0.10529802,0.02531645569620253,0.0196078431372549,79,-0.25235814,0.3275862,0.5185185185185185,-0.9731491,0.18181819,-0.64334345,0.3809524,-0.11910222,0.36206895,0.017241379310344827,0.13793103448275862,0.007846334,1.306543,-0.5585395
2024_17_MIA_CLE,2024,17,MIA,CLE,-0.11910222,0.36206895,0.22088838,-0.7181333,0.017241379310344827,0.10810810810810811,58,0.007846334,0.4,0.6551724137931034,1.306543,0.75,-0.5585395,0.23076923,-0.35629094,0.34177214,0.02531645569620253,0.0759493670886076,-0.25235814,-0.9731491,-0.64334345
2024_17_NYJ_BUF,2024,17,BUF,NYJ,0.16362537,0.4852941,0.51564705,-0.2565295,0.04411764705882353,0.0,68,0.040739108,0.4716981,0.5384615384615384,0.5620502,0.7,0.5978235,0.53333336,-0.20229645,0.47619048,0.14285714285714285,0.09523809523809523,-0.17745864,-0.046268374,-0.36161307
2024_17_NYJ_BUF,2024,17,NYJ,BUF,-0.20229645,0.47619048,-0.21243465,-0.18340254,0.14285714285714285,0.0975609756097561,63,-0.17745864,0.48,0.47368421052631576,-0.046268374,0.375,-0.36161307,0.45454547,0.16362537,0.4852941,0.04411764705882353,0.04411764705882353,0.040739108,0.5620502,0.5978235
2024_17_SEA_CHI,2024,17,CHI,SEA,-0.2169012,0.3442623,-0.2566323,-0.13545246,0.04918032786885246,0.17073170731707318,61,-0.19503865,0.3488372,0.5666666666666667,-0.7212917,0.0,-0.26912844,0.33333334,-0.1795682,0.4117647,0.058823529411764705,0.13725490196078433,-0.1333544,-0.62247473,-0.31465465
2024_17_SEA_CHI,2024,17,SEA,CHI,-0.1795682,0.4117647,-0.2278521,-0.1207878,0.058823529411764705,0.10714285714285714,51,-0.1333544,0.42105263,0.42424242424242425,-0.62247473,0.0,-0.31465465,0.3846154,-0.2169012,0.3442623,0.04918032786885246,0.18032786885245902,-0.19503865,-0.7212917,-0.26912844
2024_17_TEN_JAX,2024,17,JAX,TEN,0.1337723,0.47368422,0.3735185,-0.06730519,0.08771929824561403,0.07692307692307693,57,0.0902627,0.4318182,0.391304347826087,0.5384836,0.5714286,0.2810355,0.61538464,0.034396116,0.5072464,0.10144927536231885,0.07246376811594203,-0.084850825,0.1057649,0.39915147
2024_17_TEN_JAX,2024,17,TEN,JAX,0.034396116,0.5072464,0.05337625,0.0066037844,0.10144927536231885,0.07317073170731707,69,-0.084850825,0.46153846,0.4117647058823529,0.1057649,0.5555556,0.39915147,0.64705884,0.1337723,0.47368422,0.08771929824561403,0.05263157894736842,0.0902627,0.5384836,0.2810355
2024_18_BUF_NE,2024,18,BUF,NE,-0.08855244,0.40298507,-0.073361434,-0.10329665,0.04477611940298507,0.0,67,-0.04363948,0.39583334,0.38461538461538464,0.35880604,0.5833333,-0.20201676,0.42105263,0.013779011,0.4262295,0.04918032786885246,0.06557377049180328,-0.0898935,0.016354905,0.43710843
2024_18_BUF_NE,2024,18,NE,BUF,0.013779011,0.4262295,0.2647666,-0.34764314,0.04918032786885246,0.027777777777777776,61,-0.0898935,0.3877551,0.5882352941176471,0.016354905,0.33333334,0.43710843,0.5833333,-0.08855244,0.40298507,0.04477611940298507,0.029850746268656716,-0.04363948,0.35880604,-0.20201676
2024_18_CAR_ATL,2024,18,ATL,CAR,0.25447902,0.6075949,0.16800278,0.34778237,0.189873417721519,0.024390243902439025,79,0.16450359,0.58064514,0.5227272727272727,0.43337956,0.6315789,0.5826247,0.7058824,0.38721025,0.5,0.09090909090909091,0.0,0.23861489,0.73729426,0.93913585
2024_18_CAR_ATL,2024,18,CAR,ATL,0.38721025,0.5,0.57242393,0.08345972,0.09090909090909091,0.0,66,0.23861489,0.44230768,0.5454545454545454,0.73729426,0.6666667,0.93913585,0.71428573,0.25447902,0.6075949,0.189873417721519,0.06329113924050633,0.16450359,0.43337956,0.5826247
2024_18_CHI_GB,2024,18,CHI,GB,-0.18178265,0.36065573,-0.19424005,-0.16501305,0.03278688524590164,0.02857142857142857,61,-0.36079037,0.3181818,0.4230769230769231,0.98608136,0.6666667,0.29912722,0.5,-0.12074268,0.43076923,0.13846153846153847,0.1076923076923077,-0.07450102,-0.17415874,-0.268429
2024_18_CHI_GB,2024,18,GB,CHI,-0.12074268,0.43076923,-0.21388797,-0.030419946,0.13846153846153847,0.09375,65,-0.07450102,0.4716981,0.34285714285714286,-0.17415874,0.2,-0.268429,0.27272728,-0.18178265,0.36065573,0.03278688524590164,0.03278688524590164,-0.36079037,0.98608136,0.29912722
2024_18_CIN_PIT,2024,18,CIN,PIT,-0.01372088,0.49315068,-0.018211283,-0.0026017795,0.0,0.07692307692307693,73,0.09887502,0.51724136,0.7073170731707317,-0.30969766,0.30769232,-0.44909173,0.4,-0.122274294,0.36065573,0.04918032786885246,0.11475409836065574,-0.060740545,0.5908667,-0.28153816
2024_18_CIN_PIT,2024,18,PIT,CIN,-0.122274294,0.36065573,-0.047810953,-0.26410925,0.04918032786885246,0.1,61,-0.060740545,0.3409091,0.6363636363636364,0.5908667,0.625,-0.28153816,0.4117647,-0.01372088,0.49315068,0.0,0.0684931506849315,0.09887502,-0.30969766,-0.44909173
2024_18_CLE_BAL,2024,18,BAL,CLE,0.12860279,0.4347826,0.14538836,0.10802689,0.11594202898550725,0.0,69,0.1918927,0.4509804,0.6,0.05446227,0.54545456,-0.050718695,0.3888889,-0.3469742,0.29310346,0.06896551724137931,0.05172413793103448,-0.44611531,-0.48074913,-0.10786921
2024_18_CLE_BAL,2024,18,CLE,BAL,-0.3469742,0.29310346,-0.33300167,-0.3806727,0.06896551724137931,0.04878048780487805,58,-0.44611531,0.24390244,0.36363636363636365,-0.48074913,0.22222222,-0.10786921,0.4117647,0.12860279,0.4347826,0.11594202898550725,0.07246376811594203,0.1918927,0.05446227,-0.050718695
2024_18_HOU_TEN,2024,18,HOU,TEN,0.14252472,0.5084746,0.07010057,0.22836074,0.11864406779661017,0.03125,59,0.10703519,0.4883721,0.5,-0.16050988,0.4375,0.23790284,0.5625,-0.19521704,0.3548387,0.06451612903225806,0.08064516129032258,-0.377368,-0.55779773,0.17057599
2024_18_HOU_TEN,2024,18,TEN,HOU,-0.19521704,0.3548387,0.18506546,-0.6008517,0.06451612903225806,0.0625,62,-0.377368,0.30232558,0.16666666666666666,-0.55779773,0.33333334,0.17057599,0.44444445,0.14252472,0.5084746,0.11864406779661017,0.03389830508474576,0.10703519,-0.16050988,0.23790284
2024_18_JAX_IND,2024,18,IND,JAX,0.05089179,0.4871795,-0.013904127,0.13474533,0.07692307692307693,0.06818181818181818,78,0.1700132,0.5322581,0.5111111111111111,-0.23635702,0.25,-0.4107036,0.3125,0.009602922,0.41791046,0.08955223880597014,0.07462686567164178,0.06713799,0.3101737,-0.17379007
2024_18_JAX_IND,2024,18,JAX,IND,0.009602922,0.41791046,0.06104116,-0.05383757,0.08955223880597014,0.05405405405405406,67,0.06713799,0.4117647,0.53125,0.3101737,0.4,-0.17379007,0.4375,0.05089179,0.4871795,0.07692307692307693,0.0641025641025641,0.1700132,-0.23635702,-0.4107036
2024_18_KC_DEN,2024,18,DEN,KC,0.36808,0.56164384,0.71921617,0.02643399,0.0958904109589041,0.0,73,0.18476985,0.49122807,0.6153846153846154,0.60439795,0.73333335,1.0211223,0.8125,-0.41538644,0.14705883,0.058823529411764705,0.2647058823529412,-0.3165248,,-0.6220972
2024_18_KC_DEN,2024,18,KC,DEN,-0.41538644,0.14705883,-0.41828158,-0.40843806,0.058823529411764705,0.20833333333333334,34,-0.3165248,0.13043478,0.0,,,-0.6220972,0.18181819,0.36808,0.56164384,0.0958904109589041,0.0,0.18476985,0.60439795,1.0211223
2024_18_LAC_LV,2024,18,LAC,LV,0.30931208,0.5479452,0.5926969,-0.03418474,0.1095890410958904,0.025,73,0.3572502,0.54545456,0.6428571428571429,0.082067534,0.41666666,0.110471666,0.5294118,-0.07784293,0.46,0.12,0.1,-0.024586095,-0.34746185,-0.26666263
2024_18_LAC_LV,2024,18,LV,LAC,-0.07784293,0.46,-0.04952861,-0.1782301,0.12,0.0,50,-0.024586095,0.51282054,0.5789473684210527,-0.34746185,0.375,-0.26666263,0.27272728,0.30931208,0.5479452,0.1095890410958904,0.0410958904109589,0.3572502,0.082067534,0.110471666
2024_18_MIA_NYJ,2024,18,MIA,NYJ,-0.14304869,0.41428572,-0.19487436,-0.022122225,0.08571428571428572,0.08163265306122448,70,-0.15628572,0.4181818,0.6,-0.31626916,0.25,-0.09451302,0.4,0.07590483,0.4375,0.140625,0.0625,0.023416972,0.5394027,0.18981983
2024_18_MIA_NYJ,2024,18,NYJ,MIA,0.07590483,0.4375,0.05088559,0.12050437,0.140625,0.07317073170731707,64,0.023416972,0.42857143,0.64,0.5394027,0.61538464,0.18981983,0.42857143,-0.14304869,0.41428572,0.08571428571428572,0.15714285714285714,-0.15628572,-0.31626916,-0.09451302
2024_18_MIN_DET,2024,18,DET,MIN,-0.023360102,0.47058824,0.02142424,-0.073742494,0.08823529411764706,0.05555555555555555,68,-0.0059497966,0.49019608,0.5555555555555556,0.30640677,0.33333334,-0.07559103,0.4117647,-0.25955987,0.328125,0.046875,0.15625,-0.065566994,-1.1398792,-0.75531936
2024_18_MIN_DET,2024,18,MIN,DET,-0.25955987,0.328125,-0.4161075,0.2100831,0.046875,0.041666666666666664,64,-0.065566994,0.3478261,0.5833333333333334,-1.1398792,0.0,-0.75531936,0.2777778,-0.023360102,0.47058824,0.08823529411764706,0.08823529411764706,-0.0059497966,0.30640677,-0.07559103
2024_18_NO_TB,2024,18,NO,TB,0.010034438,0.42424244,0.0327123,-0.050439853,0.045454545454545456,0.041666666666666664,66,0.052617524,0.4489796,0.675,0.09373576,0.5714286,-0.11270505,0.3529412,0.17163193,0.45454547,0.10606060606060606,0.015151515151515152,-0.02422105,0.34358433,0.7361494
2024_18_NO_TB,2024,18,TB,NO,0.17163193,0.45454547,0.3893857,-0.16337386,0.10606060606060606,0.025,66,-0.02422105,0.3877551,0.6,0.34358433,0.5,0.7361494,0.64705884,0.010034438,0.42424244,0.045454545454545456,0.09090909090909091,0.052617524,0.09373576,-0.11270505
2024_18_NYG_PHI,2024,18,NYG,PHI,-0.118744105,0.3888889,-0.29914927,0.090525895,0.05555555555555555,0.0,54,-0.11053729,0.41666666,0.4375,-0.66551405,0.0,-0.13515772,0.33333334,-0.040409166,0.40298507,0.0,0.1044776119402985,0.009824562,0.031010589,-0.2005292
2024_18_NYG_PHI,2024,18,PHI,NYG,-0.040409166,0.40298507,0.1748076,-0.42600584,0.0,0.046511627906976744,67,0.009824562,0.4117647,0.6451612903225806,0.031010589,0.44444445,-0.2005292,0.375,-0.118744105,0.3888889,0.05555555555555555,0.037037037037037035,-0.11053729,-0.66551405,-0.13515772
2024_18_SEA_LA,2024,18,LA,SEA,0.024095882,0.43939394,0.04468148,-0.023250971,0.09090909090909091,0.06521739130434782,66,0.11259308,0.45833334,0.6,-0.3983595,0.2857143,-0.16865525,0.4117647,0.2462866,0.537037,0.14814814814814814,0.05555555555555555,0.18364334,0.86919284,0.5939505
2024_18_SEA_LA,2024,18,SEA,LA,0.2462866,0.537037,0.32796204,0.1441923,0.14814814814814814,0.06666666666666667,54,0.18364334,0.52380955,0.46875,0.86919284,0.6666667,0.5939505,0.6363636,0.024095882,0.43939394,0.09090909090909091,0.13636363636363635,0.11259308,-0.3983595,-0.16865525
2024_18_SF_ARI,2024,18,ARI,SF,0.28439182,0.530303,0.31148496,0.24525724,0.09090909090909091,0.0,66,0.3161804,0.54901963,0.6585365853658537,0.43951368,0.5714286,0.25654703,0.5,-0.0005126225,0.47297296,0.10810810810810811,0.05405405405405406,0.040785715,0.51182956,-0.16295274
2024_18_SF_ARI,2024,18,SF,ARI,-0.0005126225,0.47297296,0.04662107,-0.08752866,0.10810810810810811,0.041666666666666664,74,0.040785715,0.4915254,0.6111111111111112,0.51182956,0.5555556,-0.16295274,0.4,0.28439182,0.530303,0.09090909090909091,0.030303030303030304,0.3161804,0.43951368,0.25654703
2024_18_WAS_DAL,2024,18,DAL,WAS,0.0020481944,0.42307693,0.056189053,-0.054942206,0.08974358974358974,0.05,78,0.01496767,0.43103448,0.4888888888888889,-0.5389725,0.23809524,-0.035418313,0.4,0.085605845,0.48214287,0.07142857142857142,0.125,0.08399573,0.9619441,0.16407874
2024_18_WAS_DAL,2024,18,WAS,DAL,0.085605845,0.48214287,0.024311246,0.2531444,0.07142857142857142,0.14634146341463414,56,0.08399573,0.4878049,0.625,0.9619441,0.6666667,0.16407874,0.5,0.0020481944,0.42307693,0.08974358974358974,0.02564102564102564,0.01496767,-0.5389725,-0.035418313
2024_19_DEN_BUF,2024,19,BUF,DEN,0.31790057,0.56164384,0.5419059,0.12261387,0.1095890410958904,0.058823529411764705,73,0.12409681,0.51785713,0.4146341463414634,-0.12338345,0.3125,0.95027,0.6875,-0.121570885,0.44186047,0.046511627906976744,0.09302325581395349,0.07600984,-3.3123708,-0.6319878
2024_19_DEN_BUF,2024,19,DEN,BUF,-0.121570885,0.44186047,-0.06019857,-0.24869926,0.046511627906976744,0.06896551724137931,43,0.07600984,0.48387095,0.5238095238095238,-3.3123708,0.0,-0.6319878,0.33333334,0.31790057,0.56164384,0.1095890410958904,0.0547945205479452,0.12409681,-0.12338345,0.95027
2024_19_GB_PHI,2024,19,GB,PHI,-0.08665759,0.43076923,-0.12972519,-0.013083756,0.06153846153846154,0.04878048780487805,65,-0.25454992,0.36734694,0.3333333333333333,-0.28475735,0.25,0.42751268,0.625,-0.0035497616,0.33898306,0.1016949152542373,0.06779661016949153,0.03676983,-0.32510006,-0.16146818
2024_19_GB_PHI,2024,19,PHI,GB,-0.0035497616,0.33898306,-0.051076114,0.03389525,0.1016949152542373,0.07692307692307693,59,0.03676983,0.3617021,0.47368421052631576,-0.32510006,0.16666667,-0.16146818,0.25,-0.08665759,0.43076923,0.06153846153846154,0.07692307692307693,-0.25454992,-0.28475735,0.42751268
2024_19_LAC_HOU,2024,19,HOU,LAC,-0.117914096,0.3943662,-0.09932501,-0.14483625,0.11267605633802817,0.07142857142857142,71,-0.34475815,0.36363637,0.6666666666666666,0.428225,0.375,0.6618623,0.5,-0.4847893,0.3392857,0.017857142857142856,0.14285714285714285,-0.57482344,-2.1615205,-0.15466404
2024_19_LAC_HOU,2024,19,LAC,HOU,-0.4847893,0.3392857,-0.5867129,-0.2696173,0.017857142857142856,0.10526315789473684,56,-0.57482344,0.36363637,0.5882352941176471,-2.1615205,0.0,-0.15466404,0.25,-0.117914096,0.3943662,0.11267605633802817,0.07042253521126761,-0.34475815,0.428225,0.6618623
2024_19_MIN_LA,2024,19,LA,MIN,0.007503091,0.43137255,0.14834534,-0.1937001,0.11764705882352941,0.06666666666666667,51,0.042136293,0.4390244,0.8235294117647058,0.230594,0.5,-0.13449304,0.4,-0.36119992,0.41095892,0.0684931506849315,0.136986301369863,-0.07967824,-0.947,-1.0170002
2024_19_MIN_LA,2024,19,MIN,LA,-0.36119992,0.41095892,-0.48691028,-0.028067315,0.0684931506849315,0.16981132075471697,73,-0.07967824,0.43137255,0.4166666666666667,-0.947,0.0,-1.0170002,0.3809524,0.007503091,0.43137255,0.11764705882352941,0.09803921568627451,0.042136293,0.230594,-0.13449304
2024_19_PIT_BAL,2024,19,BAL,PIT,0.33456215,0.5277778,0.44845983,0.2701852,0.1388888888888889,0.038461538461538464,72,0.30849314,0.48214287,0.36,0.9547545,0.5714286,0.4258037,0.6875,0.10112683,0.37777779,0.13333333333333333,0.17777777777777778,0.029402185,,0.27767977
2024_19_PIT_BAL,2024,19,PIT,BAL,0.10112683,0.37777779,0.15629849,-0.15404215,0.13333333333333333,0.10810810810810811,45,0.029402185,0.375,0.625,,,0.27767977,0.3846154,0.33456215,0.5277778,0.1388888888888889,0.013888888888888888,0.30849314,0.9547545,0.4258037
2024_19_WAS_TB,2024,19,TB,WAS,0.12245225,0.5319149,0.50685245,-0.35347182,0.1276595744680851,0.038461538461538464,47,0.039683048,0.5,0.5666666666666667,0.3203663,0.6,0.4719222,0.6666667,0.15583576,0.45070422,0.07042253521126761,0.07042253521126761,-0.00015719084,-0.54144174,0.5032746
2024_19_WAS_TB,2024,19,WAS,TB,0.15583576,0.45070422,0.3532193,-0.1658263,0.07042253521126761,0.022727272727272728,71,-0.00015719084,0.3877551,0.5641025641025641,-0.54144174,0.2,0.5032746,0.59090906,0.12245225,0.5319149,0.1276595744680851,0.02127659574468085,0.039683048,0.3203663,0.4719222
2024_20_BAL_BUF,2024,20,BAL,BUF,0.13992552,0.51724136,0.103990585,0.18735963,0.1896551724137931,0.06060606060606061,58,-0.026994297,0.4888889,0.42857142857142855,0.04464756,0.375,1.0204021,0.72727275,0.10230445,0.4915254,0.06779661016949153,0.05084745762711865,0.026543884,0.4353294,0.37038028
2024_20_BAL_BUF,2024,20,BUF,BAL,0.10230445,0.4915254,-0.0049362816,0.18115793,0.06779661016949153,0.04,59,0.026543884,0.47826087,0.3548387096774194,0.4353294,0.71428573,0.37038028,0.53846157,0.13992552,0.51724136,0.1896551724137931,0.08620689655172414,-0.026994297,0.04464756,1.0204021
2024_20_HOU_KC,2024,20,HOU,KC,0.05350305,0.47761193,0.05121516,0.057602193,0.08955223880597014,0.18604651162790697,67,0.0034118283,0.44680852,0.39285714285714285,-0.3009594,0.3,0.17121743,0.55,0.06533048,0.3877551,0.12244897959183673,0.16326530612244897,-0.034331616,-0.27684996,0.34131792
2024_20_HOU_KC,2024,20,KC,HOU,0.06533048,0.3877551,0.056541383,0.083458014,0.12244897959183673,0.09090909090909091,49,-0.034331616,0.3611111,0.6666666666666666,-0.27684996,0.2,0.34131792,0.46153846,0.05350305,0.47761193,0.08955223880597014,0.208955223880597,0.0034118283,-0.3009594,0.17121743
2024_20_LA_PHI,2024,20,LA,PHI,-0.08183589,0.4225352,0.0494777,-0.41668552,0.09859154929577464,0.09803921568627451,71,-0.040252622,0.43396226,0.6,-0.06931827,0.31578946,-0.2042755,0.3888889,0.08478954,0.41935483,0.08064516129032258,0.11290322580645161,0.01845181,-0.48313117,0.2755105
2024_20_LA_PHI,2024,20,PHI,LA,0.08478954,0.41935483,-0.1164714,0.2994679,0.08064516129032258,0.21875,62,0.01845181,0.41304347,0.5675675675675675,-0.48313117,0.25,0.2755105,0.4375,-0.08183589,0.4225352,0.09859154929577464,0.09859154929577464,-0.040252622,-0.06931827,-0.2042755
2024_20_WAS_DET,2024,20,DET,WAS,0.099340625,0.57575756,-0.11655093,0.50296396,0.18181818181818182,0.046511627906976744,66,0.124143906,0.5925926,0.45,-0.4408625,0.5,-0.012274206,0.5,0.3068727,0.5138889,0.125,0.027777777777777776,0.27944353,0.27768922,0.39561412
2024_20_WAS_DET,2024,20,WAS,DET,0.3068727,0.5138889,0.58964974,-0.009172287,0.125,0.0,72,0.27944353,0.4909091,0.55,0.27768922,0.45454547,0.39561412,0.5882353,0.099340625,0.57575756,0.18181818181818182,0.10606060606060606,0.124143906,-0.4408625,-0.012274206
2024_21_BUF_KC,2024,21,BUF,KC,0.15270667,0.4520548,0.23181489,0.05681795,0.0821917808219178,0.05,73,0.13994704,0.47058824,0.3870967741935484,0.24080242,0.36363637,0.29521444,0.45,0.2749137,0.5555556,0.1111111111111111,0.1111111111111111,0.17283964,0.50389427,0.72789013
2024_21_BUF_KC,2024,21,KC,BUF,0.2749137,0.5555556,0.650428,-0.25947204,0.1111111111111111,0.05405405405405406,63,0.17283964,0.53846157,0.5135135135135135,0.50389427,0.5833333,0.72789013,0.6,0.15270667,0.4520548,0.0821917808219178,0.1095890410958904,0.13994704,0.24080242,0.29521444
2024_21_WAS_PHI,2024,21,PHI,WAS,0.45712745,0.5942029,0.6252077,0.3030538,0.11594202898550725,0.06060606060606061,69,0.35421026,0.56363636,0.4827586206896552,0.5194445,0.5714286,1.0005561,0.7692308,-0.08151443,0.4,0.0625,0.05,-0.2626954,0.5049312,0.34004754
2024_21_WAS_PHI,2024,21,WAS,PHI,-0.08151443,0.4,-0.04087744,-0.19568504,0.0625,0.05084745762711865,80,-0.2626954,0.36363637,0.7058823529411765,0.5049312,0.6,0.34004754,0.47826087,0.45712745,0.5942029,0.11594202898550725,0.043478260869565216,0.35421026,0.5194445,1.0005561
2024_22_KC_PHI,2024,22,KC,PHI,-0.348221,0.4107143,-0.3717306,-0.18365349,0.05357142857142857,0.12244897959183673,56,-0.24702792,0.425,0.8571428571428571,0.42819783,0.75,-0.82909673,0.30769232,0.048900273,0.36619717,0.08450704225352113,0.04225352112676056,0.1158516,-0.07525363,-0.2010514
2024_22_KC_PHI,2024,22,PHI,KC,0.048900273,0.36619717,0.5757533,-0.40862998,0.08450704225352113,0.06060606060606061,71,0.1158516,0.375,0.375,-0.07525363,0.33333334,-0.2010514,0.33333334,-0.348221,0.4107143,0.05357142857142857,0.17857142857142858,-0.24702792,0.42819783,-0.82909673
2025_01_ARI_NO,2025,1,ARI,NO,0.061772753,0.42424244,0.13153034,-0.05262968,0.06060606060606061,0.12195121951219512,66,0.0043641236,0.40384614,0.6060606060606061,0.34989694,0.72727275,0.27500477,0.5,-0.05713973,0.42465752,0.0410958904109589,0.0273972602739726,0.0461318,-0.47411168,-0.39732832
2025_01_ARI_NO,2025,1,NO,ARI,-0.05713973,0.42465752,-0.014033909,-0.15706688,0.0410958904109589,0.0196078431372549,73,0.0461318,0.44642857,0.5185185185185185,-0.47411168,0.22222222,-0.39732832,0.3529412,0.061772753,0.42424244,0.06060606060606061,0.07575757575757576,0.0043641236,0.34989694,0.27500477
2025_01_BAL_BUF,2025,1,BAL,BUF,0.3944353,0.50980395,0.53009915,0.28299704,0.27450980392156865,0.08695652173913043,51,0.2798473,0.475,0.41935483870967744,-0.6227662,0.25,0.8111187,0.6363636,0.25633,0.49382716,0.1111111111111111,0.037037037037037035,0.20471984,0.08497342,0.62891895
2025_01_BAL_BUF,2025,1,BUF,BAL,0.25633,0.49382716,0.38363573,-0.046021033,0.1111111111111111,0.017543859649122806,81,0.20471984,0.5,0.6666666666666666,0.08497342,0.2857143,0.62891895,0.5555556,0.3944353,0.50980395,0.27450980392156865,0.0784313725490196,0.2798473,-0.6227662,0.8111187
2025_01_CAR_JAX,2025,1,CAR,JAX,-0.17619815,0.36507937,-0.21495187,-0.09287767,0.047619047619047616,0.023255813953488372,63,-0.1878417,0.29545453,0.5,-1.2994977,0.25,-0.14923413,0.5263158,0.103053376,0.46031746,0.09523809523809523,0.015873015873015872,0.011991338,0.16840394,0.42177048
2025_01_CAR_JAX,2025,1,JAX,CAR,0.103053376,0.46031746,0.068414636,0.14115599,0.09523809523809523,0.0,63,0.011991338,0.4489796,0.5,0.16840394,0.5,0.42177048,0.5,-0.17619815,0.36507937,0.047619047619047616,0.07936507936507936,-0.1878417,-1.2994977,-0.14923413
2025_01_CIN_CLE,2025,1,CIN,CLE,-0.07322705,0.42307693,-0.0186439,-0.14204928,0.019230769230769232,0.10344827586206896,52,-0.12299774,0.39473686,0.5,0.34921688,0.6666667,0.061864853,0.5,-0.032038722,0.40789473,0.039473684210526314,0.06578947368421052,-0.20549871,0.210899,0.42226124
2025_01_CIN_CLE,2025,1,CLE,CIN,-0.032038722,0.40789473,-0.01745251,-0.06565043,0.039473684210526314,0.03773584905660377,76,-0.20549871,0.3272727,0.6666666666666666,0.210899,0.33333334,0.42226124,0.61904764,-0.07322705,0.42307693,0.019230769230769232,0.1346153846153846,-0.12299774,0.34921688,0.061864853
2025_01_DAL_PHI,2025,1,DAL,PHI,0.10413216,0.46666667,0.13385753,0.04892787,0.06666666666666667,0.0,60,0.010426707,0.42553192,0.55,-0.6122342,0.42857143,0.44291338,0.61538464,0.16045016,0.5084746,0.0847457627118644,0.0847457627118644,0.056231707,0.7396432,0.56863904
2025_01_DAL_PHI,2025,1,PHI,DAL,0.16045016,0.5084746,0.24953473,0.047381278,0.0847457627118644,0.030303030303030304,59,0.056231707,0.4893617,0.4857142857142857,0.7396432,0.625,0.56863904,0.5833333,0.10413216,0.46666667,0.06666666666666667,0.016666666666666666,0.010426707,-0.6122342,0.44291338
2025_01_DET_GB,2025,1,DET,GB,-0.06279815,0.42424244,0.04534088,-0.27907622,0.030303030303030304,0.09090909090909091,66,-0.042411875,0.42553192,0.5,-0.4559261,0.15384616,-0.11322737,0.42105263,0.22654672,0.44680852,0.10638297872340426,0.0425531914893617,0.14940095,0.23193488,0.45155522
2025_01_DET_GB,2025,1,GB,DET,0.22654672,0.44680852,0.4744936,-0.032180436,0.10638297872340426,0.0,47,0.14940095,0.42857143,0.6,0.23193488,0.46153846,0.45155522,0.5,-0.06279815,0.42424244,0.030303030303030304,0.12121212121212122,-0.042411875,-0.4559261,-0.11322737
2025_01_HOU_LA,2025,1,HOU,LA,-0.14470685,0.36507937,-0.13230136,-0.16356318,0.06349206349206349,0.07894736842105263,63,-0.21572496,0.3653846,0.5897435897435898,-0.28993052,0.25,0.19101523,0.36363637,-0.071694754,0.41379312,0.08620689655172414,0.10344827586206896,-0.11813052,-0.20026213,0.061421093
2025_01_HOU_LA,2025,1,LA,HOU,-0.071694754,0.41379312,0.01666973,-0.19687776,0.08620689655172414,0.08823529411764706,58,-0.11813052,0.37209302,0.5666666666666667,-0.20026213,0.6666667,0.061421093,0.53333336,-0.14470685,0.36507937,0.06349206349206349,0.1111111111111111,-0.21572496,-0.28993052,0.19101523
2025_01_KC_LAC,2025,1,KC,LAC,0.17275493,0.45,0.20234668,0.054387886,0.06666666666666667,0.041666666666666664,60,0.06462413,0.42857143,0.631578947368421,-0.32838282,0.22222222,0.50576955,0.5294118,0.282341,0.5645161,0.08064516129032258,0.06451612903225806,0.09778184,0.22461012,0.91511524
2025_01_KC_LAC,2025,1,LAC,KC,0.282341,0.5645161,0.43806124,-0.0700785,0.08064516129032258,0.06976744186046512,62,0.09778184,0.47916666,0.6666666666666666,0.22461012,0.5,0.91511524,0.85714287,0.17275493,0.45,0.06666666666666667,0.13333333333333333,0.06462413,-0.32838282,0.50576955
2025_01_LV_NE,2025,1,LV,NE,0.100728095,0.4262295,0.378076,-0.35749882,0.14754098360655737,0.10526315789473684,61,-0.0009369876,0.40425533,0.6666666666666666,0.6894513,0.6666667,0.4420323,0.5,-0.04577471,0.4084507,0.056338028169014086,0.15492957746478872,-0.094167344,0.040984143,0.12057494
2025_01_LV_NE,2025,1,NE,LV,-0.04577471,0.4084507,0.044126794,-0.33134422,0.056338028169014086,0.07407407407407407,71,-0.094167344,0.4181818,0.6904761904761905,0.040984143,0.5,0.12057494,0.375,0.100728095,0.4262295,0.14754098360655737,0.13114754098360656,-0.0009369876,0.6894513,0.4420323
2025_01_MIA_IND,2025,1,IND,MIA,0.21166779,0.5068493,0.3602588,0.08212693,0.1232876712328767,0.029411764705882353,73,0.1585072,0.4909091,0.5882352941176471,-0.10540068,0.4,0.37410298,0.5555556,-0.25682408,0.42553192,0.06382978723404255,0.1276595744680851,-0.28468838,0.5288203,-0.28702712
2025_01_MIA_IND,2025,1,MIA,IND,-0.25682408,0.42553192,-0.43094012,0.38740534,0.06382978723404255,0.08108108108108109,47,-0.28468838,0.38235295,0.5,0.5288203,0.4,-0.28702712,0.5,0.21166779,0.5068493,0.1232876712328767,0.0273972602739726,0.1585072,-0.10540068,0.37410298
2025_01_MIN_CHI,2025,1,CHI,MIN,-0.053387247,0.3880597,0.0129177,-0.19862665,0.05970149253731343,0.043478260869565216,67,0.013313724,0.3962264,0.6,0.8295289,0.8,-0.3058981,0.35714287,-0.08260621,0.42857143,0.08928571428571429,0.08928571428571429,0.13967368,0.3091994,-0.79376113
2025_01_MIN_CHI,2025,1,MIN,CHI,-0.08260621,0.42857143,-0.13170652,-0.025951978,0.08928571428571429,0.1,56,0.13967368,0.475,0.42105263157894735,0.3091994,0.5,-0.79376113,0.30769232,-0.053387247,0.3880597,0.05970149253731343,0.05970149253731343,0.013313724,0.8295289,-0.3058981
2025_01_NYG_WAS,2025,1,NYG,WAS,-0.13828202,0.36764705,-0.12275872,-0.18485193,0.04411764705882353,0.0392156862745098,68,-0.15734535,0.3478261,0.5333333333333333,-0.5079431,0.15384616,-0.09842231,0.4090909,0.1553128,0.52238804,0.11940298507462686,0.05970149253731343,0.24387431,0.22147101,-0.34948772
2025_01_NYG_WAS,2025,1,WAS,NYG,0.1553128,0.52238804,0.09842442,0.24502142,0.11940298507462686,0.07317073170731707,67,0.24387431,0.54385966,0.5555555555555556,0.22147101,0.5555556,-0.34948772,0.4,-0.13828202,0.36764705,0.04411764705882353,0.11764705882352941,-0.15734535,-0.5079431,-0.09842231
2025_01_PIT_NYJ,2025,1,NYJ,PIT,0.21197511,0.5,0.39979056,0.08346981,0.171875,0.038461538461538464,64,0.22030059,0.5,0.35294117647058826,0.06054693,0.46153846,0.3329112,0.5625,0.2003047,0.43636364,0.09090909090909091,0.12727272727272726,0.23840503,0.8802752,0.047903385
2025_01_PIT_NYJ,2025,1,PIT,NYJ,0.2003047,0.43636364,0.3387146,-0.06194564,0.09090909090909091,0.1111111111111111,55,0.23840503,0.4318182,0.5263157894736842,0.8802752,0.71428573,0.047903385,0.45454547,0.21197511,0.5,0.171875,0.09375,0.22030059,0.06054693,0.3329112
2025_01_SF_SEA,2025,1,SEA,SF,-0.17817365,0.49019608,-0.22484075,-0.12963983,0.058823529411764705,0.038461538461538464,51,-0.1380506,0.525,0.36,-0.23843339,0.6,-0.32407558,0.36363637,0.12530006,0.5,0.08108108108108109,0.10810810810810811,-0.063278206,0.044213444,0.7575919
2025_01_SF_SEA,2025,1,SF,SEA,0.12530006,0.5,0.41083413,-0.24946338,0.08108108108108109,0.023809523809523808,74,-0.063278206,0.47368422,0.5,0.044213444,0.35,0.7575919,0.5882353,-0.17817365,0.49019608,0.058823529411764705,0.058823529411764705,-0.1380506,-0.23843339,-0.32407558
2025_01_TB_ATL,2025,1,ATL,TB,0.075180106,0.45333335,0.35407415,-0.51746976,0.04,0.0196078431372549,75,0.05652288,0.45454547,0.6,-0.058170754,0.33333334,0.12648746,0.45,0.13958228,0.3859649,0.07017543859649122,0.03508771929824561,0.029518327,0.7784866,0.44776136
2025_01_TB_ATL,2025,1,TB,ATL,0.13958228,0.3859649,0.2989424,-0.17913793,0.07017543859649122,0.02631578947368421,57,0.029518327,0.33333334,0.5,0.7784866,0.5,0.44776136,0.53333336,0.075180106,0.45333335,0.04,0.05333333333333334,0.05652288,-0.058170754,0.12648746
2025_01_TEN_DEN,2025,1,DEN,TEN,-0.14638533,0.3918919,-0.17951411,-0.08522444,0.05405405405405406,0.020833333333333332,74,-0.20720342,0.35714287,0.6976744186046512,0.13468106,0.5,0.042826574,0.5,-0.4294904,0.22807017,0.017543859649122806,0.24561403508771928,-0.40971947,-0.6084408,-0.48484892
2025_01_TEN_DEN,2025,1,TEN,DEN,-0.4294904,0.22807017,-0.42511684,-0.43698794,0.017543859649122806,0.16666666666666666,57,-0.40971947,0.26190478,0.5,-0.6084408,0.33333334,-0.48484892,0.13333334,-0.14638533,0.3918919,0.05405405405405406,0.06756756756756757,-0.20720342,0.13468106,0.042826574
2025_02_ATL_MIN,2025,2,ATL,MIN,-0.03431234,0.44615385,-0.34714398,0.1742421,0.12307692307692308,0.11538461538461539,65,-0.062145613,0.44,0.45454545454545453,-0.4156428,0.14285715,0.058465246,0.46666667,-0.45820504,0.40425533,0.0425531914893617,0.19148936170212766,-0.45466495,-0.25238895,-0.4674637
2025_02_ATL_MIN,2025,2,MIN,ATL,-0.45820504,0.40425533,-0.60617995,-0.19707286,0.0425531914893617,0.2,47,-0.45466495,0.4117647,0.6296296296296297,-0.25238895,0.25,-0.4674637,0.3846154,-0.03431234,0.44615385,0.12307692307692308,0.07692307692307693,-0.062145613,-0.4156428,0.058465246
2025_02_BUF_NYJ,2025,2,BUF,NYJ,0.22474582,0.46478873,0.28019837,0.17378941,0.07042253521126761,0.029411764705882353,71,0.017110312,0.4528302,0.38461538461538464,-0.043554477,0.42857143,0.836117,0.5,-0.29532537,0.34042552,0.06382978723404255,0.14893617021276595,-0.3313263,0.67906034,-0.21046604
2025_02_BUF_NYJ,2025,2,NYJ,BUF,-0.29532537,0.34042552,-0.28634807,-0.31271896,0.06382978723404255,0.12903225806451613,47,-0.3313263,0.3939394,0.3333333333333333,0.67906034,0.5,-0.21046604,0.21428572,0.22474582,0.46478873,0.07042253521126761,0.028169014084507043,0.017110312,-0.043554477,0.836117
2025_02_CAR_ARI,2025,2,ARI,CAR,0.0859358,0.42592594,0.25188425,-0.19617656,0.07407407407407407,0.029411764705882353,54,0.10037621,0.3809524,0.5789473684210527,-0.26937613,0.25,0.03539439,0.5833333,0.036810167,0.47619048,0.05952380952380952,0.11904761904761904,0.044947896,0.17607404,0.10609675
2025_02_CAR_ARI,2025,2,CAR,ARI,0.036810167,0.47619048,0.11274079,-0.22295249,0.05952380952380952,0.046153846153846156,84,0.044947896,0.47457626,0.6923076923076923,0.17607404,0.42857143,0.10609675,0.54545456,0.0859358,0.42592594,0.07407407407407407,0.07407407407407407,0.10037621,-0.26937613,0.03539439
2025_02_CHI_DET,2025,2,CHI,DET,-0.17243649,0.3529412,-0.014654896,-0.4617028,0.11764705882352941,0.09090909090909091,68,-0.25734645,0.32692307,0.5909090909090909,0.32529503,0.5714286,0.1035209,0.4375,0.40252432,0.5423729,0.1694915254237288,0.06779661016949153,0.38205898,0.5822956,0.49182767
2025_02_CHI_DET,2025,2,DET,CHI,0.40252432,0.5423729,0.78595334,0.005873664,0.1694915254237288,0.0,59,0.38205898,0.5625,0.5806451612903226,0.5822956,0.625,0.49182767,0.45454547,-0.17243649,0.3529412,0.11764705882352941,0.058823529411764705,-0.25734645,0.32529503,0.1035209
2025_02_CLE_BAL,2025,2,BAL,CLE,0.09847029,0.3962264,0.2693624,-0.26341888,0.05660377358490566,0.08333333333333333,53,0.12390332,0.41463414,0.65,-0.11382271,0.3,0.01157413,0.33333334,-0.27052146,0.369863,0.0547945205479452,0.1232876712328767,-0.06679051,2.2254598,-0.77499807
2025_02_CLE_BAL,2025,2,CLE,BAL,-0.27052146,0.369863,-0.4382525,0.14481261,0.0547945205479452,0.038461538461538464,73,-0.06679051,0.3653846,0.5833333333333334,2.2254598,1.0,-0.77499807,0.3809524,0.09847029,0.3962264,0.05660377358490566,0.07547169811320754,0.12390332,-0.11382271,0.01157413
2025_02_DEN_IND,2025,2,DEN,IND,0.22862029,0.4915254,0.41468322,-0.06260865,0.0847457627118644,0.0,59,0.24368967,0.46938777,0.6052631578947368,0.53370374,0.72727275,0.15478036,0.6,0.1322414,0.47887325,0.08450704225352113,0.08450704225352113,0.2906537,-0.28837317,-0.45916447
2025_02_DEN_IND,2025,2,IND,DEN,0.1322414,0.47887325,0.30829203,-0.09492072,0.08450704225352113,0.025,71,0.2906537,0.51785713,0.5714285714285714,-0.28837317,0.3,-0.45916447,0.33333334,0.22862029,0.4915254,0.0847457627118644,0.0,0.24368967,0.53370374,0.15478036
2025_02_JAX_CIN,2025,2,CIN,JAX,0.017736629,0.4347826,0.016357765,0.02164344,0.07246376811594203,0.058823529411764705,69,-0.1081477,0.3962264,0.6944444444444444,0.29902452,0.46153846,0.4347285,0.5625,0.09157124,0.49295774,0.056338028169014086,0.056338028169014086,0.21887127,-0.34173834,-0.42672166
2025_02_JAX_CIN,2025,2,JAX,CIN,0.09157124,0.49295774,0.08831926,0.09719968,0.056338028169014086,0.022222222222222223,71,0.21887127,0.50877196,0.575,-0.34173834,0.33333334,-0.42672166,0.42857143,0.017736629,0.4347826,0.07246376811594203,0.13043478260869565,-0.1081477,0.29902452,0.4347285
2025_02_LAC_LV,2025,2,LAC,LV,-0.040193547,0.42857143,0.36626345,-0.62337095,0.07142857142857142,0.06060606060606061,56,0.039459724,0.45238096,0.7222222222222222,-0.17647596,0.44444445,-0.27915338,0.35714287,-0.34596494,0.32857144,0.07142857142857142,0.07142857142857142,-0.3760419,-0.9561575,-0.2845033
2025_02_LAC_LV,2025,2,LV,LAC,-0.34596494,0.32857144,-0.39314112,-0.19888626,0.07142857142857142,0.05660377358490566,70,-0.3760419,0.25531915,0.625,-0.9561575,0.1,-0.2845033,0.47826087,-0.040193547,0.42857143,0.07142857142857142,0.05357142857142857,0.039459724,-0.17647596,-0.27915338
2025_02_LA_TEN,2025,2,LA,TEN,0.34776914,0.5084746,0.29790163,0.42582265,0.1864406779661017,0.027777777777777776,59,0.22553691,0.5106383,0.625,0.19666325,0.5882353,0.82651204,0.5,-0.11592227,0.3939394,0.07575757575757576,0.13636363636363635,-0.23401569,0.15557788,0.25311965
2025_02_LA_TEN,2025,2,TEN,LA,-0.11592227,0.3939394,-0.16145378,-0.030798113,0.07575757575757576,0.11627906976744186,66,-0.23401569,0.36,0.5135135135135135,0.15557788,0.16666667,0.25311965,0.5,0.34776914,0.5084746,0.1864406779661017,0.1016949152542373,0.22553691,0.19666325,0.82651204
2025_02_NE_MIA,2025,2,MIA,NE,0.09782982,0.47368422,0.15891732,-0.07321521,0.08771929824561403,0.11904761904761904,57,0.20366,0.5116279,0.6,-0.14813717,0.33333334,-0.22722006,0.35714287,0.2886672,0.49122807,0.07017543859649122,0.05263157894736842,0.019905685,0.48097116,1.1188529
2025_02_NE_MIA,2025,2,NE,MIA,0.2886672,0.49122807,0.6023075,-0.11279233,0.07017543859649122,0.09375,57,0.019905685,0.44186047,0.5277777777777778,0.48097116,0.45454547,1.1188529,0.61538464,0.09782982,0.47368422,0.08771929824561403,0.12280701754385964,0.20366,-0.14813717,-0.22722006
2025_02_NYG_DAL,2025,2,DAL,NYG,0.16549332,0.47191012,0.2105394,0.0620542,0.06741573033707865,0.04838709677419355,89,0.10654395,0.45833334,0.6470588235294118,0.6941273,0.6363636,0.4151613,0.5294118,0.22455145,0.46268657,0.11940298507462686,0.1044776119402985,0.19157593,-0.7746581,0.32966095
2025_02_NYG_DAL,2025,2,NYG,DAL,0.22455145,0.46268657,0.41977915,-0.20309015,0.11940298507462686,0.06521739130434782,67,0.19157593,0.47058824,0.5757575757575758,-0.7746581,0.14285715,0.32966095,0.4375,0.16549332,0.47191012,0.06741573033707865,0.07865168539325842,0.10654395,0.6941273,0.4151613
2025_02_PHI_KC,2025,2,KC,PHI,-0.106994,0.4,0.013353894,-0.36669213,0.08333333333333333,0.04878048780487805,60,-0.041108765,0.39534885,0.6060606060606061,-0.4475784,0.375,-0.27364492,0.4117647,0.015774177,0.43103448,0.05172413793103448,0.06896551724137931,-0.048459694,0.60678697,0.17069118
2025_02_PHI_KC,2025,2,PHI,KC,0.015774177,0.43103448,-0.22130193,0.20839852,0.05172413793103448,0.07692307692307693,58,-0.048459694,0.4390244,0.5357142857142857,0.60678697,0.6666667,0.17069118,0.4117647,-0.106994,0.4,0.08333333333333333,0.15,-0.041108765,-0.4475784,-0.27364492
2025_02_SEA_PIT,2025,2,PIT,SEA,-0.172746,0.33870968,-0.18245852,-0.15234968,0.06451612903225806,0.07142857142857142,62,-0.09580332,0.30952382,0.4827586206896552,-0.3757961,0.5,-0.40734276,0.36842105,0.062347624,0.43076923,0.1076923076923077,0.12307692307692308,-0.03248301,0.28181097,0.35276642
2025_02_SEA_PIT,2025,2,SEA,PIT,0.062347624,0.43076923,0.059840426,0.06546,0.1076923076923077,0.05555555555555555,65,-0.03248301,0.3877551,0.5384615384615384,0.28181097,0.44444445,0.35276642,0.5625,-0.172746,0.33870968,0.06451612903225806,0.11290322580645161,-0.09580332,-0.3757961,-0.40734276
2025_02_SF_NO,2025,2,NO,SF,-0.051837053,0.43661973,-0.038670335,-0.073293954,0.07042253521126761,0.06818181818181818,71,-0.091439426,0.42857143,0.625,0.77752084,0.7777778,0.096011765,0.46666667,0.090516075,0.49253732,0.04477611940298507,0.08955223880597014,-0.2098116,1.1234357,1.0478106
2025_02_SF_NO,2025,2,SF,NO,0.090516075,0.49253732,0.19679704,-0.11280406,0.04477611940298507,0.06818181818181818,67,-0.2098116,0.4509804,0.5714285714285714,1.1234357,1.0,1.0478106,0.625,-0.051837053,0.43661973,0.07042253521126761,0.07042253521126761,-0.091439426,0.77752084,0.096011765
2025_02_TB_HOU,2025,2,HOU,TB,-0.08219903,0.39583334,-0.06686186,-0.112873375,0.125,0.09375,48,0.27193773,0.45945945,0.6428571428571429,-0.9240267,0.22222222,-1.3060249,0.2,0.1521118,0.5375,0.075,0.0875,0.1774665,0.29273903,0.11720589
2025_02_TB_HOU,2025,2,TB,HOU,0.1521118,0.5375,0.106343836,0.23710942,0.075,0.07692307692307693,80,0.1774665,0.5625,0.5217391304347826,0.29273903,0.33333334,0.11720589,0.46666667,-0.08219903,0.39583334,0.125,0.10416666666666667,0.27193773,-0.9240267,-1.3060249
2025_02_WAS_GB,2025,2,GB,WAS,0.11292484,0.5,0.23971218,-0.04883833,0.07575757575757576,0.05405405405405406,66,0.1982529,0.5,0.5416666666666666,0.21628785,0.5714286,-0.204008,0.5,-0.10222663,0.38235295,0.014705882352941176,0.14705882352941177,-0.033703554,0.96262807,-0.29489776
2025_02_WAS_GB,2025,2,WAS,GB,-0.10222663,0.38235295,-0.11095324,-0.06530632,0.014705882352941176,0.07272727272727272,68,-0.033703554,0.37777779,0.75,0.96262807,0.71428573,-0.29489776,0.36363637,0.11292484,0.5,0.07575757575757576,0.045454545454545456,0.1982529,0.21628785,-0.204008
2025_03_ARI_SF,2025,3,ARI,SF,0.045186106,0.3939394,0.14542,-0.119197465,0.030303030303030304,0.024390243902439025,66,0.069075294,0.3877551,0.6486486486486487,-0.23881266,0.4,-0.023670943,0.4117647,-0.09109733,0.50793654,0.09523809523809523,0.12698412698412698,0.054486524,-0.3907256,-0.7098288
2025_03_ARI_SF,2025,3,SF,ARI,-0.09109733,0.50793654,-0.018987633,-0.25808823,0.09523809523809523,0.022727272727272728,63,0.054486524,0.5686275,0.65625,-0.3907256,0.625,-0.7098288,0.25,0.045186106,0.3939394,0.030303030303030304,0.06060606060606061,0.069075294,-0.23881266,-0.023670943
2025_03_ATL_CAR,2025,3,ATL,CAR,-0.3391002,0.36363637,-0.5007859,0.007369189,0.07575757575757576,0.0,66,-0.19672798,0.4,0.5882352941176471,,,-0.78401333,0.25,-0.005843053,0.47368422,0.03508771929824561,0.05263157894736842,-0.022699513,0.0752019,0.04135501
2025_03_ATL_CAR,2025,3,CAR,ATL,-0.005843053,0.47368422,0.023101922,-0.03582179,0.03508771929824561,0.034482758620689655,57,-0.022699513,0.5,0.5789473684210527,0.0752019,0.3846154,0.04135501,0.4,-0.3391002,0.36363637,0.07575757575757576,0.030303030303030304,-0.19672798,,-0.78401333
2025_03_CIN_MIN,2025,3,CIN,MIN,-0.6815646,0.32142857,-0.9743,-0.2291552,0.03571428571428571,0.11764705882352941,56,-0.8106836,0.3255814,0.42857142857142855,0.66776866,0.6666667,-0.25447866,0.30769232,0.09000853,0.5,0.15,0.06666666666666667,0.1986862,0.5744082,-0.30290306
2025_03_CIN_MIN,2025,3,MIN,CIN,0.09000853,0.5,0.09263305,0.087383986,0.15,0.1,60,0.1986862,0.5319149,0.42857142857142855,0.5744082,0.54545456,-0.30290306,0.3846154,-0.6815646,0.32142857,0.03571428571428571,0.17857142857142858,-0.8106836,0.66776866,-0.25447866
2025_03_DAL_CHI,2025,3,CHI,DAL,0.2667999,0.47368422,0.5189758,-0.033871368,0.12280701754385964,0.0,57,0.04376195,0.42857143,0.5454545454545454,0.29588643,0.45454547,0.8913061,0.6,-0.02024705,0.5,0.06756756756756757,0.0945945945945946,0.051282413,-0.46735054,-0.34214872
2025_03_DAL_CHI,2025,3,DAL,CHI,-0.02024705,0.5,0.003720695,-0.073392965,0.06756756756756757,0.0392156862745098,74,0.051282413,0.5263158,0.42857142857142855,-0.46735054,0.375,-0.34214872,0.375,0.2667999,0.47368422,0.12280701754385964,0.017543859649122806,0.04376195,0.29588643,0.8913061
2025_03_DEN_LAC,2025,3,DEN,LAC,-0.12257316,0.25490198,-0.12850817,-0.109590344,0.09803921568627451,0.05714285714285714,51,-0.29393017,0.19444445,0.391304347826087,-0.0868801,0.2,0.28868362,0.4,-0.0071770535,0.41860464,0.06976744186046512,0.16279069767441862,-9.9476696e-05,-0.06433698,-0.035903677
2025_03_DEN_LAC,2025,3,LAC,DEN,-0.0071770535,0.41860464,-0.00037341076,-0.021270314,0.06976744186046512,0.08620689655172414,86,-9.9476696e-05,0.39130434,0.62,-0.06433698,0.25,-0.035903677,0.5294118,-0.12257316,0.25490198,0.09803921568627451,0.09803921568627451,-0.29393017,-0.0868801,0.28868362
2025_03_DET_BAL,2025,3,BAL,DET,0.095958315,0.47368422,0.28904474,-0.39882562,0.10526315789473684,0.17073170731707318,57,0.07058661,0.4883721,0.6428571428571429,-0.3346166,0.30769232,0.28178334,0.5,0.36171028,0.58208954,0.08955223880597014,0.08955223880597014,0.23482008,0.4093805,0.7349168
2025_03_DET_BAL,2025,3,DET,BAL,0.36171028,0.58208954,0.48765942,0.25958937,0.08955223880597014,0.0,67,0.23482008,0.58,0.4,0.4093805,0.6111111,0.7349168,0.5882353,0.095958315,0.47368422,0.10526315789473684,0.12280701754385964,0.07058661,-0.3346166,0.28178334
2025_03_GB_CLE,2025,3,CLE,GB,-0.1469657,0.32307693,-0.1731297,-0.088096775,0.03076923076923077,0.044444444444444446,65,-0.10635846,0.27272728,0.6190476190476191,-0.08571867,0.33333334,-0.23204756,0.42857143,-0.03806407,0.390625,0.046875,0.078125,-0.17326906,0.5319956,0.23878427
2025_03_GB_CLE,2025,3,GB,CLE,-0.03806407,0.390625,0.037951052,-0.12980646,0.046875,0.14285714285714285,64,-0.17326906,0.27906978,0.45161290322580644,0.5319956,0.5,0.23878427,0.61904764,-0.1469657,0.32307693,0.03076923076923077,0.15384615384615385,-0.10635846,-0.08571867,-0.23204756
2025_03_HOU_JAX,2025,3,HOU,JAX,-0.1979622,0.3442623,-0.18251872,-0.24139692,0.01639344262295082,0.044444444444444446,61,-0.17596997,0.35555556,0.6333333333333333,-0.39729837,0.25,-0.25981534,0.3125,-0.14395097,0.3768116,0.043478260869565216,0.057971014492753624,-0.095662385,0.3249702,-0.28076866
2025_03_HOU_JAX,2025,3,JAX,HOU,-0.14395097,0.3768116,-0.119334765,-0.19010638,0.043478260869565216,0.044444444444444446,69,-0.095662385,0.37254903,0.5675675675675675,0.3249702,0.42857143,-0.28076866,0.3888889,-0.1979622,0.3442623,0.01639344262295082,0.08196721311475409,-0.17596997,-0.39729837,-0.25981534
2025_03_IND_TEN,2025,3,IND,TEN,0.42446685,0.5740741,0.5692454,0.25652373,0.07407407407407407,0.0,54,0.42453867,0.6,0.625,0.2713283,0.6666667,0.4241076,0.44444445,-0.12496613,0.45714286,0.05714285714285714,0.1,-0.01947923,0.5276885,-0.40811518
2025_03_IND_TEN,2025,3,TEN,IND,-0.12496613,0.45714286,-0.17720717,0.0056364746,0.05714285714285714,0.08,70,-0.01947923,0.4509804,0.5714285714285714,0.5276885,0.5833333,-0.40811518,0.47368422,0.42446685,0.5740741,0.07407407407407407,0.037037037037037035,0.42453867,0.2713283,0.4241076
2025_03_KC_NYG,2025,3,KC,NYG,0.17136139,0.5072464,0.2182658,0.07755256,0.07246376811594203,0.043478260869565216,69,0.052176062,0.4716981,0.725,0.21420781,0.42857143,0.56616277,0.625,-0.13673942,0.4090909,0.09090909090909091,0.13636363636363635,-0.015650429,-0.6240571,-0.5151425
2025_03_KC_NYG,2025,3,NYG,KC,-0.13673942,0.4090909,-0.2354645,0.036029544,0.09090909090909091,0.047619047619047616,66,-0.015650429,0.46,0.38461538461538464,-0.6240571,0.22222222,-0.5151425,0.25,0.17136139,0.5072464,0.07246376811594203,0.13043478260869565,0.052176062,0.21420781,0.56616277
2025_03_LA_PHI,2025,3,LA,PHI,0.0020795942,0.5,-0.0022205708,0.006934611,0.12121212121212122,0.02857142857142857,66,0.16498196,0.5471698,0.42424242424242425,-0.34574038,0.22222222,-0.66206086,0.30769232,0.011345437,0.42424244,0.10606060606060606,0.06060606060606061,-0.18991014,0.2719732,0.549035
2025_03_LA_PHI,2025,3,PHI,LA,0.011345437,0.42424244,-0.013572359,0.04968051,0.10606060606060606,0.1,66,-0.18991014,0.39130434,0.5833333333333334,0.2719732,0.5,0.549035,0.5263158,0.0020795942,0.5,0.12121212121212122,0.10606060606060606,0.16498196,-0.34574038,-0.66206086
2025_03_LV_WAS,2025,3,LV,WAS,0.02389945,0.34848484,0.32211912,-0.33396417,0.09090909090909091,0.1388888888888889,66,0.123951524,0.3617021,0.45,0.25661415,0.375,-0.25613868,0.29411766,0.21956259,0.47368422,0.12280701754385964,0.05263157894736842,0.12215203,0.07378862,0.626916
2025_03_LV_WAS,2025,3,WAS,LV,0.21956259,0.47368422,0.45019165,0.03938369,0.12280701754385964,0.04,57,0.12215203,0.4347826,0.39285714285714285,0.07378862,0.42857143,0.626916,0.6363636,0.02389945,0.34848484,0.09090909090909091,0.13636363636363635,0.123951524,0.25661415,-0.25613868
2025_03_MIA_BUF,2025,3,BUF,MIA,0.26097718,0.53333336,0.36642408,0.123085074,0.11666666666666667,0.058823529411764705,60,0.26907048,0.5102041,0.5945945945945946,0.5474033,0.61538464,0.22492518,0.6363636,0.033873405,0.39344263,0.06557377049180328,0.01639344262295082,-0.25154608,0.63073766,0.83661574
2025_03_MIA_BUF,2025,3,MIA,BUF,0.033873405,0.39344263,0.016180763,0.061149593,0.06557377049180328,0.0,61,-0.25154608,0.26666668,0.59375,0.63073766,0.54545456,0.83661574,0.75,0.26097718,0.53333336,0.11666666666666667,0.03333333333333333,0.26907048,0.5474033,0.22492518
2025_03_NO_SEA,2025,3,NO,SEA,-0.10929227,0.43835616,0.0006647408,-0.32040974,0.0136986301369863,0.041666666666666664,73,0.06158331,0.48214287,0.3333333333333333,0.16715415,0.5,-0.67217654,0.29411766,0.112024955,0.44642857,0.125,0.03571428571428571,0.17857182,0.54095036,-0.19409063
2025_03_NO_SEA,2025,3,SEA,NO,0.112024955,0.44642857,0.7654292,-0.28001758,0.125,0.0,56,0.17857182,0.45652175,0.4,0.54095036,0.6,-0.19409063,0.4,-0.10929227,0.43835616,0.0136986301369863,0.0958904109589041,0.06158331,0.16715415,-0.67217654
2025_03_NYJ_TB,2025,3,NYJ,TB,-0.1293416,0.46268657,-0.054879513,-0.34834772,0.029850746268656716,0.08,67,-0.027196938,0.49056605,0.6296296296296297,0.24710232,0.375,-0.5160321,0.35714287,-0.013149547,0.32394367,0.1267605633802817,0.028169014084507043,0.056138292,-0.39413917,-0.20277941
2025_03_NYJ_TB,2025,3,TB,NYJ,-0.013149547,0.32394367,0.33481607,-0.4138372,0.1267605633802817,0.02631578947368421,71,0.056138292,0.34615386,0.5217391304347826,-0.39413917,0.18181819,-0.20277941,0.2631579,-0.1293416,0.46268657,0.029850746268656716,0.14925373134328357,-0.027196938,0.24710232,-0.5160321
2025_03_PIT_NE,2025,3,NE,PIT,-0.10999026,0.47297296,0.16256495,-0.6778136,0.05405405405405406,0.1,74,-0.3851498,0.3888889,0.5294117647058824,-0.9067997,0.42857143,0.6329405,0.7,0.04846549,0.5294118,0.058823529411764705,0.058823529411764705,-0.029560722,0.8478402,0.3020507
2025_03_PIT_NE,2025,3,PIT,NE,0.04846549,0.5294118,0.19125621,-0.11217406,0.058823529411764705,0.0,51,-0.029560722,0.51282054,0.39285714285714285,0.8478402,0.7777778,0.3020507,0.5833333,-0.10999026,0.47297296,0.05405405405405406,0.10810810810810811,-0.3851498,-0.9067997,0.6329405
2025_04_BAL_KC,2025,4,BAL,KC,-0.07308372,0.44444445,-0.22552246,0.40768462,0.09259259259259259,0.07317073170731707,54,0.23763046,0.5,0.7368421052631579,0.14988846,0.33333334,-0.96083844,0.2857143,0.21015933,0.43661973,0.056338028169014086,0.04225352112676056,0.14353685,0.13066155,0.40632546
2025_04_BAL_KC,2025,4,KC,BAL,0.21015933,0.43661973,0.338551,0.01298637,0.056338028169014086,0.023255813953488372,71,0.14353685,0.41509435,0.72,0.13066155,0.2857143,0.40632546,0.5,-0.07308372,0.44444445,0.09259259259259259,0.16666666666666666,0.23763046,0.14988846,-0.96083844
2025_04_CAR_NE,2025,4,CAR,NE,-0.030361068,0.49275362,0.049331892,-0.14705433,0.08695652173913043,0.024390243902439025,69,0.11177443,0.53846157,0.6666666666666666,0.7137817,0.6,-0.46512845,0.3529412,0.35495633,0.41304347,0.17391304347826086,0.021739130434782608,0.27072945,0.44220328,0.6581731
2025_04_CAR_NE,2025,4,NE,CAR,0.35495633,0.41304347,0.7873112,-0.07739856,0.17391304347826086,0.043478260869565216,46,0.27072945,0.41666666,0.4375,0.44220328,0.5,0.6581731,0.4,-0.030361068,0.49275362,0.08695652173913043,0.057971014492753624,0.11177443,0.7137817,-0.46512845
2025_04_CHI_LV,2025,4,CHI,LV,-0.13210471,0.41791046,-0.029065687,-0.3292229,0.04477611940298507,0.022727272727272728,67,-0.15489393,0.39583334,0.5454545454545454,-0.71773076,0.22222222,-0.026061522,0.5,-0.19576073,0.5294118,0.17647058823529413,0.0196078431372549,0.18327281,0.22217396,-1.9645839
2025_04_CHI_LV,2025,4,LV,CHI,-0.19576073,0.5294118,-0.34012613,-0.086242124,0.17647058823529413,0.0,51,0.18327281,0.5952381,0.40625,0.22217396,0.44444445,-1.9645839,0.22222222,-0.13210471,0.41791046,0.04477611940298507,0.029850746268656716,-0.15489393,-0.71773076,-0.026061522
2025_04_CIN_DEN,2025,4,CIN,DEN,-0.19890405,0.38297874,-0.29358807,0.024279714,0.02127659574468085,0.09090909090909091,47,-0.071307234,0.42857143,0.6111111111111112,-0.6173523,0.33333334,-0.57106143,0.25,0.20612232,0.5,0.1282051282051282,0.01282051282051282,0.118116885,0.41236824,0.6084328
2025_04_CIN_DEN,2025,4,DEN,CIN,0.20612232,0.5,0.3532033,0.015782222,0.1282051282051282,0.0,78,0.118116885,0.484375,0.6,0.41236824,0.5,0.6084328,0.5714286,-0.19890405,0.38297874,0.02127659574468085,0.10638297872340426,-0.071307234,-0.6173523,-0.57106143
2025_04_CLE_DET,2025,4,CLE,DET,-0.3375794,0.28787878,-0.50514525,-0.07978577,0.06060606060606061,0.075,66,-0.3787223,0.26,0.47368421052631576,-0.027981495,0.2,-0.20900786,0.375,-0.14605968,0.39655173,0.08620689655172414,0.08620689655172414,-0.21332987,0.4411925,0.04678154
2025_04_CLE_DET,2025,4,DET,CLE,-0.14605968,0.39655173,-0.05250592,-0.24629585,0.08620689655172414,0.0,58,-0.21332987,0.37209302,0.4444444444444444,0.4411925,0.6363636,0.04678154,0.46666667,-0.3375794,0.28787878,0.06060606060606061,0.15151515151515152,-0.3787223,-0.027981495,-0.20900786
2025_04_GB_DAL,2025,4,DAL,GB,0.33557466,0.5507246,0.51404256,0.057957917,0.10144927536231885,0.023809523809523808,69,0.3344606,0.5714286,0.5909090909090909,0.60871655,0.6363636,0.3403737,0.46153846,0.3602748,0.5609756,0.10975609756097561,0.06097560975609756,0.11876634,0.4877475,1.2836896
2025_04_GB_DAL,2025,4,GB,DAL,0.3602748,0.5609756,0.5416846,0.076822,0.10975609756097561,0.02,82,0.11876634,0.4923077,0.5757575757575758,0.4877475,0.57894737,1.2836896,0.8235294,0.33557466,0.5507246,0.10144927536231885,0.07246376811594203,0.3344606,0.60871655,0.3403737
2025_04_IND_LA,2025,4,IND,LA,-0.13963205,0.43333334,-0.17223698,-0.074422166,0.08333333333333333,0.05,60,-0.22708622,0.4347826,0.6551724137931034,0.21106835,0.5,0.14771734,0.42857143,0.019683868,0.5138889,0.1111111111111111,0.125,0.0050737993,0.8631964,0.08021127
2025_04_IND_LA,2025,4,LA,IND,0.019683868,0.5138889,0.24345656,-0.42786157,0.1111111111111111,0.0625,72,0.0050737993,0.51724136,0.5714285714285714,0.8631964,0.5,0.08021127,0.5,-0.13963205,0.43333334,0.08333333333333333,0.13333333333333333,-0.22708622,0.21106835,0.14771734
2025_04_JAX_SF,2025,4,JAX,SF,0.07139458,0.453125,0.2209695,-0.09812367,0.078125,0.0,64,0.035520542,0.46938777,0.4857142857142857,0.1832064,0.6,0.26969615,0.42857143,-0.054000452,0.45454547,0.10606060606060606,0.06060606060606061,-0.18755114,-0.01729103,0.35343423
2025_04_JAX_SF,2025,4,SF,JAX,-0.054000452,0.45454547,0.002139136,-0.15895705,0.10606060606060606,0.023255813953488372,66,-0.18755114,0.4117647,0.4444444444444444,-0.01729103,0.41666666,0.35343423,0.5714286,0.07139458,0.453125,0.078125,0.0,0.035520542,0.1832064,0.26969615
2025_04_LAC_NYG,2025,4,LAC,NYG,-0.11308815,0.42857143,-0.27881208,0.41722837,0.09523809523809523,0.041666666666666664,63,-0.059995025,0.41666666,0.7,-0.6325361,0.33333334,-0.37841374,0.42857143,-0.07292762,0.4473684,0.02631578947368421,0.10526315789473684,-0.1225969,-0.32203284,0.014206676
2025_04_LAC_NYG,2025,4,NYG,LAC,-0.07292762,0.4473684,-0.044722524,-0.09576031,0.02631578947368421,0.17647058823529413,76,-0.1225969,0.4107143,0.425,-0.32203284,0.3529412,0.014206676,0.5263158,-0.11308815,0.42857143,0.09523809523809523,0.19047619047619047,-0.059995025,-0.6325361,-0.37841374
2025_04_MIN_PIT,2025,4,MIN,PIT,0.03565085,0.44,0.07573459,-0.09128102,0.05333333333333334,0.10526315789473684,75,0.11446773,0.44827586,0.5833333333333334,-0.045502253,0.21428572,-0.31364465,0.375,0.1987204,0.5882353,0.0784313725490196,0.058823529411764705,0.26625067,-0.20297906,-0.04684428
2025_04_MIN_PIT,2025,4,PIT,MIN,0.1987204,0.5882353,0.2394407,0.15956627,0.0784313725490196,0.08,51,0.26625067,0.65,0.5,-0.20297906,0.4375,-0.04684428,0.36363637,0.03565085,0.44,0.05333333333333334,0.17333333333333334,0.11446773,-0.045502253,-0.31364465
2025_04_NO_BUF,2025,4,BUF,NO,0.16299932,0.4642857,0.25082597,0.06866697,0.14285714285714285,0.10344827586206896,56,0.27535817,0.5,0.42857142857142855,0.43548802,0.71428573,-0.3538513,0.3,-0.0847417,0.43283582,0.08955223880597014,0.07462686567164178,0.11642787,-0.18078128,-0.71123433
2025_04_NO_BUF,2025,4,NO,BUF,-0.0847417,0.43283582,-0.19607262,0.037026502,0.08955223880597014,0.08571428571428572,67,0.11642787,0.47058824,0.39285714285714285,-0.18078128,0.375,-0.71123433,0.33333334,0.16299932,0.4642857,0.14285714285714285,0.125,0.27535817,0.43548802,-0.3538513
2025_04_NYJ_MIA,2025,4,MIA,NYJ,0.123144954,0.39655173,0.42933756,-0.18304765,0.08620689655172414,0.0,58,0.016776191,0.38636363,0.43333333333333335,0.28782588,0.3846154,0.4574468,0.42857143,0.1053975,0.5873016,0.09523809523809523,0.047619047619047616,0.08820734,-0.5896388,0.098056294
2025_04_NYJ_MIA,2025,4,NYJ,MIA,0.1053975,0.5873016,0.25587568,-0.15630369,0.09523809523809523,0.05,63,0.08820734,0.62,0.3333333333333333,-0.5896388,0.5714286,0.098056294,0.41666666,0.123144954,0.39655173,0.08620689655172414,0.0,0.016776191,0.28782588,0.4574468
2025_04_PHI_TB,2025,4,PHI,TB,-0.07388662,0.41379312,0.07253912,-0.24200505,0.08620689655172414,0.06451612903225806,58,-0.0051949723,0.44186047,0.8571428571428571,0.65019745,0.71428573,-0.27080262,0.33333334,-0.116422355,0.3943662,0.04225352112676056,0.028169014084507043,0.017495032,-1.5955148,-0.5107347
2025_04_PHI_TB,2025,4,TB,PHI,-0.116422355,0.3943662,-0.025308993,-0.28407094,0.04225352112676056,0.043478260869565216,71,0.017495032,0.3962264,0.6666666666666666,-1.5955148,0.2,-0.5107347,0.3888889,-0.07388662,0.41379312,0.08620689655172414,0.05172413793103448,-0.0051949723,0.65019745,-0.27080262
2025_04_SEA_ARI,2025,4,ARI,SEA,-0.060240176,0.3880597,-0.025497897,-0.20455424,0.029850746268656716,0.1111111111111111,67,-0.041626815,0.37254903,0.7142857142857143,0.27948096,0.2857143,-0.119570285,0.4375,0.10647301,0.43939394,0.13636363636363635,0.045454545454545456,0.0675274,0.23932691,0.23888808
2025_04_SEA_ARI,2025,4,SEA,ARI,0.10647301,0.43939394,0.4652201,-0.23117131,0.13636363636363635,0.09375,66,0.0675274,0.39215687,0.44,0.23932691,0.4,0.23888808,0.6,-0.060240176,0.3880597,0.029850746268656716,0.1044776119402985,-0.041626815,0.27948096,-0.119570285
2025_04_TEN_HOU,2025,4,HOU,TEN,0.0922719,0.3943662,0.21704854,-0.029038714,0.09859154929577464,0.05714285714285714,71,0.013506242,0.3653846,0.5365853658536586,0.98717886,0.6666667,0.37755448,0.5,-0.33437085,0.3469388,0.08163265306122448,0.14285714285714285,-0.23842904,,-0.6301915
2025_04_TEN_HOU,2025,4,TEN,HOU,-0.33437085,0.3469388,-0.46158302,-0.07199578,0.08163265306122448,0.06060606060606061,49,-0.23842904,0.35135135,0.5416666666666666,,,-0.6301915,0.33333334,0.0922719,0.3943662,0.09859154929577464,0.07042253521126761,0.013506242,0.98717886,0.37755448
2025_04_WAS_ATL,2025,4,ATL,WAS,0.27803215,0.516129,0.69528514,-0.08864469,0.12903225806451613,0.034482758620689655,62,0.20026264,0.5,0.5,0.21275468,0.54545456,0.6020718,0.5833333,0.14115886,0.5,0.07142857142857142,0.08928571428571429,0.074519984,0.47508174,0.3498498
2025_04_WAS_ATL,2025,4,WAS,ATL,0.14115886,0.5,0.18663158,0.065371044,0.07142857142857142,0.05714285714285714,56,0.074519984,0.51111114,0.7142857142857143,0.47508174,0.5714286,0.3498498,0.4,0.27803215,0.516129,0.12903225806451613,0.03225806451612903,0.20026264,0.21275468,0.6020718
2025_05_DAL_NYJ,2025,5,DAL,NYJ,0.34493804,0.47368422,0.40616226,0.2607547,0.12280701754385964,0.030303030303030304,57,0.36754748,0.46666667,0.5416666666666666,0.4159791,0.5555556,0.26015264,0.5,0.007587783,0.49367088,0.08860759493670886,0.16455696202531644,-0.015434321,0.4030244,-0.03217764
2025_05_DAL_NYJ,2025,5,NYJ,DAL,0.007587783,0.49367088,0.06771448,-0.18228601,0.08860759493670886,0.08333333333333333,79,-0.015434321,0.5,0.5833333333333334,0.4030244,0.6666667,-0.03217764,0.42105263,0.34493804,0.47368422,0.12280701754385964,0.05263157894736842,0.36754748,0.4159791,0.26015264
2025_05_DEN_PHI,2025,5,DEN,PHI,0.046412215,0.4864865,0.11811808,-0.07139028,0.06756756756756757,0.043478260869565216,74,0.07318518,0.51785713,0.56,0.4014839,0.6666667,-0.1009921,0.3529412,0.020556184,0.4,0.08333333333333333,0.15,0.10911888,-0.38030866,-0.29963198
2025_05_DEN_PHI,2025,5,PHI,DEN,0.020556184,0.4,0.051604822,-0.13468699,0.08333333333333333,0.12,60,0.10911888,0.44680852,0.7333333333333333,-0.38030866,0.25,-0.29963198,0.23076923,0.046412215,0.4864865,0.06756756756756757,0.10810810810810811,0.07318518,0.4014839,-0.1009921
2025_05_DET_CIN,2025,5,CIN,DET,-0.01934133,0.4516129,0.010064378,-0.13017827,0.08064516129032258,0.04081632653061224,62,-0.2148541,0.42857143,0.75,0.9436283,0.8,0.7175914,0.53846157,0.20190555,0.51666665,0.08333333333333333,0.11666666666666667,0.27486542,0.56536573,-0.35050488
2025_05_DET_CIN,2025,5,DET,CIN,0.20190555,0.51666665,0.4647463,-0.02808012,0.08333333333333333,0.14285714285714285,60,0.27486542,0.5283019,0.4583333333333333,0.56536573,0.47058824,-0.35050488,0.42857143,-0.01934133,0.4516129,0.08064516129032258,0.14516129032258066,-0.2148541,0.9436283,0.7175914
2025_05_HOU_BAL,2025,5,BAL,HOU,-0.30834472,0.39534885,-0.29821044,-0.31999907,0.046511627906976744,0.043478260869565216,43,-0.3504857,0.4,0.2727272727272727,-0.20645101,0.5,-0.12397781,0.375,0.34383872,0.60294116,0.10294117647058823,0.058823529411764705,0.2505802,0.2862944,0.70355016
2025_05_HOU_BAL,2025,5,HOU,BAL,0.34383872,0.60294116,0.57721674,0.048226524,0.10294117647058823,0.05263157894736842,68,0.2505802,0.5740741,0.47619047619047616,0.2862944,0.4,0.70355016,0.71428573,-0.30834472,0.39534885,0.046511627906976744,0.046511627906976744,-0.3504857,-0.20645101,-0.12397781
2025_05_KC_JAX,2025,5,JAX,KC,0.11910539,0.5,0.26934296,-0.189277,0.06896551724137931,0.07692307692307693,58,0.012723011,0.45652175,0.6363636363636364,0.15929784,0.46666667,0.5269046,0.6666667,0.17501298,0.640625,0.109375,0.0625,0.12919185,-0.35987008,0.45503098
2025_05_KC_JAX,2025,5,KC,JAX,0.17501298,0.640625,0.11829901,0.31994867,0.109375,0.0,64,0.12919185,0.6545454,0.6666666666666666,-0.35987008,0.61538464,0.45503098,0.5555556,0.11910539,0.5,0.06896551724137931,0.1206896551724138,0.012723011,0.15929784,0.5269046
2025_05_LV_IND,2025,5,IND,LV,0.29175317,0.5151515,0.36229804,0.19601367,0.06060606060606061,0.0,66,0.16088676,0.46938777,0.6470588235294118,0.2817204,0.48,1.096688,0.8333333,-0.19624259,0.4852941,0.058823529411764705,0.07352941176470588,-0.40134096,-0.7291734,0.4190526
2025_05_LV_IND,2025,5,LV,IND,-0.19624259,0.4852941,-0.18488297,-0.2157811,0.058823529411764705,0.09302325581395349,68,-0.40134096,0.4509804,0.4666666666666667,-0.7291734,0.33333334,0.4190526,0.5882353,0.29175317,0.5151515,0.06060606060606061,0.045454545454545456,0.16088676,0.2817204,1.096688
2025_05_MIA_CAR,2025,5,CAR,MIA,0.15839742,0.47761193,0.0024580539,0.36273175,0.14925373134328357,0.07894736842105263,67,0.08841284,0.49056605,0.4666666666666667,0.5361528,0.6666667,0.42333904,0.42857143,0.08725241,0.36363637,0.05454545454545454,0.05454545454545454,-0.052653894,0.29085803,0.49697796
2025_05_MIA_CAR,2025,5,MIA,CAR,0.08725241,0.36363637,0.25077623,-0.44105536,0.05454545454545454,0.07142857142857142,55,-0.052653894,0.34146342,0.56,0.29085803,0.4,0.49697796,0.42857143,0.15839742,0.47761193,0.14925373134328357,0.1044776119402985,0.08841284,0.5361528,0.42333904
2025_05_MIN_CLE,2025,5,CLE,MIN,-0.045919035,0.3768116,-0.07456426,-0.016431311,0.10144927536231885,0.05714285714285714,69,-0.028728658,0.39215687,0.45,0.20554438,0.4375,-0.094625115,0.33333334,0.08190891,0.484375,0.109375,0.046875,0.037507202,1.0008402,0.2743163
2025_05_MIN_CLE,2025,5,MIN,CLE,0.08190891,0.484375,0.29767722,-0.42912132,0.109375,0.06666666666666667,64,0.037507202,0.5,0.6060606060606061,1.0008402,0.8333333,0.2743163,0.41666666,-0.045919035,0.3768116,0.10144927536231885,0.043478260869565216,-0.028728658,0.20554438,-0.094625115
2025_05_NE_BUF,2025,5,BUF,NE,0.0023114507,0.4852941,0.21194786,-0.35826316,0.07352941176470588,0.023255813953488372,68,-0.033892114,0.47457626,0.5476190476190477,-0.17192857,0.5714286,0.23964588,0.5555556,0.06532566,0.46666667,0.08333333333333333,0.13333333333333333,0.08872332,-0.022333303,-0.038900234
2025_05_NE_BUF,2025,5,NE,BUF,0.06532566,0.46666667,0.17341465,-0.1508523,0.08333333333333333,0.1,60,0.08872332,0.46938777,0.6216216216216216,-0.022333303,0.33333334,-0.038900234,0.45454547,0.0023114507,0.4852941,0.07352941176470588,0.058823529411764705,-0.033892114,-0.17192857,0.23964588
2025_05_NYG_NO,2025,5,NO,NYG,0.10997093,0.47692308,0.40897784,-0.23887049,0.07692307692307693,0.0,65,0.0008848682,0.4375,0.59375,-0.59277356,0.125,0.41797858,0.5882353,-0.26908842,0.4722222,0.027777777777777776,0.08333333333333333,-0.42681354,-1.211468,0.28294942
2025_05_NYG_NO,2025,5,NYG,NO,-0.26908842,0.4722222,-0.24998713,-0.30729103,0.027777777777777776,0.020833333333333332,72,-0.42681354,0.48214287,0.55,-1.211468,0.3,0.28294942,0.4375,0.10997093,0.47692308,0.07692307692307693,0.015384615384615385,0.0008848682,-0.59277356,0.41797858
2025_05_SF_LA,2025,5,LA,SF,0.09809136,0.58208954,0.3445385,-0.6267532,0.13432835820895522,0.02,67,0.12681895,0.6037736,0.75,-0.2629454,0.46153846,-0.010663135,0.5,0.12671532,0.5058824,0.011764705882352941,0.10588235294117647,0.10846081,-0.056922346,0.17898959
2025_05_SF_LA,2025,5,SF,LA,0.12671532,0.5058824,0.27933505,-0.11377641,0.011764705882352941,0.019230769230769232,85,0.10846081,0.4920635,0.6451612903225806,-0.056922346,0.5833333,0.17898959,0.54545456,0.09809136,0.58208954,0.13432835820895522,0.029850746268656716,0.12681895,-0.2629454,-0.010663135
2025_05_TB_SEA,2025,5,SEA,TB,0.3444375,0.5833333,0.5996958,-0.12961361,0.13333333333333333,0.0,60,0.21099511,0.5510204,0.5,0.72822624,0.6,0.9388628,0.72727275,0.4008281,0.51666665,0.13333333333333333,0.016666666666666666,0.22942542,0.46531832,1.0178076
2025_05_TB_SEA,2025,5,TB,SEA,0.4008281,0.51666665,0.6550936,-0.1478501,0.13333333333333333,0.024390243902439025,60,0.22942542,0.4893617,0.6111111111111112,0.46531832,0.61538464,1.0178076,0.5833333,0.3444375,0.5833333,0.13333333333333333,0.03333333333333333,0.21099511,0.72822624,0.9388628
2025_05_TEN_ARI,2025,5,ARI,TEN,-0.059299063,0.36764705,0.12942807,-0.32890925,0.08823529411764706,0.075,68,-0.012747672,0.34,0.5,-0.027129121,0.44444445,-0.18860848,0.44444445,-0.02562687,0.46031746,0.09523809523809523,0.06349206349206349,0.007992658,1.2714391,-0.13320936
2025_05_TEN_ARI,2025,5,TEN,ARI,-0.02562687,0.46031746,0.04653897,-0.19274774,0.09523809523809523,0.045454545454545456,63,0.007992658,0.47916666,0.375,1.2714391,1.0,-0.13320936,0.4,-0.059299063,0.36764705,0.08823529411764706,0.07352941176470588,-0.012747672,-0.027129121,-0.18860848
2025_05_WAS_LAC,2025,5,LAC,WAS,-0.15728393,0.3846154,-0.26560006,0.02775613,0.07692307692307693,0.12195121951219512,65,-0.2799568,0.31914893,0.47619047619047616,-0.54787326,0.44444445,0.16302857,0.5555556,0.25061703,0.5689655,0.15517241379310345,0.017241379310344827,0.19396485,0.3287802,0.4926763
2025_05_WAS_LAC,2025,5,WAS,LAC,0.25061703,0.5689655,0.50716174,-0.11282132,0.15517241379310345,0.029411764705882353,58,0.19396485,0.59574467,0.7368421052631579,0.3287802,0.5,0.4926763,0.45454547,-0.15728393,0.3846154,0.07692307692307693,0.12307692307692308,-0.2799568,-0.54787326,0.16302857
2025_06_ARI_IND,2025,6,ARI,IND,0.07717057,0.46575344,0.1263886,-0.02982511,0.1095890410958904,0.04,73,0.027824197,0.43103448,0.6666666666666666,-0.41423908,0.44444445,0.26797658,0.6,0.16485955,0.54385966,0.12280701754385964,0.10526315789473684,0.15636505,0.4721378,0.2168884
2025_06_ARI_IND,2025,6,IND,ARI,0.16485955,0.54385966,0.15456241,0.17901814,0.12280701754385964,0.030303030303030304,57,0.15636505,0.5510204,0.6176470588235294,0.4721378,0.53846157,0.2168884,0.5,0.07717057,0.46575344,0.1095890410958904,0.1643835616438356,0.027824197,-0.41423908,0.26797658
2025_06_BUF_ATL,2025,6,ATL,BUF,0.13845958,0.5072464,0.11521831,0.16694885,0.14492753623188406,0.05263157894736842,69,0.13827498,0.5185185,0.391304347826087,-0.36705628,0.11111111,0.1391241,0.46666667,-0.10416144,0.47368422,0.07017543859649122,0.10526315789473684,0.021370484,-0.03116684,-0.62911314
2025_06_BUF_ATL,2025,6,BUF,ATL,-0.10416144,0.47368422,-0.12453676,-0.06646711,0.07017543859649122,0.10810810810810811,57,0.021370484,0.5217391,0.55,-0.03116684,0.4,-0.62911314,0.27272728,0.13845958,0.5072464,0.14492753623188406,0.057971014492753624,0.13827498,-0.36705628,0.1391241
2025_06_CHI_WAS,2025,6,CHI,WAS,0.1277509,0.50793654,0.06788059,0.21875377,0.14285714285714285,0.07894736842105263,63,0.19288212,0.52,0.5897435897435898,-0.11093389,0.375,-0.054066498,0.5,0.028906085,0.46875,0.0625,0.046875,-0.0035057294,0.7461414,0.18507212
2025_06_CHI_WAS,2025,6,WAS,CHI,0.028906085,0.46875,0.38345888,-0.56201524,0.0625,0.075,64,-0.0035057294,0.4528302,0.5333333333333333,0.7461414,0.5,0.18507212,0.54545456,0.1277509,0.50793654,0.14285714285714285,0.06349206349206349,0.19288212,-0.11093389,-0.054066498
2025_06_CIN_GB,2025,6,CIN,GB,0.10805341,0.50793654,0.16267703,-0.05240347,0.015873015873015872,0.02127659574468085,63,0.002435662,0.5,0.375,0.6671756,0.4,0.35264528,0.5,0.2134284,0.5833333,0.16666666666666666,0.06666666666666667,0.27099916,-0.089812,-0.016854703
2025_06_CIN_GB,2025,6,GB,CIN,0.2134284,0.5833333,0.29944605,0.10829572,0.16666666666666666,0.030303030303030304,60,0.27099916,0.6041667,0.4117647058823529,-0.089812,0.5714286,-0.016854703,0.5,0.10805341,0.50793654,0.015873015873015872,0.07936507936507936,0.002435662,0.6671756,0.35264528
2025_06_CLE_PIT,2025,6,CLE,PIT,-0.11829913,0.3902439,-0.14886141,-0.001443316,0.024390243902439025,0.09230769230769231,82,-0.19065997,0.3559322,0.4666666666666667,-0.5469733,0.23076923,0.067322195,0.47826087,0.11001164,0.4107143,0.17857142857142858,0.05357142857142857,0.1234754,0.87927485,0.06064449
2025_06_CLE_PIT,2025,6,PIT,CLE,0.11001164,0.4107143,0.29616877,-0.12082322,0.17857142857142858,0.0,56,0.1234754,0.4090909,0.5294117647058824,0.87927485,0.5,0.06064449,0.41666666,-0.11829913,0.3902439,0.024390243902439025,0.18292682926829268,-0.19065997,-0.5469733,0.067322195
2025_06_DAL_CAR,2025,6,CAR,DAL,0.19338414,0.59375,0.18387054,0.20126684,0.140625,0.034482758620689655,64,0.13343795,0.5925926,0.41025641025641024,0.22495016,0.375,0.5170936,0.6,0.25459874,0.42592594,0.05555555555555555,0.037037037037037035,-0.052952815,0.14281993,0.9850337
2025_06_DAL_CAR,2025,6,DAL,CAR,0.25459874,0.42592594,0.6153852,-0.46697414,0.05555555555555555,0.0,54,-0.052952815,0.36842105,0.5333333333333333,0.14281993,0.2857143,0.9850337,0.5625,0.19338414,0.59375,0.140625,0.078125,0.13343795,0.22495016,0.5170936
2025_06_DEN_NYJ,2025,6,DEN,NYJ,-0.14758295,0.3275862,-0.08294896,-0.25334764,0.017241379310344827,0.027777777777777776,58,-0.19426636,0.31707317,0.5714285714285714,0.121356286,0.4,-0.034993492,0.3529412,-0.42066145,0.24561404,0.0,0.19298245614035087,-0.2332818,-0.7442626,-0.86155474
2025_06_DEN_NYJ,2025,6,NYJ,DEN,-0.42066145,0.24561404,-0.7312627,-0.09896739,0.0,0.3103448275862069,57,-0.2332818,0.275,0.4,-0.7442626,0.0,-0.86155474,0.1764706,-0.14758295,0.3275862,0.017241379310344827,0.05172413793103448,-0.19426636,0.121356286,-0.034993492
2025_06_DET_KC,2025,6,DET,KC,0.08327035,0.5185185,0.20078516,-0.087660275,0.09259259259259259,0.03125,54,0.20486204,0.575,0.34782608695652173,0.0038888752,0.5,-0.2641345,0.35714287,0.31075543,0.56666666,0.06666666666666667,0.06666666666666667,0.20073158,0.15379716,0.708534
2025_06_DET_KC,2025,6,KC,DET,0.31075543,0.56666666,0.446263,0.039740376,0.06666666666666667,0.075,60,0.20073158,0.5531915,0.75,0.15379716,0.5,0.708534,0.61538464,0.08327035,0.5185185,0.09259259259259259,0.07407407407407407,0.20486204,0.0038888752,-0.2641345
2025_06_LAC_MIA,2025,6,LAC,MIA,0.10399103,0.453125,0.17785412,-0.011235375,0.125,0.02564102564102564,64,0.09460264,0.45833334,0.6857142857142857,-0.117677905,0.31578946,0.13215624,0.4375,0.029182313,0.42372882,0.0847457627118644,0.06779661016949153,0.007919506,0.44966942,0.11246162
2025_06_LAC_MIA,2025,6,MIA,LAC,0.029182313,0.42372882,-0.10719616,0.29512033,0.0847457627118644,0.05128205128205128,59,0.007919506,0.40425533,0.5833333333333334,0.44966942,0.5,0.11246162,0.5,0.10399103,0.453125,0.125,0.109375,0.09460264,-0.117677905,0.13215624
2025_06_LA_BAL,2025,6,BAL,LA,-0.35863197,0.37662336,-0.3831133,-0.33075052,0.06493506493506493,0.0975609756097561,77,-0.37278658,0.3773585,0.26666666666666666,-0.8827323,0.23076923,-0.3273739,0.375,0.0053298017,0.47058824,0.11764705882352941,0.0392156862745098,-0.10536066,-0.64053136,0.32888654
2025_06_LA_BAL,2025,6,LA,BAL,0.0053298017,0.47058824,0.12514736,-0.16583814,0.11764705882352941,0.06666666666666667,51,-0.10536066,0.47368422,0.6296296296296297,-0.64053136,0.25,0.32888654,0.46153846,-0.35863197,0.37662336,0.06493506493506493,0.14285714285714285,-0.37278658,-0.8827323,-0.3273739
2025_06_NE_NO,2025,6,NE,NO,0.15367639,0.4918033,0.55120033,-0.38145196,0.08196721311475409,0.02857142857142857,61,0.17909202,0.5,0.5,-0.40762457,0.25,0.04441084,0.44444445,-0.06026594,0.4642857,0.05357142857142857,0.07142857142857142,0.046939634,-0.1192137,-0.5534116
2025_06_NE_NO,2025,6,NO,NE,-0.06026594,0.4642857,-0.060692377,-0.059555214,0.05357142857142857,0.05714285714285714,56,0.046939634,0.5,0.5517241379310345,-0.1192137,0.375,-0.5534116,0.3,0.15367639,0.4918033,0.08196721311475409,0.06557377049180328,0.17909202,-0.40762457,0.04441084
2025_06_PHI_NYG,2025,6,NYG,PHI,0.29595715,0.5,0.4029247,0.17518733,0.13636363636363635,0.05714285714285714,66,0.089579485,0.42,0.5,0.5957634,0.61538464,0.94088733,0.75,-0.066168524,0.45614034,0.10526315789473684,0.05263157894736842,-0.039787356,-0.41801032,-0.17648983
2025_06_PHI_NYG,2025,6,PHI,NYG,-0.066168524,0.45614034,-0.056217507,-0.08772907,0.10526315789473684,0.07692307692307693,57,-0.039787356,0.5,0.4782608695652174,-0.41801032,0.41666666,-0.17648983,0.27272728,0.29595715,0.5,0.13636363636363635,0.045454545454545456,0.089579485,0.5957634,0.94088733
2025_06_SEA_JAX,2025,6,JAX,SEA,-0.07165556,0.3561644,-0.048837274,-0.13212399,0.0410958904109589,0.1320754716981132,73,-0.15782085,0.3653846,0.6333333333333333,-0.947,0.0,0.19614145,0.35,0.020928413,0.3846154,0.11538461538461539,0.07692307692307693,0.17395177,-0.17254907,-0.5494314
2025_06_SEA_JAX,2025,6,SEA,JAX,0.020928413,0.3846154,0.37638527,-0.4272563,0.11538461538461539,0.034482758620689655,52,0.17395177,0.4390244,0.5185185185185185,-0.17254907,0.4,-0.5494314,0.18181819,-0.07165556,0.3561644,0.0410958904109589,0.1780821917808219,-0.15782085,-0.947,0.19614145
2025_06_SF_TB,2025,6,SF,TB,-0.089480095,0.44927537,-0.12199096,-0.015169561,0.07246376811594203,0.125,69,0.10647219,0.44,0.6585365853658537,-0.053128455,0.44444445,-0.605144,0.47368422,0.26644117,0.53846157,0.11538461538461539,0.019230769230769232,0.3260417,0.5569148,0.09776846
2025_06_SF_TB,2025,6,TB,SF,0.26644117,0.53846157,0.5705307,-0.037648354,0.11538461538461539,0.038461538461538464,52,0.3260417,0.53488374,0.5483870967741935,0.5569148,0.6666667,0.09776846,0.625,-0.089480095,0.44927537,0.07246376811594203,0.11594202898550725,0.10647219,-0.053128455,-0.605144
2025_06_TEN_LV,2025,6,LV,TEN,-0.0750414,0.44827586,0.20442633,-0.35450915,0.05172413793103448,0.06896551724137931,58,-0.32856187,0.3902439,0.3888888888888889,-0.15788928,0.33333334,0.53639036,0.5882353,-0.23524734,0.4,0.1,0.15,-0.18493514,0.036314793,-0.37360594
2025_06_TEN_LV,2025,6,TEN,LV,-0.23524734,0.4,-0.242409,-0.2137623,0.1,0.13333333333333333,60,-0.18493514,0.4318182,0.5833333333333334,0.036314793,0.5,-0.37360594,0.3125,-0.0750414,0.44827586,0.05172413793103448,0.1206896551724138,-0.32856187,-0.15788928,0.53639036
2025_07_ATL_SF,2025,7,ATL,SF,-0.11261776,0.43076923,-0.13095546,-0.064736016,0.015384615384615385,0.0425531914893617,65,-0.0043592784,0.44230768,0.7714285714285715,0.09450486,0.5,-0.54565173,0.3846154,0.03446366,0.5,0.125,0.0625,-0.097749904,0.23052174,0.5066549
2025_07_ATL_SF,2025,7,SF,ATL,0.03446366,0.5,0.090403184,-0.009044849,0.125,0.03571428571428571,64,-0.097749904,0.46,0.3888888888888889,0.23052174,0.5,0.5066549,0.64285713,-0.11261776,0.43076923,0.015384615384615385,0.07692307692307693,-0.0043592784,0.09450486,-0.54565173
2025_07_CAR_NYJ,2025,7,CAR,NYJ,-0.07347129,0.39130434,-0.10905891,-0.032323092,0.08695652173913043,0.05405405405405406,69,-0.05655537,0.39583334,0.5483870967741935,-0.26140007,0.375,-0.11213625,0.3809524,-0.26143134,0.29508197,0.03278688524590164,0.14754098360655737,-0.37975243,-0.42502886,0.04481152
2025_07_CAR_NYJ,2025,7,NYJ,CAR,-0.26143134,0.29508197,-0.33946553,-0.041960146,0.03278688524590164,0.13333333333333333,61,-0.37975243,0.25,0.5,-0.42502886,0.0,0.04481152,0.4117647,-0.07347129,0.39130434,0.08695652173913043,0.10144927536231885,-0.05655537,-0.26140007,-0.11213625
2025_07_GB_ARI,2025,7,ARI,GB,-0.0025914828,0.43421054,0.123214275,-0.25923523,0.05263157894736842,0.11764705882352941,76,-0.1575348,0.39655173,0.5384615384615384,0.03192988,0.33333334,0.4966703,0.5555556,0.13166411,0.5090909,0.05454545454545454,0.03636363636363636,0.2522949,0.19035262,-0.25806615
2025_07_GB_ARI,2025,7,GB,ARI,0.13166411,0.5090909,0.26057053,-0.112579644,0.05454545454545454,0.027777777777777776,55,0.2522949,0.54761904,0.6774193548387096,0.19035262,0.45454547,-0.25806615,0.3846154,-0.0025914828,0.43421054,0.05263157894736842,0.14473684210526316,-0.1575348,0.03192988,0.4966703
2025_07_HOU_SEA,2025,7,HOU,SEA,-0.29777756,0.38157895,-0.19158302,-0.7296354,0.06578947368421052,0.04918032786885246,76,-0.13683708,0.42857143,0.5,-0.54677767,0.16666667,-0.73795897,0.2631579,-0.21773493,0.37142858,0.08571428571428572,0.07142857142857142,-0.21689309,0.3188219,-0.22057614
2025_07_HOU_SEA,2025,7,SEA,HOU,-0.21773493,0.37142858,-0.34737432,-0.063788176,0.08571428571428572,0.05263157894736842,70,-0.21689309,0.37037036,0.5555555555555556,0.3188219,0.5,-0.22057614,0.375,-0.29777756,0.38157895,0.06578947368421052,0.09210526315789473,-0.13683708,-0.54677767,-0.73795897
2025_07_IND_LAC,2025,7,IND,LAC,0.44475958,0.53571427,0.41198626,0.5037515,0.125,0.027777777777777776,56,0.20519945,0.5,0.6,0.86804265,0.5833333,1.1719353,0.61538464,0.11716746,0.47368422,0.07894736842105263,0.19736842105263158,0.105837926,-0.002397397,0.14684005
2025_07_IND_LAC,2025,7,LAC,IND,0.11716746,0.47368422,0.16373101,-0.10848664,0.07894736842105263,0.047619047619047616,76,0.105837926,0.43636364,0.5,-0.002397397,0.47058824,0.14684005,0.5714286,0.44475958,0.53571427,0.125,0.08928571428571429,0.20519945,0.86804265,1.1719353
2025_07_LA_JAX,2025,7,JAX,LA,-0.13989745,0.41558442,-0.22794448,0.1487011,0.09090909090909091,0.11864406779661017,77,0.083304934,0.48214287,0.6,-1.1649776,0.0,-0.7351038,0.23809524,0.24287623,0.5,0.045454545454545456,0.06060606060606061,0.19852468,0.5544632,0.39367145
2025_07_LA_JAX,2025,7,LA,JAX,0.24287623,0.5,0.41546923,-0.059161495,0.045454545454545456,0.0,66,0.19852468,0.50980395,0.7222222222222222,0.5544632,0.625,0.39367145,0.46666667,-0.13989745,0.41558442,0.09090909090909091,0.15584415584415584,0.083304934,-1.1649776,-0.7351038
2025_07_LV_KC,2025,7,KC,LV,0.24423118,0.525641,0.55271846,-0.15498768,0.0641025641025641,0.022727272727272728,78,0.17613389,0.48333332,0.7391304347826086,0.13674982,0.45,0.47122213,0.6666667,-0.6294607,0.14285715,0.0,0.05714285714285714,-0.54286623,,-0.8459469
2025_07_LV_KC,2025,7,LV,KC,-0.6294607,0.14285715,-0.54280144,-0.7955577,0.0,0.043478260869565216,35,-0.54286623,0.16,0.75,,,-0.8459469,0.1,0.24423118,0.525641,0.0641025641025641,0.038461538461538464,0.17613389,0.13674982,0.47122213
2025_07_MIA_CLE,2025,7,CLE,MIA,0.0037233233,0.30357143,0.22792552,-0.19058524,0.05357142857142857,0.07692307692307693,56,-0.0433401,0.25581396,0.32,0.06900265,0.33333334,0.15939464,0.46153846,-0.5179957,0.2413793,0.06896551724137931,0.1206896551724138,-0.4072338,-0.7671963,-0.7641333
2025_07_MIA_CLE,2025,7,MIA,CLE,-0.5179957,0.2413793,-0.67556024,-0.24038206,0.06896551724137931,0.10810810810810811,58,-0.4072338,0.25,0.25,-0.7671963,0.0,-0.7641333,0.22222222,0.0037233233,0.30357143,0.05357142857142857,0.05357142857142857,-0.0433401,0.06900265,0.15939464
2025_07_NE_TEN,2025,7,NE,TEN,0.267477,0.48387095,0.41369995,0.065014504,0.11290322580645161,0.1111111111111111,62,0.2173248,0.45833334,0.5454545454545454,0.19147912,0.36363637,0.43942752,0.5714286,-0.27987206,0.41509435,0.03773584905660377,0.11320754716981132,-0.14594398,,-0.73745966
2025_07_NE_TEN,2025,7,TEN,NE,-0.27987206,0.41509435,-0.28390217,-0.26747176,0.03773584905660377,0.125,53,-0.14594398,0.46341464,0.47619047619047616,,,-0.73745966,0.25,0.267477,0.48387095,0.11290322580645161,0.08064516129032258,0.2173248,0.19147912,0.43942752
2025_07_NO_CHI,2025,7,CHI,NO,0.07559457,0.43939394,0.037218343,0.1038718,0.18181818181818182,0.03571428571428571,66,0.13313372,0.4716981,0.36,0.031859204,0.33333334,-0.15898815,0.30769232,-0.21227479,0.4107143,0.07142857142857142,0.125,-0.027709855,0.82325244,-0.8227588
2025_07_NO_CHI,2025,7,NO,CHI,-0.21227479,0.4107143,-0.1993983,-0.24181503,0.07142857142857142,0.10256410256410256,56,-0.027709855,0.44186047,0.6428571428571429,0.82325244,0.33333334,-0.8227588,0.30769232,0.07559457,0.43939394,0.18181818181818182,0.06060606060606061,0.13313372,0.031859204,-0.15898815
2025_07_NYG_DEN,2025,7,DEN,NYG,0.10241985,0.4,0.01760237,0.31261972,0.1125,0.03508771929824561,80,0.096466646,0.38709676,0.5,0.30754828,0.5263158,0.0066660196,0.375,0.22376789,0.38961038,0.07792207792207792,0.1038961038961039,0.06402687,0.37860525,0.6978881
2025_07_NYG_DEN,2025,7,NYG,DEN,0.22376789,0.38961038,0.3740014,0.023456568,0.07792207792207792,0.09090909090909091,77,0.06402687,0.34545454,0.6190476190476191,0.37860525,0.5555556,0.6978881,0.52380955,0.10241985,0.4,0.1125,0.0625,0.096466646,0.30754828,0.0066660196
2025_07_PHI_MIN,2025,7,MIN,PHI,-0.088495225,0.5072464,0.036079038,-0.37323642,0.10144927536231885,0.041666666666666664,69,0.014193578,0.5192308,0.5714285714285714,-0.5263447,0.36363637,-0.4026022,0.47058824,0.2545117,0.3877551,0.14285714285714285,0.08163265306122448,-0.017512226,-0.799062,1.0932523
2025_07_PHI_MIN,2025,7,PHI,MIN,0.2545117,0.3877551,0.72717977,-0.27980867,0.14285714285714285,0.11538461538461539,49,-0.017512226,0.3783784,0.52,-0.799062,0.0,1.0932523,0.41666666,-0.088495225,0.5072464,0.10144927536231885,0.11594202898550725,0.014193578,-0.5263447,-0.4026022
2025_07_PIT_CIN,2025,7,CIN,PIT,0.31523204,0.5205479,0.32593104,0.28873926,0.1095890410958904,0.038461538461538464,73,0.17835772,0.4915254,0.7142857142857143,0.07777794,0.4375,0.8920594,0.64285713,0.3082461,0.49122807,0.12280701754385964,0.03508771929824561,0.10344268,0.350565,1.2708222
2025_07_PIT_CIN,2025,7,PIT,CIN,0.3082461,0.49122807,0.35183087,0.22761428,0.12280701754385964,0.0,57,0.10344268,0.44680852,0.5769230769230769,0.350565,0.3846154,1.2708222,0.7,0.31523204,0.5205479,0.1095890410958904,0.0684931506849315,0.17835772,0.07777794,0.8920594
2025_07_TB_DET,2025,7,DET,TB,-0.080809355,0.36764705,-0.1661573,0.02105756,0.11764705882352941,0.10810810810810811,68,0.11884024,0.37254903,0.4666666666666667,-1.2819643,0.5,-0.6797582,0.3529412,-0.3428951,0.3382353,0.04411764705882353,0.11764705882352941,-0.28470382,-0.6737138,-0.43446332
2025_07_TB_DET,2025,7,TB,DET,-0.3428951,0.3382353,-0.43653435,0.1423266,0.04411764705882353,0.07017543859649122,68,-0.28470382,0.33333334,0.6666666666666666,-0.6737138,0.125,-0.43446332,0.36363637,-0.080809355,0.36764705,0.11764705882352941,0.1323529411764706,0.11884024,-1.2819643,-0.6797582
2025_07_WAS_DAL,2025,7,DAL,WAS,0.16377836,0.41538462,0.3447453,-0.09091587,0.07692307692307693,0.02631578947368421,65,0.17012909,0.4,0.6428571428571429,0.14242952,0.4,0.14260921,0.46666667,-0.15985489,0.45454547,0.07575757575757576,0.10606060606060606,-0.12035177,0.5813566,-0.2140653
2025_07_WAS_DAL,2025,7,WAS,DAL,-0.15985489,0.45454547,-0.33228984,0.1419063,0.07575757575757576,0.09523809523809523,66,-0.12035177,0.4347826,0.4444444444444444,0.5813566,0.6666667,-0.2140653,0.5263158,0.16377836,0.41538462,0.07692307692307693,0.06153846153846154,0.17012909,0.14242952,0.14260921
2025_08_BUF_CAR,2025,8,BUF,CAR,0.3270728,0.47619048,0.38909367,0.28349063,0.14285714285714285,0.07692307692307693,63,0.28696904,0.4489796,0.42105263157894735,-0.11932798,0.3,0.46743605,0.5714286,-0.31306085,0.39344263,0.04918032786885246,0.14754098360655737,-0.44009733,0.065429136,0.20567141
2025_08_BUF_CAR,2025,8,CAR,BUF,-0.31306085,0.39344263,-0.4678587,-0.11813026,0.04918032786885246,0.20588235294117646,61,-0.44009733,0.3877551,0.4,0.065429136,0.5555556,0.20567141,0.41666666,0.3270728,0.47619048,0.14285714285714285,0.031746031746031744,0.28696904,-0.11932798,0.46743605
2025_08_CHI_BAL,2025,8,BAL,CHI,0.21965343,0.5,0.29645488,0.16040659,0.14516129032258066,0.07407407407407407,62,0.278786,0.5102041,0.42424242424242425,0.018078433,0.42105263,-0.003230902,0.46153846,0.04669682,0.44444445,0.14285714285714285,0.06349206349206349,-0.0065949205,-0.40972027,0.21723041
2025_08_CHI_BAL,2025,8,CHI,BAL,0.04669682,0.44444445,0.09331053,-0.046530604,0.14285714285714285,0.023809523809523808,63,-0.0065949205,0.41666666,0.5769230769230769,-0.40972027,0.46153846,0.21723041,0.53333336,0.21965343,0.5,0.14516129032258066,0.04838709677419355,0.278786,0.018078433,-0.003230902
2025_08_CLE_NE,2025,8,CLE,NE,-0.3147657,0.2962963,-0.46003598,0.10029237,0.05555555555555555,0.025,54,-0.073187634,0.31578946,0.47058823529411764,-0.25445676,0.2857143,-0.8846144,0.26666668,0.093406856,0.4923077,0.15384615384615385,0.12307692307692308,0.18692563,-0.30943388,-0.31963444
2025_08_CLE_NE,2025,8,NE,CLE,0.093406856,0.4923077,0.3050323,-0.18624108,0.15384615384615385,0.16216216216216217,65,0.18692563,0.509434,0.5294117647058824,-0.30943388,0.33333334,-0.31963444,0.41666666,-0.3147657,0.2962963,0.05555555555555555,0.037037037037037035,-0.073187634,-0.25445676,-0.8846144
2025_08_DAL_DEN,2025,8,DAL,DEN,0.07690638,0.5135135,0.12393278,-0.00035127572,0.04054054054054054,0.043478260869565216,74,0.063344315,0.5254237,0.5,-0.31512037,0.6,0.1302505,0.46666667,0.3735873,0.55737704,0.14754098360655737,0.01639344262295082,0.28841308,0.09534731,0.8730532
2025_08_DAL_DEN,2025,8,DEN,DAL,0.3735873,0.55737704,0.51711756,0.19284551,0.14754098360655737,0.0,61,0.28841308,0.5510204,0.5,0.09534731,0.2857143,0.8730532,0.6363636,0.07690638,0.5135135,0.04054054054054054,0.10810810810810811,0.063344315,-0.31512037,0.1302505
2025_08_GB_PIT,2025,8,GB,PIT,0.32949492,0.4920635,0.5882107,-0.06375303,0.12698412698412698,0.0,63,0.23698361,0.48979592,0.56,0.22794247,0.4,0.62253726,0.46153846,-0.1146295,0.3968254,0.07936507936507936,0.07936507936507936,-0.14303534,0.28444704,0.045464404
2025_08_GB_PIT,2025,8,PIT,GB,-0.1146295,0.3968254,-0.13268633,-0.06948745,0.07936507936507936,0.06666666666666667,63,-0.14303534,0.41666666,0.5151515151515151,0.28444704,0.4,0.045464404,0.3846154,0.32949492,0.4920635,0.12698412698412698,0.07936507936507936,0.23698361,0.22794247,0.62253726
2025_08_MIA_ATL,2025,8,ATL,MIA,-0.2850561,0.40816328,-0.10502046,-0.65637964,0.061224489795918366,0.030303030303030304,49,-0.09591948,0.47058824,0.45454545454545453,-0.61726093,0.5,-0.71376586,0.26666668,0.1786517,0.49275362,0.11594202898550725,0.028985507246376812,0.26161718,0.19833475,-0.09617145
2025_08_MIA_ATL,2025,8,MIA,ATL,0.1786517,0.49275362,0.272044,0.10246328,0.11594202898550725,0.03225806451612903,69,0.26161718,0.49056605,0.5714285714285714,0.19833475,0.4117647,-0.09617145,0.5,-0.2850561,0.40816328,0.061224489795918366,0.08163265306122448,-0.09591948,-0.61726093,-0.71376586
2025_08_MIN_LAC,2025,8,LAC,MIN,0.23313491,0.5277778,0.45758972,0.020812804,0.06944444444444445,0.05714285714285714,72,0.095098585,0.4915254,0.47368421052631576,0.34298202,0.45454547,0.85960746,0.6923077,-0.36092657,0.2857143,0.02040816326530612,0.16326530612244897,-0.40036166,0.2544737,-0.25172174
2025_08_MIN_LAC,2025,8,MIN,LAC,-0.36092657,0.2857143,-0.25759104,-0.6795445,0.02040816326530612,0.13513513513513514,49,-0.40036166,0.25,0.5,0.2544737,0.4,-0.25172174,0.3846154,0.23313491,0.5277778,0.06944444444444445,0.1111111111111111,0.095098585,0.34298202,0.85960746
2025_08_NYG_PHI,2025,8,NYG,PHI,0.061180256,0.39215687,0.12975791,-0.054318953,0.058823529411764705,0.15625,51,-0.068054795,0.3783784,0.4444444444444444,0.22493044,0.375,0.40273002,0.42857143,0.4715571,0.58928573,0.17857142857142858,0.08928571428571429,0.3823847,0.71978366,0.8817503
2025_08_NYG_PHI,2025,8,PHI,NYG,0.4715571,0.58928573,0.4499496,0.49476516,0.17857142857142858,0.13793103448275862,56,0.3823847,0.5869565,0.52,0.71978366,0.5,0.8817503,0.6,0.061180256,0.39215687,0.058823529411764705,0.11764705882352941,-0.068054795,0.22493044,0.40273002
2025_08_NYJ_CIN,2025,8,CIN,NYJ,0.24608341,0.5762712,0.13244236,0.437207,0.15254237288135594,0.02702702702702703,59,0.3268758,0.6122449,0.59375,0.39194527,0.5833333,-0.14979929,0.4,0.34124362,0.6,0.14285714285714285,0.014285714285714285,0.3399379,0.34432524,0.26578662
2025_08_NYJ_CIN,2025,8,NYJ,CIN,0.34124362,0.6,0.40283597,0.26810274,0.14285714285714285,0.0,70,0.3399379,0.62,0.0,0.34432524,0.6363636,0.26578662,0.5,0.24608341,0.5762712,0.15254237288135594,0.03389830508474576,0.3268758,0.39194527,-0.14979929
2025_08_SF_HOU,2025,8,HOU,SF,0.20781735,0.46835443,0.5050829,-0.18562238,0.06329113924050633,0.0,79,0.051936343,0.40983605,0.5555555555555556,-0.35285974,0.2,0.73608077,0.6666667,-0.023636878,0.39583334,0.041666666666666664,0.125,-0.115441084,0.33312336,0.17893714
2025_08_SF_HOU,2025,8,SF,HOU,-0.023636878,0.39583334,-0.010293221,-0.07434276,0.041666666666666664,0.05263157894736842,48,-0.115441084,0.3888889,0.5714285714285714,0.33312336,0.42857143,0.17893714,0.36363637,0.20781735,0.46835443,0.06329113924050633,0.02531645569620253,0.051936343,-0.35285974,0.73608077
2025_08_TB_NO,2025,8,NO,TB,-0.48199958,0.3802817,-0.5213891,-0.24172351,0.014084507042253521,0.08196721311475409,71,-0.5933779,0.32,0.7619047619047619,-1.4668982,0.0,-0.21681313,0.52380955,-0.16390228,0.3275862,0.05172413793103448,0.05172413793103448,-0.06670786,-0.39860982,-0.4425263
2025_08_TB_NO,2025,8,TB,NO,-0.16390228,0.3275862,-0.06556896,-0.24954744,0.05172413793103448,0.1111111111111111,58,-0.06670786,0.30232558,0.43333333333333335,-0.39860982,0.2,-0.4425263,0.4,-0.48199958,0.3802817,0.014084507042253521,0.09859154929577464,-0.5933779,-1.4668982,-0.21681313
2025_08_TEN_IND,2025,8,IND,TEN,0.3456247,0.43396226,0.32662553,0.38256752,0.1509433962264151,0.08571428571428572,53,0.37985778,0.45238096,0.7142857142857143,0.68039036,0.5,0.21491656,0.36363637,-0.03585926,0.42857143,0.1,0.08571428571428572,-0.025647307,-0.307987,-0.061389137
2025_08_TEN_IND,2025,8,TEN,IND,-0.03585926,0.42857143,-0.10066422,0.08835026,0.1,0.08695652173913043,70,-0.025647307,0.42,0.2,-0.307987,0.36363637,-0.061389137,0.45,0.3456247,0.43396226,0.1509433962264151,0.11320754716981132,0.37985778,0.68039036,0.21491656
2025_08_WAS_KC,2025,8,KC,WAS,0.26197612,0.5147059,0.36058497,0.102684945,0.11764705882352941,0.07142857142857142,68,0.31795663,0.5272727,0.6388888888888888,0.6313757,0.53846157,0.025135558,0.46153846,-0.15976925,0.41509435,0.07547169811320754,0.07547169811320754,-0.23560524,-1.0466657,0.03234857
2025_08_WAS_KC,2025,8,WAS,KC,-0.15976925,0.41509435,-0.2029044,-0.0684242,0.07547169811320754,0.05555555555555555,53,-0.23560524,0.36842105,0.5185185185185185,-1.0466657,0.25,0.03234857,0.53333336,0.26197612,0.5147059,0.11764705882352941,0.10294117647058823,0.31795663,0.6313757,0.025135558
2025_09_ARI_DAL,2025,9,ARI,DAL,0.123213165,0.47692308,0.21503411,-0.00601629,0.09230769230769231,0.13157894736842105,65,0.07207524,0.46,0.56,0.31851134,0.53846157,0.29367292,0.53333336,-0.14641784,0.42424244,0.07575757575757576,0.13636363636363635,0.0835227,-0.53054845,-0.864982
2025_09_ARI_DAL,2025,9,DAL,ARI,-0.14641784,0.42424244,-0.23038152,0.09559515,0.07575757575757576,0.10204081632653061,66,0.0835227,0.46,0.5,-0.53054845,0.25,-0.864982,0.3125,0.123213165,0.47692308,0.09230769230769231,0.16923076923076924,0.07207524,0.31851134,0.29367292
2025_09_ATL_NE,2025,9,ATL,NE,0.057627976,0.4107143,0.11827599,-0.124316074,0.07142857142857142,0.023809523809523808,56,0.16548805,0.4651163,0.7692307692307693,0.48024648,0.3846154,-0.29913995,0.23076923,0.013419388,0.44615385,0.06153846153846154,0.1076923076923077,-0.14760903,0.346766,0.7246282
2025_09_ATL_NE,2025,9,NE,ATL,0.013419388,0.44615385,0.018829275,0.0047635697,0.06153846153846154,0.15,65,-0.14760903,0.3962264,0.5405405405405406,0.346766,0.41666666,0.7246282,0.6666667,0.057627976,0.4107143,0.07142857142857142,0.07142857142857142,0.16548805,0.48024648,-0.29913995
2025_09_BAL_MIA,2025,9,BAL,MIA,0.21235003,0.5,0.45414606,-0.029445969,0.14814814814814814,0.07407407407407407,54,0.23712026,0.5121951,0.5652173913043478,0.80923426,0.7,0.13422857,0.46153846,-0.21113445,0.3968254,0.09523809523809523,0.047619047619047616,-0.20637763,-1.6095651,-0.22635622
2025_09_BAL_MIA,2025,9,MIA,BAL,-0.21113445,0.3968254,-0.11735641,-0.42830467,0.09523809523809523,0.045454545454545456,63,-0.20637763,0.4375,0.4782608695652174,-1.6095651,0.16666667,-0.22635622,0.26666668,0.21235003,0.5,0.14814814814814814,0.07407407407407407,0.23712026,0.80923426,0.13422857
2025_09_CAR_GB,2025,9,CAR,GB,0.09694015,0.5,0.10377873,0.09175941,0.06896551724137931,0.04,58,0.08362717,0.47727272,0.40625,0.0123963915,0.5625,0.13878095,0.5714286,0.009977859,0.4923077,0.09230769230769231,0.09230769230769231,-0.19526038,-0.7329268,0.63852
2025_09_CAR_GB,2025,9,GB,CAR,0.009977859,0.4923077,0.1552631,-0.1944977,0.09230769230769231,0.02631578947368421,65,-0.19526038,0.46938777,0.5,-0.7329268,0.33333334,0.63852,0.5625,0.09694015,0.5,0.06896551724137931,0.034482758620689655,0.08362717,0.0123963915,0.13878095
2025_09_CHI_CIN,2025,9,CHI,CIN,0.44084588,0.55,0.47249871,0.39576462,0.1125,0.0425531914893617,80,0.3763543,0.5081967,0.5490196078431373,0.29502523,0.47368422,0.73650324,0.7222222,0.22179887,0.49253732,0.16417910447761194,0.07462686567164178,0.12247605,-0.38164297,0.6428492
2025_09_CHI_CIN,2025,9,CIN,CHI,0.22179887,0.49253732,0.31293908,-0.123231985,0.16417910447761194,0.05660377358490566,67,0.12247605,0.47272727,0.6153846153846154,-0.38164297,0.4,0.6428492,0.54545456,0.44084588,0.55,0.1125,0.0875,0.3763543,0.29502523,0.73650324
2025_09_DEN_HOU,2025,9,DEN,HOU,-0.088610865,0.31746033,-0.03993598,-0.17932315,0.07936507936507936,0.024390243902439025,63,-0.1580561,0.27659574,0.5714285714285714,1.053,1.0,0.052876797,0.4,-0.16883044,0.28767124,0.0273972602739726,0.0821917808219178,-0.05641489,-0.32983297,-0.51232237
2025_09_DEN_HOU,2025,9,HOU,DEN,-0.16883044,0.28767124,-0.065170296,-0.3678579,0.0273972602739726,0.08333333333333333,73,-0.05641489,0.3090909,0.5227272727272727,-0.32983297,0.21428572,-0.51232237,0.22222222,-0.088610865,0.31746033,0.07936507936507936,0.06349206349206349,-0.1580561,1.053,0.052876797
2025_09_IND_PIT,2025,9,IND,PIT,-0.106019996,0.5064935,-0.26847523,0.42647213,0.03896103896103896,0.0847457627118644,77,-0.36118767,0.4827586,0.72,0.3500867,0.5,0.67291296,0.57894737,-0.097708374,0.40983605,0.0,0.04918032786885246,-0.04964159,0.016975794,-0.25907543
2025_09_IND_PIT,2025,9,PIT,IND,-0.097708374,0.40983605,-0.07913998,-0.13307674,0.0,0.075,61,-0.04964159,0.40425533,0.7307692307692307,0.016975794,0.3888889,-0.25907543,0.42857143,-0.106019996,0.5064935,0.03896103896103896,0.11688311688311688,-0.36118767,0.3500867,0.67291296
2025_09_JAX_LV,2025,9,JAX,LV,0.12435492,0.49367088,-0.109847456,0.37704694,0.08860759493670886,0.024390243902439025,79,-0.05443659,0.45,0.5945945945945946,-0.08950243,0.48,0.68895966,0.6315789,0.161696,0.53125,0.078125,0.046875,0.21375662,0.46076235,0.016381783
2025_09_JAX_LV,2025,9,LV,JAX,0.161696,0.53125,0.29084235,-0.1683447,0.078125,0.043478260869565216,64,0.21375662,0.5192308,0.65625,0.46076235,0.53846157,0.016381783,0.6363636,0.12435492,0.49367088,0.08860759493670886,0.02531645569620253,-0.05443659,-0.08950243,0.68895966
2025_09_KC_BUF,2025,9,BUF,KC,0.2196645,0.5538462,0.34815034,0.102515645,0.13846153846153847,0.0967741935483871,65,0.26420113,0.53846157,0.4634146341463415,0.65877646,0.85714287,0.04151793,0.61538464,0.015184526,0.41666666,0.13333333333333333,0.23333333333333334,-0.047781363,0.22681211,0.11954186
2025_09_KC_BUF,2025,9,KC,BUF,0.015184526,0.41666666,-0.019584801,0.084723175,0.13333333333333333,0.075,60,-0.047781363,0.44186047,0.5,0.22681211,0.5,0.11954186,0.3125,0.2196645,0.5538462,0.13846153846153847,0.07692307692307693,0.26420113,0.65877646,0.04151793
2025_09_LAC_TEN,2025,9,LAC,TEN,0.0843003,0.578125,0.13954455,-0.0018807363,0.078125,0.15384615384615385,64,0.05315115,0.5882353,0.6,0.43020517,0.7,0.2065008,0.53846157,-0.23338452,0.34042552,0.14893617021276595,0.10638297872340426,0.05226,-0.9079461,-1.1682212
2025_09_LAC_TEN,2025,9,TEN,LAC,-0.23338452,0.34042552,-0.10395413,-0.40811554,0.14893617021276595,0.14814814814814814,47,0.05226,0.3888889,0.5357142857142857,-0.9079461,0.33333334,-1.1682212,0.18181819,0.0843003,0.578125,0.078125,0.15625,0.05315115,0.43020517,0.2065008
2025_09_MIN_DET,2025,9,DET,MIN,-0.041215375,0.34375,0.075612344,-0.280434,0.0625,0.11627906976744186,64,-0.22621287,0.3181818,0.625,-0.37361175,0.2,0.3657791,0.4,-0.0010127272,0.43103448,0.1206896551724138,0.15517241379310345,0.07314653,0.022003612,-0.25771788
2025_09_MIN_DET,2025,9,MIN,DET,-0.0010127272,0.43103448,-0.122334786,0.15913239,0.1206896551724138,0.15151515151515152,58,0.07314653,0.44444445,0.5142857142857142,0.022003612,0.33333334,-0.25771788,0.3846154,-0.041215375,0.34375,0.0625,0.171875,-0.22621287,-0.37361175,0.3657791
2025_09_NO_LA,2025,9,LA,NO,0.31041574,0.57894737,0.40957704,0.22117057,0.10526315789473684,0.05555555555555555,76,0.2088197,0.55,0.6363636363636364,0.29510602,0.6315789,0.6914009,0.6875,-0.2977071,0.325,0.1,0.05,-0.010395698,-0.42563787,-1.0551645
2025_09_NO_LA,2025,9,NO,LA,-0.2977071,0.325,-0.0017115152,-0.84741324,0.1,0.038461538461538464,40,-0.010395698,0.37931034,0.5,-0.42563787,0.16666667,-1.0551645,0.18181819,0.31041574,0.57894737,0.10526315789473684,0.05263157894736842,0.2088197,0.29510602,0.6914009
2025_09_SEA_WAS,2025,9,SEA,WAS,0.454613,0.60784316,0.89293504,-0.038499333,0.19607843137254902,0.0,51,0.42332214,0.6,0.47058823529411764,0.60768884,0.71428573,0.5683979,0.6363636,-0.055172987,0.4923077,0.046153846153846156,0.07692307692307693,-0.044106748,0.48952332,-0.086418815
2025_09_SEA_WAS,2025,9,WAS,SEA,-0.055172987,0.4923077,-0.10274783,0.011784227,0.046153846153846156,0.10526315789473684,65,-0.044106748,0.5,0.6363636363636364,0.48952332,0.7,-0.086418815,0.47058824,0.454613,0.60784316,0.19607843137254902,0.0196078431372549,0.42332214,0.60768884,0.5683979
2025_09_SF_NYG,2025,9,NYG,SF,0.17243345,0.50877196,0.18128994,0.15324436,0.07017543859649122,0.05128205128205128,57,0.1861334,0.51111114,0.5294117647058824,0.21091883,0.5714286,0.12105858,0.5,0.30983448,0.515625,0.15625,0.046875,0.22492914,0.5119959,0.6429246
2025_09_SF_NYG,2025,9,SF,NYG,0.30983448,0.515625,0.4363366,0.21144389,0.15625,0.07142857142857142,64,0.22492914,0.50980395,0.4782608695652174,0.5119959,0.42857143,0.6429246,0.53846157,0.17243345,0.50877196,0.07017543859649122,0.05263157894736842,0.1861334,0.21091883,0.12105858
2025_10_ARI_SEA,2025,10,ARI,SEA,-0.20929877,0.42105263,-0.18979095,-0.26782236,0.06578947368421052,0.08771929824561403,76,-0.15503567,0.4074074,0.6666666666666666,-0.3506555,0.2962963,-0.40894198,0.42857143,0.08774759,0.54385966,0.14035087719298245,0.03508771929824561,-0.031332787,0.07045108,0.72284305
2025_10_ARI_SEA,2025,10,SEA,ARI,0.08774759,0.54385966,0.42258176,-0.031836018,0.14035087719298245,0.06666666666666667,57,-0.031332787,0.5208333,0.6,0.07045108,0.35714287,0.72284305,0.6666667,-0.20929877,0.42105263,0.06578947368421052,0.11842105263157894,-0.15503567,-0.3506555,-0.40894198
2025_10_ATL_IND,2025,10,ATL,IND,-0.0057120207,0.46774194,-0.129383,0.14445989,0.11290322580645161,0.08823529411764706,62,0.2614608,0.5192308,0.45161290322580644,0.9886363,0.875,-1.667012,0.11111111,0.14939146,0.54545456,0.14285714285714285,0.1038961038961039,0.40884167,-0.31788152,-0.7550224
2025_10_ATL_IND,2025,10,IND,ATL,0.14939146,0.54545456,-0.0069393516,0.3369884,0.14285714285714285,0.16666666666666666,77,0.40884167,0.6,0.5714285714285714,-0.31788152,0.4,-0.7550224,0.375,-0.0057120207,0.46774194,0.11290322580645161,0.06451612903225806,0.2614608,0.9886363,-1.667012
2025_10_BAL_MIN,2025,10,BAL,MIN,0.025376355,0.49275362,0.03449353,0.014834625,0.08695652173913043,0.02702702702702703,69,0.10122814,0.509434,0.6,0.035464257,0.5625,-0.31114152,0.4,-0.08431879,0.4,0.13846153846153847,0.18461538461538463,-0.04170089,-0.3507002,-0.1349441
2025_10_BAL_MIN,2025,10,MIN,BAL,-0.08431879,0.4,-0.103466034,-0.014568076,0.13846153846153847,0.0196078431372549,65,-0.04170089,0.45454547,0.55,-0.3507002,0.3,-0.1349441,0.3,0.025376355,0.49275362,0.08695652173913043,0.057971014492753624,0.10122814,0.035464257,-0.31114152
2025_10_BUF_MIA,2025,10,BUF,MIA,-0.0825595,0.42647058,0.098876804,-0.5180066,0.1323529411764706,0.0625,68,0.07047092,0.46938777,0.6666666666666666,-1.0737641,0.16666667,-0.45111784,0.33333334,0.31231633,0.43137255,0.17647058823529413,0.0392156862745098,0.3082806,0.55821574,0.33114985
2025_10_BUF_MIA,2025,10,MIA,BUF,0.31231633,0.43137255,0.42892715,0.23068877,0.17647058823529413,0.0,51,0.3082806,0.45238096,0.375,0.55821574,0.75,0.33114985,0.33333334,-0.0825595,0.42647058,0.1323529411764706,0.10294117647058823,0.07047092,-1.0737641,-0.45111784
2025_10_CLE_NYJ,2025,10,CLE,NYJ,-0.043361254,0.3561644,0.0020621368,-0.120749235,0.0821917808219178,0.13043478260869565,73,-0.06286946,0.3272727,0.5454545454545454,0.049955178,0.2,0.01624717,0.44444445,-0.24411571,0.25531915,0.1276595744680851,0.14893617021276595,-0.32270727,-0.8958556,-0.014890318
2025_10_CLE_NYJ,2025,10,NYJ,CLE,-0.24411571,0.25531915,-0.39609268,-0.15799539,0.1276595744680851,0.17647058823529413,47,-0.32270727,0.2,0.391304347826087,-0.8958556,0.0,-0.014890318,0.41666666,-0.043361254,0.3561644,0.0821917808219178,0.0958904109589041,-0.06286946,0.049955178,0.01624717
2025_10_DET_WAS,2025,10,DET,WAS,0.4914259,0.5942029,0.6816431,0.28391615,0.11594202898550725,0.0,69,0.40914312,0.5714286,0.5,0.50009483,0.47058824,0.8286142,0.6666667,0.16990611,0.4528302,0.05660377358490566,0.09433962264150944,0.1758614,0.4314074,0.33785784
2025_10_DET_WAS,2025,10,WAS,DET,0.16990611,0.4528302,0.44009256,-0.13270271,0.05660377358490566,0.07142857142857142,53,0.1758614,0.4864865,0.5714285714285714,0.4314074,0.5,0.33785784,0.46153846,0.4914259,0.5942029,0.11594202898550725,0.07246376811594203,0.40914312,0.50009483,0.8286142
2025_10_JAX_HOU,2025,10,HOU,JAX,0.10326342,0.50666666,0.13160166,0.034993995,0.10666666666666667,0.03773584905660377,75,-0.0387045,0.47272727,1.0,0.30518344,0.45,0.63026494,0.64705884,-0.19092523,0.4032258,0.08064516129032258,0.08064516129032258,-0.21459948,-0.00059614977,-0.014580921
2025_10_JAX_HOU,2025,10,JAX,HOU,-0.19092523,0.4032258,-0.16498795,-0.23490582,0.08064516129032258,0.1282051282051282,62,-0.21459948,0.4,0.25,-0.00059614977,0.4,-0.014580921,0.45454547,0.10326342,0.50666666,0.10666666666666667,0.05333333333333334,-0.0387045,0.30518344,0.63026494
2025_10_LA_SF,2025,10,LA,SF,0.4141483,0.63076925,0.61162585,0.15319575,0.09230769230769231,0.02702702702702703,65,0.37063903,0.6363636,0.6296296296296297,1.0123814,0.90909094,0.6534493,0.6,0.1123409,0.5714286,0.06349206349206349,0.015873015873015872,0.24102597,0.27020058,-0.33556852
2025_10_LA_SF,2025,10,SF,LA,0.1123409,0.5714286,0.26572427,-0.19442585,0.06349206349206349,0.0,63,0.24102597,0.62,0.5,0.27020058,0.47368422,-0.33556852,0.41666666,0.4141483,0.63076925,0.09230769230769231,0.1076923076923077,0.37063903,1.0123814,0.6534493
2025_10_LV_DEN,2025,10,DEN,LV,-0.30538678,0.37288135,-0.41389608,-0.16766343,0.03389830508474576,0.06060606060606061,59,-0.10226346,0.41860464,0.5454545454545454,-0.11402124,0.33333334,-0.8512807,0.25,-0.3926294,0.33333334,0.05,0.13333333333333333,-0.3488867,0.66691166,-0.49469566
2025_10_LV_DEN,2025,10,LV,DEN,-0.3926294,0.33333334,-0.4869459,-0.24090289,0.05,0.16216216216216217,60,-0.3488867,0.35714287,0.5483870967741935,0.66691166,0.6666667,-0.49469566,0.2777778,-0.30538678,0.37288135,0.03389830508474576,0.06779661016949153,-0.10226346,-0.11402124,-0.8512807
2025_10_NE_TB,2025,10,NE,TB,0.19361869,0.38333333,0.15008907,0.2688062,0.1,0.02631578947368421,60,0.20956852,0.3488372,0.6875,-0.32204688,0.36363637,0.15327498,0.47058824,0.052727245,0.49275362,0.13043478260869565,0.07246376811594203,0.24011804,0.4323381,-0.5427384
2025_10_NE_TB,2025,10,TB,NE,0.052727245,0.49275362,0.034803767,0.09101832,0.13043478260869565,0.0425531914893617,69,0.24011804,0.5471698,0.5909090909090909,0.4323381,0.42857143,-0.5427384,0.33333334,0.19361869,0.38333333,0.1,0.1,0.20956852,-0.32204688,0.15327498
2025_10_NO_CAR,2025,10,CAR,NO,-0.30006108,0.3962264,-0.21433143,-0.41188237,0.03773584905660377,0.06666666666666667,53,-0.32380113,0.375,0.47058823529411764,-0.8745854,0.5,-0.2270148,0.46153846,0.14284027,0.4,0.1076923076923077,0.07692307692307693,-0.101643465,-0.09518224,0.6929287
2025_10_NO_CAR,2025,10,NO,CAR,0.14284027,0.4,0.30688065,-0.016229171,0.1076923076923077,0.0625,65,-0.101643465,0.33333334,0.5161290322580645,-0.09518224,0.25,0.6929287,0.55,-0.30006108,0.3962264,0.03773584905660377,0.05660377358490566,-0.32380113,-0.8745854,-0.2270148
2025_10_NYG_CHI,2025,10,CHI,NYG,0.0765804,0.5,0.10606532,0.013398406,0.12121212121212122,0.0,66,0.29239175,0.56,0.5217391304347826,0.3764742,0.5714286,-0.5978301,0.3125,-0.0054572397,0.38356164,0.1506849315068493,0.1095890410958904,0.019079538,-0.43242684,-0.07519335
2025_10_NYG_CHI,2025,10,NYG,CHI,-0.0054572397,0.38356164,-0.009480058,0.0010079762,0.1506849315068493,0.08888888888888889,73,0.019079538,0.3888889,0.6451612903225806,-0.43242684,0.36363637,-0.07519335,0.36842105,0.0765804,0.5,0.12121212121212122,0.045454545454545456,0.29239175,0.3764742,-0.5978301
2025_10_PHI_GB,2025,10,GB,PHI,-0.15282585,0.3880597,-0.14727505,-0.16277105,0.07462686567164178,0.06976744186046512,67,-0.1296184,0.37254903,0.45161290322580644,1.0413822,1.0,-0.22679958,0.4375,-0.069291405,0.33333334,0.07936507936507936,0.0,-0.14573553,-1.1876104,0.1077371
2025_10_PHI_GB,2025,10,PHI,GB,-0.069291405,0.33333334,0.29943168,-0.4044942,0.07936507936507936,0.0,63,-0.14573553,0.29545453,0.45454545454545453,-1.1876104,0.0,0.1077371,0.42105263,-0.15282585,0.3880597,0.07462686567164178,0.11940298507462686,-0.1296184,1.0413822,-0.22679958
2025_10_PIT_LAC,2025,10,LAC,PIT,-0.11164817,0.3888889,-0.1253872,-0.09241354,0.06944444444444445,0.11904761904761904,72,-0.06624438,0.41509435,0.75,0.27189216,0.44444445,-0.23830085,0.31578946,-0.37294954,0.3846154,0.057692307692307696,0.09615384615384616,-0.2337168,-1.3623152,-0.83705854
2025_10_PIT_LAC,2025,10,PIT,LAC,-0.37294954,0.3846154,-0.49904653,-0.11333799,0.057692307692307696,0.08571428571428572,52,-0.2337168,0.45,0.4444444444444444,-1.3623152,0.0,-0.83705854,0.16666667,-0.11164817,0.3888889,0.06944444444444445,0.125,-0.06624438,0.27189216,-0.23830085
2025_11_BAL_CLE,2025,11,BAL,CLE,-0.11659462,0.42372882,-0.38223374,0.19823693,0.06779661016949153,0.15625,59,-0.25639963,0.42222223,0.5333333333333333,-0.7557109,0.15384616,0.33277866,0.42857143,-0.43516582,0.2857143,0.125,0.17857142857142858,-0.11155727,-0.814776,-1.2441872
2025_11_BAL_CLE,2025,11,CLE,BAL,-0.43516582,0.2857143,-0.5383583,-0.28710705,0.125,0.09090909090909091,56,-0.11155727,0.35,0.3793103448275862,-0.814776,0.16666667,-1.2441872,0.125,-0.11659462,0.42372882,0.06779661016949153,0.11864406779661017,-0.25639963,-0.7557109,0.33277866
2025_11_CAR_ATL,2025,11,ATL,CAR,0.08826325,0.5151515,0.27655992,-0.12432975,0.10606060606060606,0.0,66,0.13751645,0.5283019,0.4,0.30634388,0.71428573,-0.112538286,0.46153846,0.09658963,0.4050633,0.11392405063291139,0.12658227848101267,0.1462715,-0.27771962,-0.023652315
2025_11_CAR_ATL,2025,11,CAR,ATL,0.09658963,0.4050633,0.28102228,-0.27936924,0.11392405063291139,0.09433962264150944,79,0.1462715,0.4,0.5185185185185185,-0.27771962,0.25,-0.023652315,0.4090909,0.08826325,0.5151515,0.10606060606060606,0.015151515151515152,0.13751645,0.30634388,-0.112538286
2025_11_CHI_MIN,2025,11,CHI,MIN,-0.06310087,0.44,-0.00662626,-0.118089296,0.04,0.05405405405405406,75,-0.07319707,0.44642857,0.5333333333333333,-0.10240819,0.44444445,-0.033343654,0.42105263,-0.17616986,0.43636364,0.07272727272727272,0.09090909090909091,-0.092687234,0.3679523,-0.47531596
2025_11_CHI_MIN,2025,11,MIN,CHI,-0.17616986,0.43636364,-0.37438196,0.12114826,0.07272727272727272,0.0,55,-0.092687234,0.4651163,0.56,0.3679523,0.4,-0.47531596,0.33333334,-0.06310087,0.44,0.04,0.06666666666666667,-0.07319707,-0.10240819,-0.033343654
2025_11_CIN_PIT,2025,11,CIN,PIT,-0.18438691,0.35384616,-0.36089593,0.13793385,0.06153846153846154,0.023809523809523808,65,-0.18537465,0.29787233,0.5161290322580645,-1.2131873,0.0,-0.13679653,0.5294118,0.18347394,0.453125,0.078125,0.0625,0.12219435,0.07438988,0.38365397
2025_11_CIN_PIT,2025,11,PIT,CIN,0.18347394,0.453125,0.33119226,-0.032422066,0.078125,0.02631578947368421,64,0.12219435,0.42857143,0.5384615384615384,0.07438988,0.36363637,0.38365397,0.53333336,-0.18438691,0.35384616,0.06153846153846154,0.046153846153846156,-0.18537465,-1.2131873,-0.13679653
2025_11_DAL_LV,2025,11,DAL,LV,0.16860405,0.5645161,0.31033933,-0.015126866,0.0967741935483871,0.02857142857142857,62,0.1757343,0.56,0.52,0.106768414,0.4375,0.13889469,0.5833333,-0.1985623,0.44067797,0.05084745762711865,0.1694915254237288,-0.15466584,-0.18462181,-0.32732522
2025_11_DAL_LV,2025,11,LV,DAL,-0.1985623,0.44067797,-0.209733,-0.12734908,0.05084745762711865,0.0784313725490196,59,-0.15466584,0.47727272,0.8125,-0.18462181,0.3,-0.32732522,0.33333334,0.16860405,0.5645161,0.0967741935483871,0.06451612903225806,0.1757343,0.106768414,0.13889469
2025_11_DET_PHI,2025,11,DET,PHI,-0.40076452,0.33898306,-0.36572376,-0.46909398,0.11864406779661017,0.05128205128205128,59,-0.058419727,0.41463414,0.59375,-0.8185965,0.2,-1.1805499,0.16666667,-0.19118156,0.3802817,0.07042253521126761,0.014084507042253521,-0.11047102,-0.2149482,-0.4288293
2025_11_DET_PHI,2025,11,PHI,DET,-0.19118156,0.3802817,-0.23464312,-0.15124393,0.07042253521126761,0.029411764705882353,71,-0.11047102,0.3773585,0.47368421052631576,-0.2149482,0.42857143,-0.4288293,0.3888889,-0.40076452,0.33898306,0.11864406779661017,0.11864406779661017,-0.058419727,-0.8185965,-1.1805499
2025_11_GB_NYG,2025,11,GB,NYG,0.35079408,0.47272727,0.446349,0.21784814,0.12727272727272726,0.0625,55,0.21988577,0.41860464,0.5,0.72282404,0.72727275,0.79868984,0.6363636,0.13630217,0.46478873,0.08450704225352113,0.07042253521126761,0.06939536,-0.2563673,0.31941554
2025_11_GB_NYG,2025,11,NYG,GB,0.13630217,0.46478873,0.20578463,0.075962126,0.08450704225352113,0.06060606060606061,71,0.06939536,0.42307693,0.3235294117647059,-0.2563673,0.375,0.31941554,0.57894737,0.35079408,0.47272727,0.12727272727272726,0.14545454545454545,0.21988577,0.72282404,0.79868984
2025_11_HOU_TEN,2025,11,HOU,TEN,-0.06580661,0.41428572,0.012887816,-0.23750357,0.04285714285714286,0.08333333333333333,70,0.048847117,0.42857143,0.627906976744186,-0.757354,0.375,-0.5244216,0.35714287,-0.09622361,0.37288135,0.03389830508474576,0.0847457627118644,-0.13895726,0.9040679,0.018623114
2025_11_HOU_TEN,2025,11,TEN,HOU,-0.09622361,0.37288135,0.028360318,-0.49667192,0.03389830508474576,0.06666666666666667,59,-0.13895726,0.3488372,0.5925925925925926,0.9040679,1.0,0.018623114,0.4375,-0.06580661,0.41428572,0.04285714285714286,0.1,0.048847117,-0.757354,-0.5244216
2025_11_KC_DEN,2025,11,DEN,KC,0.015152114,0.44262296,0.11485249,-0.18923365,0.08196721311475409,0.04878048780487805,61,-0.09702922,0.41304347,0.6333333333333333,-0.3022178,0.30769232,0.35917488,0.53333336,0.1185824,0.42857143,0.04285714285714286,0.11428571428571428,0.01129266,-0.37188548,0.45307395
2025_11_KC_DEN,2025,11,KC,DEN,0.1185824,0.42857143,0.1324106,0.06326957,0.04285714285714286,0.05357142857142857,70,0.01129266,0.43396226,0.75,-0.37188548,0.3,0.45307395,0.4117647,0.015152114,0.44262296,0.08196721311475409,0.08196721311475409,-0.09702922,-0.3022178,0.35917488
2025_11_LAC_JAX,2025,11,JAX,LAC,0.13688974,0.53521127,0.21258157,0.09315668,0.08450704225352113,0.0,71,0.13673101,0.54545456,0.38235294117647056,0.36544767,0.6666667,0.13743533,0.5,-0.47060466,0.33333334,0.041666666666666664,0.10416666666666667,-0.39104936,-1.0158366,-0.6297152
2025_11_LAC_JAX,2025,11,LAC,JAX,-0.47060466,0.33333334,-0.5786893,-0.17960769,0.041666666666666664,0.08571428571428572,48,-0.39104936,0.34375,0.6818181818181818,-1.0158366,0.0,-0.6297152,0.3125,0.13688974,0.53521127,0.08450704225352113,0.028169014084507043,0.13673101,0.36544767,0.13743533
2025_11_NYJ_NE,2025,11,NE,NYJ,0.13845152,0.484375,0.29056698,-0.11507427,0.078125,0.025,64,0.08620358,0.48,0.575,0.11918382,0.54545456,0.3250513,0.5,-0.08509738,0.47368422,0.05263157894736842,0.10526315789473684,-0.20763,-0.3256039,0.2579939
2025_11_NYJ_NE,2025,11,NYJ,NE,-0.08509738,0.47368422,-0.09755543,-0.06796757,0.05263157894736842,0.06060606060606061,57,-0.20763,0.45238096,0.2857142857142857,-0.3256039,0.2857143,0.2579939,0.53333336,0.13845152,0.484375,0.078125,0.0625,0.08620358,0.11918382,0.3250513
2025_11_SEA_LA,2025,11,LA,SEA,-0.1940106,0.37254903,-0.33793423,-0.018799257,0.09803921568627451,0.0,51,-0.15109664,0.3783784,0.5862068965517241,-0.20475094,0.3846154,-0.30742607,0.35714287,-0.189935,0.4642857,0.05952380952380952,0.03571428571428571,-0.11810933,-0.2366892,-0.47301266
2025_11_SEA_LA,2025,11,SEA,LA,-0.189935,0.4642857,-0.25277328,-0.10615064,0.05952380952380952,0.0,84,-0.11810933,0.46268657,0.45161290322580644,-0.2366892,0.21428572,-0.47301266,0.47058824,-0.1940106,0.37254903,0.09803921568627451,0.058823529411764705,-0.15109664,-0.20475094,-0.30742607
2025_11_SF_ARI,2025,11,ARI,SF,-0.024636742,0.46835443,0.06698734,-0.31397596,0.05063291139240506,0.0,79,0.002929103,0.48387095,0.8333333333333334,-0.16971175,0.44444445,-0.015593846,0.46666667,0.19183476,0.53846157,0.11538461538461539,0.057692307692307696,0.24809137,0.13468112,0.031809896
2025_11_SF_ARI,2025,11,SF,ARI,0.19183476,0.53846157,0.30195487,0.041671004,0.11538461538461539,0.03333333333333333,52,0.24809137,0.5813953,0.5384615384615384,0.13468112,0.46153846,0.031809896,0.375,-0.024636742,0.46835443,0.05063291139240506,0.05063291139240506,0.002929103,-0.16971175,-0.015593846
2025_11_TB_BUF,2025,11,BUF,TB,0.28041264,0.48214287,0.3957518,0.08818077,0.14285714285714285,0.0,56,0.053508084,0.46341464,0.625,0.44285977,0.6666667,1.0325912,0.5714286,0.06942247,0.44285715,0.1,0.04285714285714286,-0.012425927,0.011987949,0.43454677
2025_11_TB_BUF,2025,11,TB,BUF,0.06942247,0.44285715,-0.03853052,0.18372563,0.1,0.027777777777777776,70,-0.012425927,0.39215687,0.35714285714285715,0.011987949,0.33333334,0.43454677,0.64705884,0.28041264,0.48214287,0.14285714285714285,0.017857142857142856,0.053508084,0.44285977,1.0325912
2025_11_WAS_MIA,2025,11,MIA,WAS,-0.006656837,0.53571427,0.10978791,-0.0939904,0.16071428571428573,0.125,56,0.21747202,0.6,0.4444444444444444,-0.5213195,0.45,-0.92354757,0.27272728,0.08190856,0.52238804,0.11940298507462686,0.07462686567164178,0.08105846,-0.35450613,0.084618226
2025_11_WAS_MIA,2025,11,WAS,MIA,0.08190856,0.52238804,0.26175946,-0.114803374,0.11940298507462686,0.02857142857142857,67,0.08105846,0.50980395,0.5526315789473685,-0.35450613,0.4,0.084618226,0.5625,-0.006656837,0.53571427,0.16071428571428573,0.05357142857142857,0.21747202,-0.5213195,-0.92354757
2025_12_ATL_NO,2025,12,ATL,NO,-0.11221283,0.44444445,-0.14940746,-0.07767496,0.1111111111111111,0.11538461538461539,54,-0.01551918,0.46341464,0.6153846153846154,0.25804538,0.5,-0.5396839,0.33333334,-0.23330636,0.425,0.0125,0.1,-0.07937543,-0.7104317,-0.665779
2025_12_ATL_NO,2025,12,NO,ATL,-0.23330636,0.425,-0.27301756,-0.1508293,0.0125,0.09259259259259259,80,-0.07937543,0.44067797,0.6875,-0.7104317,0.21428572,-0.665779,0.3809524,-0.11221283,0.44444445,0.1111111111111111,0.05555555555555555,-0.01551918,0.25804538,-0.5396839
2025_12_BUF_HOU,2025,12,BUF,HOU,-0.16421366,0.36923078,-0.27404684,0.082911,0.1076923076923077,0.17777777777777778,65,-0.27122712,0.36363637,0.5925925925925926,-1.1368406,0.0,0.060005017,0.3809524,-0.077266306,0.41379312,0.08620689655172414,0.06896551724137931,0.06539234,0.03154245,-0.5710846
2025_12_BUF_HOU,2025,12,HOU,BUF,-0.077266306,0.41379312,-0.187796,0.079317436,0.08620689655172414,0.0,58,0.06539234,0.44444445,0.55,0.03154245,0.3529412,-0.5710846,0.30769232,-0.16421366,0.36923078,0.1076923076923077,0.16923076923076924,-0.27122712,-1.1368406,0.060005017
2025_12_CAR_SF,2025,12,CAR,SF,-0.2348384,0.39130434,-0.2975126,0.022822233,0.06521739130434782,0.02702702702702703,46,-0.15073033,0.4473684,0.631578947368421,-0.96888953,0.33333334,-0.58968765,0.14285715,-0.0013478714,0.45588234,0.058823529411764705,0.014705882352941176,-0.092545286,0.3366291,0.32088298
2025_12_CAR_SF,2025,12,SF,CAR,-0.0013478714,0.45588234,-0.0640103,0.057733823,0.058823529411764705,0.0,68,-0.092545286,0.41509435,0.5348837209302325,0.3366291,0.625,0.32088298,0.6,-0.2348384,0.39130434,0.06521739130434782,0.06521739130434782,-0.15073033,-0.96888953,-0.58968765
2025_12_CLE_LV,2025,12,CLE,LV,-0.22228737,0.26,-0.14491862,-0.29370472,0.1,0.041666666666666664,50,-0.47527438,0.2631579,0.4,0.34280753,0.75,0.57883805,0.25,-0.3348924,0.32911393,0.0379746835443038,0.20253164556962025,-0.37049076,0.47826633,-0.23657306
2025_12_CLE_LV,2025,12,LV,CLE,-0.3348924,0.32911393,-0.28368852,-0.4965888,0.0379746835443038,0.16666666666666666,79,-0.37049076,0.3275862,0.6666666666666666,0.47826633,0.25,-0.23657306,0.33333334,-0.22228737,0.26,0.1,0.1,-0.47527438,0.34280753,0.57883805
2025_12_IND_KC,2025,12,IND,KC,-0.018942168,0.38,0.080397926,-0.23003988,0.06,0.0,50,0.00287531,0.3888889,0.6071428571428571,-0.19626316,0.3,-0.07504426,0.35714287,0.031264484,0.45833334,0.0625,0.08333333333333333,-0.025620969,-0.41719678,0.21784475
2025_12_IND_KC,2025,12,KC,IND,0.031264484,0.45833334,0.22558074,-0.27859116,0.0625,0.06779661016949153,96,-0.025620969,0.44155845,0.6129032258064516,-0.41719678,0.39130434,0.21784475,0.5,-0.018942168,0.38,0.06,0.12,0.00287531,-0.19626316,-0.07504426
2025_12_JAX_ARI,2025,12,ARI,JAX,-0.13217132,0.41666666,-0.10029302,-0.24122865,0.03571428571428571,0.09230769230769231,84,-0.03937535,0.43548387,0.6136363636363636,0.009351166,0.375,-0.39368722,0.36363637,-0.17871149,0.4262295,0.08196721311475409,0.08196721311475409,0.12639762,-0.6015105,-1.4245735
2025_12_JAX_ARI,2025,12,JAX,ARI,-0.17871149,0.4262295,-0.17390376,-0.18563454,0.08196721311475409,0.08333333333333333,61,0.12639762,0.46938777,0.5666666666666667,-0.6015105,0.45454547,-1.4245735,0.25,-0.13217132,0.41666666,0.03571428571428571,0.16666666666666666,-0.03937535,0.009351166,-0.39368722
2025_12_MIN_GB,2025,12,GB,MIN,0.055030324,0.484375,0.34584948,-0.13139221,0.078125,0.04,64,0.1284258,0.48,0.43333333333333335,-0.00092971325,0.4,-0.20709641,0.5,-0.42938006,0.38636363,0.045454545454545456,0.20454545454545456,-0.25413764,-2.5437534,-1.0252044
2025_12_MIN_GB,2025,12,MIN,GB,-0.42938006,0.38636363,-0.63558733,-0.15805478,0.045454545454545456,0.2,44,-0.25413764,0.44117647,0.4090909090909091,-2.5437534,0.0,-1.0252044,0.2,0.055030324,0.484375,0.078125,0.078125,0.1284258,-0.00092971325,-0.20709641
2025_12_NE_CIN,2025,12,CIN,NE,-0.17502531,0.46031746,-0.29945132,0.027166916,0.047619047619047616,0.02564102564102564,63,-0.052776586,0.4893617,0.38235294117647056,2.5163672,1.0,-0.53413093,0.375,0.022934189,0.47142857,0.08571428571428572,0.04285714285714286,0.08267865,-0.5473906,-0.19612888
2025_12_NE_CIN,2025,12,NE,CIN,0.022934189,0.47142857,0.27167615,-0.35017878,0.08571428571428572,0.023809523809523808,70,0.08267865,0.47272727,0.6333333333333333,-0.5473906,0.35714287,-0.19612888,0.46666667,-0.17502531,0.46031746,0.047619047619047616,0.09523809523809523,-0.052776586,2.5163672,-0.53413093
2025_12_NYG_DET,2025,12,DET,NYG,0.15461844,0.5074627,-0.12293546,0.7625937,0.13432835820895522,0.06521739130434782,67,0.2878175,0.537037,0.6086956521739131,-0.3878526,0.42857143,-0.39866987,0.3846154,0.14523478,0.38271606,0.16049382716049382,0.08641975308641975,0.029120458,-0.48011133,0.47698998
2025_12_NYG_DET,2025,12,NYG,DET,0.14523478,0.38271606,0.49033844,-0.24527726,0.16049382716049382,0.023255813953488372,81,0.029120458,0.33333334,0.45454545454545453,-0.48011133,0.25,0.47698998,0.52380955,0.15461844,0.5074627,0.13432835820895522,0.1044776119402985,0.2878175,-0.3878526,-0.39866987
2025_12_NYJ_BAL,2025,12,BAL,NYJ,0.055789143,0.3442623,0.19852659,-0.10171426,0.06557377049180328,0.03125,61,-0.054279193,0.31111112,0.5,-0.061991237,0.25,0.36535633,0.4375,-0.1999663,0.33898306,0.03389830508474576,0.1016949152542373,-0.071462266,-0.7402271,-0.65467274
2025_12_NYJ_BAL,2025,12,NYJ,BAL,-0.1999663,0.33898306,0.055370927,-0.57233304,0.03389830508474576,0.08571428571428572,59,-0.071462266,0.3478261,0.39285714285714285,-0.7402271,0.2,-0.65467274,0.30769232,0.055789143,0.3442623,0.06557377049180328,0.01639344262295082,-0.054279193,-0.061991237,0.36535633
2025_12_PHI_DAL,2025,12,DAL,PHI,-0.024016537,0.43661973,0.11515224,-0.2648856,0.11267605633802817,0.022222222222222223,71,0.06715695,0.45614034,0.42857142857142855,-0.24301717,0.5,-0.3952229,0.35714287,0.0031687722,0.3968254,0.031746031746031744,0.09523809523809523,-0.10571954,0.73567224,0.42196995
2025_12_PHI_DAL,2025,12,PHI,DAL,0.0031687722,0.3968254,0.04936344,-0.13252804,0.031746031746031744,0.02127659574468085,63,-0.10571954,0.38,0.6666666666666666,0.73567224,0.5555556,0.42196995,0.46153846,-0.024016537,0.43661973,0.11267605633802817,0.08450704225352113,0.06715695,-0.24301717,-0.3952229
2025_12_PIT_CHI,2025,12,CHI,PIT,0.011751019,0.42857143,0.056090664,-0.0653614,0.07936507936507936,0.025,63,-0.11886303,0.3877551,0.6818181818181818,0.66785765,0.6,0.4689002,0.5714286,0.048218843,0.5277778,0.041666666666666664,0.05555555555555555,-0.09132239,0.47198305,0.43746546
2025_12_PIT_CHI,2025,12,PIT,CHI,0.048218843,0.5277778,-0.06397808,0.16682702,0.041666666666666664,0.05405405405405406,72,-0.09132239,0.5283019,0.3548387096774194,0.47198305,0.72727275,0.43746546,0.5263158,0.011751019,0.42857143,0.07936507936507936,0.015873015873015872,-0.11886303,0.66785765,0.4689002
2025_12_SEA_TEN,2025,12,SEA,TEN,0.27772254,0.4893617,0.3256058,0.20715775,0.1702127659574468,0.03571428571428571,47,0.35165185,0.53846157,0.46153846153846156,0.09904282,0.3846154,-0.08268285,0.25,-0.009621105,0.37333333,0.04,0.14666666666666667,-0.09365643,0.24718529,0.16895394
2025_12_SEA_TEN,2025,12,TEN,SEA,-0.009621105,0.37333333,0.10337802,-0.3203687,0.04,0.07272727272727272,75,-0.09365643,0.33333334,0.5,0.24718529,0.7777778,0.16895394,0.45833334,0.27772254,0.4893617,0.1702127659574468,0.06382978723404255,0.35165185,0.09904282,-0.08268285
2025_12_TB_LA,2025,12,LA,TB,0.076005034,0.53571427,0.1950567,-0.15583241,0.07142857142857142,0.02702702702702703,56,0.13877203,0.5777778,0.875,0.6135064,0.6666667,-0.18076903,0.36363637,-0.3951853,0.32857144,0.04285714285714286,0.08571428571428572,-0.38761237,-1.0279394,-0.41066036
2025_12_TB_LA,2025,12,TB,LA,-0.3951853,0.32857144,-0.58914226,-0.04606266,0.04285714285714286,0.08888888888888889,70,-0.38761237,0.27659574,0.5,-1.0279394,0.2,-0.41066036,0.4347826,0.076005034,0.53571427,0.07142857142857142,0.05357142857142857,0.13877203,0.6135064,-0.18076903
2025_13_ARI_TB,2025,13,ARI,TB,-0.026304463,0.6,0.113547854,-0.41089836,0.06666666666666667,0.045454545454545456,60,0.13995129,0.66,0.625,-0.12343091,0.5,-0.8575832,0.3,-0.029960442,0.43103448,0.1206896551724138,0.034482758620689655,-0.10820556,0.16704434,0.14391759
2025_13_ARI_TB,2025,13,TB,ARI,-0.029960442,0.43103448,0.005201234,-0.08346734,0.1206896551724138,0.05714285714285714,58,-0.10820556,0.4,0.5,0.16704434,0.5,0.14391759,0.5,-0.026304463,0.6,0.06666666666666667,0.11666666666666667,0.13995129,-0.12343091,-0.8575832
2025_13_ATL_NYJ,2025,13,ATL,NYJ,0.18087268,0.5362319,0.18432587,0.17710558,0.13043478260869565,0.05555555555555555,69,0.2800345,0.57894737,0.4222222222222222,0.65272695,0.6363636,-0.29014602,0.33333334,0.023049904,0.44615385,0.015384615384615385,0.09230769230769231,-0.018341582,0.115666434,0.13112767
2025_13_ATL_NYJ,2025,13,NYJ,ATL,0.023049904,0.44615385,0.084307835,-0.096681505,0.015384615384615385,0.046511627906976744,65,-0.018341582,0.42553192,0.5714285714285714,0.115666434,0.3,0.13112767,0.5,0.18087268,0.5362319,0.13043478260869565,0.10144927536231885,0.2800345,0.65272695,-0.29014602
2025_13_BUF_PIT,2025,13,BUF,PIT,0.10006493,0.45945945,0.24567424,0.016417045,0.0945945945945946,0.0,74,0.034159064,0.42105263,0.2857142857142857,0.02367275,0.25,0.32104346,0.5882353,-0.4242491,0.3255814,0.09302325581395349,0.046511627906976744,-0.40100557,-0.47353765,-0.5009529
2025_13_BUF_PIT,2025,13,PIT,BUF,-0.4242491,0.3255814,-0.47469062,-0.3541915,0.09302325581395349,0.04,43,-0.40100557,0.33333334,0.5909090909090909,-0.47353765,0.2857143,-0.5009529,0.3,0.10006493,0.45945945,0.0945945945945946,0.013513513513513514,0.034159064,0.02367275,0.32104346
2025_13_CHI_PHI,2025,13,CHI,PHI,0.042160287,0.44186047,-0.123734914,0.20051481,0.08139534883720931,0.047619047619047616,86,0.0557598,0.42424244,0.5,0.2642961,0.5,-0.002718109,0.5,-0.05642719,0.42307693,0.09615384615384616,0.019230769230769232,0.03329277,-1.1360776,-0.27380264
2025_13_CHI_PHI,2025,13,PHI,CHI,-0.05642719,0.42307693,0.040092815,-0.25514483,0.09615384615384616,0.0,52,0.03329277,0.46153846,0.4166666666666667,-1.1360776,0.5,-0.27380264,0.33333334,0.042160287,0.44186047,0.08139534883720931,0.06976744186046512,0.0557598,0.2642961,-0.002718109
2025_13_CIN_BAL,2025,13,BAL,CIN,-0.33492178,0.3898305,-0.55100036,0.11998043,0.0847457627118644,0.075,59,-0.15674612,0.39130434,0.7083333333333334,-1.2533281,0.25,-0.96538955,0.3846154,0.019006772,0.39759037,0.07228915662650602,0.08433734939759036,-0.09147127,-0.6461738,0.32533228
2025_13_CIN_BAL,2025,13,CIN,BAL,0.019006772,0.39759037,0.16999549,-0.1985946,0.07228915662650602,0.02040816326530612,83,-0.09147127,0.36065573,0.6041666666666666,-0.6461738,0.0952381,0.32533228,0.5,-0.33492178,0.3898305,0.0847457627118644,0.1016949152542373,-0.15674612,-1.2533281,-0.96538955
2025_13_DEN_WAS,2025,13,DEN,WAS,0.15219855,0.44285715,0.19789732,0.04556808,0.08571428571428572,0.02040816326530612,70,0.11679238,0.43396226,0.5945945945945946,0.18898651,0.5714286,0.26258248,0.47058824,0.088153794,0.41573033,0.07865168539325842,0.06741573033707865,-0.12518214,-0.16157444,0.7360664
2025_13_DEN_WAS,2025,13,WAS,DEN,0.088153794,0.41573033,0.08649217,0.09142165,0.07865168539325842,0.03389830508474576,89,-0.12518214,0.36923078,0.47368421052631576,-0.16157444,0.3,0.7360664,0.5652174,0.15219855,0.44285715,0.08571428571428572,0.05714285714285714,0.11679238,0.18898651,0.26258248
2025_13_GB_DET,2025,13,DET,GB,0.048194107,0.41269842,0.38165358,-0.29602212,0.15873015873015872,0.09375,63,0.012606334,0.3617021,0.18181818181818182,0.14477709,0.36363637,0.15273319,0.5625,0.31817716,0.5084746,0.11864406779661017,0.03389830508474576,0.08906506,0.38249686,0.8842188
2025_13_GB_DET,2025,13,GB,DET,0.31817716,0.5084746,0.53701735,0.02055456,0.11864406779661017,0.0,59,0.08906506,0.45238096,0.5277777777777778,0.38249686,0.6,0.8842188,0.64705884,0.048194107,0.41269842,0.15873015873015872,0.09523809523809523,0.012606334,0.14477709,0.15273319
2025_13_HOU_IND,2025,13,HOU,IND,0.030582845,0.42105263,0.23947638,-0.214121,0.07894736842105263,0.04878048780487805,76,-0.031539634,0.37288135,0.5777777777777777,-0.41654956,0.2777778,0.24618441,0.5882353,-0.034005243,0.3888889,0.12962962962962962,0.1111111111111111,0.13562834,-0.27861422,-0.51867265
2025_13_HOU_IND,2025,13,IND,HOU,-0.034005243,0.3888889,0.15217829,-0.2849483,0.12962962962962962,0.03225806451612903,54,0.13562834,0.425,0.6071428571428571,-0.27861422,0.42857143,-0.51867265,0.2857143,0.030582845,0.42105263,0.07894736842105263,0.06578947368421052,-0.031539634,-0.41654956,0.24618441
2025_13_JAX_TEN,2025,13,JAX,TEN,0.009926305,0.4,0.18687172,-0.23779728,0.05,0.08571428571428572,60,-0.052988146,0.36956522,0.5384615384615384,0.49953714,0.5555556,0.15231022,0.46153846,-0.37743312,0.27118644,0.05084745762711865,0.0847457627118644,-0.29267,-0.7254226,-0.5868479
2025_13_JAX_TEN,2025,13,TEN,JAX,-0.37743312,0.27118644,-0.4787547,-0.018910697,0.05084745762711865,0.06521739130434782,59,-0.29267,0.23809524,0.4444444444444444,-0.7254226,0.0,-0.5868479,0.3529412,0.009926305,0.4,0.05,0.08333333333333333,-0.052988146,0.49953714,0.15231022
2025_13_KC_DAL,2025,13,DAL,KC,0.27415717,0.49275362,0.43333846,-0.044205364,0.07246376811594203,0.0,69,0.10680657,0.44230768,0.5454545454545454,-0.007923548,0.35714287,0.769369,0.625,0.17532253,0.42424244,0.10606060606060606,0.13636363636363635,0.07511491,0.48775995,0.4641562
2025_13_KC_DAL,2025,13,KC,DAL,0.17532253,0.42424244,0.31598067,-0.14819118,0.10606060606060606,0.06521739130434782,66,0.07511491,0.40816328,0.575,0.48775995,0.41666666,0.4641562,0.47058824,0.27415717,0.49275362,0.07246376811594203,0.08695652173913043,0.10680657,-0.007923548,0.769369
2025_13_LA_CAR,2025,13,CAR,LA,0.19092292,0.39344263,0.6272995,-0.09213217,0.09836065573770492,0.08333333333333333,61,-0.14996035,0.3409091,0.2777777777777778,-0.96278703,0.0,1.0732089,0.5294118,0.14862052,0.60784316,0.1568627450980392,0.0392156862745098,0.29406407,0.16259137,-1.1894604
2025_13_LA_CAR,2025,13,LA,CAR,0.14862052,0.60784316,-0.11706899,0.5281769,0.1568627450980392,0.06666666666666667,51,0.29406407,0.6304348,0.5625,0.16259137,0.5625,-1.1894604,0.4,0.19092292,0.39344263,0.09836065573770492,0.03278688524590164,-0.14996035,-0.96278703,1.0732089
2025_13_LV_LAC,2025,13,LAC,LV,0.13819392,0.41538462,0.26897416,0.039225094,0.046153846153846156,0.10714285714285714,65,-0.034320455,0.31914893,0.42857142857142855,-0.17738761,0.4375,0.5886481,0.6666667,-0.25111866,0.44680852,0.0425531914893617,0.1702127659574468,0.02012857,0.43289262,-1.138837
2025_13_LV_LAC,2025,13,LV,LAC,-0.25111866,0.44680852,0.032775987,-0.75210917,0.0425531914893617,0.16666666666666666,47,0.02012857,0.5,0.4,0.43289262,0.625,-1.138837,0.27272728,0.13819392,0.41538462,0.046153846153846156,0.06153846153846154,-0.034320455,-0.17738761,0.5886481
2025_13_MIN_SEA,2025,13,MIN,SEA,-0.6641846,0.23529412,-0.8455172,-0.2675195,0.058823529411764705,0.11428571428571428,51,-0.38651365,0.23684211,0.6428571428571429,-2.9745626,0.0,-1.475838,0.23076923,-0.13779168,0.40298507,0.04477611940298507,0.07462686567164178,-0.14252563,0.10936502,-0.12386831
2025_13_MIN_SEA,2025,13,SEA,MIN,-0.13779168,0.40298507,-0.23448275,-0.049388416,0.04477611940298507,0.125,67,-0.14252563,0.4,0.47619047619047616,0.10936502,0.2857143,-0.12386831,0.4117647,-0.6641846,0.23529412,0.058823529411764705,0.11764705882352941,-0.38651365,-2.9745626,-1.475838
2025_13_NO_MIA,2025,13,MIA,NO,-0.13490428,0.4107143,-0.35334355,0.08353498,0.10714285714285714,0.14285714285714285,56,0.014060599,0.4651163,0.45454545454545453,-0.6411071,0.0,-0.62763417,0.23076923,-0.16911003,0.44444445,0.0,0.09722222222222222,-0.06488839,0.7423767,-0.5064065
2025_13_NO_MIA,2025,13,NO,MIA,-0.16911003,0.44444445,-0.20500824,-0.10162138,0.0,0.0851063829787234,72,-0.06488839,0.47368422,0.5714285714285714,0.7423767,0.75,-0.5064065,0.30769232,-0.13490428,0.4107143,0.10714285714285714,0.10714285714285714,0.014060599,-0.6411071,-0.62763417
2025_13_NYG_NE,2025,13,NE,NYG,0.15040766,0.46031746,0.3182335,-0.104687616,0.1111111111111111,0.07894736842105263,63,0.0910291,0.4489796,0.625,-0.27032262,0.33333334,0.3582326,0.5,-0.076873355,0.42857143,0.05357142857142857,0.125,0.026640737,1.053,-0.42823583
2025_13_NYG_NE,2025,13,NYG,NE,-0.076873355,0.42857143,-0.12731178,-0.0045051756,0.05357142857142857,0.06060606060606061,56,0.026640737,0.45,0.75,1.053,1.0,-0.42823583,0.33333334,0.15040766,0.46031746,0.1111111111111111,0.07936507936507936,0.0910291,-0.27032262,0.3582326
2025_13_SF_CLE,2025,13,CLE,SF,-0.21658088,0.41269842,-0.24010304,-0.19229995,0.031746031746031744,0.09375,63,0.08019493,0.47826087,0.3333333333333333,-1.2508913,0.5,-1.1491601,0.1875,0.011028129,0.34848484,0.030303030303030304,0.10606060606060606,-0.17944346,0.18883653,0.6051849
2025_13_SF_CLE,2025,13,SF,CLE,0.011028129,0.34848484,0.0516951,-0.03488619,0.030303030303030304,0.02857142857142857,66,-0.17944346,0.27083334,0.5294117647058824,0.18883653,0.27272728,0.6051849,0.5882353,-0.21658088,0.41269842,0.031746031746031744,0.09523809523809523,0.08019493,-1.2508913,-1.1491601
2025_14_CHI_GB,2025,14,CHI,GB,0.086057924,0.51428574,0.016654158,0.17859627,0.04285714285714286,0.025,70,0.10628551,0.52,0.3157894736842105,-0.06089688,0.5,-0.01806426,0.47368422,0.20429644,0.5192308,0.15384615384615385,0.019230769230769232,0.051152594,0.43858895,0.71477604
2025_14_CHI_GB,2025,14,GB,CHI,0.20429644,0.5192308,0.2377307,0.16818748,0.15384615384615385,0.037037037037037035,52,0.051152594,0.475,0.5,0.43858895,0.6666667,0.71477604,0.6666667,0.086057924,0.51428574,0.04285714285714286,0.08571428571428572,0.10628551,-0.06089688,-0.01806426
2025_14_CIN_BUF,2025,14,BUF,CIN,0.27957347,0.57377046,0.69430834,-0.45563838,0.11475409836065574,0.07692307692307693,61,0.07659421,0.5555556,0.5625,-0.05186136,0.57894737,0.8369495,0.6,0.16905746,0.51666665,0.05,0.08333333333333333,-0.14115809,0.72469807,1.4770732
2025_14_CIN_BUF,2025,14,CIN,BUF,0.16905746,0.51666665,0.28152683,-0.073639564,0.05,0.024390243902439025,60,-0.14115809,0.44680852,0.5,0.72469807,0.625,1.4770732,0.8333333,0.27957347,0.57377046,0.11475409836065574,0.08196721311475409,0.07659421,-0.05186136,0.8369495
2025_14_DAL_DET,2025,14,DAL,DET,-0.05355207,0.42682928,-0.07611292,0.007977529,0.0975609756097561,0.08333333333333333,82,-0.032607887,0.41269842,0.5714285714285714,-0.078414895,0.375,-0.1883318,0.44444445,0.26413396,0.46666667,0.15,0.13333333333333333,0.28054166,0.40429825,0.17115715
2025_14_DAL_DET,2025,14,DET,DAL,0.26413396,0.46666667,0.27650866,0.24115242,0.15,0.02564102564102564,60,0.28054166,0.47058824,0.7096774193548387,0.40429825,0.5,0.17115715,0.44444445,-0.05355207,0.42682928,0.0975609756097561,0.13414634146341464,-0.032607887,-0.078414895,-0.1883318
2025_14_DEN_LV,2025,14,DEN,LV,0.14558329,0.5675676,0.20963074,0.056743268,0.05405405405405406,0.06976744186046512,74,0.12390984,0.55932206,0.6097560975609756,0.17955017,0.5,0.23083219,0.6,0.012383776,0.4,0.04,0.14,0.17059661,-0.33075863,-0.43791425
2025_14_DEN_LV,2025,14,LV,DEN,0.012383776,0.4,0.04324078,-0.09701829,0.04,0.10256410256410256,50,0.17059661,0.4054054,0.55,-0.33075863,0.25,-0.43791425,0.3846154,0.14558329,0.5675676,0.05405405405405406,0.08108108108108109,0.12390984,0.17955017,0.23083219
2025_14_HOU_KC,2025,14,HOU,KC,-0.06733696,0.32857144,0.027702026,-0.18690212,0.02857142857142857,0.07692307692307693,70,-0.13521717,0.26530612,0.5217391304347826,0.14135613,0.25,0.09105023,0.47619048,-0.29289538,0.36507937,0.047619047619047616,0.1111111111111111,-0.1545158,-0.014399136,-0.66733414
2025_14_HOU_KC,2025,14,KC,HOU,-0.29289538,0.36507937,-0.44119638,-0.01651615,0.047619047619047616,0.04878048780487805,63,-0.1545158,0.3478261,0.5454545454545454,-0.014399136,0.42857143,-0.66733414,0.4117647,-0.06733696,0.32857144,0.02857142857142857,0.12857142857142856,-0.13521717,0.14135613,0.09105023
2025_14_IND_JAX,2025,14,IND,JAX,-0.15237345,0.3768116,-0.044981346,-0.3671577,0.043478260869565216,0.021739130434782608,69,-0.22510305,0.3653846,0.5625,-0.060662717,0.29411766,0.1336619,0.4375,0.06764221,0.40983605,0.09836065573770492,0.0,-0.06673276,0.017608821,0.41543624
2025_14_IND_JAX,2025,14,JAX,IND,0.06764221,0.40983605,0.33116934,-0.26420674,0.09836065573770492,0.0,61,-0.06673276,0.38636363,0.5714285714285714,0.017608821,0.5,0.41543624,0.47058824,-0.15237345,0.3768116,0.043478260869565216,0.07246376811594203,-0.22510305,-0.060662717,0.1336619
2025_14_LA_ARI,2025,14,ARI,LA,-0.07870081,0.37096775,-0.065732315,-0.13273619,0.06451612903225806,0.06,62,0.06316954,0.3877551,0.7142857142857143,-0.30788934,0.25,-0.61344296,0.30769232,0.4354662,0.64179105,0.16417910447761194,0.029850746268656716,0.5386124,0.2188145,-0.44864437
2025_14_LA_ARI,2025,14,LA,ARI,0.4354662,0.64179105,0.51650256,0.35681325,0.16417910447761194,0.0,67,0.5386124,0.68333334,0.5483870967741935,0.2188145,0.41666666,-0.44864437,0.2857143,-0.07870081,0.37096775,0.06451612903225806,0.1774193548387097,0.06316954,-0.30788934,-0.61344296
2025_14_MIA_NYJ,2025,14,MIA,NYJ,0.21568929,0.5555556,0.07289308,0.2977971,0.15873015873015872,0.043478260869565216,63,0.37286076,0.61538464,0.4444444444444444,1.049652,0.875,-0.52730316,0.27272728,-0.4006805,0.33898306,0.05084745762711865,0.13559322033898305,-0.16741373,-1.545181,-1.0849297
2025_14_MIA_NYJ,2025,14,NYJ,MIA,-0.4006805,0.33898306,-0.52339387,-0.09750634,0.05084745762711865,0.14285714285714285,59,-0.16741373,0.38636363,0.5,-1.545181,0.14285715,-1.0849297,0.2,0.21568929,0.5555556,0.15873015873015872,0.047619047619047616,0.37286076,1.049652,-0.52730316
2025_14_NO_TB,2025,14,NO,TB,0.0011082675,0.39285713,0.09086717,-0.07668277,0.05357142857142857,0.11538461538461539,56,-0.0010257537,0.37209302,0.4,0.30535468,0.5714286,0.008166987,0.46153846,-0.1493449,0.3918919,0.08108108108108109,0.02702702702702703,-0.022817422,0.65552866,-0.41294384
2025_14_NO_TB,2025,14,TB,NO,-0.1493449,0.3918919,-0.13183945,-0.16885097,0.08108108108108109,0.0,74,-0.022817422,0.42,0.4634146341463415,0.65552866,0.8,-0.41294384,0.33333334,0.0011082675,0.39285713,0.05357142857142857,0.07142857142857142,-0.0010257537,0.30535468,0.008166987
2025_14_PHI_LAC,2025,14,LAC,PHI,-0.2472027,0.3243243,-0.26055318,-0.22868429,0.06756756756756757,0.16279069767441862,74,-0.3366725,0.28301886,0.45161290322580644,-0.3888121,0.2,-0.021397926,0.42857143,-0.27643982,0.35714287,0.1,0.08571428571428572,-0.27115557,-0.903032,-0.29757684
2025_14_PHI_LAC,2025,14,PHI,LAC,-0.27643982,0.35714287,-0.4014641,-0.020955486,0.1,0.02127659574468085,70,-0.27115557,0.35714287,0.5641025641025641,-0.903032,0.14285715,-0.29757684,0.35714287,-0.2472027,0.3243243,0.06756756756756757,0.12162162162162163,-0.3366725,-0.3888121,-0.021397926
2025_14_PIT_BAL,2025,14,BAL,PIT,0.024042958,0.44871795,0.0026658303,0.050306287,0.0641025641025641,0.046511627906976744,78,-0.031521298,0.43636364,0.4,-0.33634555,0.2631579,0.15691401,0.47826087,0.24276742,0.4117647,0.09803921568627451,0.0196078431372549,0.11015681,-0.051516864,0.56103295
2025_14_PIT_BAL,2025,14,PIT,BAL,0.24276742,0.4117647,0.301959,0.10070762,0.09803921568627451,0.0,51,0.11015681,0.3888889,0.6666666666666666,-0.051516864,0.36842105,0.56103295,0.46666667,0.024042958,0.44871795,0.0641025641025641,0.0641025641025641,-0.031521298,-0.33634555,0.15691401
2025_14_SEA_ATL,2025,14,ATL,SEA,-0.29738218,0.375,-0.37372258,-0.21611653,0.078125,0.030303030303030304,64,0.017591132,0.41666666,0.3448275862068966,-0.9344035,0.13333334,-1.242302,0.25,0.11889175,0.47540984,0.11475409836065574,0.04918032786885246,0.121081494,0.13793178,0.11080654
2025_14_SEA_ATL,2025,14,SEA,ATL,0.11889175,0.47540984,0.32950285,-0.16462317,0.11475409836065574,0.05714285714285714,61,0.121081494,0.45833334,0.6071428571428571,0.13793178,0.54545456,0.11080654,0.53846157,-0.29738218,0.375,0.078125,0.109375,0.017591132,-0.9344035,-1.242302
2025_14_TEN_CLE,2025,14,CLE,TEN,-0.05491398,0.42028984,0.063206494,-0.36575735,0.08695652173913043,0.04,69,-0.052435104,0.40384614,0.5806451612903226,0.18651053,0.5,0.05543743,0.53333336,-0.101178676,0.34848484,0.045454545454545456,0.07575757575757576,0.015905986,0.8094643,-0.41340446
2025_14_TEN_CLE,2025,14,TEN,CLE,-0.101178676,0.34848484,-0.30993348,0.07278365,0.045454545454545456,0.03333333333333333,66,0.015905986,0.35416666,0.3888888888888889,0.8094643,0.4,-0.41340446,0.33333334,-0.05491398,0.42028984,0.08695652173913043,0.17391304347826086,-0.052435104,0.18651053,0.05543743
2025_14_WAS_MIN,2025,14,MIN,WAS,0.30457705,0.55,0.38660967,0.21688704,0.08333333333333333,0.12903225806451613,60,0.14016797,0.5208333,0.42857142857142855,0.64217675,0.8333333,0.96221346,0.6666667,-0.37201723,0.3653846,0.07692307692307693,0.07692307692307693,-0.21188445,-1.74654,-0.7670115
2025_14_WAS_MIN,2025,14,WAS,MIN,-0.37201723,0.3653846,-0.5709905,0.0038210833,0.07692307692307693,0.058823529411764705,52,-0.21188445,0.35135135,0.5833333333333334,-1.74654,0.125,-0.7670115,0.4,0.30457705,0.55,0.08333333333333333,0.11666666666666667,0.14016797,0.64217675,0.96221346
2025_15_ARI_HOU,2025,15,ARI,HOU,0.03672211,0.46969697,-0.009217804,0.14238392,0.045454545454545456,0.043478260869565216,66,0.04197473,0.48979592,,0.59543955,0.5,0.082118586,0.4375,0.22322595,0.46875,0.09375,0.03125,0.17831264,-0.10999784,0.3994244
2025_15_ARI_HOU,2025,15,HOU,ARI,0.22322595,0.46875,0.45253566,-0.020877926,0.09375,0.030303030303030304,64,0.17831264,0.4509804,0.4,-0.10999784,0.32,0.3994244,0.53846157,0.03672211,0.46969697,0.045454545454545456,0.045454545454545456,0.04197473,0.59543955,0.082118586
2025_15_ATL_TB,2025,15,ATL,TB,0.18552482,0.47826087,0.245137,0.0581715,0.13043478260869565,0.02127659574468085,69,0.135163,0.47272727,0.5714285714285714,0.44297025,0.54545456,0.605104,0.5833333,0.14512442,0.5217391,0.11594202898550725,0.08695652173913043,0.0734858,0.46261314,0.4338086
2025_15_ATL_TB,2025,15,TB,ATL,0.14512442,0.5217391,0.20615914,0.014732079,0.11594202898550725,0.10638297872340426,69,0.0734858,0.50877196,0.6444444444444445,0.46261314,0.6,0.4338086,0.54545456,0.18552482,0.47826087,0.13043478260869565,0.057971014492753624,0.135163,0.44297025,0.605104
2025_15_BAL_CIN,2025,15,BAL,CIN,0.20007621,0.4473684,0.06624899,0.3339034,0.2631578947368421,0.21052631578947367,38,0.25936133,0.46875,0.55,-0.65784365,0.0,-0.116111256,0.33333334,-0.3178049,0.36842105,0.039473684210526314,0.13157894736842105,0.0017334278,-2.1613193,-1.154691
2025_15_BAL_CIN,2025,15,CIN,BAL,-0.3178049,0.36842105,-0.35403907,-0.25568908,0.039473684210526314,0.0625,76,0.0017334278,0.4,0.5,-2.1613193,0.4,-1.154691,0.2857143,0.20007621,0.4473684,0.2631578947368421,0.13157894736842105,0.25936133,-0.65784365,-0.116111256
2025_15_BUF_NE,2025,15,BUF,NE,0.27603376,0.47761193,0.31456098,0.23129252,0.08955223880597014,0.05555555555555555,67,0.09969895,0.44,0.5,0.5038716,0.5,0.79466563,0.5882353,0.2300455,0.53846157,0.09615384615384616,0.09615384615384616,0.35593113,0.72556585,-0.18957324
2025_15_BUF_NE,2025,15,NE,BUF,0.2300455,0.53846157,-0.031497907,0.5866956,0.09615384615384616,0.1,52,0.35593113,0.575,0.5238095238095238,0.72556585,0.8333333,-0.18957324,0.41666666,0.27603376,0.47761193,0.08955223880597014,0.05970149253731343,0.09969895,0.5038716,0.79466563
2025_15_CAR_NO,2025,15,CAR,NO,0.09215888,0.36842105,0.30560192,-0.18104821,0.08771929824561403,0.03125,57,-0.12014659,0.3,0.4827586206896552,0.92970055,1.0,0.59170115,0.5294118,0.12060856,0.52238804,0.014925373134328358,0.07462686567164178,0.079803914,-0.0712846,0.29010475
2025_15_CAR_NO,2025,15,NO,CAR,0.12060856,0.52238804,0.2772411,-0.1790363,0.014925373134328358,0.11363636363636363,67,0.079803914,0.5185185,0.5454545454545454,-0.0712846,0.36363637,0.29010475,0.53846157,0.09215888,0.36842105,0.08771929824561403,0.05263157894736842,-0.12014659,0.92970055,0.59170115
2025_15_CLE_CHI,2025,15,CHI,CLE,0.04692835,0.44615385,0.16325122,-0.07302963,0.12307692307692308,0.09090909090909091,65,0.15397991,0.46938777,0.3076923076923077,0.30489007,0.54545456,-0.28091705,0.375,-0.46604475,0.23214285,0.03571428571428571,0.26785714285714285,-0.40532982,-0.738578,-0.63199896
2025_15_CLE_CHI,2025,15,CLE,CHI,-0.46604475,0.23214285,-0.5153061,-0.31826076,0.03571428571428571,0.11904761904761904,56,-0.40532982,0.2195122,0.5,-0.738578,0.33333334,-0.63199896,0.26666668,0.04692835,0.44615385,0.12307692307692308,0.09230769230769231,0.15397991,0.30489007,-0.28091705
2025_15_DET_LA,2025,15,DET,LA,0.18640026,0.359375,0.38066962,-0.21138941,0.109375,0.023255813953488372,64,0.021221986,0.31914893,0.5172413793103449,0.2813393,0.375,0.6430696,0.47058824,0.20446424,0.5972222,0.1388888888888889,0.1111111111111111,0.20105904,-0.40001312,0.21991856
2025_15_DET_LA,2025,15,LA,DET,0.20446424,0.5972222,0.19457799,0.21999976,0.1388888888888889,0.045454545454545456,72,0.20105904,0.62711865,0.6046511627906976,-0.40001312,0.5714286,0.21991856,0.46153846,0.18640026,0.359375,0.109375,0.125,0.021221986,0.2813393,0.6430696
2025_15_GB_DEN,2025,15,DEN,GB,0.16708198,0.4848485,0.5316396,-0.32767478,0.07575757575757576,0.0,66,0.23205753,0.48979592,0.5517241379310345,0.8654419,0.6363636,0.03772451,0.5,0.045897547,0.4090909,0.10606060606060606,0.21212121212121213,-0.07672203,-0.114550285,0.39933047
2025_15_GB_DEN,2025,15,GB,DEN,0.045897547,0.4090909,0.14525189,-0.21904734,0.10606060606060606,0.0625,66,-0.07672203,0.3877551,0.7058823529411765,-0.114550285,0.23076923,0.39933047,0.47058824,0.16708198,0.4848485,0.07575757575757576,0.045454545454545456,0.23205753,0.8654419,0.03772451
2025_15_IND_SEA,2025,15,IND,SEA,-0.050182626,0.38333333,-0.019642845,-0.07875209,0.016666666666666666,0.034482758620689655,60,-0.10754296,0.33333334,0.3235294117647059,0.8352038,0.33333334,0.1218984,0.53333336,-0.052897453,0.45614034,0.05263157894736842,0.08771929824561403,0.08699273,-0.68762016,-0.52637196
2025_15_IND_SEA,2025,15,SEA,IND,-0.052897453,0.45614034,0.08698338,-0.33265913,0.05263157894736842,0.02631578947368421,57,0.08699273,0.52272725,0.52,-0.68762016,0.0,-0.52637196,0.23076923,-0.050182626,0.38333333,0.016666666666666666,0.06666666666666667,-0.10754296,0.8352038,0.1218984
2025_15_LAC_KC,2025,15,KC,LAC,-0.113398544,0.4262295,-0.07082527,-0.2075079,0.04918032786885246,0.11904761904761904,61,-0.12787217,0.40425533,0.53125,-0.35652623,0.33333334,-0.064808525,0.5,-0.010000168,0.4923077,0.046153846153846156,0.15384615384615385,0.08588863,0.30781958,-0.32962948
2025_15_LAC_KC,2025,15,LAC,KC,-0.010000168,0.4923077,0.08117967,-0.11637663,0.046153846153846156,0.11428571428571428,65,0.08588863,0.52,0.4594594594594595,0.30781958,0.25,-0.32962948,0.4,-0.113398544,0.4262295,0.04918032786885246,0.14754098360655737,-0.12787217,-0.35652623,-0.064808525
2025_15_LV_PHI,2025,15,LV,PHI,-0.41019967,0.26190478,-0.5264912,-0.11947074,0.023809523809523808,0.13333333333333333,42,-0.26690838,0.20689656,0.75,,,-0.7298495,0.3846154,0.27447757,0.5652174,0.10144927536231885,0.014492753623188406,0.1066496,-0.061979707,0.78783363
2025_15_LV_PHI,2025,15,PHI,LV,0.27447757,0.5652174,1.0606592,-0.14481932,0.10144927536231885,0.041666666666666664,69,0.1066496,0.5192308,0.3333333333333333,-0.061979707,0.4814815,0.78783363,0.7058824,-0.41019967,0.26190478,0.023809523809523808,0.21428571428571427,-0.26690838,,-0.7298495
2025_15_MIA_PIT,2025,15,MIA,PIT,-0.040278737,0.42,0.04171758,-0.23160343,0.1,0.11428571428571428,50,0.18703158,0.4871795,0.375,0.55448675,0.4,-0.8237965,0.22222222,0.20847796,0.530303,0.07575757575757576,0.045454545454545456,0.11481149,0.76317036,0.47845778
2025_15_MIA_PIT,2025,15,PIT,MIA,0.20847796,0.530303,0.36641866,0.059827883,0.07575757575757576,0.09375,66,0.11481149,0.5102041,0.42857142857142855,0.76317036,0.7,0.47845778,0.5882353,-0.040278737,0.42,0.1,0.1,0.18703158,0.55448675,-0.8237965
2025_15_MIN_DAL,2025,15,DAL,MIN,0.103390686,0.46478873,0.0018414004,0.24217471,0.11267605633802817,0.04878048780487805,71,0.19824263,0.5090909,0.4878048780487805,0.013301492,0.42857143,-0.2226629,0.3125,0.21643485,0.4814815,0.1111111111111111,0.018518518518518517,0.08247152,0.31718937,0.68530655
2025_15_MIN_DAL,2025,15,MIN,DAL,0.21643485,0.4814815,0.475942,-0.063034356,0.1111111111111111,0.0,54,0.08247152,0.47619048,0.5806451612903226,0.31718937,0.5,0.68530655,0.5,0.103390686,0.46478873,0.11267605633802817,0.1267605633802817,0.19824263,0.013301492,-0.2226629
2025_15_NYJ_JAX,2025,15,JAX,NYJ,0.31214616,0.5423729,0.73442256,-0.5112928,0.11864406779661017,0.0,59,0.25517017,0.5294118,0.631578947368421,0.36519557,0.59090906,0.67536813,0.625,-0.15684514,0.42647058,0.058823529411764705,0.10294117647058823,-0.22386158,-0.44301626,0.02931167
2025_15_NYJ_JAX,2025,15,NYJ,JAX,-0.15684514,0.42647058,-0.19876403,-0.09319049,0.058823529411764705,0.07317073170731707,68,-0.22386158,0.4,0.5,-0.44301626,0.71428573,0.02931167,0.5,0.31214616,0.5423729,0.11864406779661017,0.03389830508474576,0.25517017,0.36519557,0.67536813
2025_15_TEN_SF,2025,15,SF,TEN,0.24674416,0.527027,0.5042457,-0.073182024,0.08108108108108109,0.04878048780487805,74,0.10284544,0.46551725,0.5806451612903226,0.16996266,0.45454547,0.768377,0.75,0.16676228,0.49056605,0.09433962264150944,0.05660377358490566,0.22096235,0.08979994,-0.018421222
2025_15_TEN_SF,2025,15,TEN,SF,0.16676228,0.49056605,0.06062207,0.3163235,0.09433962264150944,0.0,53,0.22096235,0.5121951,0.5625,0.08979994,0.41666666,-0.018421222,0.41666666,0.24674416,0.527027,0.08108108108108109,0.08108108108108109,0.10284544,0.16996266,0.768377
2025_15_WAS_NYG,2025,15,NYG,WAS,0.038765907,0.44117647,0.13868925,-0.15673628,0.07352941176470588,0.022222222222222223,68,0.1138174,0.5,0.6111111111111112,0.1866891,0.41666666,-0.20515141,0.25,-0.0064041615,0.4827586,0.1206896551724138,0.08620689655172414,0.14967062,2.2567823,-0.7555631
2025_15_WAS_NYG,2025,15,WAS,NYG,-0.0064041615,0.4827586,0.08588046,-0.092536464,0.1206896551724138,0.07142857142857142,58,0.14967062,0.5,0.34615384615384615,2.2567823,1.0,-0.7555631,0.4,0.038765907,0.44117647,0.07352941176470588,0.11764705882352941,0.1138174,0.1866891,-0.20515141
2025_16_ATL_ARI,2025,16,ARI,ATL,0.02460376,0.3859649,-0.022231026,0.09383779,0.12280701754385964,0.058823529411764705,57,-0.17004956,0.3255814,0.4375,-0.65535265,0.0,0.62246746,0.5714286,0.064516105,0.41333333,0.09333333333333334,0.05333333333333334,0.10030697,0.51380867,-0.033908773
2025_16_ATL_ARI,2025,16,ATL,ARI,0.064516105,0.41333333,0.28130013,-0.15812695,0.09333333333333334,0.02631578947368421,75,0.10030697,0.38181818,0.5333333333333333,0.51380867,0.61538464,-0.033908773,0.5,0.02460376,0.3859649,0.12280701754385964,0.07017543859649122,-0.17004956,-0.65535265,0.62246746
2025_16_BUF_CLE,2025,16,BUF,CLE,0.060782894,0.5416667,-0.3432382,0.4324823,0.08333333333333333,0.08695652173913043,48,0.35809222,0.6052632,0.391304347826087,0.058362268,0.6,-1.0689926,0.3,-0.11955801,0.46268657,0.07462686567164178,0.14925373134328357,-0.23208125,0.048545122,0.27052256
2025_16_BUF_CLE,2025,16,CLE,BUF,-0.11955801,0.46268657,-0.2691224,0.08876382,0.07462686567164178,0.07692307692307693,67,-0.23208125,0.42307693,0.6086956521739131,0.048545122,0.53846157,0.27052256,0.6,0.060782894,0.5416667,0.08333333333333333,0.08333333333333333,0.35809222,0.058362268,-1.0689926
2025_16_CIN_MIA,2025,16,CIN,MIA,0.37215388,0.55737704,0.5487875,0.11780153,0.13114754098360656,0.05555555555555555,61,0.25167605,0.5625,0.6875,1.3064439,0.8,0.8169952,0.53846157,-0.0824058,0.33898306,0.1016949152542373,0.06779661016949153,0.21421193,1.0476867,-1.1319762
2025_16_CIN_MIA,2025,16,MIA,CIN,-0.0824058,0.33898306,-0.0055304486,-0.17351732,0.1016949152542373,0.0,59,0.21421193,0.39130434,0.43478260869565216,1.0476867,0.75,-1.1319762,0.15384616,0.37215388,0.55737704,0.13114754098360656,0.06557377049180328,0.25167605,1.3064439,0.8169952
2025_16_GB_CHI,2025,16,CHI,GB,0.10891271,0.46875,0.23743662,-0.12019514,0.125,0.0,64,0.23036015,0.5319149,0.4782608695652174,-0.36994976,0.375,-0.22685376,0.29411766,0.09563013,0.51428574,0.11428571428571428,0.05714285714285714,0.1198949,-0.78777647,0.013736546
2025_16_GB_CHI,2025,16,GB,CHI,0.09563013,0.51428574,0.4357707,-0.2077385,0.11428571428571428,0.06060606060606061,70,0.1198949,0.5185185,0.38095238095238093,-0.78777647,0.2631579,0.013736546,0.5,0.10891271,0.46875,0.125,0.0625,0.23036015,-0.36994976,-0.22685376
2025_16_JAX_DEN,2025,16,DEN,JAX,-0.01741433,0.45454547,0.023655443,-0.14575735,0.12121212121212122,0.02,66,0.12783213,0.48979592,0.6428571428571429,0.17101258,0.5,-0.43606588,0.3529412,0.12773311,0.3857143,0.11428571428571428,0.2,-0.009004428,0.39589676,0.6291041
2025_16_JAX_DEN,2025,16,JAX,DEN,0.12773311,0.3857143,0.32760507,-0.2320364,0.11428571428571428,0.1111111111111111,70,-0.009004428,0.34545454,0.6829268292682927,0.39589676,0.41666666,0.6291041,0.53333336,-0.01741433,0.45454547,0.12121212121212122,0.09090909090909091,0.12783213,0.17101258,-0.43606588
2025_16_KC_TEN,2025,16,KC,TEN,-0.26126194,0.37777779,-0.33241752,-0.06558405,0.044444444444444446,0.12121212121212122,45,-0.022735422,0.44444445,0.6521739130434783,-0.9190876,0.33333334,-1.2153679,0.11111111,0.02704335,0.43661973,0.1267605633802817,0.07042253521126761,0.02141947,0.32175207,0.04243503
2025_16_KC_TEN,2025,16,TEN,KC,0.02704335,0.43661973,0.26928955,-0.17172277,0.1267605633802817,0.0625,71,0.02141947,0.40384614,0.47058823529411764,0.32175207,0.46153846,0.04243503,0.5263158,-0.26126194,0.37777779,0.044444444444444446,0.1111111111111111,-0.022735422,-0.9190876,-1.2153679
2025_16_LAC_DAL,2025,16,DAL,LAC,0.012319071,0.46551725,0.17880327,-0.3040009,0.05172413793103448,0.02631578947368421,58,0.064235836,0.46666667,0.5833333333333334,-0.5019431,0.22222222,-0.1673928,0.46153846,0.41529864,0.5555556,0.14285714285714285,0.07936507936507936,0.32519704,0.23750807,0.8412337
2025_16_LAC_DAL,2025,16,LAC,DAL,0.41529864,0.5555556,0.77426386,0.020436943,0.14285714285714285,0.0,63,0.32519704,0.53846157,0.5277777777777778,0.23750807,0.6363636,0.8412337,0.6363636,0.012319071,0.46551725,0.05172413793103448,0.05172413793103448,0.064235836,-0.5019431,-0.1673928
2025_16_LA_SEA,2025,16,LA,SEA,0.20208874,0.4347826,0.46928334,-0.16102187,0.07608695652173914,0.0,92,0.12265015,0.42647058,0.40540540540540543,-0.13386628,0.5,0.42716476,0.45833334,0.033490915,0.49253732,0.11940298507462686,0.08955223880597014,0.2334954,0.14973174,-1.2082149
2025_16_LA_SEA,2025,16,SEA,LA,0.033490915,0.49253732,-0.1278061,0.3420591,0.11940298507462686,0.09090909090909091,67,0.2334954,0.49056605,0.5652173913043478,0.14973174,0.6666667,-1.2082149,0.36363637,0.20208874,0.4347826,0.07608695652173914,0.043478260869565216,0.12265015,-0.13386628,0.42716476
2025_16_LV_HOU,2025,16,HOU,LV,-0.08695481,0.3809524,0.15614131,-0.5097307,0.09523809523809523,0.0,63,-0.24129249,0.32608697,0.6,0.55147344,1.0,0.33066478,0.5294118,-0.027350143,0.3888889,0.05555555555555555,0.05555555555555555,-0.009461904,0.48447794,-0.078459434
2025_16_LV_HOU,2025,16,LV,HOU,-0.027350143,0.3888889,0.09017812,-0.1448784,0.05555555555555555,0.1111111111111111,54,-0.009461904,0.375,0.4117647058823529,0.48447794,0.25,-0.078459434,0.42857143,-0.08695481,0.3809524,0.09523809523809523,0.06349206349206349,-0.24129249,0.55147344,0.33066478
2025_16_MIN_NYG,2025,16,MIN,NYG,-0.087123156,0.4827586,-0.19646569,0.038418286,0.05172413793103448,0.12903225806451613,58,-0.40504017,0.4090909,0.5333333333333333,-0.1337315,0.36363637,0.9120445,0.71428573,-0.25251535,0.32142857,0.03571428571428571,0.10714285714285714,-0.22588268,-0.95121914,-0.31361383
2025_16_MIN_NYG,2025,16,NYG,MIN,-0.25251535,0.32142857,-0.42791077,-0.111067444,0.03571428571428571,0.2,56,-0.22588268,0.2820513,0.2222222222222222,-0.95121914,0.11111111,-0.31361383,0.4117647,-0.087123156,0.4827586,0.05172413793103448,0.15517241379310345,-0.40504017,-0.1337315,0.9120445
2025_16_NE_BAL,2025,16,BAL,NE,0.09887579,0.5,0.13814719,0.06973893,0.07407407407407407,0.043478260869565216,54,-0.01745479,0.44186047,0.30303030303030304,0.6755861,0.75,0.55362254,0.72727275,0.20078422,0.5277778,0.16666666666666666,0.1527777777777778,0.2660756,-0.40198568,-0.056742318
2025_16_NE_BAL,2025,16,NE,BAL,0.20078422,0.5277778,0.23772417,0.08996436,0.16666666666666666,0.07407407407407407,72,0.2660756,0.5555556,0.6486486486486487,-0.40198568,0.375,-0.056742318,0.4117647,0.09887579,0.5,0.07407407407407407,0.09259259259259259,-0.01745479,0.6755861,0.55362254
2025_16_NYJ_NO,2025,16,NO,NYJ,-0.019235983,0.3974359,0.13641413,-0.3914428,0.0641025641025641,0.05454545454545454,78,-0.10855225,0.3559322,0.7446808510638298,-0.8311924,0.0,0.25811452,0.5263158,-0.4064965,0.28787878,0.030303030303030304,0.13636363636363635,-0.13072525,-0.7193537,-1.0407703
2025_16_NYJ_NO,2025,16,NYJ,NO,-0.4064965,0.28787878,-0.5154889,-0.17294124,0.030303030303030304,0.17777777777777778,66,-0.13072525,0.32608697,0.5517241379310345,-0.7193537,0.0,-1.0407703,0.2,-0.019235983,0.3974359,0.0641025641025641,0.0641025641025641,-0.10855225,-0.8311924,0.25811452
2025_16_PHI_WAS,2025,16,PHI,WAS,0.357787,0.5294118,0.39046758,0.31110048,0.08823529411764706,0.05,68,0.27843124,0.5090909,0.627906976744186,1.0003893,0.5833333,0.6635665,0.5833333,-0.06908934,0.41509435,0.09433962264150944,0.07547169811320754,0.02559997,0.1560409,-0.43947184
2025_16_PHI_WAS,2025,16,WAS,PHI,-0.06908934,0.41509435,-0.19429292,0.060929757,0.09433962264150944,0.07407407407407407,53,0.02559997,0.43589744,0.4444444444444444,0.1560409,0.61538464,-0.43947184,0.30769232,0.357787,0.5294118,0.08823529411764706,0.029411764705882353,0.27843124,1.0003893,0.6635665
2025_16_PIT_DET,2025,16,DET,PIT,0.049338512,0.42465752,0.12200464,-0.36023414,0.0958904109589041,0.04838709677419355,73,-0.039472405,0.42592594,0.6538461538461539,-0.25609797,0.2857143,0.30174848,0.42105263,0.15111448,0.3918919,0.12162162162162163,0.04054054054054054,-0.0034584333,-0.7067894,0.632008
2025_16_PIT_DET,2025,16,PIT,DET,0.15111448,0.3918919,0.027121982,0.3941398,0.12162162162162163,0.04081632653061224,74,-0.0034584333,0.3392857,0.6511627906976745,-0.7067894,0.23076923,0.632008,0.5555556,0.049338512,0.42465752,0.0958904109589041,0.1232876712328767,-0.039472405,-0.25609797,0.30174848
2025_16_SF_IND,2025,16,IND,SF,-0.02243166,0.5,0.010312378,-0.08791971,0.03333333333333333,0.05,60,-0.11590113,0.5106383,0.7,0.7493009,0.625,0.31549644,0.46153846,0.40269685,0.52380955,0.14285714285714285,0.015873015873015872,0.18570814,0.3017651,1.4284618
2025_16_SF_IND,2025,16,SF,IND,0.40269685,0.52380955,0.56553525,0.185579,0.14285714285714285,0.027777777777777776,63,0.18570814,0.48076922,0.5714285714285714,0.3017651,0.44444445,1.4284618,0.72727275,-0.02243166,0.5,0.03333333333333333,0.08333333333333333,-0.11590113,0.7493009,0.31549644
2025_16_TB_CAR,2025,16,CAR,TB,0.10059069,0.43396226,0.11085328,0.07885812,0.11320754716981132,0.05555555555555555,53,0.05154019,0.41463414,0.6666666666666666,-0.120764054,0.14285715,0.2681799,0.5,0.07918187,0.42857143,0.07936507936507936,0.031746031746031744,0.031588685,0.17450991,0.24575806
2025_16_TB_CAR,2025,16,TB,CAR,0.07918187,0.42857143,0.17620656,-0.02754527,0.07936507936507936,0.06060606060606061,63,0.031588685,0.3877551,0.3235294117647059,0.17450991,0.4,0.24575806,0.5714286,0.10059069,0.43396226,0.11320754716981132,0.16981132075471697,0.05154019,-0.120764054,0.2681799
2025_17_ARI_CIN,2025,17,ARI,CIN,-0.022704843,0.36842105,0.00890171,-0.12968089,0.05263157894736842,0.09090909090909091,57,-0.14562105,0.35897437,0.25,-0.036391377,0.25,0.24361362,0.3888889,0.3303265,0.5205479,0.0821917808219178,0.0547945205479452,0.11581831,0.47088966,1.1597581
2025_17_ARI_CIN,2025,17,CIN,ARI,0.3303265,0.5205479,0.48808804,0.10420164,0.0821917808219178,0.06976744186046512,73,0.11581831,0.46551725,0.6451612903225806,0.47088966,0.5625,1.1597581,0.73333335,-0.022704843,0.36842105,0.05263157894736842,0.14035087719298245,-0.14562105,-0.036391377,0.24361362
2025_17_BAL_GB,2025,17,BAL,GB,0.33768916,0.56,0.4098712,0.30372116,0.08,0.041666666666666664,75,0.24017891,0.53333336,0.41025641025641024,0.21376704,0.5,0.7277301,0.6666667,0.11740546,0.51111114,0.15555555555555556,0.08888888888888889,0.096784145,0.04293877,0.19989069
2025_17_BAL_GB,2025,17,GB,BAL,0.11740546,0.51111114,0.4268006,-0.8389068,0.15555555555555556,0.058823529411764705,45,0.096784145,0.5277778,0.75,0.04293877,0.33333334,0.19989069,0.44444445,0.33768916,0.56,0.08,0.05333333333333334,0.24017891,0.21376704,0.7277301
2025_17_CHI_SF,2025,17,CHI,SF,0.32815567,0.4923077,0.3957507,0.1645045,0.12307692307692308,0.0,65,0.2467022,0.48,0.6,-0.587677,0.11111111,0.59966725,0.53333336,0.29294983,0.5277778,0.1388888888888889,0.013888888888888888,0.15812436,0.58971316,0.9670772
2025_17_CHI_SF,2025,17,SF,CHI,0.29294983,0.5277778,0.41237342,0.13500246,0.1388888888888889,0.024390243902439025,72,0.15812436,0.48333332,0.4791666666666667,0.58971316,0.71428573,0.9670772,0.75,0.32815567,0.4923077,0.12307692307692308,0.046153846153846156,0.2467022,-0.587677,0.59966725
2025_17_DAL_WAS,2025,17,DAL,WAS,0.22120343,0.48913044,0.3143433,0.1150673,0.06521739130434782,0.12244897959183673,92,-0.010933796,0.453125,0.4838709677419355,0.33736932,0.5,0.7518028,0.5714286,0.23194033,0.44186047,0.13953488372093023,0.11627906976744186,0.42039406,-0.21887547,-0.73725027
2025_17_DAL_WAS,2025,17,WAS,DAL,0.23194033,0.44186047,0.20820755,0.2719894,0.13953488372093023,0.07407407407407407,43,0.42039406,0.4722222,0.5,-0.21887547,0.27272728,-0.73725027,0.2857143,0.22120343,0.48913044,0.06521739130434782,0.09782608695652174,-0.010933796,0.33736932,0.7518028
2025_17_DEN_KC,2025,17,DEN,KC,0.0846414,0.5070422,0.14404789,-0.0181775,0.04225352112676056,0.022222222222222223,71,-0.014206957,0.46153846,0.6052631578947368,-0.073343545,0.33333334,0.35517374,0.6315789,-0.15266825,0.30952382,0.047619047619047616,0.14285714285714285,-0.15178277,0.31993183,-0.15464361
2025_17_DEN_KC,2025,17,KC,DEN,-0.15266825,0.30952382,-0.25429615,-0.00321546,0.047619047619047616,0.04,42,-0.15178277,0.27586207,0.42857142857142855,0.31993183,0.2857143,-0.15464361,0.3846154,0.0846414,0.5070422,0.04225352112676056,0.08450704225352113,-0.014206957,-0.073343545,0.35517374
2025_17_DET_MIN,2025,17,DET,MIN,-0.46371797,0.3125,-0.2336035,-0.72451437,0.046875,0.14705882352941177,64,-0.6122013,0.27083334,0.41935483870967744,0.23359707,0.25,-0.018268108,0.4375,-0.2525207,0.3148148,0.037037037037037035,0.16666666666666666,-0.11271031,0.36228913,-0.6934613
2025_17_DET_MIN,2025,17,MIN,DET,-0.2525207,0.3148148,-0.5446071,0.062033817,0.037037037037037035,0.25,54,-0.11271031,0.31707317,0.5,0.36228913,0.8,-0.6934613,0.30769232,-0.46371797,0.3125,0.046875,0.125,-0.6122013,0.23359707,-0.018268108
2025_17_HOU_LAC,2025,17,HOU,LAC,-0.07964691,0.41935483,-0.03505575,-0.121451125,0.08064516129032258,0.0,62,-0.107122414,0.40816328,0.42857142857142855,-0.9979027,0.0,0.023914585,0.46153846,-0.14214936,0.36507937,0.06349206349206349,0.12698412698412698,-0.3110261,-0.29756194,0.35392603
2025_17_HOU_LAC,2025,17,LAC,HOU,-0.14214936,0.36507937,-0.053230457,-0.38275346,0.06349206349206349,0.10869565217391304,63,-0.3110261,0.34042552,0.0,-0.29756194,0.375,0.35392603,0.4375,-0.07964691,0.41935483,0.08064516129032258,0.016129032258064516,-0.107122414,-0.9979027,0.023914585
2025_17_JAX_IND,2025,17,IND,JAX,-0.17091699,0.36842105,-0.27075505,-0.012083728,0.017543859649122806,0.05714285714285714,57,0.013421557,0.37777779,0.5555555555555556,0.07862368,0.5,-0.8621866,0.33333334,-0.004029807,0.4347826,0.11594202898550725,0.10144927536231885,-0.13318552,-1.1583014,0.39103475
2025_17_JAX_IND,2025,17,JAX,IND,-0.004029807,0.4347826,0.085279785,-0.15173414,0.11594202898550725,0.046511627906976744,69,-0.13318552,0.40384614,0.7419354838709677,-1.1583014,0.375,0.39103475,0.5294118,-0.17091699,0.36842105,0.017543859649122806,0.08771929824561403,0.013421557,0.07862368,-0.8621866
2025_17_LA_ATL,2025,17,ATL,LA,0.115643814,0.43396226,0.24617478,0.036534112,0.09433962264150944,0.0,53,0.22489738,0.45,0.3157894736842105,-0.14814037,0.5,-0.22052105,0.3846154,-0.10163594,0.43076923,0.1076923076923077,0.07692307692307693,0.003097569,-0.70105803,-0.37510678
2025_17_LA_ATL,2025,17,LA,ATL,-0.10163594,0.43076923,-0.087623075,-0.13099621,0.1076923076923077,0.06818181818181818,65,0.003097569,0.42553192,0.5,-0.70105803,0.25,-0.37510678,0.44444445,0.115643814,0.43396226,0.09433962264150944,0.1320754716981132,0.22489738,-0.14814037,-0.22052105
2025_17_NE_NYJ,2025,17,NE,NYJ,0.50469184,0.578125,1.0791337,-0.06975015,0.171875,0.03125,64,0.4650276,0.5769231,0.4,0.81586355,0.71428573,0.6765701,0.5833333,-0.17908743,0.359375,0.078125,0.078125,0.0052712434,-1.1001453,-0.5310449
2025_17_NE_NYJ,2025,17,NYJ,NE,-0.17908743,0.359375,-0.312988,-0.0069294996,0.078125,0.027777777777777776,64,0.0052712434,0.3809524,0.5,-1.1001453,0.0,-0.5310449,0.3181818,0.50469184,0.578125,0.171875,0.046875,0.4650276,0.81586355,0.6765701
2025_17_NO_TEN,2025,17,NO,TEN,0.19913909,0.43396226,0.27977148,0.066095665,0.1509433962264151,0.06060606060606061,53,0.24366291,0.42857143,0.6666666666666666,0.84018594,0.4,0.029139085,0.45454547,-0.13270122,0.33783785,0.08108108108108109,0.0945945945945946,-0.19127773,-0.39103764,0.025455337
2025_17_NO_TEN,2025,17,TEN,NO,-0.13270122,0.33783785,-0.09354626,-0.20085984,0.08108108108108109,0.0851063829787234,74,-0.19127773,0.3148148,0.43333333333333335,-0.39103764,0.14285715,0.025455337,0.4,0.19913909,0.43396226,0.1509433962264151,0.09433962264150944,0.24366291,0.84018594,0.029139085
2025_17_NYG_LV,2025,17,LV,NYG,-0.22700843,0.3275862,-0.21169505,-0.25610387,0.06896551724137931,0.10526315789473684,58,-0.5231372,0.24324325,0.6,-0.7346155,0.2857143,0.29474232,0.47619048,0.23513106,0.4918033,0.11475409836065574,0.11475409836065574,0.15196317,-0.019808475,0.5143376
2025_17_NYG_LV,2025,17,NYG,LV,0.23513106,0.4918033,0.21725544,0.26087198,0.11475409836065574,0.05555555555555555,61,0.15196317,0.4680851,0.55,-0.019808475,0.3529412,0.5143376,0.5714286,-0.22700843,0.3275862,0.06896551724137931,0.15517241379310345,-0.5231372,-0.7346155,0.29474232
2025_17_PHI_BUF,2025,17,BUF,PHI,-0.06245562,0.4,-0.15661928,0.07878986,0.09333333333333334,0.1111111111111111,75,-0.12463778,0.37037036,0.5,-0.08293823,0.41666666,0.14966342,0.5,-0.119592786,0.3018868,0.05660377358490566,0.05660377358490566,-0.14762288,0.0795381,-0.03334633
2025_17_PHI_BUF,2025,17,PHI,BUF,-0.119592786,0.3018868,-0.09585824,-0.14827202,0.05660377358490566,0.034482758620689655,53,-0.14762288,0.3,0.55,0.0795381,0.375,-0.03334633,0.30769232,-0.06245562,0.4,0.09333333333333334,0.09333333333333334,-0.12463778,-0.08293823,0.14966342
2025_17_PIT_CLE,2025,17,CLE,PIT,-0.20642807,0.3529412,-0.10088046,-0.34555897,0.0392156862745098,0.06896551724137931,51,-0.24948448,0.33333334,0.5666666666666667,-0.49059293,0.33333334,-0.066494636,0.41666666,-0.21981137,0.40625,0.09375,0.078125,0.016388196,-1.1831703,-0.8234324
2025_17_PIT_CLE,2025,17,PIT,CLE,-0.21981137,0.40625,-0.33576125,-0.013118039,0.09375,0.04878048780487805,64,0.016388196,0.47826087,0.44,-1.1831703,0.2,-0.8234324,0.22222222,-0.20642807,0.3529412,0.0392156862745098,0.0784313725490196,-0.24948448,-0.49059293,-0.066494636
2025_17_SEA_CAR,2025,17,CAR,SEA,-0.47411227,0.38,-0.5353198,-0.3652989,0.02,0.0625,50,-0.19900137,0.44444445,0.5652173913043478,0.01828084,0.6,-1.1815404,0.21428572,-0.053588904,0.41538462,0.07692307692307693,0.07692307692307693,-0.2845686,-0.010789669,0.5985891
2025_17_SEA_CAR,2025,17,SEA,CAR,-0.053588904,0.41538462,-0.27061275,0.1442858,0.07692307692307693,0.0967741935483871,65,-0.2845686,0.3125,0.4857142857142857,-0.010789669,0.3846154,0.5985891,0.7058824,-0.47411227,0.38,0.02,0.08,-0.19900137,0.01828084,-1.1815404
2025_17_TB_MIA,2025,17,MIA,TB,0.060104474,0.4074074,0.16858704,-0.04062933,0.12962962962962962,0.07692307692307693,54,-0.077903114,0.42857143,0.4642857142857143,-0.25786188,0.33333334,0.54313105,0.33333334,0.037184525,0.49253732,0.05970149253731343,0.07462686567164178,-0.118752606,0.3350528,0.5777666
2025_17_TB_MIA,2025,17,TB,MIA,0.037184525,0.49253732,0.08192838,-0.14867452,0.05970149253731343,0.05555555555555555,67,-0.118752606,0.48076922,0.6842105263157895,0.3350528,0.5555556,0.5777666,0.53333336,0.060104474,0.4074074,0.12962962962962962,0.05555555555555555,-0.077903114,-0.25786188,0.54313105
2025_18_ARI_LA,2025,18,ARI,LA,-0.02664697,0.4107143,-0.0013789335,-0.1024511,0.125,0.14285714285714285,56,0.010466022,0.39534885,0.7586206896551724,-0.7467331,0.16666667,-0.14940538,0.46153846,0.22024076,0.53521127,0.1267605633802817,0.056338028169014086,0.2246505,0.06507934,0.20508227
2025_18_ARI_LA,2025,18,LA,ARI,0.22024076,0.53521127,0.36613137,-0.0038055463,0.1267605633802817,0.023255813953488372,71,0.2246505,0.4909091,0.631578947368421,0.06507934,0.46153846,0.20508227,0.6875,-0.02664697,0.4107143,0.125,0.21428571428571427,0.010466022,-0.7467331,-0.14940538
2025_18_BAL_PIT,2025,18,BAL,PIT,0.14020942,0.34,0.38287997,-0.083794184,0.14,0.125,50,-0.039846297,0.31428573,0.3333333333333333,,,0.5603394,0.4,0.051401243,0.45333335,0.08,0.04,-0.0975001,-0.16003296,0.4902684
2025_18_BAL_PIT,2025,18,PIT,BAL,0.051401243,0.45333335,0.17166013,-0.2204884,0.08,0.038461538461538464,75,-0.0975001,0.4107143,0.6285714285714286,-0.16003296,0.4117647,0.4902684,0.57894737,0.14020942,0.34,0.14,0.1,-0.039846297,,0.5603394
2025_18_CAR_TB,2025,18,CAR,TB,-0.035524383,0.42857143,0.1567138,-0.5678763,0.061224489795918366,0.0,49,0.02191964,0.47368422,0.5263157894736842,-0.27353683,0.5,-0.23396744,0.27272728,0.018300321,0.4477612,0.04477611940298507,0.04477611940298507,-0.017560253,-0.24027722,0.142617
2025_18_CAR_TB,2025,18,TB,CAR,0.018300321,0.4477612,0.35047877,-0.23520426,0.04477611940298507,0.06896551724137931,67,-0.017560253,0.42307693,0.3611111111111111,-0.24027722,0.33333334,0.142617,0.53333336,-0.035524383,0.42857143,0.061224489795918366,0.02040816326530612,0.02191964,-0.27353683,-0.23396744
2025_18_CLE_CIN,2025,18,CIN,CLE,-0.10136537,0.5882353,-0.2753688,0.19792058,0.07352941176470588,0.046511627906976744,68,-0.0888701,0.6181818,0.5128205128205128,-0.8911363,0.5555556,-0.08816577,0.5,-0.12539846,0.34615386,0.057692307692307696,0.17307692307692307,-0.28185683,-0.48358345,0.2605322
2025_18_CLE_CIN,2025,18,CLE,CIN,-0.12539846,0.34615386,-0.28024477,0.085755594,0.057692307692307696,0.2,52,-0.28185683,0.24324325,0.5217391304347826,-0.48358345,0.0,0.2605322,0.6,-0.10136537,0.5882353,0.07352941176470588,0.07352941176470588,-0.0888701,-0.8911363,-0.08816577
2025_18_DAL_NYG,2025,18,DAL,NYG,-0.089342214,0.44444445,-0.14806601,-0.030618414,0.12962962962962962,0.0,54,-0.098216824,0.47727272,0.32,-0.3243982,0.30769232,-0.050293934,0.3,0.12790819,0.45333335,0.10666666666666667,0.13333333333333333,-0.06583922,-0.09472461,0.7724243
2025_18_DAL_NYG,2025,18,NYG,DAL,0.12790819,0.45333335,0.21994574,-0.010148143,0.10666666666666667,0.08888888888888889,75,-0.06583922,0.41379312,0.5833333333333334,-0.09472461,0.3125,0.7724243,0.5625,-0.089342214,0.44444445,0.12962962962962962,0.037037037037037035,-0.098216824,-0.3243982,-0.050293934
2025_18_DET_CHI,2025,18,CHI,DET,0.034055818,0.45454547,0.026397008,0.04979892,0.07272727272727272,0.02702702702702703,55,-0.038989145,0.41025642,0.375,0.69383645,0.8333333,0.09197482,0.5,0.12645234,0.53424656,0.0684931506849315,0.0958904109589041,0.16991232,-0.30352262,-0.0741321
2025_18_DET_CHI,2025,18,DET,CHI,0.12645234,0.53424656,0.21317935,-0.012930323,0.0684931506849315,0.06666666666666667,73,0.16991232,0.55,0.6428571428571429,-0.30352262,0.16666667,-0.0741321,0.46153846,0.034055818,0.45454547,0.07272727272727272,0.07272727272727272,-0.038989145,0.69383645,0.09197482
2025_18_GB_MIN,2025,18,GB,MIN,-0.31598213,0.38,-0.65483046,-0.12537995,0.06,0.2222222222222222,50,-0.13125104,0.42105263,0.21428571428571427,-0.20626017,0.4,-0.90096396,0.25,0.01475566,0.49253732,0.1044776119402985,0.1044776119402985,0.10911267,-0.6693078,-0.46560735
2025_18_GB_MIN,2025,18,MIN,GB,0.01475566,0.49253732,0.09850436,-0.0825009,0.1044776119402985,0.05555555555555555,67,0.10911267,0.51785713,0.5294117647058824,-0.6693078,0.30769232,-0.46560735,0.36363637,-0.31598213,0.38,0.06,0.1,-0.13125104,-0.20626017,-0.90096396
2025_18_IND_HOU,2025,18,HOU,IND,0.0056797722,0.46268657,0.0032995874,0.008443849,0.05970149253731343,0.0,67,0.068495855,0.4814815,0.5365853658536586,0.35118052,0.6666667,-0.25524855,0.3846154,-0.032016914,0.3939394,0.06060606060606061,0.06060606060606061,-0.33795244,-0.13492087,0.9240315
2025_18_IND_HOU,2025,18,IND,HOU,-0.032016914,0.3939394,0.08850511,-0.2061043,0.06060606060606061,0.02564102564102564,66,-0.33795244,0.34,0.5833333333333334,-0.13492087,0.3846154,0.9240315,0.5625,0.0056797722,0.46268657,0.05970149253731343,0.029850746268656716,0.068495855,0.35118052,-0.25524855
2025_18_KC_LV,2025,18,KC,LV,-0.4761027,0.234375,-0.59274375,-0.25342438,0.046875,0.19047619047619047,64,-0.37463167,0.24444444,0.5625,-0.87640196,0.0,-0.7164288,0.21052632,-0.4568623,0.3015873,0.06349206349206349,0.07936507936507936,-0.30522966,-0.505239,-0.83594394
2025_18_KC_LV,2025,18,LV,KC,-0.4568623,0.3015873,-0.43985894,-0.47441414,0.06349206349206349,0.09375,63,-0.30522966,0.2888889,0.36666666666666664,-0.505239,0.2857143,-0.83594394,0.33333334,-0.4761027,0.234375,0.046875,0.203125,-0.37463167,-0.87640196,-0.7164288
2025_18_LAC_DEN,2025,18,DEN,LAC,-0.1939274,0.3508772,-0.08816746,-0.3502682,0.07017543859649122,0.11764705882352941,57,-0.20710021,0.35714287,0.3888888888888889,-0.6860985,0.16666667,-0.15704355,0.33333334,-0.42070013,0.27941176,0.029411764705882353,0.10294117647058823,-0.42307135,-1.1310587,-0.41662157
2025_18_LAC_DEN,2025,18,LAC,DEN,-0.42070013,0.27941176,-0.52157956,-0.0928419,0.029411764705882353,0.07692307692307693,68,-0.42307135,0.20930232,0.5,-1.1310587,0.0,-0.41662157,0.4,-0.1939274,0.3508772,0.07017543859649122,0.10526315789473684,-0.20710021,-0.6860985,-0.15704355
2025_18_MIA_NE,2025,18,MIA,NE,-0.31436092,0.42857143,-0.23122962,-0.41744372,0.05357142857142857,0.12903225806451613,56,-0.37790406,0.4047619,0.45,-0.6223765,0.61538464,-0.12373154,0.5,0.32397205,0.61403507,0.14035087719298245,0.05263157894736842,0.3404466,0.33218288,0.26821196
2025_18_MIA_NE,2025,18,NE,MIA,0.32397205,0.61403507,0.4357344,0.19979163,0.14035087719298245,0.0,57,0.3404466,0.6363636,0.42857142857142855,0.33218288,0.6363636,0.26821196,0.53846157,-0.31436092,0.42857143,0.05357142857142857,0.16071428571428573,-0.37790406,-0.6223765,-0.12373154
2025_18_NO_ATL,2025,18,ATL,NO,-0.24327204,0.33333334,-0.12864883,-0.42766595,0.03333333333333333,0.10810810810810811,60,-0.30445844,0.2888889,0.5882352941176471,-0.68668836,0.33333334,-0.059712853,0.46666667,-0.10582343,0.36764705,0.058823529411764705,0.058823529411764705,-0.14122225,-0.65922534,-0.03180771
2025_18_NO_ATL,2025,18,NO,ATL,-0.10582343,0.36764705,-0.12130208,-0.07553911,0.058823529411764705,0.08888888888888889,68,-0.14122225,0.32608697,0.6,-0.65922534,0.3846154,-0.03180771,0.45454547,-0.24327204,0.33333334,0.03333333333333333,0.13333333333333333,-0.30445844,-0.68668836,-0.059712853
2025_18_NYJ_BUF,2025,18,BUF,NYJ,0.3311356,0.6056338,0.72189933,0.010508923,0.14084507042253522,0.0,71,0.30435726,0.59615386,0.5,0.22970611,0.54545456,0.44576758,0.64705884,-0.25580803,0.34042552,0.0,0.0851063829787234,-0.28547135,0.6919217,-0.28198987
2025_18_NYJ_BUF,2025,18,NYJ,BUF,-0.25580803,0.34042552,-0.2492179,-0.2632968,0.0,0.04,47,-0.28547135,0.3,0.0,0.6919217,1.0,-0.28198987,0.375,0.3311356,0.6056338,0.14084507042253522,0.0,0.30435726,0.22970611,0.44576758
2025_18_SEA_SF,2025,18,SEA,SF,0.10921088,0.5,0.28606132,-0.057236582,0.12121212121212122,0.0625,66,0.06622713,0.5,0.475,-0.7506542,0.25,0.26886484,0.5,-0.3589907,0.35714287,0.023809523809523808,0.19047619047619047,-0.24643186,-2.4373598,-0.676202
2025_18_SEA_SF,2025,18,SF,SEA,-0.3589907,0.35714287,-0.39496133,-0.24388471,0.023809523809523808,0.09375,42,-0.24643186,0.38709676,0.625,-2.4373598,0.0,-0.676202,0.27272728,0.10921088,0.5,0.12121212121212122,0.045454545454545456,0.06622713,-0.7506542,0.26886484
2025_18_TEN_JAX,2025,18,JAX,TEN,0.2504569,0.4827586,0.44866517,-0.15639174,0.10344827586206896,0.05128205128205128,58,0.24825554,0.46938777,0.8333333333333334,0.65119255,0.5555556,0.26244205,0.5555556,-0.36189836,0.2962963,0.05555555555555555,0.09259259259259259,-0.1837854,1.213626,-0.7181242
2025_18_TEN_JAX,2025,18,TEN,JAX,-0.36189836,0.2962963,-0.5825125,0.07932991,0.05555555555555555,0.027777777777777776,54,-0.1837854,0.30555555,0.6,1.213626,1.0,-0.7181242,0.2777778,0.2504569,0.4827586,0.10344827586206896,0.034482758620689655,0.24825554,0.65119255,0.26244205
2025_18_WAS_PHI,2025,18,PHI,WAS,-0.08659827,0.4375,-0.15481137,0.08772409,0.078125,0.06521739130434782,64,0.054910567,0.4680851,0.5789473684210527,-0.33484477,0.4,-0.4778286,0.3529412,0.12710726,0.5074627,0.04477611940298507,0.05970149253731343,-0.057508565,0.22157642,0.893973
2025_18_WAS_PHI,2025,18,WAS,PHI,0.12710726,0.5074627,0.5761465,-0.30872497,0.04477611940298507,0.0,67,-0.057508565,0.4814815,0.4857142857142857,0.22157642,0.5,0.893973,0.61538464,-0.08659827,0.4375,0.078125,0.09375,0.054910567,-0.33484477,-0.4778286
2025_19_BUF_JAX,2025,19,BUF,JAX,0.22406137,0.47540984,0.24080959,0.19437136,0.08196721311475409,0.02564102564102564,61,0.12503073,0.44444445,0.6060606060606061,0.85048723,0.7,0.50258505,0.5625,0.053917635,0.5272727,0.12727272727272726,0.05454545454545454,0.05716376,0.124125816,0.04093313
2025_19_BUF_JAX,2025,19,JAX,BUF,0.053917635,0.5272727,0.06268097,0.039729357,0.12727272727272726,0.029411764705882353,55,0.05716376,0.52272725,0.5806451612903226,0.124125816,0.53333336,0.04093313,0.54545456,0.22406137,0.47540984,0.08196721311475409,0.04918032786885246,0.12503073,0.85048723,0.50258505
2025_19_GB_CHI,2025,19,CHI,GB,0.105111085,0.3846154,0.20474213,-0.119058765,0.11538461538461539,0.018518518518518517,78,-0.0012840307,0.32692307,0.35714285714285715,-0.32159144,0.1875,0.28849736,0.48,0.20145516,0.43661973,0.14084507042253522,0.11267605633802817,0.06778378,0.5110492,0.59504306
2025_19_GB_CHI,2025,19,GB,CHI,0.20145516,0.43661973,0.38434482,-0.18022765,0.14084507042253522,0.020833333333333332,71,0.06778378,0.41509435,0.4,0.5110492,0.45454547,0.59504306,0.5,0.105111085,0.3846154,0.11538461538461539,0.1282051282051282,-0.0012840307,-0.32159144,0.28849736
2025_19_HOU_PIT,2025,19,HOU,PIT,0.06250507,0.4852941,0.012467916,0.11557475,0.08823529411764706,0.08571428571428572,68,-0.09985667,0.43396226,0.5121951219512195,0.013524215,0.5,0.63618314,0.6666667,-0.5221652,0.2982456,0.08771929824561403,0.19298245614035087,-0.3182066,-0.07786478,-1.0020679
2025_19_HOU_PIT,2025,19,PIT,HOU,-0.5221652,0.2982456,-0.63198745,-0.284217,0.08771929824561403,0.10256410256410256,57,-0.3182066,0.3,0.5925925925925926,-0.07786478,0.25,-1.0020679,0.29411766,0.06250507,0.4852941,0.08823529411764706,0.058823529411764705,-0.09985667,0.013524215,0.63618314
2025_19_LAC_NE,2025,19,LAC,NE,-0.21395887,0.43333334,-0.19956484,-0.2571409,0.03333333333333333,0.13333333333333333,60,0.07061765,0.5106383,0.6129032258064516,-1.0083753,0.2857143,-1.2428124,0.15384616,-0.015943214,0.44262296,0.11475409836065574,0.08196721311475409,-0.0012500477,-1.1836627,-0.082730286
2025_19_LAC_NE,2025,19,NE,LAC,-0.015943214,0.44262296,0.03786348,-0.11843216,0.11475409836065574,0.125,61,-0.0012500477,0.44,0.6666666666666666,-1.1836627,0.14285715,-0.082730286,0.45454547,-0.21395887,0.43333334,0.03333333333333333,0.18333333333333332,0.07061765,-1.0083753,-1.2428124
2025_19_LA_CAR,2025,19,CAR,LA,-0.010163282,0.45454547,0.015835498,-0.074476026,0.045454545454545456,0.0425531914893617,66,-0.015233826,0.46938777,0.5769230769230769,0.7409441,0.6666667,0.00445185,0.4117647,0.1053874,0.48,0.02666666666666667,0.08,0.24265336,0.7589947,-0.40078086
2025_19_LA_CAR,2025,19,LA,CAR,0.1053874,0.48,0.1254509,0.07356253,0.02666666666666667,0.021739130434782608,75,0.24265336,0.5254237,0.5625,0.7589947,0.7,-0.40078086,0.3125,-0.010163282,0.45454547,0.045454545454545456,0.12121212121212122,-0.015233826,0.7409441,0.00445185
2025_19_SF_PHI,2025,19,PHI,SF,-0.05175508,0.42465752,-0.08359308,-0.017188113,0.0273972602739726,0.02631578947368421,73,-0.055575214,0.42307693,0.40540540540540543,0.31948307,0.54545456,-0.042295683,0.42857143,0.11456971,0.51785713,0.08928571428571429,0.03571428571428571,0.13639386,0.3437879,0.0141786095
2025_19_SF_PHI,2025,19,SF,PHI,0.11456971,0.51785713,0.21439461,-0.07982621,0.08928571428571429,0.02702702702702703,56,0.13639386,0.5217391,0.625,0.3437879,0.7,0.0141786095,0.5,-0.05175508,0.42465752,0.0273972602739726,0.0136986301369863,-0.055575214,0.31948307,-0.042295683
2025_20_BUF_DEN,2025,20,BUF,DEN,0.08386898,0.5,0.10420977,0.05462911,0.1282051282051282,0.06521739130434782,78,-0.09418958,0.43548387,0.5185185185185185,0.18557672,0.42105263,0.77384585,0.75,0.089195594,0.44285715,0.1,0.04285714285714286,0.13867584,-0.14041002,-0.06506633
2025_20_BUF_DEN,2025,20,DEN,BUF,0.089195594,0.44285715,0.18259615,-0.1615112,0.1,0.0,70,0.13867584,0.41509435,0.6764705882352942,-0.14041002,0.41666666,-0.06506633,0.5294118,0.08386898,0.5,0.1282051282051282,0.11538461538461539,-0.09418958,0.18557672,0.77384585
2025_20_HOU_NE,2025,20,HOU,NE,-0.3485627,0.33333334,-0.3267622,-0.40462103,0.02666666666666667,0.05555555555555555,75,-0.5830007,0.2777778,0.6666666666666666,-0.4697976,0.42857143,0.254278,0.47619048,-0.23747532,0.33333334,0.06349206349206349,0.07936507936507936,-0.31535462,1.6198488,-0.026743129
2025_20_HOU_NE,2025,20,NE,HOU,-0.23747532,0.33333334,-0.11682808,-0.3789238,0.06349206349206349,0.14705882352941177,63,-0.31535462,0.32608697,0.48148148148148145,1.6198488,1.0,-0.026743129,0.3529412,-0.3485627,0.33333334,0.02666666666666667,0.12,-0.5830007,-0.4697976,0.254278
2025_20_LA_CHI,2025,20,CHI,LA,-0.035780296,0.4691358,0.11556369,-0.22496027,0.08641975308641975,0.0,81,-0.010748888,0.4642857,0.5555555555555556,-0.06799364,0.25,-0.09185067,0.48,0.04576482,0.37662336,0.06493506493506493,0.06493506493506493,0.08207603,0.29204908,-0.08239242
2025_20_LA_CHI,2025,20,LA,CHI,0.04576482,0.37662336,0.04485474,0.04719059,0.06493506493506493,0.0851063829787234,77,0.08207603,0.36666667,0.6944444444444444,0.29204908,0.46153846,-0.08239242,0.4117647,-0.035780296,0.4691358,0.08641975308641975,0.04938271604938271,-0.010748888,-0.06799364,-0.09185067
2025_20_SF_SEA,2025,20,SEA,SF,0.24537753,0.5471698,0.3618336,0.17479809,0.11320754716981132,0.1,53,0.2566078,0.55813956,0.5,0.36720902,0.64285713,0.19708733,0.5,-0.45600954,0.33333334,0.0,0.08333333333333333,-0.3601835,,-0.7434878
2025_20_SF_SEA,2025,20,SF,SEA,-0.45600954,0.33333334,-0.48106053,-0.41273966,0.0,0.05263157894736842,60,-0.3601835,0.33333334,0.5,,,-0.7434878,0.33333334,0.24537753,0.5471698,0.11320754716981132,0.05660377358490566,0.2566078,0.36720902,0.19708733
2025_21_LA_SEA,2025,21,LA,SEA,0.29719225,0.51666665,0.4353321,0.04064689,0.2,0.02564102564102564,60,0.4786806,0.56,0.48148148148148145,-0.14377615,0.5555556,-0.6102495,0.3,0.18243796,0.47761193,0.04477611940298507,0.1044776119402985,0.06754485,0.5023504,0.65968615
2025_21_LA_SEA,2025,21,SEA,LA,0.18243796,0.47761193,0.4763036,-0.28096557,0.04477611940298507,0.07317073170731707,67,0.06754485,0.46296296,0.5853658536585366,0.5023504,0.5,0.65968615,0.53846157,0.29719225,0.51666665,0.2,0.05,0.4786806,-0.14377615,-0.6102495
2025_21_NE_DEN,2025,21,DEN,NE,-0.31277338,0.29310346,-0.4335828,-0.09991864,0.017241379310344827,0.08108108108108109,58,-0.22182156,0.30232558,0.5,-0.6570157,0.25,-0.57350194,0.26666668,-0.13807052,0.3114754,0.08196721311475409,0.09836065573770492,-0.18959521,0.07164877,-0.014983859
2025_21_NE_DEN,2025,21,NE,DEN,-0.13807052,0.3114754,-0.18252853,-0.09778047,0.08196721311475409,0.1724137931034483,61,-0.18959521,0.25581396,0.5,0.07164877,0.5555556,-0.014983859,0.44444445,-0.31277338,0.29310346,0.017241379310344827,0.13793103448275862,-0.22182156,-0.6570157,-0.57350194
2025_22_SEA_NE,2025,22,NE,SEA,-0.3053449,0.41428572,-0.3239844,-0.22361785,0.07142857142857142,0.10526315789473684,70,-0.2557873,0.44444445,0.5294117647058824,0.36558056,0.33333334,-0.44097528,0.33333334,-0.052038822,0.33333334,0.09722222222222222,0.08333333333333333,0.014220881,-0.38245758,-0.26640844
2025_22_SEA_NE,2025,22,SEA,NE,-0.052038822,0.33333334,0.028827677,-0.15312195,0.09722222222222222,0.025,72,0.014220881,0.36363637,0.5,-0.38245758,0.1,-0.26640844,0.23529412,-0.3053449,0.41428572,0.07142857142857142,0.15714285714285714,-0.2557873,0.36558056,-0.44097528
