player_name,recent_team,season,week,completions,attempts,passing_yards,passing_tds,interceptions,sacks
T.Brady,TB,2022,1,18,27,212.0,1,1.0,2.0
T.Brady,TB,2022,2,18,34,190.0,1,0.0,1.0
T.Brady,TB,2022,3,31,42,271.0,1,0.0,3.0
T.Brady,TB,2022,4,39,52,385.0,3,0.0,1.0
T.Brady,TB,2022,5,35,52,351.0,1,0.0,0.0
T.Brady,TB,2022,6,25,40,243.0,1,0.0,2.0
T.Brady,TB,2022,7,32,49,290.0,0,0.0,1.0
T.Brady,TB,2022,8,26,44,325.0,1,0.0,3.0
T.Brady,TB,2022,9,36,58,280.0,1,0.0,1.0
T.Brady,TB,2022,10,22,29,258.0,2,1.0,0.0
T.Brady,TB,2022,12,29,43,246.0,2,0.0,3.0
T.Brady,TB,2022,13,36,54,281.0,2,1.0,1.0
T.Brady,TB,2022,14,34,55,253.0,1,2.0,0.0
T.Brady,TB,2022,15,30,44,312.0,3,2.0,1.0
T.Brady,TB,2022,16,32,48,281.0,1,2.0,0.0
T.Brady,TB,2022,17,34,45,432.0,3,0.0,3.0
T.Brady,TB,2022,18,13,17,84.0,1,0.0,0.0
T.Brady,TB,2022,19,35,66,351.0,2,1.0,2.0
A.Lee,ARI,2022,16,1,1,4.0,0,0.0,0.0
A.Rodgers,GB,2022,1,22,34,195.0,0,1.0,4.0
A.Rodgers,GB,2022,2,19,25,234.0,2,0.0,3.0
A.Rodgers,GB,2022,3,27,35,255.0,2,1.0,1.0
A.Rodgers,GB,2022,4,21,35,251.0,2,1.0,1.0
A.Rodgers,GB,2022,5,25,39,222.0,2,0.0,2.0
A.Rodgers,GB,2022,6,26,41,246.0,1,0.0,4.0
A.Rodgers,GB,2022,7,23,35,194.0,2,0.0,0.0
A.Rodgers,GB,2022,8,19,30,203.0,2,1.0,2.0
A.Rodgers,GB,2022,9,23,43,291.0,1,3.0,1.0
A.Rodgers,GB,2022,10,14,20,224.0,3,0.0,2.0
A.Rodgers,GB,2022,11,24,39,227.0,2,0.0,1.0
A.Rodgers,GB,2022,12,11,16,140.0,2,2.0,3.0
A.Rodgers,GB,2022,13,18,31,182.0,1,0.0,0.0
A.Rodgers,GB,2022,15,22,30,229.0,1,1.0,3.0
A.Rodgers,GB,2022,16,24,38,238.0,1,1.0,2.0
A.Rodgers,GB,2022,17,15,24,159.0,1,0.0,1.0
A.Rodgers,GB,2022,18,17,27,205.0,1,1.0,2.0
M.Lewis,GB,2022,5,0,0,0.0,0,0.0,0.0
M.Lewis,GB,2022,9,0,0,0.0,0,0.0,0.0
M.Lewis,GB,2022,10,0,0,0.0,0,0.0,0.0
M.Lewis,GB,2022,13,0,0,0.0,0,0.0,0.0
M.Lewis,GB,2022,15,0,0,0.0,0,0.0,0.0
M.Lewis,GB,2022,16,0,0,0.0,0,0.0,0.0
M.Ryan,IND,2022,1,32,50,352.0,1,1.0,2.0
M.Ryan,IND,2022,2,16,30,195.0,0,3.0,5.0
M.Ryan,IND,2022,3,27,37,222.0,2,0.0,5.0
M.Ryan,IND,2022,4,27,37,356.0,2,1.0,3.0
M.Ryan,IND,2022,5,26,41,251.0,0,2.0,6.0
M.Ryan,IND,2022,6,42,58,389.0,3,0.0,0.0
M.Ryan,IND,2022,7,33,44,243.0,1,2.0,3.0
M.Ryan,IND,2022,10,21,28,222.0,1,0.0,1.0
M.Ryan,IND,2022,11,23,32,213.0,0,0.0,4.0
M.Ryan,IND,2022,12,22,34,199.0,1,1.0,3.0
M.Ryan,IND,2022,13,21,37,233.0,2,3.0,3.0
M.Ryan,IND,2022,15,19,33,182.0,1,0.0,3.0
J.Flacco,NYJ,2022,1,37,59,309.0,1,1.0,3.0
J.Flacco,NYJ,2022,2,26,44,307.0,4,0.0,2.0
J.Flacco,NYJ,2022,3,28,52,285.0,0,2.0,4.0
J.Flacco,NYJ,2022,14,1,3,1.0,0,0.0,1.0
J.Flacco,NYJ,2022,18,18,33,149.0,0,0.0,0.0
D.Jackson,BAL,2022,9,0,0,0.0,0,0.0,0.0
D.Jackson,BAL,2022,12,0,0,0.0,0,0.0,0.0
D.Jackson,BAL,2022,13,0,0,0.0,0,0.0,0.0
D.Jackson,BAL,2022,14,0,0,0.0,0,0.0,0.0
D.Jackson,BAL,2022,15,0,0,0.0,0,0.0,0.0
D.Jackson,BAL,2022,16,0,0,0.0,0,0.0,0.0
D.Jackson,BAL,2022,17,0,0,0.0,0,0.0,0.0
C.Henne,KC,2022,7,0,2,0.0,0,0.0,0.0
C.Henne,KC,2022,18,0,0,0.0,0,0.0,0.0
C.Henne,KC,2022,20,5,7,23.0,1,0.0,0.0
J.Johnson,SF,2022,14,1,2,10.0,0,0.0,0.0
J.Johnson,SF,2022,21,7,13,74.0,0,0.0,2.0
M.Stafford,LA,2022,1,29,41,240.0,1,3.0,7.0
M.Stafford,LA,2022,2,27,36,272.0,3,2.0,1.0
M.Stafford,LA,2022,3,18,25,249.0,0,0.0,1.0
M.Stafford,LA,2022,4,32,48,254.0,0,1.0,7.0
M.Stafford,LA,2022,5,28,42,308.0,1,1.0,5.0
M.Stafford,LA,2022,6,26,33,253.0,1,1.0,1.0
M.Stafford,LA,2022,8,22,33,187.0,1,0.0,2.0
M.Stafford,LA,2022,9,13,27,165.0,1,0.0,4.0
M.Stafford,LA,2022,11,11,18,159.0,2,0.0,1.0
C.Daniel,LAC,2022,10,0,2,0.0,0,0.0,1.0
C.Daniel,LAC,2022,17,3,3,27.0,0,0.0,0.0
C.Daniel,LAC,2022,18,5,7,25.0,1,0.0,0.0
B.Hoyer,NE,2022,4,5,6,37.0,0,0.0,1.0
C.McCoy,ARI,2022,10,26,37,238.0,1,0.0,2.0
C.McCoy,ARI,2022,11,24,34,218.0,0,1.0,3.0
C.McCoy,ARI,2022,14,27,40,246.0,0,1.0,6.0
C.McCoy,ARI,2022,15,13,21,78.0,0,1.0,2.0
A.Green,ARI,2022,1,0,0,0.0,0,0.0,0.0
A.Green,ARI,2022,2,0,0,0.0,0,0.0,0.0
A.Green,ARI,2022,3,0,0,0.0,0,0.0,0.0
A.Green,ARI,2022,5,0,0,0.0,0,0.0,0.0
A.Green,ARI,2022,6,0,0,0.0,0,0.0,0.0
A.Green,ARI,2022,8,0,0,0.0,0,0.0,0.0
A.Green,ARI,2022,10,0,0,0.0,0,0.0,0.0
A.Green,ARI,2022,11,0,0,0.0,0,0.0,0.0
A.Green,ARI,2022,12,0,0,0.0,0,0.0,0.0
A.Green,ARI,2022,14,0,0,0.0,0,0.0,0.0
A.Green,ARI,2022,15,0,0,0.0,0,0.0,0.0
A.Green,ARI,2022,17,0,0,0.0,0,0.0,0.0
A.Green,ARI,2022,18,0,0,0.0,0,0.0,0.0
J.Jones,TB,2022,1,0,0,0.0,0,0.0,0.0
J.Jones,TB,2022,4,0,0,0.0,0,0.0,0.0
J.Jones,TB,2022,8,0,0,0.0,0,0.0,0.0
J.Jones,TB,2022,9,0,0,0.0,0,0.0,0.0
J.Jones,TB,2022,10,0,0,0.0,0,0.0,0.0
J.Jones,TB,2022,12,0,0,0.0,0,0.0,0.0
J.Jones,TB,2022,13,0,0,0.0,0,0.0,0.0
J.Jones,TB,2022,14,0,0,0.0,0,0.0,0.0
J.Jones,TB,2022,16,0,0,0.0,0,0.0,0.0
J.Jones,TB,2022,17,0,0,0.0,0,0.0,0.0
J.Jones,TB,2022,19,0,0,0.0,0,0.0,0.0
B.Gabbert,TB,2022,18,6,8,29.0,1,0.0,0.0
M.Ingram,NO,2022,1,0,0,0.0,0,0.0,0.0
M.Ingram,NO,2022,2,0,0,0.0,0,0.0,0.0
M.Ingram,NO,2022,3,0,0,0.0,0,0.0,0.0
M.Ingram,NO,2022,4,0,0,0.0,0,0.0,0.0
M.Ingram,NO,2022,5,0,0,0.0,0,0.0,0.0
M.Ingram,NO,2022,6,0,0,0.0,0,0.0,0.0
M.Ingram,NO,2022,7,0,0,0.0,0,0.0,0.0
M.Ingram,NO,2022,8,0,0,0.0,0,0.0,0.0
M.Ingram,NO,2022,12,0,0,0.0,0,0.0,0.0
M.Ingram,NO,2022,13,0,0,0.0,0,0.0,0.0
A.Dalton,NO,2022,4,20,28,236.0,1,0.0,2.0
A.Dalton,NO,2022,5,16,24,187.0,1,1.0,1.0
A.Dalton,NO,2022,6,17,32,162.0,1,0.0,1.0
A.Dalton,NO,2022,7,30,47,361.0,4,3.0,0.0
A.Dalton,NO,2022,8,22,30,229.0,2,0.0,0.0
A.Dalton,NO,2022,9,19,29,210.0,1,1.0,4.0
A.Dalton,NO,2022,10,17,27,174.0,1,2.0,2.0
A.Dalton,NO,2022,11,21,25,260.0,3,0.0,3.0
A.Dalton,NO,2022,12,18,29,204.0,0,0.0,1.0
A.Dalton,NO,2022,13,20,28,229.0,1,0.0,2.0
A.Dalton,NO,2022,15,11,17,151.0,2,0.0,2.0
A.Dalton,NO,2022,16,8,15,92.0,0,1.0,0.0
A.Dalton,NO,2022,17,18,22,205.0,0,1.0,6.0
A.Dalton,NO,2022,18,15,25,171.0,1,0.0,1.0
K.Rudolph,TB,2022,3,0,0,0.0,0,0.0,0.0
K.Rudolph,TB,2022,5,0,0,0.0,0,0.0,0.0
K.Rudolph,TB,2022,7,0,0,0.0,0,0.0,0.0
K.Rudolph,TB,2022,8,0,0,0.0,0,0.0,0.0
K.Rudolph,TB,2022,18,0,0,0.0,0,0.0,0.0
R.Cobb,GB,2022,1,0,0,0.0,0,0.0,0.0
R.Cobb,GB,2022,2,0,0,0.0,0,0.0,0.0
R.Cobb,GB,2022,3,0,0,0.0,0,0.0,0.0
R.Cobb,GB,2022,4,0,0,0.0,0,0.0,0.0
R.Cobb,GB,2022,5,0,0,0.0,0,0.0,0.0
R.Cobb,GB,2022,6,0,0,0.0,0,0.0,0.0
R.Cobb,GB,2022,11,0,0,0.0,0,0.0,0.0
R.Cobb,GB,2022,12,0,0,0.0,0,0.0,0.0
R.Cobb,GB,2022,13,0,0,0.0,0,0.0,0.0
R.Cobb,GB,2022,15,0,0,0.0,0,0.0,0.0
R.Cobb,GB,2022,16,0,0,0.0,0,0.0,0.0
R.Cobb,GB,2022,17,0,0,0.0,0,0.0,0.0
R.Cobb,GB,2022,18,0,0,0.0,0,0.0,0.0
T.Taylor,NYG,2022,4,1,3,11.0,0,1.0,0.0
T.Taylor,NYG,2022,14,5,5,47.0,1,0.0,3.0
N.Bellore,SEA,2022,18,0,0,0.0,0,0.0,0.0
C.Keenum,BUF,2022,2,0,2,0.0,0,0.0,0.0
C.Keenum,BUF,2022,5,2,5,8.0,0,0.0,0.0
C.Beasley,TB,2022,3,0,0,0.0,0,0.0,0.0
C.Beasley,TB,2022,4,0,0,0.0,0,0.0,0.0
C.Beasley,BUF,2022,15,0,0,0.0,0,0.0,0.0
C.Beasley,BUF,2022,16,0,0,0.0,0,0.0,0.0
C.Beasley,BUF,2022,19,0,0,0.0,0,0.0,0.0
C.Beasley,BUF,2022,20,0,0,0.0,0,0.0,0.0
B.Bolden,LV,2022,1,0,0,0.0,0,0.0,0.0
B.Bolden,LV,2022,3,0,0,0.0,0,0.0,0.0
B.Bolden,LV,2022,4,0,0,0.0,0,0.0,0.0
B.Bolden,LV,2022,5,0,0,0.0,0,0.0,0.0
B.Bolden,LV,2022,9,0,0,0.0,0,0.0,0.0
B.Bolden,LV,2022,11,0,0,0.0,0,0.0,0.0
B.Bolden,LV,2022,16,0,0,0.0,0,0.0,0.0
B.Bolden,LV,2022,17,0,0,0.0,0,0.0,0.0
R.Wilson,DEN,2022,1,29,42,340.0,1,0.0,2.0
R.Wilson,DEN,2022,2,14,31,219.0,1,1.0,3.0
R.Wilson,DEN,2022,3,20,33,184.0,0,0.0,4.0
R.Wilson,DEN,2022,4,17,25,237.0,2,0.0,3.0
R.Wilson,DEN,2022,5,21,39,274.0,0,2.0,4.0
R.Wilson,DEN,2022,6,15,28,188.0,1,0.0,4.0
R.Wilson,DEN,2022,8,18,30,252.0,1,1.0,3.0
R.Wilson,DEN,2022,10,21,42,286.0,1,1.0,6.0
R.Wilson,DEN,2022,11,24,31,247.0,0,0.0,3.0
R.Wilson,DEN,2022,12,19,35,142.0,1,0.0,3.0
R.Wilson,DEN,2022,13,17,22,189.0,0,0.0,2.0
R.Wilson,DEN,2022,14,23,36,247.0,3,1.0,6.0
R.Wilson,DEN,2022,16,15,27,214.0,1,3.0,6.0
R.Wilson,DEN,2022,17,26,38,222.0,1,1.0,4.0
R.Wilson,DEN,2022,18,13,24,283.0,3,1.0,2.0
M.Jones,JAX,2022,1,0,0,0.0,0,0.0,0.0
M.Jones,JAX,2022,2,0,0,0.0,0,0.0,0.0
M.Jones,JAX,2022,3,0,0,0.0,0,0.0,0.0
M.Jones,JAX,2022,4,0,0,0.0,0,0.0,0.0
M.Jones,JAX,2022,5,0,0,0.0,0,0.0,0.0
M.Jones,JAX,2022,7,0,0,0.0,0,0.0,0.0
M.Jones,JAX,2022,8,0,0,0.0,0,0.0,0.0
M.Jones,JAX,2022,9,0,0,0.0,0,0.0,0.0
M.Jones,JAX,2022,10,0,0,0.0,0,0.0,0.0
M.Jones,JAX,2022,12,0,0,0.0,0,0.0,0.0
M.Jones,JAX,2022,13,0,0,0.0,0,0.0,0.0
M.Jones,JAX,2022,14,0,0,0.0,0,0.0,0.0
M.Jones,JAX,2022,15,0,0,0.0,0,0.0,0.0
M.Jones,JAX,2022,16,0,0,0.0,0,0.0,0.0
M.Jones,JAX,2022,17,0,0,0.0,0,0.0,0.0
M.Jones,JAX,2022,18,0,0,0.0,0,0.0,0.0
M.Jones,JAX,2022,19,0,0,0.0,0,0.0,0.0
M.Jones,JAX,2022,20,0,0,0.0,0,0.0,0.0
N.Foles,IND,2022,16,17,29,144.0,0,3.0,7.0
N.Foles,IND,2022,17,8,13,81.0,0,1.0,1.0
K.Cousins,MIN,2022,1,23,32,277.0,2,0.0,1.0
K.Cousins,MIN,2022,2,27,46,221.0,1,3.0,2.0
K.Cousins,MIN,2022,3,24,41,260.0,2,0.0,1.0
K.Cousins,MIN,2022,4,25,38,273.0,1,1.0,3.0
K.Cousins,MIN,2022,5,32,41,296.0,1,1.0,1.0
K.Cousins,MIN,2022,6,20,30,175.0,2,0.0,3.0
K.Cousins,MIN,2022,8,24,36,232.0,2,0.0,3.0
K.Cousins,MIN,2022,9,22,40,265.0,2,1.0,2.0
K.Cousins,MIN,2022,10,30,50,357.0,1,2.0,4.0
K.Cousins,MIN,2022,11,12,23,105.0,0,0.0,7.0
K.Cousins,MIN,2022,12,30,37,299.0,3,1.0,1.0
K.Cousins,MIN,2022,13,21,35,173.0,1,0.0,2.0
K.Cousins,MIN,2022,14,31,41,425.0,2,0.0,3.0
K.Cousins,MIN,2022,15,34,54,460.0,4,2.0,7.0
K.Cousins,MIN,2022,16,34,48,299.0,3,0.0,4.0
K.Cousins,MIN,2022,17,18,31,205.0,1,3.0,2.0
K.Cousins,MIN,2022,18,17,20,225.0,1,0.0,0.0
K.Cousins,MIN,2022,19,31,39,273.0,2,0.0,0.0
T.Hilton,DAL,2022,16,0,0,0.0,0,0.0,0.0
T.Hilton,DAL,2022,17,0,0,0.0,0,0.0,0.0
T.Hilton,DAL,2022,18,0,0,0.0,0,0.0,0.0
T.Hilton,DAL,2022,19,0,0,0.0,0,0.0,0.0
T.Hilton,DAL,2022,20,0,0,0.0,0,0.0,0.0
J.Gordon,TEN,2022,2,0,0,0.0,0,0.0,0.0
B.Anger,DAL,2022,18,0,0,0.0,0,0.0,0.0
R.Tannehill,TEN,2022,1,20,33,266.0,2,0.0,1.0
R.Tannehill,TEN,2022,2,11,20,117.0,0,2.0,2.0
R.Tannehill,TEN,2022,3,19,27,264.0,1,1.0,1.0
R.Tannehill,TEN,2022,4,17,21,137.0,2,0.0,3.0
R.Tannehill,TEN,2022,5,15,25,181.0,1,0.0,5.0
R.Tannehill,TEN,2022,7,13,20,132.0,0,0.0,2.0
R.Tannehill,TEN,2022,10,19,36,255.0,2,0.0,1.0
R.Tannehill,TEN,2022,11,22,27,333.0,2,1.0,3.0
R.Tannehill,TEN,2022,12,22,34,291.0,1,0.0,1.0
R.Tannehill,TEN,2022,13,14,22,141.0,1,0.0,6.0
R.Tannehill,TEN,2022,14,25,38,254.0,2,1.0,4.0
R.Tannehill,TEN,2022,15,15,22,165.0,0,1.0,4.0
K.Juszczyk,SF,2022,1,0,0,0.0,0,0.0,0.0
K.Juszczyk,SF,2022,2,0,0,0.0,0,0.0,0.0
K.Juszczyk,SF,2022,3,0,0,0.0,0,0.0,0.0
K.Juszczyk,SF,2022,4,0,0,0.0,0,0.0,0.0
K.Juszczyk,SF,2022,5,0,0,0.0,0,0.0,0.0
K.Juszczyk,SF,2022,6,0,0,0.0,0,0.0,0.0
K.Juszczyk,SF,2022,7,0,0,0.0,0,0.0,0.0
K.Juszczyk,SF,2022,11,0,0,0.0,0,0.0,0.0
K.Juszczyk,SF,2022,12,0,0,0.0,0,0.0,0.0
K.Juszczyk,SF,2022,13,0,0,0.0,0,0.0,0.0
K.Juszczyk,SF,2022,14,0,0,0.0,0,0.0,0.0
K.Juszczyk,SF,2022,17,0,0,0.0,0,0.0,0.0
K.Juszczyk,SF,2022,18,0,0,0.0,0,0.0,0.0
K.Juszczyk,SF,2022,19,0,0,0.0,0,0.0,0.0
K.Juszczyk,SF,2022,20,0,0,0.0,0,0.0,0.0
A.Thielen,MIN,2022,1,0,0,0.0,0,0.0,0.0
A.Thielen,MIN,2022,2,0,0,0.0,0,0.0,0.0
A.Thielen,MIN,2022,3,0,0,0.0,0,0.0,0.0
A.Thielen,MIN,2022,4,0,0,0.0,0,0.0,0.0
A.Thielen,MIN,2022,5,0,0,0.0,0,0.0,0.0
A.Thielen,MIN,2022,6,0,0,0.0,0,0.0,0.0
A.Thielen,MIN,2022,8,0,0,0.0,0,0.0,0.0
A.Thielen,MIN,2022,9,0,0,0.0,0,0.0,0.0
A.Thielen,MIN,2022,10,0,0,0.0,0,0.0,0.0
A.Thielen,MIN,2022,11,0,0,0.0,0,0.0,0.0
A.Thielen,MIN,2022,12,0,0,0.0,0,0.0,0.0
A.Thielen,MIN,2022,13,0,0,0.0,0,0.0,0.0
A.Thielen,MIN,2022,14,0,0,0.0,0,0.0,0.0
A.Thielen,MIN,2022,15,0,0,0.0,0,0.0,0.0
A.Thielen,MIN,2022,16,0,0,0.0,0,0.0,0.0
A.Thielen,MIN,2022,17,0,0,0.0,0,0.0,0.0
A.Thielen,MIN,2022,18,0,0,0.0,0,0.0,0.0
A.Thielen,MIN,2022,19,0,0,0.0,0,0.0,0.0
Z.Ertz,ARI,2022,1,0,0,0.0,0,0.0,0.0
Z.Ertz,ARI,2022,2,0,0,0.0,0,0.0,0.0
Z.Ertz,ARI,2022,3,0,0,0.0,0,0.0,0.0
Z.Ertz,ARI,2022,4,0,0,0.0,0,0.0,0.0
Z.Ertz,ARI,2022,5,0,0,0.0,0,0.0,0.0
Z.Ertz,ARI,2022,6,0,0,0.0,0,0.0,0.0
Z.Ertz,ARI,2022,7,0,0,0.0,0,0.0,0.0
Z.Ertz,ARI,2022,8,0,0,0.0,0,0.0,0.0
Z.Ertz,ARI,2022,9,0,0,0.0,0,0.0,0.0
Z.Ertz,ARI,2022,10,0,0,0.0,0,0.0,0.0
M.Goodwin,SEA,2022,1,0,0,0.0,0,0.0,0.0
M.Goodwin,SEA,2022,2,0,0,0.0,0,0.0,0.0
M.Goodwin,SEA,2022,3,0,0,0.0,0,0.0,0.0
M.Goodwin,SEA,2022,6,0,0,0.0,0,0.0,0.0
M.Goodwin,SEA,2022,7,0,0,0.0,0,0.0,0.0
M.Goodwin,SEA,2022,8,0,0,0.0,0,0.0,0.0
M.Goodwin,SEA,2022,10,0,0,0.0,0,0.0,0.0
M.Goodwin,SEA,2022,12,0,0,0.0,0,0.0,0.0
M.Goodwin,SEA,2022,13,0,0,0.0,0,0.0,0.0
M.Goodwin,SEA,2022,14,0,0,0.0,0,0.0,0.0
M.Goodwin,SEA,2022,15,0,0,0.0,0,0.0,0.0
M.Goodwin,SEA,2022,16,0,0,0.0,0,0.0,0.0
D.Bakhtiari,GB,2022,9,0,0,0.0,0,0.0,0.0
R.Griffin,CHI,2022,1,0,0,0.0,0,0.0,0.0
R.Griffin,CHI,2022,2,0,0,0.0,0,0.0,0.0
R.Griffin,CHI,2022,5,0,0,0.0,0,0.0,0.0
R.Griffin,CHI,2022,6,0,0,0.0,0,0.0,0.0
R.Griffin,CHI,2022,7,0,0,0.0,0,0.0,0.0
R.Griffin,CHI,2022,16,0,0,0.0,0,0.0,0.0
R.Griffin,CHI,2022,17,0,0,0.0,0,0.0,0.0
K.Allen,LAC,2022,1,0,0,0.0,0,0.0,0.0
K.Allen,LAC,2022,7,0,0,0.0,0,0.0,0.0
K.Allen,LAC,2022,11,0,0,0.0,0,0.0,0.0
K.Allen,LAC,2022,12,0,0,0.0,0,0.0,0.0
K.Allen,LAC,2022,13,0,0,0.0,0,0.0,0.0
K.Allen,LAC,2022,14,0,0,0.0,0,0.0,0.0
K.Allen,LAC,2022,15,0,0,0.0,0,0.0,0.0
K.Allen,LAC,2022,16,0,0,0.0,0,0.0,0.0
K.Allen,LAC,2022,17,0,0,0.0,0,0.0,0.0
K.Allen,LAC,2022,18,0,0,0.0,0,0.0,0.0
K.Allen,LAC,2022,19,0,0,0.0,0,0.0,0.0
R.Burkhead,HOU,2022,1,0,0,0.0,0,0.0,0.0
R.Burkhead,HOU,2022,2,0,0,0.0,0,0.0,0.0
R.Burkhead,HOU,2022,3,0,0,0.0,0,0.0,0.0
R.Burkhead,HOU,2022,4,0,0,0.0,0,0.0,0.0
R.Burkhead,HOU,2022,5,0,0,0.0,0,0.0,0.0
R.Burkhead,HOU,2022,7,0,0,0.0,0,0.0,0.0
R.Burkhead,HOU,2022,8,0,1,0.0,0,0.0,0.0
R.Burkhead,HOU,2022,9,0,0,0.0,0,0.0,0.0
R.Burkhead,HOU,2022,10,0,0,0.0,0,0.0,0.0
R.Burkhead,HOU,2022,12,0,0,0.0,0,0.0,0.0
R.Burkhead,HOU,2022,14,0,0,0.0,0,0.0,0.0
R.Burkhead,HOU,2022,15,0,0,0.0,0,0.0,0.0
R.Burkhead,HOU,2022,16,0,0,0.0,0,0.0,0.0
R.Burkhead,HOU,2022,17,0,0,0.0,0,0.0,0.0
R.Burkhead,HOU,2022,18,0,0,0.0,0,0.0,0.0
R.Woods,TEN,2022,1,0,0,0.0,0,0.0,0.0
R.Woods,TEN,2022,2,0,0,0.0,0,0.0,0.0
R.Woods,TEN,2022,3,0,0,0.0,0,0.0,0.0
R.Woods,TEN,2022,4,0,0,0.0,0,0.0,0.0
R.Woods,TEN,2022,5,0,0,0.0,0,0.0,0.0
R.Woods,TEN,2022,7,0,0,0.0,0,0.0,0.0
R.Woods,TEN,2022,8,0,0,0.0,0,0.0,0.0
R.Woods,TEN,2022,9,0,0,0.0,0,0.0,0.0
R.Woods,TEN,2022,10,0,0,0.0,0,0.0,0.0
R.Woods,TEN,2022,11,0,0,0.0,0,0.0,0.0
R.Woods,TEN,2022,12,0,0,0.0,0,0.0,0.0
R.Woods,TEN,2022,13,0,0,0.0,0,0.0,0.0
R.Woods,TEN,2022,14,0,0,0.0,0,0.0,0.0
R.Woods,TEN,2022,15,0,0,0.0,0,0.0,0.0
R.Woods,TEN,2022,16,0,0,0.0,0,0.0,0.0
R.Woods,TEN,2022,17,0,0,0.0,0,0.0,0.0
R.Woods,TEN,2022,18,0,0,0.0,0,0.0,0.0
G.Bernard,TB,2022,15,0,0,0.0,0,0.0,0.0
G.Bernard,TB,2022,18,0,0,0.0,0,0.0,0.0
T.Kelce,KC,2022,1,0,0,0.0,0,0.0,0.0
T.Kelce,KC,2022,2,0,0,0.0,0,0.0,0.0
T.Kelce,KC,2022,3,0,0,0.0,0,0.0,0.0
T.Kelce,KC,2022,4,0,0,0.0,0,0.0,0.0
T.Kelce,KC,2022,5,0,0,0.0,0,0.0,0.0
T.Kelce,KC,2022,6,0,0,0.0,0,0.0,0.0
T.Kelce,KC,2022,7,0,0,0.0,0,0.0,0.0
T.Kelce,KC,2022,9,0,0,0.0,0,0.0,0.0
T.Kelce,KC,2022,10,0,0,0.0,0,0.0,0.0
T.Kelce,KC,2022,11,0,0,0.0,0,0.0,0.0
T.Kelce,KC,2022,12,0,0,0.0,0,0.0,0.0
T.Kelce,KC,2022,13,0,0,0.0,0,0.0,0.0
T.Kelce,KC,2022,14,0,0,0.0,0,0.0,0.0
T.Kelce,KC,2022,15,0,0,0.0,0,0.0,0.0
T.Kelce,KC,2022,16,0,0,0.0,0,0.0,0.0
T.Kelce,KC,2022,17,0,0,0.0,0,0.0,0.0
T.Kelce,KC,2022,18,0,0,0.0,0,0.0,0.0
T.Kelce,KC,2022,20,0,0,0.0,0,0.0,0.0
T.Kelce,KC,2022,21,0,0,0.0,0,0.0,0.0
T.Kelce,KC,2022,22,0,0,0.0,0,0.0,0.0
L.Murray,NO,2022,4,0,0,0.0,0,0.0,0.0
L.Murray,DEN,2022,6,0,0,0.0,0,0.0,0.0
L.Murray,DEN,2022,7,0,0,0.0,0,0.0,0.0
L.Murray,DEN,2022,8,0,0,0.0,0,0.0,0.0
L.Murray,DEN,2022,10,0,0,0.0,0,0.0,0.0
L.Murray,DEN,2022,11,0,0,0.0,0,0.0,0.0
L.Murray,DEN,2022,12,0,0,0.0,0,0.0,0.0
L.Murray,DEN,2022,13,0,0,0.0,0,0.0,0.0
L.Murray,DEN,2022,14,0,0,0.0,0,0.0,0.0
L.Murray,DEN,2022,15,0,0,0.0,0,0.0,0.0
L.Murray,DEN,2022,16,0,0,0.0,0,0.0,0.0
L.Murray,DEN,2022,17,0,0,0.0,0,0.0,0.0
L.Murray,DEN,2022,18,0,0,0.0,0,0.0,0.0
D.Hopkins,ARI,2022,7,0,0,0.0,0,0.0,0.0
D.Hopkins,ARI,2022,8,0,0,0.0,0,0.0,0.0
D.Hopkins,ARI,2022,9,0,0,0.0,0,0.0,0.0
D.Hopkins,ARI,2022,10,0,0,0.0,0,0.0,0.0
D.Hopkins,ARI,2022,11,0,0,0.0,0,0.0,0.0
D.Hopkins,ARI,2022,12,0,0,0.0,0,0.0,0.0
D.Hopkins,ARI,2022,14,0,0,0.0,0,0.0,0.0
D.Hopkins,ARI,2022,15,0,0,0.0,0,0.0,0.0
D.Hopkins,ARI,2022,16,0,0,0.0,0,0.0,0.0
G.Smith,SEA,2022,1,23,28,195.0,2,0.0,2.0
G.Smith,SEA,2022,2,24,30,197.0,0,1.0,2.0
G.Smith,SEA,2022,3,32,44,325.0,2,1.0,2.0
G.Smith,SEA,2022,4,23,30,320.0,2,0.0,0.0
G.Smith,SEA,2022,5,16,25,268.0,3,0.0,3.0
G.Smith,SEA,2022,6,20,31,197.0,0,0.0,5.0
G.Smith,SEA,2022,7,20,27,210.0,2,1.0,2.0
G.Smith,SEA,2022,8,23,34,212.0,2,0.0,3.0
G.Smith,SEA,2022,9,26,34,275.0,2,1.0,2.0
G.Smith,SEA,2022,10,23,33,275.0,2,0.0,3.0
G.Smith,SEA,2022,12,27,37,328.0,2,1.0,3.0
G.Smith,SEA,2022,13,28,39,367.0,3,1.0,4.0
G.Smith,SEA,2022,14,21,36,264.0,3,2.0,3.0
G.Smith,SEA,2022,15,31,44,238.0,1,0.0,3.0
G.Smith,SEA,2022,16,25,40,215.0,1,1.0,2.0
G.Smith,SEA,2022,17,18,29,183.0,2,0.0,4.0
G.Smith,SEA,2022,18,19,31,213.0,1,2.0,3.0
G.Smith,SEA,2022,19,25,35,253.0,2,1.0,3.0
C.Patterson,ATL,2022,1,0,0,0.0,0,0.0,0.0
C.Patterson,ATL,2022,2,0,0,0.0,0,0.0,0.0
C.Patterson,ATL,2022,3,0,0,0.0,0,0.0,0.0
C.Patterson,ATL,2022,4,0,0,0.0,0,0.0,0.0
C.Patterson,ATL,2022,9,0,0,0.0,0,0.0,0.0
C.Patterson,ATL,2022,10,0,0,0.0,0,0.0,0.0
C.Patterson,ATL,2022,11,0,0,0.0,0,0.0,0.0
C.Patterson,ATL,2022,12,0,0,0.0,0,0.0,0.0
C.Patterson,ATL,2022,13,0,0,0.0,0,0.0,0.0
C.Patterson,ATL,2022,15,0,0,0.0,0,0.0,0.0
C.Patterson,ATL,2022,16,0,0,0.0,0,0.0,0.0
C.Patterson,ATL,2022,17,0,0,0.0,0,0.0,0.0
C.Patterson,ATL,2022,18,0,0,0.0,0,0.0,0.0
D.Williams,ATL,2022,1,0,0,0.0,0,0.0,0.0
K.Smith,ATL,2022,4,0,0,0.0,0,0.0,0.0
K.Smith,ATL,2022,6,0,0,0.0,0,0.0,0.0
J.Brown,BUF,2022,14,0,0,0.0,0,0.0,0.0
J.Brown,BUF,2022,18,0,0,0.0,0,0.0,0.0
J.Brown,BUF,2022,19,0,0,0.0,0,0.0,0.0
B.Cooks,HOU,2022,1,0,0,0.0,0,0.0,0.0
B.Cooks,HOU,2022,2,0,0,0.0,0,0.0,0.0
B.Cooks,HOU,2022,3,0,0,0.0,0,0.0,0.0
B.Cooks,HOU,2022,4,0,0,0.0,0,0.0,0.0
B.Cooks,HOU,2022,5,0,0,0.0,0,0.0,0.0
B.Cooks,HOU,2022,7,0,0,0.0,0,0.0,0.0
B.Cooks,HOU,2022,8,0,0,0.0,0,0.0,0.0
B.Cooks,HOU,2022,10,0,0,0.0,0,0.0,0.0
B.Cooks,HOU,2022,11,0,0,0.0,0,0.0,0.0
B.Cooks,HOU,2022,12,0,0,0.0,0,0.0,0.0
B.Cooks,HOU,2022,16,0,0,0.0,0,0.0,0.0
B.Cooks,HOU,2022,17,0,0,0.0,0,0.0,0.0
B.Cooks,HOU,2022,18,0,0,0.0,0,0.0,0.0
T.Bridgewater,MIA,2022,3,0,2,0.0,0,0.0,1.0
T.Bridgewater,MIA,2022,4,14,23,193.0,1,1.0,0.0
T.Bridgewater,MIA,2022,5,0,1,0.0,0,0.0,0.0
T.Bridgewater,MIA,2022,6,23,34,329.0,2,2.0,5.0
T.Bridgewater,MIA,2022,17,12,19,161.0,1,1.0,1.0
L.Thomas,WAS,2022,1,0,0,0.0,0,0.0,0.0
L.Thomas,WAS,2022,2,0,0,0.0,0,0.0,0.0
L.Thomas,WAS,2022,3,0,0,0.0,0,0.0,0.0
L.Thomas,WAS,2022,4,0,0,0.0,0,0.0,0.0
L.Thomas,WAS,2022,9,0,0,0.0,0,0.0,0.0
L.Thomas,WAS,2022,10,0,0,0.0,0,0.0,0.0
L.Thomas,WAS,2022,11,0,0,0.0,0,0.0,0.0
L.Thomas,WAS,2022,12,0,0,0.0,0,0.0,0.0
L.Thomas,WAS,2022,13,0,0,0.0,0,0.0,0.0
L.Thomas,WAS,2022,15,0,0,0.0,0,0.0,0.0
L.Thomas,WAS,2022,16,0,0,0.0,0,0.0,0.0
L.Thomas,WAS,2022,17,0,0,0.0,0,0.0,0.0
L.Thomas,WAS,2022,18,0,0,0.0,0,0.0,0.0
C.Brate,TB,2022,1,0,0,0.0,0,0.0,0.0
C.Brate,TB,2022,2,0,0,0.0,0,0.0,0.0
C.Brate,TB,2022,3,0,0,0.0,0,0.0,0.0
C.Brate,TB,2022,4,0,0,0.0,0,0.0,0.0
C.Brate,TB,2022,6,0,0,0.0,0,0.0,0.0
C.Brate,TB,2022,10,0,0,0.0,0,0.0,0.0
C.Brate,TB,2022,12,0,0,0.0,0,0.0,0.0
C.Brate,TB,2022,14,0,0,0.0,0,0.0,0.0
C.Brate,TB,2022,15,0,0,0.0,0,0.0,0.0
C.Brate,TB,2022,19,0,0,0.0,0,0.0,0.0
D.Carr,LV,2022,1,22,37,295.0,2,3.0,5.0
D.Carr,LV,2022,2,25,39,252.0,2,0.0,1.0
D.Carr,LV,2022,3,26,44,303.0,2,1.0,1.0
D.Carr,LV,2022,4,21,34,188.0,0,0.0,2.0
D.Carr,LV,2022,5,19,30,241.0,2,0.0,2.0
D.Carr,LV,2022,7,21,27,241.0,1,0.0,1.0
D.Carr,LV,2022,8,15,26,101.0,0,1.0,3.0
D.Carr,LV,2022,9,21,36,259.0,2,0.0,2.0
D.Carr,LV,2022,10,24,38,248.0,2,0.0,2.0
D.Carr,LV,2022,11,23,37,307.0,2,0.0,1.0
D.Carr,LV,2022,12,25,36,295.0,3,2.0,1.0
D.Carr,LV,2022,13,16,30,250.0,2,1.0,0.0
D.Carr,LV,2022,14,11,20,137.0,0,2.0,0.0
D.Carr,LV,2022,15,20,38,231.0,3,1.0,3.0
D.Carr,LV,2022,16,16,30,174.0,1,3.0,3.0
S.Watkins,GB,2022,1,0,0,0.0,0,0.0,0.0
S.Watkins,GB,2022,2,0,0,0.0,0,0.0,0.0
S.Watkins,GB,2022,7,0,0,0.0,0,0.0,0.0
S.Watkins,GB,2022,8,0,0,0.0,0,0.0,0.0
S.Watkins,GB,2022,9,0,0,0.0,0,0.0,0.0
S.Watkins,GB,2022,10,0,0,0.0,0,0.0,0.0
S.Watkins,GB,2022,11,0,0,0.0,0,0.0,0.0
S.Watkins,BAL,2022,16,0,0,0.0,0,0.0,0.0
S.Watkins,BAL,2022,18,0,0,0.0,0,0.0,0.0
S.Watkins,BAL,2022,19,0,0,0.0,0,0.0,0.0
J.Garoppolo,SF,2022,2,13,21,154.0,1,0.0,1.0
J.Garoppolo,SF,2022,3,18,29,211.0,1,1.0,4.0
J.Garoppolo,SF,2022,4,16,27,239.0,1,0.0,0.0
J.Garoppolo,SF,2022,5,18,30,253.0,2,0.0,2.0
J.Garoppolo,SF,2022,6,29,41,296.0,2,2.0,0.0
J.Garoppolo,SF,2022,7,25,37,303.0,2,1.0,5.0
J.Garoppolo,SF,2022,8,21,25,235.0,2,0.0,3.0
J.Garoppolo,SF,2022,10,19,28,240.0,0,0.0,1.0
J.Garoppolo,SF,2022,11,20,29,228.0,4,0.0,0.0
J.Garoppolo,SF,2022,12,26,37,222.0,1,0.0,1.0
J.Garoppolo,SF,2022,13,2,4,56.0,0,0.0,1.0
J.McKinnon,KC,2022,1,0,0,0.0,0,0.0,0.0
J.McKinnon,KC,2022,2,0,0,0.0,0,0.0,0.0
J.McKinnon,KC,2022,3,0,0,0.0,0,0.0,0.0
J.McKinnon,KC,2022,4,0,0,0.0,0,0.0,0.0
J.McKinnon,KC,2022,5,0,0,0.0,0,0.0,0.0
J.McKinnon,KC,2022,6,0,0,0.0,0,0.0,0.0
J.McKinnon,KC,2022,7,0,0,0.0,0,0.0,0.0
J.McKinnon,KC,2022,9,0,0,0.0,0,0.0,0.0
J.McKinnon,KC,2022,10,0,0,0.0,0,0.0,0.0
J.McKinnon,KC,2022,11,0,0,0.0,0,0.0,0.0
J.McKinnon,KC,2022,12,0,0,0.0,0,0.0,0.0
J.McKinnon,KC,2022,13,0,0,0.0,0,0.0,0.0
J.McKinnon,KC,2022,14,0,0,0.0,0,0.0,0.0
J.McKinnon,KC,2022,15,0,0,0.0,0,0.0,0.0
J.McKinnon,KC,2022,16,0,0,0.0,0,0.0,0.0
J.McKinnon,KC,2022,17,0,0,0.0,0,0.0,0.0
J.McKinnon,KC,2022,18,0,0,0.0,0,0.0,0.0
J.McKinnon,KC,2022,20,0,0,0.0,0,0.0,0.0
J.McKinnon,KC,2022,21,0,0,0.0,0,0.0,0.0
J.McKinnon,KC,2022,22,0,0,0.0,0,0.0,0.0
D.Adams,LV,2022,1,0,0,0.0,0,0.0,1.0
D.Adams,LV,2022,2,0,0,0.0,0,0.0,0.0
D.Adams,LV,2022,3,0,0,0.0,0,0.0,0.0
D.Adams,LV,2022,4,0,0,0.0,0,0.0,0.0
D.Adams,LV,2022,5,0,0,0.0,0,0.0,0.0
D.Adams,LV,2022,7,0,0,0.0,0,0.0,0.0
D.Adams,LV,2022,8,0,0,0.0,0,0.0,0.0
D.Adams,LV,2022,9,0,0,0.0,0,0.0,0.0
D.Adams,LV,2022,10,0,0,0.0,0,0.0,0.0
D.Adams,LV,2022,11,0,0,0.0,0,0.0,0.0
D.Adams,LV,2022,12,0,0,0.0,0,0.0,0.0
D.Adams,LV,2022,13,0,0,0.0,0,0.0,0.0
D.Adams,LV,2022,14,0,0,0.0,0,0.0,0.0
D.Adams,LV,2022,15,0,0,0.0,0,0.0,0.0
D.Adams,LV,2022,16,0,0,0.0,0,0.0,0.0
D.Adams,LV,2022,17,0,0,0.0,0,0.0,0.0
D.Adams,LV,2022,18,0,0,0.0,0,0.0,0.0
J.Landry,NO,2022,1,0,0,0.0,0,0.0,0.0
J.Landry,NO,2022,2,0,0,0.0,0,0.0,0.0
J.Landry,NO,2022,3,0,0,0.0,0,0.0,0.0
J.Landry,NO,2022,4,0,0,0.0,0,0.0,0.0
J.Landry,NO,2022,10,0,0,0.0,0,0.0,0.0
J.Landry,NO,2022,11,0,0,0.0,0,0.0,0.0
J.Landry,NO,2022,12,0,0,0.0,0,0.0,0.0
J.Landry,NO,2022,13,0,0,0.0,0,0.0,0.0
J.Landry,NO,2022,15,0,0,0.0,0,0.0,0.0
R.Rodgers,LAC,2022,1,0,0,0.0,0,0.0,0.0
R.Rodgers,LAC,2022,9,0,0,0.0,0,0.0,0.0
R.Rodgers,LAC,2022,10,0,0,0.0,0,0.0,0.0
M.Evans,TB,2022,1,0,0,0.0,0,0.0,0.0
M.Evans,TB,2022,2,0,0,0.0,0,0.0,0.0
M.Evans,TB,2022,4,0,0,0.0,0,0.0,0.0
M.Evans,TB,2022,5,0,0,0.0,0,0.0,0.0
M.Evans,TB,2022,6,0,0,0.0,0,0.0,0.0
M.Evans,TB,2022,7,0,0,0.0,0,0.0,0.0
M.Evans,TB,2022,8,0,0,0.0,0,0.0,0.0
M.Evans,TB,2022,9,0,0,0.0,0,0.0,0.0
M.Evans,TB,2022,10,0,0,0.0,0,0.0,0.0
M.Evans,TB,2022,12,0,0,0.0,0,0.0,0.0
M.Evans,TB,2022,13,0,0,0.0,0,0.0,0.0
M.Evans,TB,2022,14,0,0,0.0,0,0.0,0.0
M.Evans,TB,2022,15,0,0,0.0,0,0.0,0.0
M.Evans,TB,2022,16,0,0,0.0,0,0.0,0.0
M.Evans,TB,2022,17,0,0,0.0,0,0.0,0.0
M.Evans,TB,2022,19,0,0,0.0,0,0.0,0.0
A.Robinson,LA,2022,1,0,0,0.0,0,0.0,0.0
A.Robinson,LA,2022,2,0,0,0.0,0,0.0,0.0
A.Robinson,LA,2022,3,0,0,0.0,0,0.0,0.0
A.Robinson,LA,2022,4,0,0,0.0,0,0.0,0.0
A.Robinson,LA,2022,5,0,0,0.0,0,0.0,0.0
A.Robinson,LA,2022,6,0,0,0.0,0,0.0,0.0
A.Robinson,LA,2022,8,0,0,0.0,0,0.0,0.0
A.Robinson,LA,2022,9,0,0,0.0,0,0.0,0.0
A.Robinson,LA,2022,10,0,0,0.0,0,0.0,0.0
A.Robinson,LA,2022,11,0,0,0.0,0,0.0,0.0
C.Manhertz,JAX,2022,4,0,0,0.0,0,0.0,0.0
C.Manhertz,JAX,2022,5,0,0,0.0,0,0.0,0.0
C.Manhertz,JAX,2022,8,0,0,0.0,0,0.0,0.0
C.Manhertz,JAX,2022,9,0,0,0.0,0,0.0,0.0
C.Manhertz,JAX,2022,13,0,0,0.0,0,0.0,0.0
C.Manhertz,JAX,2022,14,0,0,0.0,0,0.0,0.0
J.Winston,NO,2022,1,23,34,269.0,2,0.0,4.0
J.Winston,NO,2022,2,25,40,236.0,1,3.0,6.0
J.Winston,NO,2022,3,25,41,353.0,1,2.0,1.0
A.Cooper,CLE,2022,1,0,0,0.0,0,0.0,0.0
A.Cooper,CLE,2022,2,0,0,0.0,0,0.0,0.0
A.Cooper,CLE,2022,3,0,0,0.0,0,0.0,0.0
A.Cooper,CLE,2022,4,0,0,0.0,0,0.0,0.0
A.Cooper,CLE,2022,5,0,0,0.0,0,0.0,0.0
A.Cooper,CLE,2022,6,0,0,0.0,0,0.0,0.0
A.Cooper,CLE,2022,7,0,0,0.0,0,0.0,0.0
A.Cooper,CLE,2022,8,0,1,0.0,0,1.0,0.0
A.Cooper,CLE,2022,10,0,0,0.0,0,0.0,0.0
A.Cooper,CLE,2022,11,0,0,0.0,0,0.0,0.0
A.Cooper,CLE,2022,12,0,0,0.0,0,0.0,0.0
A.Cooper,CLE,2022,13,0,0,0.0,0,0.0,0.0
A.Cooper,CLE,2022,14,0,0,0.0,0,0.0,0.0
A.Cooper,CLE,2022,15,0,0,0.0,0,0.0,0.0
A.Cooper,CLE,2022,16,0,0,0.0,0,0.0,0.0
A.Cooper,CLE,2022,17,0,0,0.0,0,0.0,0.0
A.Cooper,CLE,2022,18,0,0,0.0,0,0.0,0.0
K.White,NO,2022,6,0,0,0.0,0,0.0,0.0
K.White,NO,2022,7,0,0,0.0,0,0.0,0.0
K.White,NO,2022,9,0,0,0.0,0,0.0,0.0
K.White,NO,2022,10,0,0,0.0,0,0.0,0.0
D.Parker,NE,2022,1,0,0,0.0,0,0.0,0.0
D.Parker,NE,2022,2,0,0,0.0,0,0.0,0.0
D.Parker,NE,2022,3,0,0,0.0,0,0.0,0.0
D.Parker,NE,2022,4,0,0,0.0,0,0.0,0.0
D.Parker,NE,2022,6,0,0,0.0,0,0.0,0.0
D.Parker,NE,2022,7,0,0,0.0,0,0.0,0.0
D.Parker,NE,2022,8,0,0,0.0,0,0.0,0.0
D.Parker,NE,2022,11,0,0,0.0,0,0.0,0.0
D.Parker,NE,2022,12,0,0,0.0,0,0.0,0.0
D.Parker,NE,2022,13,0,0,0.0,0,0.0,0.0
D.Parker,NE,2022,14,0,0,0.0,0,0.0,0.0
D.Parker,NE,2022,18,0,0,0.0,0,0.0,0.0
N.Agholor,NE,2022,1,0,0,0.0,0,0.0,0.0
N.Agholor,NE,2022,2,0,0,0.0,0,0.0,0.0
N.Agholor,NE,2022,3,0,0,0.0,0,0.0,0.0
N.Agholor,NE,2022,4,0,0,0.0,0,0.0,0.0
N.Agholor,NE,2022,5,0,0,0.0,0,0.0,0.0
N.Agholor,NE,2022,7,0,0,0.0,0,0.0,0.0
N.Agholor,NE,2022,8,0,0,0.0,0,0.0,0.0
N.Agholor,NE,2022,11,0,0,0.0,0,0.0,0.0
N.Agholor,NE,2022,12,0,0,0.0,0,0.0,0.0
N.Agholor,NE,2022,13,0,0,0.0,0,0.0,0.0
N.Agholor,NE,2022,14,0,0,0.0,0,0.0,0.0
N.Agholor,NE,2022,15,0,0,0.0,0,0.0,0.0
N.Agholor,NE,2022,17,0,0,0.0,0,0.0,0.0
N.Agholor,NE,2022,18,0,0,0.0,0,0.0,0.0
M.Williams,ARI,2022,11,0,0,0.0,0,0.0,0.0
M.Williams,ARI,2022,15,0,0,0.0,0,0.0,0.0
M.Pruitt,ATL,2022,6,0,0,0.0,0,0.0,0.0
M.Pruitt,ATL,2022,9,0,0,0.0,0,0.0,0.0
M.Pruitt,ATL,2022,10,0,0,0.0,0,0.0,0.0
M.Pruitt,ATL,2022,11,0,0,0.0,0,0.0,0.0
M.Pruitt,ATL,2022,12,0,0,0.0,0,0.0,0.0
M.Pruitt,ATL,2022,13,0,0,0.0,0,0.0,0.0
M.Pruitt,ATL,2022,15,0,0,0.0,0,0.0,0.0
M.Pruitt,ATL,2022,16,0,0,0.0,0,0.0,0.0
M.Pruitt,ATL,2022,17,0,0,0.0,0,0.0,0.0
M.Pruitt,ATL,2022,18,0,0,0.0,0,0.0,0.0
S.Diggs,BUF,2022,1,0,0,0.0,0,0.0,0.0
S.Diggs,BUF,2022,2,0,0,0.0,0,0.0,0.0
S.Diggs,BUF,2022,3,0,0,0.0,0,0.0,0.0
S.Diggs,BUF,2022,4,0,0,0.0,0,0.0,0.0
S.Diggs,BUF,2022,5,0,0,0.0,0,0.0,0.0
S.Diggs,BUF,2022,6,0,0,0.0,0,0.0,0.0
S.Diggs,BUF,2022,8,0,0,0.0,0,0.0,0.0
S.Diggs,BUF,2022,9,0,0,0.0,0,0.0,0.0
S.Diggs,BUF,2022,10,0,0,0.0,0,0.0,0.0
S.Diggs,BUF,2022,11,0,0,0.0,0,0.0,0.0
S.Diggs,BUF,2022,12,0,0,0.0,0,0.0,0.0
S.Diggs,BUF,2022,13,0,0,0.0,0,0.0,0.0
S.Diggs,BUF,2022,14,0,0,0.0,0,0.0,0.0
S.Diggs,BUF,2022,15,0,0,0.0,0,0.0,0.0
S.Diggs,BUF,2022,16,0,0,0.0,0,0.0,0.0
S.Diggs,BUF,2022,18,0,0,0.0,0,0.0,0.0
S.Diggs,BUF,2022,19,0,0,0.0,0,0.0,0.0
S.Diggs,BUF,2022,20,0,0,0.0,0,0.0,0.0
M.Burton,KC,2022,2,0,0,0.0,0,0.0,0.0
M.Burton,KC,2022,3,0,0,0.0,0,0.0,0.0
M.Burton,KC,2022,6,0,0,0.0,0,0.0,0.0
M.Burton,KC,2022,9,0,0,0.0,0,0.0,0.0
M.Burton,KC,2022,10,0,0,0.0,0,0.0,0.0
M.Burton,KC,2022,14,0,0,0.0,0,0.0,0.0
D.Waller,LV,2022,1,0,0,0.0,0,0.0,0.0
D.Waller,LV,2022,2,0,0,0.0,0,0.0,0.0
D.Waller,LV,2022,3,0,0,0.0,0,0.0,0.0
D.Waller,LV,2022,4,0,0,0.0,0,0.0,0.0
D.Waller,LV,2022,15,0,0,0.0,0,0.0,0.0
D.Waller,LV,2022,16,0,0,0.0,0,0.0,0.0
D.Waller,LV,2022,17,0,0,0.0,0,0.0,0.0
D.Waller,LV,2022,18,0,0,0.0,0,0.0,0.0
R.Mostert,MIA,2022,1,0,0,0.0,0,0.0,0.0
R.Mostert,MIA,2022,2,0,0,0.0,0,0.0,0.0
R.Mostert,MIA,2022,3,0,0,0.0,0,0.0,0.0
R.Mostert,MIA,2022,4,0,0,0.0,0,0.0,0.0
R.Mostert,MIA,2022,5,0,0,0.0,0,0.0,0.0
R.Mostert,MIA,2022,6,0,0,0.0,0,0.0,0.0
R.Mostert,MIA,2022,7,0,0,0.0,0,0.0,0.0
R.Mostert,MIA,2022,8,0,0,0.0,0,0.0,0.0
R.Mostert,MIA,2022,9,0,0,0.0,0,0.0,0.0
R.Mostert,MIA,2022,10,0,0,0.0,0,0.0,0.0
R.Mostert,MIA,2022,13,0,0,0.0,0,0.0,0.0
R.Mostert,MIA,2022,14,0,0,0.0,0,0.0,0.0
R.Mostert,MIA,2022,15,0,0,0.0,0,0.0,0.0
R.Mostert,MIA,2022,16,0,0,0.0,0,0.0,0.0
R.Mostert,MIA,2022,17,0,0,0.0,0,0.0,0.0
R.Mostert,MIA,2022,18,0,0,0.0,0,0.0,0.0
E.Tomlinson,DEN,2022,1,0,0,0.0,0,0.0,0.0
E.Tomlinson,DEN,2022,5,0,0,0.0,0,0.0,0.0
E.Tomlinson,DEN,2022,6,0,0,0.0,0,0.0,0.0
E.Tomlinson,DEN,2022,7,0,0,0.0,0,0.0,0.0
E.Tomlinson,DEN,2022,10,0,0,0.0,0,0.0,0.0
E.Tomlinson,DEN,2022,14,0,0,0.0,0,0.0,0.0
E.Tomlinson,DEN,2022,15,0,0,0.0,0,0.0,0.0
E.Tomlinson,DEN,2022,18,0,0,0.0,0,0.0,0.0
D.Carter,LAC,2022,1,0,0,0.0,0,0.0,0.0
D.Carter,LAC,2022,2,0,0,0.0,0,0.0,0.0
D.Carter,LAC,2022,3,0,0,0.0,0,0.0,0.0
D.Carter,LAC,2022,4,0,0,0.0,0,0.0,0.0
D.Carter,LAC,2022,5,0,0,0.0,0,0.0,0.0
D.Carter,LAC,2022,6,0,0,0.0,0,0.0,0.0
D.Carter,LAC,2022,7,0,0,0.0,0,0.0,0.0
D.Carter,LAC,2022,9,0,0,0.0,0,0.0,0.0
D.Carter,LAC,2022,10,0,0,0.0,0,0.0,0.0
D.Carter,LAC,2022,11,0,0,0.0,0,0.0,0.0
D.Carter,LAC,2022,12,0,0,0.0,0,0.0,0.0
D.Carter,LAC,2022,13,0,0,0.0,0,0.0,0.0
D.Carter,LAC,2022,14,0,0,0.0,0,0.0,0.0
D.Carter,LAC,2022,15,0,0,0.0,0,0.0,0.0
D.Carter,LAC,2022,17,0,0,0.0,0,0.0,0.0
D.Carter,LAC,2022,18,0,0,0.0,0,0.0,0.0
D.Carter,LAC,2022,19,0,0,0.0,0,0.0,0.0
J.Kumerow,BUF,2022,2,0,0,0.0,0,0.0,0.0
J.Kumerow,BUF,2022,3,0,0,0.0,0,0.0,0.0
J.Kumerow,BUF,2022,8,0,0,0.0,0,0.0,0.0
J.Kumerow,BUF,2022,9,0,0,0.0,0,0.0,0.0
T.Heinicke,WAS,2022,7,20,33,201.0,2,1.0,1.0
T.Heinicke,WAS,2022,8,23,31,279.0,1,1.0,2.0
T.Heinicke,WAS,2022,9,15,28,149.0,2,1.0,3.0
T.Heinicke,WAS,2022,10,17,29,211.0,0,1.0,3.0
T.Heinicke,WAS,2022,11,15,27,191.0,0,0.0,0.0
T.Heinicke,WAS,2022,12,14,23,138.0,2,1.0,0.0
T.Heinicke,WAS,2022,13,27,41,275.0,2,0.0,5.0
T.Heinicke,WAS,2022,15,17,29,249.0,1,0.0,3.0
T.Heinicke,WAS,2022,16,13,18,166.0,2,1.0,2.0
M.Brown,LA,2022,6,0,0,0.0,0,0.0,0.0
M.Brown,LA,2022,8,0,0,0.0,0,0.0,0.0
M.Brown,LA,2022,9,0,0,0.0,0,0.0,0.0
M.Brown,LA,2022,14,0,0,0.0,0,0.0,0.0
M.Brown,LA,2022,15,0,0,0.0,0,0.0,0.0
M.Brown,LA,2022,16,0,0,0.0,0,0.0,0.0
M.Brown,LA,2022,17,0,0,0.0,0,0.0,0.0
D.Byrd,ATL,2022,4,0,0,0.0,0,0.0,0.0
D.Byrd,ATL,2022,5,0,0,0.0,0,0.0,0.0
D.Byrd,ATL,2022,7,0,0,0.0,0,0.0,0.0
D.Byrd,ATL,2022,8,0,0,0.0,0,0.0,0.0
D.Byrd,ATL,2022,9,0,0,0.0,0,0.0,0.0
D.Byrd,ATL,2022,10,0,0,0.0,0,0.0,0.0
D.Byrd,ATL,2022,11,0,0,0.0,0,0.0,0.0
D.Byrd,ATL,2022,13,0,0,0.0,0,0.0,0.0
D.Byrd,ATL,2022,15,0,0,0.0,0,0.0,0.0
D.Byrd,ATL,2022,16,0,0,0.0,0,0.0,0.0
D.Byrd,ATL,2022,17,0,0,0.0,0,0.0,0.0
D.Byrd,ATL,2022,18,0,0,0.0,0,0.0,0.0
J.Crowder,BUF,2022,1,0,0,0.0,0,0.0,0.0
J.Crowder,BUF,2022,2,0,0,0.0,0,0.0,0.0
J.Crowder,BUF,2022,3,0,0,0.0,0,0.0,0.0
J.Crowder,BUF,2022,4,0,0,0.0,0,0.0,0.0
B.Perriman,TB,2022,1,0,0,0.0,0,0.0,0.0
B.Perriman,TB,2022,2,0,0,0.0,0,0.0,0.0
B.Perriman,TB,2022,3,0,0,0.0,0,0.0,0.0
B.Perriman,TB,2022,6,0,0,0.0,0,0.0,0.0
B.Perriman,TB,2022,8,0,0,0.0,0,0.0,0.0
B.Perriman,TB,2022,9,0,0,0.0,0,0.0,0.0
B.Perriman,TB,2022,12,0,0,0.0,0,0.0,0.0
B.Perriman,TB,2022,18,0,0,0.0,0,0.0,0.0
T.Coleman,SF,2022,5,0,0,0.0,0,0.0,0.0
T.Coleman,SF,2022,6,0,0,0.0,0,0.0,0.0
B.Bell,KC,2022,17,0,0,0.0,0,0.0,0.0
B.Bell,KC,2022,18,0,0,0.0,0,0.0,0.0
B.Bell,KC,2022,20,0,0,0.0,0,0.0,0.0
M.Davis,BAL,2022,1,0,0,0.0,0,0.0,0.0
M.Davis,BAL,2022,2,0,0,0.0,0,0.0,0.0
M.Davis,BAL,2022,5,0,0,0.0,0,0.0,0.0
M.Davis,BAL,2022,9,0,0,0.0,0,0.0,0.0
M.Davis,BAL,2022,11,0,0,0.0,0,0.0,0.0
A.Abdullah,LV,2022,1,0,0,0.0,0,0.0,0.0
A.Abdullah,LV,2022,2,0,0,0.0,0,0.0,0.0
A.Abdullah,LV,2022,7,0,0,0.0,0,0.0,0.0
A.Abdullah,LV,2022,8,0,0,0.0,0,0.0,0.0
A.Abdullah,LV,2022,9,0,0,0.0,0,0.0,0.0
A.Abdullah,LV,2022,10,0,0,0.0,0,0.0,0.0
A.Abdullah,LV,2022,11,0,0,0.0,0,0.0,0.0
A.Abdullah,LV,2022,12,0,0,0.0,0,0.0,0.0
A.Abdullah,LV,2022,13,0,0,0.0,0,0.0,0.0
A.Abdullah,LV,2022,14,0,0,0.0,0,0.0,0.0
A.Abdullah,LV,2022,15,0,0,0.0,0,0.0,0.0
A.Abdullah,LV,2022,16,0,0,0.0,0,0.0,0.0
A.Abdullah,LV,2022,18,0,0,0.0,0,0.0,0.0
C.Conley,HOU,2022,1,0,0,0.0,0,0.0,0.0
C.Conley,TEN,2022,9,0,0,0.0,0,0.0,0.0
C.Conley,TEN,2022,14,0,0,0.0,0,0.0,0.0
C.Conley,TEN,2022,15,0,0,0.0,0,0.0,0.0
C.Uzomah,NYJ,2022,3,0,0,0.0,0,0.0,0.0
C.Uzomah,NYJ,2022,5,0,0,0.0,0,0.0,0.0
C.Uzomah,NYJ,2022,6,0,0,0.0,0,0.0,0.0
C.Uzomah,NYJ,2022,7,0,0,0.0,0,0.0,0.0
C.Uzomah,NYJ,2022,8,0,0,0.0,0,0.0,0.0
C.Uzomah,NYJ,2022,9,0,0,0.0,0,0.0,0.0
C.Uzomah,NYJ,2022,12,0,0,0.0,0,0.0,0.0
C.Uzomah,NYJ,2022,13,0,0,0.0,0,0.0,0.0
C.Uzomah,NYJ,2022,14,0,0,0.0,0,0.0,0.0
C.Uzomah,NYJ,2022,15,0,0,0.0,0,0.0,0.0
C.Uzomah,NYJ,2022,16,0,0,0.0,0,0.0,0.0
C.Uzomah,NYJ,2022,17,0,0,0.0,0,0.0,0.0
G.Swaim,TEN,2022,1,0,0,0.0,0,0.0,0.0
G.Swaim,TEN,2022,3,0,0,0.0,0,0.0,0.0
G.Swaim,TEN,2022,5,0,0,0.0,0,0.0,0.0
G.Swaim,TEN,2022,7,0,0,0.0,0,0.0,0.0
G.Swaim,TEN,2022,10,0,0,0.0,0,0.0,0.0
G.Swaim,TEN,2022,11,0,0,0.0,0,0.0,0.0
G.Swaim,TEN,2022,12,0,0,0.0,0,0.0,0.0
G.Swaim,TEN,2022,13,0,0,0.0,0,0.0,0.0
G.Swaim,TEN,2022,16,0,0,0.0,0,0.0,0.0
G.Swaim,TEN,2022,17,0,0,0.0,0,0.0,0.0
G.Swaim,TEN,2022,18,0,0,0.0,0,0.0,0.0
M.Gordon,DEN,2022,1,0,0,0.0,0,0.0,0.0
M.Gordon,DEN,2022,2,0,0,0.0,0,0.0,0.0
M.Gordon,DEN,2022,3,0,0,0.0,0,0.0,0.0
M.Gordon,DEN,2022,4,0,0,0.0,0,0.0,0.0
M.Gordon,DEN,2022,5,0,0,0.0,0,0.0,0.0
M.Gordon,DEN,2022,6,0,0,0.0,0,0.0,0.0
M.Gordon,DEN,2022,7,0,0,0.0,0,0.0,0.0
M.Gordon,DEN,2022,8,0,0,0.0,0,0.0,0.0
M.Gordon,DEN,2022,10,0,0,0.0,0,0.0,0.0
M.Gordon,DEN,2022,11,0,0,0.0,0,0.0,0.0
T.Siemian,CHI,2022,8,1,1,5.0,0,0.0,0.0
T.Siemian,CHI,2022,12,14,25,179.0,1,1.0,2.0
D.Johnson,NO,2022,11,0,0,0.0,0,0.0,0.0
D.Johnson,NO,2022,15,0,0,0.0,0,0.0,0.0
D.Johnson,NO,2022,16,0,0,0.0,0,0.0,0.0
D.Johnson,NO,2022,18,0,0,0.0,0,0.0,0.0
T.Montgomery,NE,2022,1,0,0,0.0,0,0.0,0.0
P.Dorsett,HOU,2022,1,0,0,0.0,0,0.0,0.0
P.Dorsett,HOU,2022,3,0,0,0.0,0,0.0,0.0
P.Dorsett,HOU,2022,4,0,0,0.0,0,0.0,0.0
P.Dorsett,HOU,2022,7,0,0,0.0,0,0.0,0.0
P.Dorsett,HOU,2022,8,0,0,0.0,0,0.0,0.0
P.Dorsett,HOU,2022,9,0,0,0.0,0,0.0,0.0
P.Dorsett,HOU,2022,10,0,0,0.0,0,0.0,0.0
P.Dorsett,HOU,2022,11,0,0,0.0,0,0.0,0.0
P.Dorsett,HOU,2022,12,0,0,0.0,0,0.0,0.0
P.Dorsett,HOU,2022,13,0,0,0.0,0,0.0,0.0
P.Dorsett,HOU,2022,14,0,0,0.0,0,0.0,0.0
P.Dorsett,HOU,2022,15,0,1,0.0,0,0.0,0.0
P.Dorsett,HOU,2022,16,0,0,0.0,0,0.0,0.0
P.Dorsett,HOU,2022,17,0,0,0.0,0,0.0,0.0
T.Lockett,SEA,2022,1,0,0,0.0,0,0.0,0.0
T.Lockett,SEA,2022,2,0,0,0.0,0,0.0,0.0
T.Lockett,SEA,2022,3,0,0,0.0,0,0.0,0.0
T.Lockett,SEA,2022,4,0,0,0.0,0,0.0,0.0
T.Lockett,SEA,2022,5,0,0,0.0,0,0.0,0.0
T.Lockett,SEA,2022,6,0,0,0.0,0,0.0,0.0
T.Lockett,SEA,2022,7,0,0,0.0,0,0.0,0.0
T.Lockett,SEA,2022,8,0,0,0.0,0,0.0,0.0
T.Lockett,SEA,2022,9,0,0,0.0,0,0.0,0.0
T.Lockett,SEA,2022,10,0,0,0.0,0,0.0,0.0
T.Lockett,SEA,2022,12,0,0,0.0,0,0.0,0.0
T.Lockett,SEA,2022,13,0,0,0.0,0,0.0,0.0
T.Lockett,SEA,2022,14,0,0,0.0,0,0.0,0.0
T.Lockett,SEA,2022,15,0,0,0.0,0,0.0,0.0
T.Lockett,SEA,2022,17,0,0,0.0,0,0.0,0.0
T.Lockett,SEA,2022,18,0,0,0.0,0,0.0,0.0
T.Lockett,SEA,2022,19,0,0,0.0,0,0.0,0.0
T.Kroft,SF,2022,1,0,0,0.0,0,0.0,0.0
T.Kroft,SF,2022,8,0,0,0.0,0,0.0,0.0
T.Kroft,SF,2022,13,0,0,0.0,0,0.0,0.0
T.Kroft,SF,2022,15,0,0,0.0,0,0.0,0.0
D.Johnson,BUF,2022,10,0,0,0.0,0,0.0,0.0
M.Mariota,ATL,2022,1,20,33,215.0,0,0.0,0.0
M.Mariota,ATL,2022,2,17,26,196.0,2,2.0,3.0
M.Mariota,ATL,2022,3,13,20,229.0,1,1.0,3.0
M.Mariota,ATL,2022,4,7,19,139.0,0,1.0,1.0
M.Mariota,ATL,2022,5,14,25,147.0,1,0.0,5.0
M.Mariota,ATL,2022,6,13,14,129.0,2,0.0,2.0
M.Mariota,ATL,2022,7,8,13,124.0,1,0.0,3.0
M.Mariota,ATL,2022,8,20,28,253.0,3,2.0,2.0
M.Mariota,ATL,2022,9,12,23,129.0,0,0.0,2.0
M.Mariota,ATL,2022,10,19,30,186.0,2,1.0,5.0
M.Mariota,ATL,2022,11,13,20,131.0,1,0.0,0.0
M.Mariota,ATL,2022,12,15,25,174.0,1,1.0,1.0
M.Mariota,ATL,2022,13,13,24,167.0,1,1.0,1.0
S.Shepard,NYG,2022,1,0,0,0.0,0,0.0,0.0
S.Shepard,NYG,2022,2,0,0,0.0,0,0.0,0.0
S.Shepard,NYG,2022,3,0,0,0.0,0,0.0,0.0
A.Hooper,TEN,2022,1,0,0,0.0,0,0.0,0.0
A.Hooper,TEN,2022,2,0,0,0.0,0,0.0,0.0
A.Hooper,TEN,2022,3,0,0,0.0,0,0.0,0.0
A.Hooper,TEN,2022,4,0,0,0.0,0,0.0,0.0
A.Hooper,TEN,2022,5,0,0,0.0,0,0.0,0.0
A.Hooper,TEN,2022,7,0,0,0.0,0,0.0,0.0
A.Hooper,TEN,2022,8,0,0,0.0,0,0.0,0.0
A.Hooper,TEN,2022,9,0,0,0.0,0,0.0,0.0
A.Hooper,TEN,2022,10,0,0,0.0,0,0.0,0.0
A.Hooper,TEN,2022,11,0,0,0.0,0,0.0,0.0
A.Hooper,TEN,2022,12,0,0,0.0,0,0.0,0.0
A.Hooper,TEN,2022,13,0,0,0.0,0,0.0,0.0
A.Hooper,TEN,2022,14,0,0,0.0,0,0.0,0.0
A.Hooper,TEN,2022,15,0,0,0.0,0,0.0,0.0
A.Hooper,TEN,2022,16,0,0,0.0,0,0.0,0.0
A.Hooper,TEN,2022,17,0,0,0.0,0,0.0,0.0
A.Hooper,TEN,2022,18,0,0,0.0,0,0.0,0.0
N.Vannett,NO,2022,3,0,0,0.0,0,0.0,0.0
N.Vannett,NO,2022,8,0,0,0.0,0,0.0,0.0
N.Vannett,NYG,2022,14,0,0,0.0,0,0.0,0.0
N.Vannett,NYG,2022,15,0,0,0.0,0,0.0,0.0
N.Vannett,NYG,2022,18,0,0,0.0,0,0.0,0.0
C.Moore,HOU,2022,1,0,0,0.0,0,0.0,0.0
C.Moore,HOU,2022,2,0,0,0.0,0,0.0,0.0
C.Moore,HOU,2022,3,0,0,0.0,0,0.0,0.0
C.Moore,HOU,2022,4,0,0,0.0,0,0.0,0.0
C.Moore,HOU,2022,7,0,0,0.0,0,0.0,0.0
C.Moore,HOU,2022,9,0,0,0.0,0,0.0,0.0
C.Moore,HOU,2022,10,0,0,0.0,0,0.0,0.0
C.Moore,HOU,2022,11,0,0,0.0,0,0.0,0.0
C.Moore,HOU,2022,12,0,0,0.0,0,0.0,0.0
C.Moore,HOU,2022,13,0,0,0.0,0,0.0,0.0
C.Moore,HOU,2022,14,0,0,0.0,0,0.0,0.0
C.Moore,HOU,2022,15,0,0,0.0,0,0.0,0.0
C.Moore,HOU,2022,16,0,0,0.0,0,0.0,0.0
C.Moore,HOU,2022,17,0,0,0.0,0,0.0,0.0
C.Moore,HOU,2022,18,0,0,0.0,0,0.0,0.0
B.Allen,CIN,2022,9,3,3,22.0,0,0.0,1.0
J.Driskel,HOU,2022,1,0,0,0.0,0,0.0,0.0
J.Driskel,HOU,2022,2,0,0,0.0,0,0.0,0.0
J.Driskel,HOU,2022,14,4,6,38.0,1,0.0,0.0
J.Driskel,HOU,2022,15,2,4,8.0,0,0.0,1.0
J.Driskel,HOU,2022,16,3,4,40.0,0,0.0,0.0
J.Driskel,HOU,2022,17,3,4,9.0,0,0.0,1.0
J.Driskel,HOU,2022,18,2,2,13.0,0,0.0,0.0
K.Grugier-Hill,ARI,2022,16,0,0,0.0,0,0.0,0.0
D.Washington,NO,2022,2,0,0,0.0,0,0.0,0.0
D.Washington,NO,2022,8,0,0,0.0,0,0.0,0.0
D.Washington,NO,2022,9,0,0,0.0,0,0.0,0.0
K.Raymond,DET,2022,1,0,0,0.0,0,0.0,0.0
K.Raymond,DET,2022,3,0,0,0.0,0,0.0,0.0
K.Raymond,DET,2022,4,0,0,0.0,0,0.0,0.0
K.Raymond,DET,2022,5,0,0,0.0,0,0.0,0.0
K.Raymond,DET,2022,7,0,0,0.0,0,0.0,0.0
K.Raymond,DET,2022,8,0,0,0.0,0,0.0,0.0
K.Raymond,DET,2022,9,0,0,0.0,0,0.0,0.0
K.Raymond,DET,2022,10,0,0,0.0,0,0.0,0.0
K.Raymond,DET,2022,11,0,0,0.0,0,0.0,0.0
K.Raymond,DET,2022,12,0,0,0.0,0,0.0,0.0
K.Raymond,DET,2022,13,0,0,0.0,0,0.0,0.0
K.Raymond,DET,2022,14,0,0,0.0,0,0.0,0.0
K.Raymond,DET,2022,15,0,0,0.0,0,0.0,0.0
K.Raymond,DET,2022,16,0,0,0.0,0,0.0,0.0
K.Raymond,DET,2022,17,0,0,0.0,0,0.0,0.0
K.Raymond,DET,2022,18,0,0,0.0,0,0.0,0.0
M.Farley,LV,2022,8,0,0,0.0,0,0.0,0.0
J.McKissic,WAS,2022,1,0,0,0.0,0,0.0,0.0
J.McKissic,WAS,2022,2,0,0,0.0,0,0.0,0.0
J.McKissic,WAS,2022,3,0,0,0.0,0,0.0,0.0
J.McKissic,WAS,2022,4,0,0,0.0,0,0.0,0.0
J.McKissic,WAS,2022,5,0,0,0.0,0,0.0,0.0
J.McKissic,WAS,2022,6,0,0,0.0,0,0.0,0.0
J.McKissic,WAS,2022,7,0,0,0.0,0,0.0,0.0
J.McKissic,WAS,2022,8,0,0,0.0,0,0.0,0.0
R.Chosen,CAR,2022,1,0,0,0.0,0,0.0,0.0
R.Chosen,CAR,2022,2,0,0,0.0,0,0.0,0.0
R.Chosen,CAR,2022,3,0,0,0.0,0,0.0,0.0
R.Chosen,CAR,2022,4,0,0,0.0,0,0.0,0.0
R.Chosen,CAR,2022,5,0,0,0.0,0,0.0,0.0
R.Chosen,ARI,2022,7,0,0,0.0,0,0.0,0.0
R.Chosen,ARI,2022,8,0,0,0.0,0,0.0,0.0
R.Chosen,ARI,2022,9,0,0,0.0,0,0.0,0.0
R.Chosen,ARI,2022,12,0,0,0.0,0,0.0,0.0
R.Chosen,ARI,2022,14,0,0,0.0,0,0.0,0.0
R.Chosen,ARI,2022,15,0,0,0.0,0,0.0,0.0
R.Chosen,ARI,2022,17,0,0,0.0,0,0.0,0.0
S.Anderson,ARI,2022,2,0,0,0.0,0,0.0,0.0
S.Anderson,ARI,2022,10,0,0,0.0,0,0.0,0.0
S.Anderson,ARI,2022,11,0,0,0.0,0,0.0,0.0
S.Anderson,ARI,2022,14,0,0,0.0,0,0.0,0.0
S.Anderson,ARI,2022,16,0,0,0.0,0,0.0,0.0
D.Henry,TEN,2022,1,0,0,0.0,0,0.0,0.0
D.Henry,TEN,2022,2,0,0,0.0,0,0.0,0.0
D.Henry,TEN,2022,3,0,0,0.0,0,0.0,0.0
D.Henry,TEN,2022,4,0,0,0.0,0,0.0,0.0
D.Henry,TEN,2022,5,0,0,0.0,0,0.0,0.0
D.Henry,TEN,2022,7,0,0,0.0,0,0.0,0.0
D.Henry,TEN,2022,8,0,0,0.0,0,0.0,0.0
D.Henry,TEN,2022,9,0,0,0.0,0,0.0,0.0
D.Henry,TEN,2022,10,0,0,0.0,0,0.0,0.0
D.Henry,TEN,2022,11,2,2,4.0,1,0.0,0.0
D.Henry,TEN,2022,12,0,0,0.0,0,0.0,0.0
D.Henry,TEN,2022,13,0,0,0.0,0,0.0,0.0
D.Henry,TEN,2022,14,0,0,0.0,0,0.0,0.0
D.Henry,TEN,2022,15,0,0,0.0,0,0.0,0.0
D.Henry,TEN,2022,16,0,0,0.0,0,0.0,0.0
D.Henry,TEN,2022,18,0,0,0.0,0,0.0,0.0
M.Thomas,NO,2022,1,0,0,0.0,0,0.0,0.0
M.Thomas,NO,2022,2,0,0,0.0,0,0.0,0.0
M.Thomas,NO,2022,3,0,0,0.0,0,0.0,0.0
D.Robinson,BAL,2022,1,0,0,0.0,0,0.0,0.0
D.Robinson,BAL,2022,2,0,0,0.0,0,0.0,0.0
D.Robinson,BAL,2022,3,0,0,0.0,0,0.0,0.0
D.Robinson,BAL,2022,4,0,0,0.0,0,0.0,0.0
D.Robinson,BAL,2022,5,0,0,0.0,0,0.0,0.0
D.Robinson,BAL,2022,6,0,0,0.0,0,0.0,0.0
D.Robinson,BAL,2022,8,0,0,0.0,0,0.0,0.0
D.Robinson,BAL,2022,9,0,0,0.0,0,0.0,0.0
D.Robinson,BAL,2022,11,0,0,0.0,0,0.0,0.0
D.Robinson,BAL,2022,12,0,0,0.0,0,0.0,0.0
D.Robinson,BAL,2022,13,0,0,0.0,0,0.0,0.0
D.Robinson,BAL,2022,14,0,0,0.0,0,0.0,0.0
D.Robinson,BAL,2022,15,0,0,0.0,0,0.0,0.0
D.Robinson,BAL,2022,16,0,0,0.0,0,0.0,0.0
D.Robinson,BAL,2022,17,0,0,0.0,0,0.0,0.0
D.Robinson,BAL,2022,18,0,0,0.0,0,0.0,0.0
D.Robinson,BAL,2022,19,0,0,0.0,0,0.0,0.0
J.Howard,NO,2022,10,0,0,0.0,0,0.0,0.0
N.Sudfeld,DET,2022,13,0,0,0.0,0,0.0,0.0
N.Sudfeld,DET,2022,17,0,0,0.0,0,0.0,1.0
C.Fejedelem,MIA,2022,6,0,0,0.0,0,0.0,0.0
D.Watt,PIT,2022,2,0,0,0.0,0,0.0,0.0
D.Watt,PIT,2022,5,0,0,0.0,0,0.0,0.0
D.Watt,PIT,2022,8,0,0,0.0,0,0.0,0.0
D.Watt,PIT,2022,10,0,0,0.0,0,0.0,0.0
D.Watt,PIT,2022,12,0,0,0.0,0,0.0,0.0
D.Watt,PIT,2022,13,0,0,0.0,0,0.0,0.0
D.Watt,PIT,2022,15,0,0,0.0,0,0.0,0.0
D.Watt,PIT,2022,16,0,0,0.0,0,0.0,0.0
D.Watt,PIT,2022,17,0,0,0.0,0,0.0,0.0
D.Watt,PIT,2022,18,0,0,0.0,0,0.0,0.0
C.Ham,MIN,2022,1,0,0,0.0,0,0.0,0.0
C.Ham,MIN,2022,3,0,0,0.0,0,0.0,0.0
C.Ham,MIN,2022,4,0,0,0.0,0,0.0,0.0
C.Ham,MIN,2022,6,0,0,0.0,0,0.0,0.0
C.Ham,MIN,2022,10,0,0,0.0,0,0.0,0.0
C.Ham,MIN,2022,14,0,0,0.0,0,0.0,0.0
C.Ham,MIN,2022,15,0,0,0.0,0,0.0,0.0
C.Ham,MIN,2022,16,0,0,0.0,0,0.0,0.0
C.Ham,MIN,2022,18,0,0,0.0,0,0.0,0.0
R.Dixon,LA,2022,5,1,1,12.0,0,0.0,0.0
R.Dixon,LA,2022,12,1,1,6.0,0,0.0,0.0
C.Wentz,WAS,2022,1,27,41,313.0,4,2.0,1.0
C.Wentz,WAS,2022,2,30,46,337.0,3,1.0,5.0
C.Wentz,WAS,2022,3,25,43,211.0,0,0.0,9.0
C.Wentz,WAS,2022,4,25,42,170.0,1,2.0,2.0
C.Wentz,WAS,2022,5,25,38,359.0,2,1.0,3.0
C.Wentz,WAS,2022,6,12,22,99.0,0,0.0,3.0
C.Wentz,WAS,2022,16,12,16,123.0,1,0.0,0.0
C.Wentz,WAS,2022,17,16,28,143.0,0,3.0,3.0
L.Treadwell,SEA,2022,13,0,0,0.0,0,0.0,0.0
L.Treadwell,SEA,2022,16,0,0,0.0,0,0.0,0.0
L.Treadwell,SEA,2022,17,0,0,0.0,0,0.0,0.0
W.Parks,NYJ,2022,6,0,0,0.0,0,0.0,0.0
J.Williams,WAS,2022,3,0,0,0.0,0,0.0,0.0
J.Williams,WAS,2022,4,0,0,0.0,0,0.0,0.0
J.Williams,WAS,2022,12,0,0,0.0,0,0.0,0.0
J.Williams,WAS,2022,13,0,0,0.0,0,0.0,0.0
J.Williams,WAS,2022,16,0,0,0.0,0,0.0,0.0
J.Williams,WAS,2022,17,0,0,0.0,0,0.0,0.0
J.Williams,WAS,2022,18,0,0,0.0,0,0.0,0.0
M.Johnson,NYG,2022,5,0,0,0.0,0,0.0,0.0
M.Johnson,NYG,2022,6,0,0,0.0,0,0.0,0.0
M.Johnson,NYG,2022,7,0,0,0.0,0,0.0,0.0
M.Johnson,NYG,2022,8,0,0,0.0,0,0.0,0.0
M.Johnson,NYG,2022,18,0,0,0.0,0,0.0,0.0
M.Johnson,NYG,2022,20,0,0,0.0,0,0.0,0.0
T.Boyd,CIN,2022,1,0,0,0.0,0,0.0,0.0
T.Boyd,CIN,2022,2,0,0,0.0,0,0.0,0.0
T.Boyd,CIN,2022,3,0,0,0.0,0,0.0,0.0
T.Boyd,CIN,2022,4,1,1,23.0,0,0.0,0.0
T.Boyd,CIN,2022,5,0,0,0.0,0,0.0,1.0
T.Boyd,CIN,2022,6,0,0,0.0,0,0.0,0.0
T.Boyd,CIN,2022,7,0,0,0.0,0,0.0,0.0
T.Boyd,CIN,2022,8,0,0,0.0,0,0.0,0.0
T.Boyd,CIN,2022,9,0,0,0.0,0,0.0,0.0
T.Boyd,CIN,2022,11,0,0,0.0,0,0.0,0.0
T.Boyd,CIN,2022,12,0,0,0.0,0,0.0,0.0
T.Boyd,CIN,2022,13,0,0,0.0,0,0.0,0.0
T.Boyd,CIN,2022,14,0,0,0.0,0,0.0,0.0
T.Boyd,CIN,2022,15,0,0,0.0,0,0.0,0.0
T.Boyd,CIN,2022,16,0,0,0.0,0,0.0,0.0
T.Boyd,CIN,2022,18,0,0,0.0,0,0.0,0.0
T.Boyd,CIN,2022,19,0,0,0.0,0,0.0,0.0
T.Boyd,CIN,2022,20,0,0,0.0,0,0.0,0.0
T.Boyd,CIN,2022,21,0,0,0.0,0,0.0,0.0
T.Hill,MIA,2022,1,0,0,0.0,0,0.0,0.0
T.Hill,MIA,2022,2,0,0,0.0,0,0.0,0.0
T.Hill,MIA,2022,3,0,0,0.0,0,0.0,0.0
T.Hill,MIA,2022,4,0,0,0.0,0,0.0,0.0
T.Hill,MIA,2022,5,0,0,0.0,0,0.0,0.0
T.Hill,MIA,2022,6,0,0,0.0,0,0.0,0.0
T.Hill,MIA,2022,7,0,0,0.0,0,0.0,0.0
T.Hill,MIA,2022,8,0,0,0.0,0,0.0,0.0
T.Hill,MIA,2022,9,0,0,0.0,0,0.0,0.0
T.Hill,MIA,2022,10,0,0,0.0,0,0.0,0.0
T.Hill,MIA,2022,12,0,0,0.0,0,0.0,0.0
T.Hill,MIA,2022,13,0,0,0.0,0,0.0,0.0
T.Hill,MIA,2022,14,0,0,0.0,0,0.0,0.0
T.Hill,MIA,2022,15,0,0,0.0,0,0.0,0.0
T.Hill,MIA,2022,16,0,0,0.0,0,0.0,0.0
T.Hill,MIA,2022,17,0,0,0.0,0,0.0,0.0
T.Hill,MIA,2022,18,0,0,0.0,0,0.0,0.0
T.Hill,MIA,2022,19,0,0,0.0,0,0.0,0.0
E.Elliott,DAL,2022,1,0,0,0.0,0,0.0,0.0
E.Elliott,DAL,2022,2,0,0,0.0,0,0.0,0.0
E.Elliott,DAL,2022,3,0,0,0.0,0,0.0,0.0
E.Elliott,DAL,2022,4,0,0,0.0,0,0.0,0.0
E.Elliott,DAL,2022,5,0,0,0.0,0,0.0,0.0
E.Elliott,DAL,2022,6,0,0,0.0,0,0.0,0.0
E.Elliott,DAL,2022,7,0,0,0.0,0,0.0,0.0
E.Elliott,DAL,2022,11,0,0,0.0,0,0.0,0.0
E.Elliott,DAL,2022,12,0,0,0.0,0,0.0,0.0
E.Elliott,DAL,2022,13,0,0,0.0,0,0.0,0.0
E.Elliott,DAL,2022,14,0,0,0.0,0,0.0,0.0
E.Elliott,DAL,2022,15,0,0,0.0,0,0.0,0.0
E.Elliott,DAL,2022,16,0,0,0.0,0,0.0,0.0
E.Elliott,DAL,2022,17,0,0,0.0,0,0.0,0.0
E.Elliott,DAL,2022,18,0,0,0.0,0,0.0,0.0
E.Elliott,DAL,2022,19,0,0,0.0,0,0.0,0.0
E.Elliott,DAL,2022,20,0,0,0.0,0,0.0,0.0
J.Conklin,CLE,2022,17,0,0,0.0,0,0.0,0.0
D.Prescott,DAL,2022,1,14,29,134.0,0,1.0,2.0
D.Prescott,DAL,2022,7,19,25,207.0,1,0.0,2.0
D.Prescott,DAL,2022,8,21,27,250.0,2,1.0,1.0
D.Prescott,DAL,2022,10,27,46,265.0,3,2.0,2.0
D.Prescott,DAL,2022,11,22,25,276.0,2,0.0,0.0
D.Prescott,DAL,2022,12,21,30,261.0,2,2.0,0.0
D.Prescott,DAL,2022,13,20,30,170.0,3,1.0,1.0
D.Prescott,DAL,2022,14,24,39,284.0,1,2.0,1.0
D.Prescott,DAL,2022,15,23,30,256.0,3,2.0,3.0
D.Prescott,DAL,2022,16,27,35,347.0,3,1.0,6.0
D.Prescott,DAL,2022,17,29,41,282.0,2,2.0,1.0
D.Prescott,DAL,2022,18,14,37,128.0,1,1.0,1.0
D.Prescott,DAL,2022,19,25,33,305.0,4,0.0,1.0
D.Prescott,DAL,2022,20,23,37,206.0,1,2.0,1.0
H.Henry,NE,2022,1,0,0,0.0,0,0.0,0.0
H.Henry,NE,2022,2,0,0,0.0,0,0.0,0.0
H.Henry,NE,2022,3,0,0,0.0,0,0.0,0.0
H.Henry,NE,2022,4,0,0,0.0,0,0.0,0.0
H.Henry,NE,2022,5,0,0,0.0,0,0.0,0.0
H.Henry,NE,2022,6,0,0,0.0,0,0.0,0.0
H.Henry,NE,2022,7,0,0,0.0,0,0.0,0.0
H.Henry,NE,2022,8,0,0,0.0,0,0.0,0.0
H.Henry,NE,2022,9,0,0,0.0,0,0.0,0.0
H.Henry,NE,2022,11,0,0,0.0,0,0.0,0.0
H.Henry,NE,2022,12,0,0,0.0,0,0.0,0.0
H.Henry,NE,2022,13,0,0,0.0,0,0.0,0.0
H.Henry,NE,2022,14,0,0,0.0,0,0.0,0.0
H.Henry,NE,2022,15,0,0,0.0,0,0.0,0.0
H.Henry,NE,2022,17,0,0,0.0,0,0.0,0.0
H.Henry,NE,2022,18,0,0,0.0,0,0.0,0.0
J.Goff,DET,2022,1,21,37,215.0,2,1.0,1.0
J.Goff,DET,2022,2,20,34,256.0,4,0.0,3.0
J.Goff,DET,2022,3,25,41,277.0,1,1.0,0.0
J.Goff,DET,2022,4,26,39,378.0,4,1.0,1.0
J.Goff,DET,2022,5,19,35,229.0,0,1.0,2.0
J.Goff,DET,2022,7,21,26,228.0,0,2.0,5.0
J.Goff,DET,2022,8,27,37,321.0,1,0.0,1.0
J.Goff,DET,2022,9,14,26,137.0,2,1.0,0.0
J.Goff,DET,2022,10,19,26,236.0,1,0.0,2.0
J.Goff,DET,2022,11,17,26,165.0,0,0.0,0.0
J.Goff,DET,2022,12,23,37,240.0,2,0.0,2.0
J.Goff,DET,2022,13,31,41,340.0,2,0.0,2.0
J.Goff,DET,2022,14,27,39,330.0,3,0.0,0.0
J.Goff,DET,2022,15,23,38,252.0,1,0.0,0.0
J.Goff,DET,2022,16,25,42,355.0,3,0.0,2.0
J.Goff,DET,2022,17,21,29,255.0,3,0.0,1.0
J.Goff,DET,2022,18,23,34,224.0,0,0.0,1.0
T.Higbee,LA,2022,1,0,0,0.0,0,0.0,0.0
T.Higbee,LA,2022,2,0,0,0.0,0,0.0,0.0
T.Higbee,LA,2022,3,0,0,0.0,0,0.0,0.0
T.Higbee,LA,2022,4,0,0,0.0,0,0.0,0.0
T.Higbee,LA,2022,5,0,0,0.0,0,0.0,0.0
T.Higbee,LA,2022,6,0,0,0.0,0,0.0,0.0
T.Higbee,LA,2022,8,0,0,0.0,0,0.0,0.0
T.Higbee,LA,2022,9,0,0,0.0,0,0.0,0.0
T.Higbee,LA,2022,10,0,0,0.0,0,0.0,0.0
T.Higbee,LA,2022,11,0,0,0.0,0,0.0,0.0
T.Higbee,LA,2022,13,0,0,0.0,0,0.0,0.0
T.Higbee,LA,2022,14,0,0,0.0,0,0.0,0.0
T.Higbee,LA,2022,15,0,0,0.0,0,0.0,0.0
T.Higbee,LA,2022,16,0,0,0.0,0,0.0,0.0
T.Higbee,LA,2022,17,0,0,0.0,0,0.0,0.0
T.Higbee,LA,2022,18,0,0,0.0,0,0.0,0.0
P.Cooper,ARI,2022,17,0,0,0.0,0,0.0,0.0
P.Cooper,ARI,2022,18,0,0,0.0,0,0.0,0.0
M.Thomas,CIN,2022,1,0,0,0.0,0,0.0,0.0
M.Thomas,CIN,2022,5,0,0,0.0,0,0.0,0.0
M.Thomas,CIN,2022,8,0,0,0.0,0,0.0,0.0
M.Thomas,CIN,2022,11,0,0,0.0,0,0.0,0.0
K.Drake,BAL,2022,1,0,0,0.0,0,0.0,0.0
K.Drake,BAL,2022,2,0,0,0.0,0,0.0,0.0
K.Drake,BAL,2022,5,0,0,0.0,0,0.0,0.0
K.Drake,BAL,2022,6,0,0,0.0,0,0.0,0.0
K.Drake,BAL,2022,7,0,0,0.0,0,0.0,0.0
K.Drake,BAL,2022,8,0,0,0.0,0,0.0,0.0
K.Drake,BAL,2022,9,0,0,0.0,0,0.0,0.0
K.Drake,BAL,2022,11,0,0,0.0,0,0.0,0.0
K.Drake,BAL,2022,12,0,0,0.0,0,0.0,0.0
K.Drake,BAL,2022,13,0,0,0.0,0,0.0,0.0
K.Drake,BAL,2022,14,0,0,0.0,0,0.0,0.0
K.Drake,BAL,2022,18,0,0,0.0,0,0.0,0.0
J.Brissett,CLE,2022,1,18,34,147.0,1,0.0,1.0
J.Brissett,CLE,2022,2,22,27,229.0,1,1.0,1.0
J.Brissett,CLE,2022,3,21,31,220.0,2,0.0,2.0
J.Brissett,CLE,2022,4,21,35,234.0,0,1.0,1.0
J.Brissett,CLE,2022,5,21,34,230.0,1,1.0,0.0
J.Brissett,CLE,2022,6,21,45,266.0,1,2.0,4.0
J.Brissett,CLE,2022,7,22,27,258.0,0,0.0,5.0
J.Brissett,CLE,2022,8,17,22,278.0,1,0.0,2.0
J.Brissett,CLE,2022,10,22,35,212.0,1,0.0,3.0
J.Brissett,CLE,2022,11,28,41,324.0,3,0.0,1.0
J.Brissett,CLE,2022,12,23,37,210.0,1,1.0,4.0
J.Brissett,CLE,2022,14,0,1,0.0,0,0.0,0.0
J.Brissett,CLE,2022,15,0,0,0.0,0,0.0,0.0
J.Brissett,CLE,2022,17,0,0,0.0,0,0.0,0.0
M.Alie-Cox,IND,2022,1,0,0,0.0,0,0.0,0.0
M.Alie-Cox,IND,2022,2,0,0,0.0,0,0.0,0.0
M.Alie-Cox,IND,2022,3,0,0,0.0,0,0.0,0.0
M.Alie-Cox,IND,2022,4,0,0,0.0,0,0.0,0.0
M.Alie-Cox,IND,2022,5,0,0,0.0,0,0.0,0.0
M.Alie-Cox,IND,2022,8,0,0,0.0,0,0.0,0.0
M.Alie-Cox,IND,2022,9,0,0,0.0,0,0.0,0.0
M.Alie-Cox,IND,2022,11,0,0,0.0,0,0.0,0.0
M.Alie-Cox,IND,2022,12,0,0,0.0,0,0.0,0.0
M.Alie-Cox,IND,2022,13,0,0,0.0,0,0.0,0.0
M.Alie-Cox,IND,2022,15,0,0,0.0,0,0.0,0.0
M.Alie-Cox,IND,2022,16,0,0,0.0,0,0.0,0.0
M.Alie-Cox,IND,2022,17,0,0,0.0,0,0.0,0.0
M.Alie-Cox,IND,2022,18,0,0,0.0,0,0.0,0.0
J.Mundt,MIN,2022,1,0,0,0.0,0,0.0,0.0
J.Mundt,MIN,2022,2,0,0,0.0,0,0.0,0.0
J.Mundt,MIN,2022,3,0,0,0.0,0,0.0,0.0
J.Mundt,MIN,2022,4,0,0,0.0,0,0.0,0.0
J.Mundt,MIN,2022,5,0,0,0.0,0,0.0,0.0
J.Mundt,MIN,2022,6,0,0,0.0,0,0.0,0.0
J.Mundt,MIN,2022,8,0,0,0.0,0,0.0,0.0
J.Mundt,MIN,2022,9,0,0,0.0,0,0.0,0.0
J.Mundt,MIN,2022,11,0,0,0.0,0,0.0,0.0
J.Mundt,MIN,2022,12,0,0,0.0,0,0.0,0.0
J.Mundt,MIN,2022,13,0,0,0.0,0,0.0,0.0
J.Mundt,MIN,2022,15,0,0,0.0,0,0.0,0.0
J.Mundt,MIN,2022,16,0,0,0.0,0,0.0,0.0
J.Mundt,MIN,2022,19,0,0,0.0,0,0.0,0.0
Z.Pascal,PHI,2022,1,0,0,0.0,0,0.0,0.0
Z.Pascal,PHI,2022,2,0,0,0.0,0,0.0,0.0
Z.Pascal,PHI,2022,3,0,0,0.0,0,0.0,0.0
Z.Pascal,PHI,2022,4,0,0,0.0,0,0.0,0.0
Z.Pascal,PHI,2022,8,0,0,0.0,0,0.0,0.0
Z.Pascal,PHI,2022,9,0,0,0.0,0,0.0,0.0
Z.Pascal,PHI,2022,10,0,0,0.0,0,0.0,0.0
Z.Pascal,PHI,2022,11,0,0,0.0,0,0.0,0.0
Z.Pascal,PHI,2022,13,0,0,0.0,0,0.0,0.0
Z.Pascal,PHI,2022,14,0,0,0.0,0,0.0,0.0
Z.Pascal,PHI,2022,15,0,0,0.0,0,0.0,0.0
Z.Pascal,PHI,2022,16,0,0,0.0,0,0.0,0.0
Z.Pascal,PHI,2022,20,0,0,0.0,0,0.0,0.0
Z.Pascal,PHI,2022,21,0,0,0.0,0,0.0,0.0
Z.Pascal,PHI,2022,22,0,0,0.0,0,0.0,0.0
P.Walker,CAR,2022,5,5,6,60.0,0,0.0,2.0
P.Walker,CAR,2022,6,10,16,60.0,0,0.0,2.0
P.Walker,CAR,2022,7,16,22,177.0,2,0.0,1.0
P.Walker,CAR,2022,8,19,36,317.0,1,1.0,1.0
P.Walker,CAR,2022,9,3,10,9.0,0,2.0,0.0
P.Walker,CAR,2022,10,10,16,108.0,0,0.0,1.0
C.McCaffrey,CAR,2022,1,0,0,0.0,0,0.0,0.0
C.McCaffrey,CAR,2022,2,0,0,0.0,0,0.0,0.0
C.McCaffrey,CAR,2022,3,0,0,0.0,0,0.0,0.0
C.McCaffrey,CAR,2022,4,0,0,0.0,0,0.0,0.0
C.McCaffrey,CAR,2022,5,0,0,0.0,0,0.0,0.0
C.McCaffrey,CAR,2022,6,0,0,0.0,0,0.0,0.0
C.McCaffrey,SF,2022,7,0,0,0.0,0,0.0,0.0
C.McCaffrey,SF,2022,8,1,1,34.0,1,0.0,0.0
C.McCaffrey,SF,2022,10,0,0,0.0,0,0.0,0.0
C.McCaffrey,SF,2022,11,0,0,0.0,0,0.0,0.0
C.McCaffrey,SF,2022,12,0,0,0.0,0,0.0,0.0
C.McCaffrey,SF,2022,13,0,0,0.0,0,0.0,0.0
C.McCaffrey,SF,2022,14,0,0,0.0,0,0.0,0.0
C.McCaffrey,SF,2022,15,0,0,0.0,0,0.0,0.0
C.McCaffrey,SF,2022,16,0,0,0.0,0,0.0,0.0
C.McCaffrey,SF,2022,17,0,0,0.0,0,0.0,0.0
C.McCaffrey,SF,2022,18,0,0,0.0,0,0.0,0.0
C.McCaffrey,SF,2022,19,0,0,0.0,0,0.0,0.0
C.McCaffrey,SF,2022,20,0,0,0.0,0,0.0,0.0
C.McCaffrey,SF,2022,21,0,1,0.0,0,0.0,0.0
C.Samuel,WAS,2022,1,0,0,0.0,0,0.0,0.0
C.Samuel,WAS,2022,2,0,0,0.0,0,0.0,0.0
C.Samuel,WAS,2022,3,0,0,0.0,0,0.0,0.0
C.Samuel,WAS,2022,4,0,0,0.0,0,0.0,0.0
C.Samuel,WAS,2022,5,0,0,0.0,0,0.0,0.0
C.Samuel,WAS,2022,6,0,0,0.0,0,0.0,0.0
C.Samuel,WAS,2022,7,0,0,0.0,0,0.0,0.0
C.Samuel,WAS,2022,8,0,0,0.0,0,0.0,0.0
C.Samuel,WAS,2022,9,0,0,0.0,0,0.0,0.0
C.Samuel,WAS,2022,10,0,0,0.0,0,0.0,0.0
C.Samuel,WAS,2022,11,0,0,0.0,0,0.0,0.0
C.Samuel,WAS,2022,12,0,0,0.0,0,0.0,0.0
C.Samuel,WAS,2022,13,0,0,0.0,0,0.0,0.0
C.Samuel,WAS,2022,15,0,0,0.0,0,0.0,0.0
C.Samuel,WAS,2022,16,0,0,0.0,0,0.0,0.0
C.Samuel,WAS,2022,17,0,0,0.0,0,0.0,0.0
C.Samuel,WAS,2022,18,0,0,0.0,0,0.0,0.0
G.Kittle,SF,2022,3,0,0,0.0,0,0.0,0.0
G.Kittle,SF,2022,4,0,0,0.0,0,0.0,0.0
G.Kittle,SF,2022,5,0,0,0.0,0,0.0,0.0
G.Kittle,SF,2022,6,0,0,0.0,0,0.0,0.0
G.Kittle,SF,2022,7,0,0,0.0,0,0.0,0.0
G.Kittle,SF,2022,8,0,0,0.0,0,0.0,0.0
G.Kittle,SF,2022,10,0,0,0.0,0,0.0,0.0
G.Kittle,SF,2022,11,0,0,0.0,0,0.0,0.0
G.Kittle,SF,2022,12,0,0,0.0,0,0.0,0.0
G.Kittle,SF,2022,13,0,0,0.0,0,0.0,0.0
G.Kittle,SF,2022,14,0,0,0.0,0,0.0,0.0
G.Kittle,SF,2022,15,0,0,0.0,0,0.0,0.0
G.Kittle,SF,2022,16,0,0,0.0,0,0.0,0.0
G.Kittle,SF,2022,17,0,0,0.0,0,0.0,0.0
G.Kittle,SF,2022,18,0,0,0.0,0,0.0,0.0
G.Kittle,SF,2022,19,0,0,0.0,0,0.0,0.0
G.Kittle,SF,2022,20,0,0,0.0,0,0.0,0.0
G.Kittle,SF,2022,21,0,0,0.0,0,0.0,0.0
T.Taylor,CIN,2022,8,0,0,0.0,0,0.0,0.0
T.Taylor,CIN,2022,9,0,0,0.0,0,0.0,0.0
T.Taylor,CIN,2022,11,0,0,0.0,0,0.0,0.0
T.Taylor,CIN,2022,12,0,0,0.0,0,0.0,0.0
T.Taylor,CIN,2022,13,0,0,0.0,0,0.0,0.0
T.Taylor,CIN,2022,14,0,0,0.0,0,0.0,0.0
A.Jones,GB,2022,1,0,0,0.0,0,0.0,0.0
A.Jones,GB,2022,2,0,0,0.0,0,0.0,0.0
A.Jones,GB,2022,3,0,0,0.0,0,0.0,0.0
A.Jones,GB,2022,4,0,0,0.0,0,0.0,0.0
A.Jones,GB,2022,5,0,0,0.0,0,0.0,0.0
A.Jones,GB,2022,6,0,0,0.0,0,0.0,0.0
A.Jones,GB,2022,7,0,0,0.0,0,0.0,0.0
A.Jones,GB,2022,8,0,0,0.0,0,0.0,0.0
A.Jones,GB,2022,9,0,0,0.0,0,0.0,0.0
A.Jones,GB,2022,10,0,0,0.0,0,0.0,0.0
A.Jones,GB,2022,11,0,0,0.0,0,0.0,0.0
A.Jones,GB,2022,12,0,0,0.0,0,0.0,0.0
A.Jones,GB,2022,13,0,0,0.0,0,0.0,0.0
A.Jones,GB,2022,15,0,0,0.0,0,0.0,0.0
A.Jones,GB,2022,16,0,0,0.0,0,0.0,0.0
A.Jones,GB,2022,17,0,0,0.0,0,0.0,0.0
A.Jones,GB,2022,18,0,0,0.0,0,0.0,0.0
K.Bourne,NE,2022,1,0,0,0.0,0,0.0,0.0
K.Bourne,NE,2022,2,0,0,0.0,0,0.0,0.0
K.Bourne,NE,2022,3,0,0,0.0,0,0.0,0.0
K.Bourne,NE,2022,4,0,0,0.0,0,0.0,0.0
K.Bourne,NE,2022,5,0,0,0.0,0,0.0,0.0
K.Bourne,NE,2022,6,0,0,0.0,0,0.0,0.0
K.Bourne,NE,2022,8,0,0,0.0,0,0.0,0.0
K.Bourne,NE,2022,9,0,0,0.0,0,0.0,0.0
K.Bourne,NE,2022,11,0,0,0.0,0,0.0,0.0
K.Bourne,NE,2022,12,0,0,0.0,0,0.0,0.0
K.Bourne,NE,2022,13,0,0,0.0,0,0.0,0.0
K.Bourne,NE,2022,14,0,0,0.0,0,0.0,0.0
K.Bourne,NE,2022,15,0,0,0.0,0,0.0,0.0
K.Bourne,NE,2022,16,0,0,0.0,0,0.0,0.0
K.Bourne,NE,2022,17,0,0,0.0,0,0.0,0.0
K.Bourne,NE,2022,18,0,0,0.0,0,0.0,0.0
M.Breida,NYG,2022,1,0,0,0.0,0,0.0,0.0
M.Breida,NYG,2022,2,0,0,0.0,0,0.0,0.0
M.Breida,NYG,2022,3,0,0,0.0,0,0.0,0.0
M.Breida,NYG,2022,4,0,0,0.0,0,0.0,0.0
M.Breida,NYG,2022,5,0,0,0.0,0,0.0,0.0
M.Breida,NYG,2022,6,0,0,0.0,0,0.0,0.0
M.Breida,NYG,2022,7,0,0,0.0,0,0.0,0.0
M.Breida,NYG,2022,8,0,0,0.0,0,0.0,0.0
M.Breida,NYG,2022,10,0,0,0.0,0,0.0,0.0
M.Breida,NYG,2022,11,0,0,0.0,0,0.0,0.0
M.Breida,NYG,2022,12,0,0,0.0,0,0.0,0.0
M.Breida,NYG,2022,13,0,0,0.0,0,0.0,0.0
M.Breida,NYG,2022,14,0,0,0.0,0,0.0,0.0
M.Breida,NYG,2022,15,0,0,0.0,0,0.0,0.0
M.Breida,NYG,2022,16,0,0,0.0,0,0.0,0.0
M.Breida,NYG,2022,17,0,0,0.0,0,0.0,0.0
M.Breida,NYG,2022,18,0,0,0.0,0,0.0,0.0
M.Breida,NYG,2022,19,0,0,0.0,0,0.0,0.0
M.Breida,NYG,2022,20,0,0,0.0,0,0.0,0.0
N.Mullens,MIN,2022,9,1,1,-3.0,0,0.0,0.0
N.Mullens,MIN,2022,11,5,7,54.0,0,0.0,0.0
N.Mullens,MIN,2022,17,4,4,57.0,1,0.0,0.0
N.Mullens,MIN,2022,18,11,13,116.0,0,1.0,0.0
T.Hill,NO,2022,1,0,0,0.0,0,0.0,0.0
T.Hill,NO,2022,2,0,0,0.0,0,0.0,0.0
T.Hill,NO,2022,4,0,0,0.0,0,0.0,0.0
T.Hill,NO,2022,5,1,1,22.0,1,0.0,0.0
T.Hill,NO,2022,6,2,4,16.0,0,0.0,0.0
T.Hill,NO,2022,7,2,2,48.0,0,0.0,0.0
T.Hill,NO,2022,8,1,1,2.0,0,0.0,0.0
T.Hill,NO,2022,9,1,1,13.0,0,0.0,0.0
T.Hill,NO,2022,10,0,1,0.0,0,0.0,0.0
T.Hill,NO,2022,11,1,3,14.0,0,0.0,1.0
T.Hill,NO,2022,12,0,1,0.0,0,0.0,0.0
T.Hill,NO,2022,13,1,1,21.0,0,0.0,0.0
T.Hill,NO,2022,15,2,2,80.0,1,0.0,0.0
T.Hill,NO,2022,16,0,0,0.0,0,0.0,0.0
T.Hill,NO,2022,17,2,2,24.0,0,0.0,1.0
T.Hill,NO,2022,18,0,0,0.0,0,0.0,0.0
C.Board,TEN,2022,13,0,0,0.0,0,0.0,0.0
P.Ricard,BAL,2022,1,0,0,0.0,0,0.0,0.0
P.Ricard,BAL,2022,2,0,0,0.0,0,0.0,0.0
P.Ricard,BAL,2022,3,0,0,0.0,0,0.0,0.0
P.Ricard,BAL,2022,4,0,0,0.0,0,0.0,0.0
P.Ricard,BAL,2022,6,0,0,0.0,0,0.0,0.0
P.Ricard,BAL,2022,7,0,0,0.0,0,0.0,0.0
P.Ricard,BAL,2022,9,0,0,0.0,0,0.0,0.0
P.Ricard,BAL,2022,11,0,0,0.0,0,0.0,0.0
P.Ricard,BAL,2022,12,0,0,0.0,0,0.0,0.0
P.Ricard,BAL,2022,13,0,0,0.0,0,0.0,0.0
P.Ricard,BAL,2022,14,0,0,0.0,0,0.0,0.0
P.Ricard,BAL,2022,15,0,0,0.0,0,0.0,0.0
P.Ricard,BAL,2022,19,0,0,0.0,0,0.0,0.0
C.Hollister,TEN,2022,1,0,0,0.0,0,0.0,0.0
C.Hollister,TEN,2022,7,0,0,0.0,0,0.0,0.0
C.Hollister,TEN,2022,8,0,0,0.0,0,0.0,0.0
C.Hollister,TEN,2022,9,0,0,0.0,0,0.0,0.0
P.Brown,HOU,2022,1,0,0,0.0,0,0.0,0.0
P.Brown,HOU,2022,2,0,0,0.0,0,0.0,0.0
P.Brown,HOU,2022,3,0,0,0.0,0,0.0,0.0
P.Brown,CLE,2022,6,0,0,0.0,0,0.0,0.0
P.Brown,CLE,2022,10,0,0,0.0,0,0.0,0.0
P.Brown,CLE,2022,11,0,0,0.0,0,0.0,0.0
P.Brown,CLE,2022,13,0,0,0.0,0,0.0,0.0
A.Firkser,ATL,2022,1,0,0,0.0,0,0.0,0.0
A.Firkser,ATL,2022,3,0,0,0.0,0,0.0,0.0
A.Firkser,ATL,2022,5,0,0,0.0,0,0.0,0.0
A.Firkser,ATL,2022,12,0,0,0.0,0,0.0,0.0
A.Firkser,ATL,2022,13,0,0,0.0,0,0.0,0.0
A.Firkser,ATL,2022,15,0,0,0.0,0,0.0,0.0
A.Firkser,ATL,2022,16,0,0,0.0,0,0.0,0.0
A.Firkser,ATL,2022,18,0,0,0.0,0,0.0,0.0
I.McKenzie,BUF,2022,1,0,0,0.0,0,0.0,0.0
I.McKenzie,BUF,2022,2,0,0,0.0,0,0.0,0.0
I.McKenzie,BUF,2022,3,0,0,0.0,0,0.0,0.0
I.McKenzie,BUF,2022,4,0,0,0.0,0,0.0,0.0
I.McKenzie,BUF,2022,6,0,0,0.0,0,0.0,0.0
I.McKenzie,BUF,2022,8,0,0,0.0,0,0.0,0.0
I.McKenzie,BUF,2022,9,0,0,0.0,0,0.0,0.0
I.McKenzie,BUF,2022,10,0,0,0.0,0,0.0,0.0
I.McKenzie,BUF,2022,11,0,0,0.0,0,0.0,0.0
I.McKenzie,BUF,2022,12,0,0,0.0,0,0.0,0.0
I.McKenzie,BUF,2022,13,0,0,0.0,0,0.0,0.0
I.McKenzie,BUF,2022,14,0,0,0.0,0,0.0,0.0
I.McKenzie,BUF,2022,15,0,0,0.0,0,0.0,0.0
I.McKenzie,BUF,2022,16,0,0,0.0,0,0.0,0.0
I.McKenzie,BUF,2022,18,0,0,0.0,0,0.0,0.0
I.McKenzie,BUF,2022,20,0,0,0.0,0,0.0,0.0
M.Kemp,KC,2022,21,0,0,0.0,0,0.0,0.0
S.Perine,CIN,2022,1,0,0,0.0,0,0.0,0.0
S.Perine,CIN,2022,2,0,0,0.0,0,0.0,0.0
S.Perine,CIN,2022,3,0,0,0.0,0,0.0,0.0
S.Perine,CIN,2022,4,0,0,0.0,0,0.0,0.0
S.Perine,CIN,2022,5,0,0,0.0,0,0.0,0.0
S.Perine,CIN,2022,6,0,0,0.0,0,0.0,0.0
S.Perine,CIN,2022,7,0,0,0.0,0,0.0,0.0
S.Perine,CIN,2022,8,0,0,0.0,0,0.0,0.0
S.Perine,CIN,2022,9,0,0,0.0,0,0.0,0.0
S.Perine,CIN,2022,11,0,0,0.0,0,0.0,0.0
S.Perine,CIN,2022,12,0,0,0.0,0,0.0,0.0
S.Perine,CIN,2022,13,0,0,0.0,0,0.0,0.0
S.Perine,CIN,2022,14,0,0,0.0,0,0.0,0.0
S.Perine,CIN,2022,15,0,0,0.0,0,0.0,0.0
S.Perine,CIN,2022,16,0,0,0.0,0,0.0,0.0
S.Perine,CIN,2022,18,0,0,0.0,0,0.0,0.0
S.Perine,CIN,2022,19,0,0,0.0,0,0.0,0.0
S.Perine,CIN,2022,20,0,0,0.0,0,0.0,0.0
S.Perine,CIN,2022,21,0,0,0.0,0,0.0,0.0
M.Williams,LAC,2022,1,0,0,0.0,0,0.0,0.0
M.Williams,LAC,2022,2,0,0,0.0,0,0.0,0.0
M.Williams,LAC,2022,3,0,0,0.0,0,0.0,0.0
M.Williams,LAC,2022,4,0,0,0.0,0,0.0,0.0
M.Williams,LAC,2022,5,0,0,0.0,0,0.0,0.0
M.Williams,LAC,2022,6,0,0,0.0,0,0.0,0.0
M.Williams,LAC,2022,7,0,0,0.0,0,0.0,0.0
M.Williams,LAC,2022,11,0,0,0.0,0,0.0,0.0
M.Williams,LAC,2022,14,0,0,0.0,0,0.0,0.0
M.Williams,LAC,2022,15,0,0,0.0,0,0.0,0.0
M.Williams,LAC,2022,16,0,0,0.0,0,0.0,0.0
M.Williams,LAC,2022,17,0,0,0.0,0,0.0,0.0
M.Williams,LAC,2022,18,0,0,0.0,0,0.0,0.0
D.Watson,CLE,2022,13,12,22,131.0,0,1.0,1.0
D.Watson,CLE,2022,14,26,42,276.0,1,1.0,2.0
D.Watson,CLE,2022,15,18,28,161.0,1,0.0,3.0
D.Watson,CLE,2022,16,15,31,135.0,0,1.0,2.0
D.Watson,CLE,2022,17,9,18,169.0,3,0.0,5.0
D.Watson,CLE,2022,18,19,29,230.0,2,2.0,7.0
D.Webb,NYG,2022,18,23,40,168.0,1,0.0,0.0
J.Conner,ARI,2022,1,0,0,0.0,0,0.0,0.0
J.Conner,ARI,2022,2,0,0,0.0,0,0.0,0.0
J.Conner,ARI,2022,3,0,0,0.0,0,0.0,0.0
J.Conner,ARI,2022,4,0,0,0.0,0,0.0,0.0
J.Conner,ARI,2022,5,0,0,0.0,0,0.0,0.0
J.Conner,ARI,2022,9,0,0,0.0,0,0.0,0.0
J.Conner,ARI,2022,10,0,0,0.0,0,0.0,0.0
J.Conner,ARI,2022,11,0,0,0.0,0,0.0,0.0
J.Conner,ARI,2022,12,0,0,0.0,0,0.0,0.0
J.Conner,ARI,2022,14,0,0,0.0,0,0.0,0.0
J.Conner,ARI,2022,15,0,0,0.0,0,0.0,0.0
J.Conner,ARI,2022,16,0,0,0.0,0,0.0,0.0
J.Conner,ARI,2022,17,0,0,0.0,0,0.0,0.0
M.Hollins,LV,2022,1,0,0,0.0,0,0.0,0.0
M.Hollins,LV,2022,2,0,0,0.0,0,0.0,0.0
M.Hollins,LV,2022,3,1,1,4.0,0,0.0,0.0
M.Hollins,LV,2022,4,0,0,0.0,0,0.0,0.0
M.Hollins,LV,2022,5,0,0,0.0,0,0.0,0.0
M.Hollins,LV,2022,7,0,0,0.0,0,0.0,0.0
M.Hollins,LV,2022,8,0,0,0.0,0,0.0,0.0
M.Hollins,LV,2022,9,0,0,0.0,0,0.0,0.0
M.Hollins,LV,2022,10,0,0,0.0,0,0.0,0.0
M.Hollins,LV,2022,11,0,0,0.0,0,0.0,0.0
M.Hollins,LV,2022,12,0,0,0.0,0,0.0,0.0
M.Hollins,LV,2022,13,0,0,0.0,0,0.0,0.0
M.Hollins,LV,2022,14,0,0,0.0,0,0.0,0.0
M.Hollins,LV,2022,15,0,0,0.0,0,0.0,0.0
M.Hollins,LV,2022,16,0,0,0.0,0,0.0,0.0
M.Hollins,LV,2022,17,0,0,0.0,0,0.0,0.0
M.Hollins,LV,2022,18,0,0,0.0,0,0.0,0.0
J.Agnew,JAX,2022,1,0,0,0.0,0,0.0,0.0
J.Agnew,JAX,2022,2,0,0,0.0,0,0.0,0.0
J.Agnew,JAX,2022,3,0,0,0.0,0,0.0,0.0
J.Agnew,JAX,2022,4,0,0,0.0,0,0.0,0.0
J.Agnew,JAX,2022,5,0,0,0.0,0,0.0,0.0
J.Agnew,JAX,2022,6,0,0,0.0,0,0.0,0.0
J.Agnew,JAX,2022,10,0,0,0.0,0,0.0,0.0
J.Agnew,JAX,2022,12,0,0,0.0,0,0.0,0.0
J.Agnew,JAX,2022,13,0,0,0.0,0,0.0,0.0
J.Agnew,JAX,2022,14,0,0,0.0,0,0.0,0.0
J.Agnew,JAX,2022,15,0,0,0.0,0,0.0,0.0
J.Agnew,JAX,2022,16,0,0,0.0,0,0.0,0.0
J.Agnew,JAX,2022,17,0,0,0.0,0,0.0,0.0
J.Agnew,JAX,2022,18,0,0,0.0,0,0.0,0.0
J.Agnew,JAX,2022,19,0,0,0.0,0,0.0,0.0
J.Agnew,JAX,2022,20,0,0,0.0,0,0.0,0.0
E.Saubert,DEN,2022,1,0,0,0.0,0,0.0,0.0
E.Saubert,DEN,2022,2,0,0,0.0,0,0.0,0.0
E.Saubert,DEN,2022,3,0,0,0.0,0,0.0,0.0
E.Saubert,DEN,2022,4,0,0,0.0,0,0.0,0.0
E.Saubert,DEN,2022,5,0,0,0.0,0,0.0,0.0
E.Saubert,DEN,2022,7,0,0,0.0,0,0.0,0.0
E.Saubert,DEN,2022,10,0,0,0.0,0,0.0,0.0
E.Saubert,DEN,2022,11,0,0,0.0,0,0.0,0.0
E.Saubert,DEN,2022,14,0,0,0.0,0,0.0,0.0
E.Saubert,DEN,2022,15,0,0,0.0,0,0.0,0.0
E.Saubert,DEN,2022,17,0,0,0.0,0,0.0,0.0
N.Brown,DAL,2022,1,0,0,0.0,0,0.0,0.0
N.Brown,DAL,2022,2,0,0,0.0,0,0.0,0.0
N.Brown,DAL,2022,3,0,0,0.0,0,0.0,0.0
N.Brown,DAL,2022,4,0,0,0.0,0,0.0,0.0
N.Brown,DAL,2022,5,0,0,0.0,0,0.0,0.0
N.Brown,DAL,2022,6,0,0,0.0,0,0.0,0.0
N.Brown,DAL,2022,7,0,0,0.0,0,0.0,0.0
N.Brown,DAL,2022,10,0,0,0.0,0,0.0,0.0
N.Brown,DAL,2022,11,0,0,0.0,0,0.0,0.0
N.Brown,DAL,2022,13,0,0,0.0,0,0.0,0.0
N.Brown,DAL,2022,14,0,0,0.0,0,0.0,0.0
N.Brown,DAL,2022,15,0,0,0.0,0,0.0,0.0
N.Brown,DAL,2022,16,0,0,0.0,0,0.0,0.0
N.Brown,DAL,2022,17,0,0,0.0,0,0.0,0.0
N.Brown,DAL,2022,18,0,0,0.0,0,0.0,0.0
N.Brown,DAL,2022,19,0,0,0.0,0,0.0,0.0
N.Brown,DAL,2022,20,0,0,0.0,0,0.0,0.0
T.Gentry,BUF,2022,5,0,0,0.0,0,0.0,0.0
C.Rush,DAL,2022,1,7,13,64.0,0,0.0,2.0
C.Rush,DAL,2022,2,19,31,235.0,1,0.0,1.0
C.Rush,DAL,2022,3,21,31,215.0,1,0.0,0.0
C.Rush,DAL,2022,4,15,27,223.0,2,0.0,1.0
C.Rush,DAL,2022,5,10,16,102.0,0,0.0,3.0
C.Rush,DAL,2022,6,18,38,181.0,1,3.0,0.0
C.Rush,DAL,2022,11,4,5,31.0,0,0.0,0.0
C.Rush,DAL,2022,18,0,1,0.0,0,0.0,0.0
K.Cole,LV,2022,3,0,0,0.0,0,0.0,0.0
K.Cole,LV,2022,8,0,0,0.0,0,0.0,0.0
K.Cole,LV,2022,10,0,0,0.0,0,0.0,0.0
K.Cole,LV,2022,11,0,0,0.0,0,0.0,0.0
K.Cole,LV,2022,12,0,0,0.0,0,0.0,0.0
K.Cole,LV,2022,14,0,0,0.0,0,0.0,0.0
K.Cole,LV,2022,15,0,0,0.0,0,0.0,0.0
K.Cole,LV,2022,16,0,0,0.0,0,0.0,0.0
K.Cole,LV,2022,18,0,0,0.0,0,0.0,0.0
A.Ekeler,LAC,2022,1,0,0,0.0,0,0.0,0.0
A.Ekeler,LAC,2022,2,0,0,0.0,0,0.0,0.0
A.Ekeler,LAC,2022,3,0,0,0.0,0,0.0,0.0
A.Ekeler,LAC,2022,4,0,0,0.0,0,0.0,0.0
A.Ekeler,LAC,2022,5,0,0,0.0,0,0.0,0.0
A.Ekeler,LAC,2022,6,0,0,0.0,0,0.0,0.0
A.Ekeler,LAC,2022,7,0,0,0.0,0,0.0,0.0
A.Ekeler,LAC,2022,9,0,0,0.0,0,0.0,0.0
A.Ekeler,LAC,2022,10,0,0,0.0,0,0.0,0.0
A.Ekeler,LAC,2022,11,0,0,0.0,0,0.0,0.0
A.Ekeler,LAC,2022,12,0,0,0.0,0,0.0,0.0
A.Ekeler,LAC,2022,13,0,0,0.0,0,0.0,0.0
A.Ekeler,LAC,2022,14,0,0,0.0,0,0.0,0.0
A.Ekeler,LAC,2022,15,0,0,0.0,0,0.0,0.0
A.Ekeler,LAC,2022,16,0,0,0.0,0,0.0,0.0
A.Ekeler,LAC,2022,17,0,0,0.0,0,0.0,0.0
A.Ekeler,LAC,2022,18,0,0,0.0,0,0.0,0.0
A.Ekeler,LAC,2022,19,0,0,0.0,0,0.0,0.0
C.Clement,ARI,2022,12,0,0,0.0,0,0.0,0.0
C.Clement,ARI,2022,14,0,0,0.0,0,0.0,0.0
C.Clement,ARI,2022,17,0,0,0.0,0,0.0,0.0
C.Clement,ARI,2022,18,0,0,0.0,0,0.0,0.0
R.Tonyan,GB,2022,1,0,0,0.0,0,0.0,0.0
R.Tonyan,GB,2022,2,0,0,0.0,0,0.0,0.0
R.Tonyan,GB,2022,3,0,0,0.0,0,0.0,0.0
R.Tonyan,GB,2022,4,0,0,0.0,0,0.0,0.0
R.Tonyan,GB,2022,5,0,0,0.0,0,0.0,0.0
R.Tonyan,GB,2022,6,0,0,0.0,0,0.0,0.0
R.Tonyan,GB,2022,7,0,0,0.0,0,0.0,0.0
R.Tonyan,GB,2022,8,0,0,0.0,0,0.0,0.0
R.Tonyan,GB,2022,9,0,0,0.0,0,0.0,0.0
R.Tonyan,GB,2022,10,0,0,0.0,0,0.0,0.0
R.Tonyan,GB,2022,11,0,0,0.0,0,0.0,0.0
R.Tonyan,GB,2022,12,0,0,0.0,0,0.0,0.0
R.Tonyan,GB,2022,13,0,0,0.0,0,0.0,0.0
R.Tonyan,GB,2022,15,0,0,0.0,0,0.0,0.0
R.Tonyan,GB,2022,16,0,0,0.0,0,0.0,0.0
R.Tonyan,GB,2022,17,0,0,0.0,0,0.0,0.0
R.Tonyan,GB,2022,18,0,0,0.0,0,0.0,0.0
M.Schreck,HOU,2022,4,0,0,0.0,0,0.0,0.0
M.Schreck,HOU,2022,5,0,0,0.0,0,0.0,0.0
D.Ogunbowale,HOU,2022,7,0,0,0.0,0,0.0,0.0
D.Ogunbowale,HOU,2022,8,0,0,0.0,0,0.0,0.0
D.Ogunbowale,HOU,2022,10,0,0,0.0,0,0.0,0.0
D.Ogunbowale,HOU,2022,11,0,0,0.0,0,0.0,0.0
D.Ogunbowale,HOU,2022,12,0,0,0.0,0,0.0,0.0
D.Ogunbowale,HOU,2022,13,0,0,0.0,0,0.0,0.0
D.Ogunbowale,HOU,2022,14,0,0,0.0,0,0.0,0.0
D.Ogunbowale,HOU,2022,15,0,0,0.0,0,0.0,0.0
D.Ogunbowale,HOU,2022,16,0,0,0.0,0,0.0,0.0
D.Ogunbowale,HOU,2022,17,0,0,0.0,0,0.0,0.0
D.Ogunbowale,HOU,2022,18,0,0,0.0,0,0.0,0.0
L.Fournette,TB,2022,1,0,0,0.0,0,0.0,0.0
L.Fournette,TB,2022,2,0,0,0.0,0,0.0,0.0
L.Fournette,TB,2022,3,0,0,0.0,0,0.0,0.0
L.Fournette,TB,2022,4,0,0,0.0,0,0.0,0.0
L.Fournette,TB,2022,5,0,0,0.0,0,0.0,0.0
L.Fournette,TB,2022,6,0,0,0.0,0,0.0,0.0
L.Fournette,TB,2022,7,0,0,0.0,0,0.0,0.0
L.Fournette,TB,2022,8,0,0,0.0,0,0.0,0.0
L.Fournette,TB,2022,9,0,0,0.0,0,0.0,0.0
L.Fournette,TB,2022,10,0,1,0.0,0,1.0,0.0
L.Fournette,TB,2022,13,0,0,0.0,0,0.0,0.0
L.Fournette,TB,2022,14,0,0,0.0,0,0.0,0.0
L.Fournette,TB,2022,15,0,0,0.0,0,0.0,0.0
L.Fournette,TB,2022,16,0,0,0.0,0,0.0,0.0
L.Fournette,TB,2022,17,0,0,0.0,0,0.0,0.0
L.Fournette,TB,2022,18,0,0,0.0,0,0.0,0.0
L.Fournette,TB,2022,19,0,0,0.0,0,0.0,0.0
J.Smith-Schuster,KC,2022,1,0,0,0.0,0,0.0,0.0
J.Smith-Schuster,KC,2022,2,0,0,0.0,0,0.0,0.0
J.Smith-Schuster,KC,2022,3,0,0,0.0,0,0.0,0.0
J.Smith-Schuster,KC,2022,4,0,0,0.0,0,0.0,0.0
J.Smith-Schuster,KC,2022,5,0,0,0.0,0,0.0,0.0
J.Smith-Schuster,KC,2022,6,0,0,0.0,0,0.0,0.0
J.Smith-Schuster,KC,2022,7,0,0,0.0,0,0.0,0.0
J.Smith-Schuster,KC,2022,9,0,0,0.0,0,0.0,0.0
J.Smith-Schuster,KC,2022,10,0,0,0.0,0,0.0,0.0
J.Smith-Schuster,KC,2022,12,0,0,0.0,0,0.0,0.0
J.Smith-Schuster,KC,2022,13,0,0,0.0,0,0.0,0.0
J.Smith-Schuster,KC,2022,14,0,0,0.0,0,0.0,0.0
J.Smith-Schuster,KC,2022,15,0,0,0.0,0,0.0,0.0
J.Smith-Schuster,KC,2022,16,0,0,0.0,0,0.0,0.0
J.Smith-Schuster,KC,2022,17,0,0,0.0,0,0.0,0.0
J.Smith-Schuster,KC,2022,18,0,0,0.0,0,0.0,0.0
J.Smith-Schuster,KC,2022,20,0,0,0.0,0,0.0,0.0
J.Smith-Schuster,KC,2022,21,0,0,0.0,0,0.0,0.0
J.Smith-Schuster,KC,2022,22,0,0,0.0,0,0.0,0.0
J.Smith,NE,2022,1,0,0,0.0,0,0.0,0.0
J.Smith,NE,2022,2,0,0,0.0,0,0.0,0.0
J.Smith,NE,2022,3,0,0,0.0,0,0.0,0.0
J.Smith,NE,2022,6,0,0,0.0,0,0.0,0.0
J.Smith,NE,2022,7,0,0,0.0,0,0.0,0.0
J.Smith,NE,2022,8,0,0,0.0,0,0.0,0.0
J.Smith,NE,2022,9,0,0,0.0,0,0.0,0.0
J.Smith,NE,2022,11,0,0,0.0,0,0.0,0.0
J.Smith,NE,2022,13,0,0,0.0,0,0.0,0.0
J.Smith,NE,2022,14,0,0,0.0,0,0.0,0.0
J.Smith,NE,2022,15,0,0,0.0,0,0.0,0.0
J.Smith,NE,2022,16,0,0,0.0,0,0.0,0.0
M.Trubisky,PIT,2022,1,21,38,194.0,1,0.0,1.0
M.Trubisky,PIT,2022,2,21,33,168.0,1,1.0,3.0
M.Trubisky,PIT,2022,3,20,32,207.0,0,0.0,1.0
M.Trubisky,PIT,2022,4,7,13,84.0,0,1.0,3.0
M.Trubisky,PIT,2022,6,9,12,144.0,1,0.0,1.0
M.Trubisky,PIT,2022,14,22,30,276.0,1,3.0,1.0
M.Trubisky,PIT,2022,15,17,22,179.0,0,0.0,1.0
C.Davis,NYJ,2022,1,0,0,0.0,0,0.0,0.0
C.Davis,NYJ,2022,2,0,0,0.0,0,0.0,0.0
C.Davis,NYJ,2022,3,0,0,0.0,0,0.0,0.0
C.Davis,NYJ,2022,4,0,0,0.0,0,0.0,0.0
C.Davis,NYJ,2022,5,0,0,0.0,0,0.0,0.0
C.Davis,NYJ,2022,6,0,0,0.0,0,0.0,0.0
C.Davis,NYJ,2022,7,0,0,0.0,0,0.0,0.0
C.Davis,NYJ,2022,12,0,0,0.0,0,0.0,0.0
C.Davis,NYJ,2022,13,0,0,0.0,0,0.0,0.0
C.Davis,NYJ,2022,14,0,0,0.0,0,0.0,0.0
C.Davis,NYJ,2022,16,0,0,0.0,0,0.0,0.0
C.Davis,NYJ,2022,17,0,0,0.0,0,0.0,0.0
C.Davis,NYJ,2022,18,0,0,0.0,0,0.0,0.0
P.Mahomes,KC,2022,1,30,39,360.0,5,0.0,0.0
P.Mahomes,KC,2022,2,24,35,235.0,2,0.0,1.0
P.Mahomes,KC,2022,3,20,35,262.0,1,1.0,1.0
P.Mahomes,KC,2022,4,23,37,249.0,3,1.0,3.0
P.Mahomes,KC,2022,5,29,43,292.0,4,0.0,3.0
P.Mahomes,KC,2022,6,25,40,338.0,2,2.0,3.0
P.Mahomes,KC,2022,7,25,34,423.0,3,1.0,1.0
P.Mahomes,KC,2022,9,43,68,446.0,1,1.0,4.0
P.Mahomes,KC,2022,10,26,35,331.0,4,1.0,0.0
P.Mahomes,KC,2022,11,20,34,329.0,3,0.0,1.0
P.Mahomes,KC,2022,12,27,42,320.0,1,1.0,0.0
P.Mahomes,KC,2022,13,16,27,223.0,1,0.0,2.0
P.Mahomes,KC,2022,14,28,42,352.0,3,3.0,2.0
P.Mahomes,KC,2022,15,36,41,336.0,2,0.0,2.0
P.Mahomes,KC,2022,16,16,28,224.0,2,0.0,1.0
P.Mahomes,KC,2022,17,29,42,328.0,3,1.0,0.0
P.Mahomes,KC,2022,18,18,26,202.0,1,0.0,2.0
P.Mahomes,KC,2022,20,22,30,195.0,2,0.0,0.0
P.Mahomes,KC,2022,21,29,43,326.0,2,0.0,3.0
P.Mahomes,KC,2022,22,21,27,182.0,3,0.0,0.0
O.Howard,HOU,2022,1,0,0,0.0,0,0.0,0.0
O.Howard,HOU,2022,2,0,0,0.0,0,0.0,0.0
O.Howard,HOU,2022,3,0,0,0.0,0,0.0,0.0
O.Howard,HOU,2022,4,0,0,0.0,0,0.0,0.0
O.Howard,HOU,2022,5,0,0,0.0,0,0.0,0.0
O.Howard,HOU,2022,8,0,0,0.0,0,0.0,0.0
O.Howard,HOU,2022,9,0,0,0.0,0,0.0,0.0
O.Howard,HOU,2022,10,0,0,0.0,0,0.0,0.0
O.Howard,HOU,2022,11,0,0,0.0,0,0.0,0.0
O.Howard,HOU,2022,12,0,0,0.0,0,0.0,0.0
O.Howard,HOU,2022,17,0,0,0.0,0,0.0,0.0
E.Engram,JAX,2022,1,0,0,0.0,0,0.0,0.0
E.Engram,JAX,2022,2,0,0,0.0,0,0.0,0.0
E.Engram,JAX,2022,3,0,0,0.0,0,0.0,0.0
E.Engram,JAX,2022,4,0,0,0.0,0,0.0,0.0
E.Engram,JAX,2022,5,0,0,0.0,0,0.0,0.0
E.Engram,JAX,2022,6,0,0,0.0,0,0.0,0.0
E.Engram,JAX,2022,7,0,0,0.0,0,0.0,0.0
E.Engram,JAX,2022,8,0,0,0.0,0,0.0,0.0
E.Engram,JAX,2022,9,0,0,0.0,0,0.0,0.0
E.Engram,JAX,2022,10,0,0,0.0,0,0.0,0.0
E.Engram,JAX,2022,12,0,0,0.0,0,0.0,0.0
E.Engram,JAX,2022,13,0,0,0.0,0,0.0,0.0
E.Engram,JAX,2022,14,0,0,0.0,0,0.0,0.0
E.Engram,JAX,2022,15,0,0,0.0,0,0.0,0.0
E.Engram,JAX,2022,16,0,0,0.0,0,0.0,0.0
E.Engram,JAX,2022,17,0,0,0.0,0,0.0,0.0
E.Engram,JAX,2022,18,0,0,0.0,0,0.0,0.0
E.Engram,JAX,2022,19,0,0,0.0,0,0.0,0.0
E.Engram,JAX,2022,20,0,0,0.0,0,0.0,0.0
D.Njoku,CLE,2022,1,0,0,0.0,0,0.0,0.0
D.Njoku,CLE,2022,2,0,0,0.0,0,0.0,0.0
D.Njoku,CLE,2022,3,0,0,0.0,0,0.0,0.0
D.Njoku,CLE,2022,4,0,0,0.0,0,0.0,0.0
D.Njoku,CLE,2022,5,0,0,0.0,0,0.0,0.0
D.Njoku,CLE,2022,6,0,0,0.0,0,0.0,0.0
D.Njoku,CLE,2022,7,0,0,0.0,0,0.0,0.0
D.Njoku,CLE,2022,11,0,0,0.0,0,0.0,0.0
D.Njoku,CLE,2022,12,0,0,0.0,0,0.0,0.0
D.Njoku,CLE,2022,14,0,0,0.0,0,0.0,0.0
D.Njoku,CLE,2022,15,0,0,0.0,0,0.0,0.0
D.Njoku,CLE,2022,16,0,0,0.0,0,0.0,0.0
D.Njoku,CLE,2022,17,0,0,0.0,0,0.0,0.0
D.Njoku,CLE,2022,18,0,0,0.0,0,0.0,0.0
Z.Jones,JAX,2022,1,0,0,0.0,0,0.0,0.0
Z.Jones,JAX,2022,2,0,0,0.0,0,0.0,0.0
Z.Jones,JAX,2022,3,0,0,0.0,0,0.0,0.0
Z.Jones,JAX,2022,5,0,0,0.0,0,0.0,0.0
Z.Jones,JAX,2022,6,0,0,0.0,0,0.0,0.0
Z.Jones,JAX,2022,7,0,0,0.0,0,0.0,0.0
Z.Jones,JAX,2022,8,0,0,0.0,0,0.0,0.0
Z.Jones,JAX,2022,9,0,0,0.0,0,0.0,0.0
Z.Jones,JAX,2022,10,0,0,0.0,0,0.0,0.0
Z.Jones,JAX,2022,12,0,0,0.0,0,0.0,0.0
Z.Jones,JAX,2022,13,0,0,0.0,0,0.0,0.0
Z.Jones,JAX,2022,14,0,0,0.0,0,0.0,0.0
Z.Jones,JAX,2022,15,0,0,0.0,0,0.0,0.0
Z.Jones,JAX,2022,16,0,0,0.0,0,0.0,0.0
Z.Jones,JAX,2022,17,0,0,0.0,0,0.0,0.0
Z.Jones,JAX,2022,18,0,0,0.0,0,0.0,0.0
Z.Jones,JAX,2022,19,0,0,0.0,0,0.0,0.0
Z.Jones,JAX,2022,20,0,0,0.0,0,0.0,0.0
D.Cook,MIN,2022,1,0,0,0.0,0,0.0,0.0
D.Cook,MIN,2022,2,0,0,0.0,0,0.0,0.0
D.Cook,MIN,2022,3,0,0,0.0,0,0.0,0.0
D.Cook,MIN,2022,4,0,0,0.0,0,0.0,0.0
D.Cook,MIN,2022,5,0,0,0.0,0,0.0,0.0
D.Cook,MIN,2022,6,0,0,0.0,0,0.0,0.0
D.Cook,MIN,2022,8,0,0,0.0,0,0.0,0.0
D.Cook,MIN,2022,9,0,0,0.0,0,0.0,0.0
D.Cook,MIN,2022,10,0,0,0.0,0,0.0,0.0
D.Cook,MIN,2022,11,0,0,0.0,0,0.0,0.0
D.Cook,MIN,2022,12,0,0,0.0,0,0.0,0.0
D.Cook,MIN,2022,13,0,0,0.0,0,0.0,0.0
D.Cook,MIN,2022,14,0,0,0.0,0,0.0,1.0
D.Cook,MIN,2022,15,0,0,0.0,0,0.0,0.0
D.Cook,MIN,2022,16,0,0,0.0,0,0.0,0.0
D.Cook,MIN,2022,17,0,0,0.0,0,0.0,0.0
D.Cook,MIN,2022,18,0,0,0.0,0,0.0,0.0
D.Cook,MIN,2022,19,0,0,0.0,0,0.0,0.0
G.Everett,LAC,2022,1,0,0,0.0,0,0.0,0.0
G.Everett,LAC,2022,2,0,0,0.0,0,0.0,0.0
G.Everett,LAC,2022,3,0,0,0.0,0,0.0,0.0
G.Everett,LAC,2022,4,0,0,0.0,0,0.0,0.0
G.Everett,LAC,2022,5,0,0,0.0,0,0.0,0.0
G.Everett,LAC,2022,6,0,0,0.0,0,0.0,0.0
G.Everett,LAC,2022,7,0,0,0.0,0,0.0,0.0
G.Everett,LAC,2022,9,0,0,0.0,0,0.0,0.0
G.Everett,LAC,2022,10,0,0,0.0,0,0.0,0.0
G.Everett,LAC,2022,12,0,0,0.0,0,0.0,0.0
G.Everett,LAC,2022,13,0,0,0.0,0,0.0,0.0
G.Everett,LAC,2022,14,0,0,0.0,0,0.0,0.0
G.Everett,LAC,2022,15,0,0,0.0,0,0.0,0.0
G.Everett,LAC,2022,17,0,0,0.0,0,0.0,0.0
G.Everett,LAC,2022,18,0,0,0.0,0,0.0,0.0
G.Everett,LAC,2022,19,0,0,0.0,0,0.0,0.0
J.Mixon,CIN,2022,1,0,0,0.0,0,0.0,0.0
J.Mixon,CIN,2022,2,0,0,0.0,0,0.0,0.0
J.Mixon,CIN,2022,3,0,0,0.0,0,0.0,0.0
J.Mixon,CIN,2022,4,0,0,0.0,0,0.0,0.0
J.Mixon,CIN,2022,5,0,0,0.0,0,0.0,0.0
J.Mixon,CIN,2022,6,0,0,0.0,0,0.0,0.0
J.Mixon,CIN,2022,7,0,0,0.0,0,0.0,0.0
J.Mixon,CIN,2022,8,0,0,0.0,0,0.0,0.0
J.Mixon,CIN,2022,9,0,0,0.0,0,0.0,0.0
J.Mixon,CIN,2022,11,0,0,0.0,0,0.0,0.0
J.Mixon,CIN,2022,14,0,0,0.0,0,0.0,0.0
J.Mixon,CIN,2022,15,0,0,0.0,0,0.0,0.0
J.Mixon,CIN,2022,16,0,0,0.0,0,0.0,0.0
J.Mixon,CIN,2022,18,0,0,0.0,0,0.0,0.0
J.Mixon,CIN,2022,19,0,0,0.0,0,0.0,0.0
J.Mixon,CIN,2022,20,0,0,0.0,0,0.0,0.0
J.Mixon,CIN,2022,21,0,0,0.0,0,0.0,0.0
A.Kamara,NO,2022,1,0,0,0.0,0,0.0,0.0
A.Kamara,NO,2022,3,0,0,0.0,0,0.0,0.0
A.Kamara,NO,2022,5,0,0,0.0,0,0.0,0.0
A.Kamara,NO,2022,6,0,0,0.0,0,0.0,0.0
A.Kamara,NO,2022,7,0,0,0.0,0,0.0,0.0
A.Kamara,NO,2022,8,0,0,0.0,0,0.0,0.0
A.Kamara,NO,2022,9,0,0,0.0,0,0.0,0.0
A.Kamara,NO,2022,10,0,0,0.0,0,0.0,0.0
A.Kamara,NO,2022,11,0,0,0.0,0,0.0,0.0
A.Kamara,NO,2022,12,0,0,0.0,0,0.0,0.0
A.Kamara,NO,2022,13,0,0,0.0,0,0.0,0.0
A.Kamara,NO,2022,15,0,0,0.0,0,0.0,0.0
A.Kamara,NO,2022,16,0,0,0.0,0,0.0,0.0
A.Kamara,NO,2022,17,0,0,0.0,0,0.0,0.0
A.Kamara,NO,2022,18,0,0,0.0,0,0.0,0.0
C.Kupp,LA,2022,1,0,0,0.0,0,0.0,0.0
C.Kupp,LA,2022,2,0,0,0.0,0,0.0,0.0
C.Kupp,LA,2022,3,0,0,0.0,0,0.0,0.0
C.Kupp,LA,2022,4,0,0,0.0,0,0.0,0.0
C.Kupp,LA,2022,5,0,1,0.0,0,0.0,0.0
C.Kupp,LA,2022,6,0,0,0.0,0,0.0,0.0
C.Kupp,LA,2022,8,0,0,0.0,0,0.0,0.0
C.Kupp,LA,2022,9,0,0,0.0,0,0.0,0.0
C.Kupp,LA,2022,10,0,0,0.0,0,0.0,0.0
C.Godwin,TB,2022,1,0,0,0.0,0,0.0,0.0
C.Godwin,TB,2022,4,0,0,0.0,0,0.0,0.0
C.Godwin,TB,2022,5,0,0,0.0,0,0.0,0.0
C.Godwin,TB,2022,6,0,0,0.0,0,0.0,0.0
C.Godwin,TB,2022,7,0,0,0.0,0,0.0,0.0
C.Godwin,TB,2022,8,0,0,0.0,0,0.0,0.0
C.Godwin,TB,2022,9,0,0,0.0,0,0.0,0.0
C.Godwin,TB,2022,10,0,0,0.0,0,0.0,0.0
C.Godwin,TB,2022,12,0,0,0.0,0,0.0,0.0
C.Godwin,TB,2022,13,0,0,0.0,0,0.0,0.0
C.Godwin,TB,2022,14,0,0,0.0,0,0.0,0.0
C.Godwin,TB,2022,15,0,0,0.0,0,0.0,0.0
C.Godwin,TB,2022,16,0,0,0.0,0,0.0,0.0
C.Godwin,TB,2022,17,0,0,0.0,0,0.0,0.0
C.Godwin,TB,2022,18,0,0,0.0,0,0.0,0.0
C.Godwin,TB,2022,19,0,0,0.0,0,0.0,0.0
K.Hunt,CLE,2022,1,0,0,0.0,0,0.0,0.0
K.Hunt,CLE,2022,2,0,0,0.0,0,0.0,0.0
K.Hunt,CLE,2022,3,0,0,0.0,0,0.0,0.0
K.Hunt,CLE,2022,4,0,0,0.0,0,0.0,0.0
K.Hunt,CLE,2022,5,0,0,0.0,0,0.0,0.0
K.Hunt,CLE,2022,6,0,0,0.0,0,0.0,0.0
K.Hunt,CLE,2022,7,0,0,0.0,0,0.0,0.0
K.Hunt,CLE,2022,8,0,0,0.0,0,0.0,0.0
K.Hunt,CLE,2022,10,0,0,0.0,0,0.0,0.0
K.Hunt,CLE,2022,11,0,0,0.0,0,0.0,0.0
K.Hunt,CLE,2022,12,0,0,0.0,0,0.0,0.0
K.Hunt,CLE,2022,13,0,0,0.0,0,0.0,0.0
K.Hunt,CLE,2022,14,0,0,0.0,0,0.0,0.0
K.Hunt,CLE,2022,15,0,0,0.0,0,0.0,0.0
K.Hunt,CLE,2022,16,0,0,0.0,0,0.0,0.0
K.Hunt,CLE,2022,17,0,0,0.0,0,0.0,0.0
K.Hunt,CLE,2022,18,0,0,0.0,0,0.0,0.0
D.Foreman,CAR,2022,1,0,0,0.0,0,0.0,0.0
D.Foreman,CAR,2022,2,0,0,0.0,0,0.0,0.0
D.Foreman,CAR,2022,4,0,0,0.0,0,0.0,0.0
D.Foreman,CAR,2022,5,0,0,0.0,0,0.0,0.0
D.Foreman,CAR,2022,6,0,0,0.0,0,0.0,0.0
D.Foreman,CAR,2022,7,0,0,0.0,0,0.0,0.0
D.Foreman,CAR,2022,8,0,0,0.0,0,0.0,0.0
D.Foreman,CAR,2022,9,0,0,0.0,0,0.0,0.0
D.Foreman,CAR,2022,10,0,0,0.0,0,0.0,0.0
D.Foreman,CAR,2022,11,0,0,0.0,0,0.0,0.0
D.Foreman,CAR,2022,12,0,0,0.0,0,0.0,0.0
D.Foreman,CAR,2022,14,0,0,0.0,0,0.0,0.0
D.Foreman,CAR,2022,15,0,0,0.0,0,0.0,0.0
D.Foreman,CAR,2022,16,0,0,0.0,0,0.0,0.0
D.Foreman,CAR,2022,17,0,0,0.0,0,0.0,0.0
D.Foreman,CAR,2022,18,0,0,0.0,0,0.0,0.0
K.Golladay,NYG,2022,1,0,0,0.0,0,0.0,0.0
K.Golladay,NYG,2022,3,0,0,0.0,0,0.0,0.0
K.Golladay,NYG,2022,4,0,0,0.0,0,0.0,0.0
K.Golladay,NYG,2022,10,0,0,0.0,0,0.0,0.0
K.Golladay,NYG,2022,11,0,0,0.0,0,0.0,0.0
K.Golladay,NYG,2022,18,0,0,0.0,0,0.0,0.0
C.Beathard,JAX,2022,3,0,0,0.0,0,0.0,0.0
C.Beathard,JAX,2022,13,2,3,6.0,0,0.0,0.0
C.Beathard,JAX,2022,16,0,0,0.0,0,0.0,0.0
C.Beathard,JAX,2022,17,5,8,29.0,0,1.0,1.0
J.Reynolds,DET,2022,1,0,0,0.0,0,0.0,0.0
J.Reynolds,DET,2022,2,0,0,0.0,0,0.0,0.0
J.Reynolds,DET,2022,3,0,0,0.0,0,0.0,0.0
J.Reynolds,DET,2022,4,0,0,0.0,0,0.0,0.0
J.Reynolds,DET,2022,5,0,0,0.0,0,0.0,0.0
J.Reynolds,DET,2022,7,0,0,0.0,0,0.0,0.0
J.Reynolds,DET,2022,8,0,0,0.0,0,0.0,0.0
J.Reynolds,DET,2022,13,0,0,0.0,0,0.0,0.0
J.Reynolds,DET,2022,14,0,0,0.0,0,0.0,0.0
J.Reynolds,DET,2022,16,0,0,0.0,0,0.0,0.0
J.Reynolds,DET,2022,17,0,0,0.0,0,0.0,0.0
J.Reynolds,DET,2022,18,0,0,0.0,0,0.0,0.0
J.Williams,DET,2022,1,0,0,0.0,0,0.0,0.0
J.Williams,DET,2022,2,0,0,0.0,0,0.0,0.0
J.Williams,DET,2022,3,0,0,0.0,0,0.0,0.0
J.Williams,DET,2022,4,0,0,0.0,0,0.0,0.0
J.Williams,DET,2022,5,0,0,0.0,0,0.0,0.0
J.Williams,DET,2022,7,0,0,0.0,0,0.0,0.0
J.Williams,DET,2022,8,0,0,0.0,0,0.0,0.0
J.Williams,DET,2022,9,0,0,0.0,0,0.0,0.0
J.Williams,DET,2022,10,0,0,0.0,0,0.0,0.0
J.Williams,DET,2022,11,0,0,0.0,0,0.0,0.0
J.Williams,DET,2022,12,0,0,0.0,0,0.0,0.0
J.Williams,DET,2022,13,0,0,0.0,0,0.0,0.0
J.Williams,DET,2022,14,0,0,0.0,0,0.0,0.0
J.Williams,DET,2022,15,0,0,0.0,0,0.0,0.0
J.Williams,DET,2022,16,0,0,0.0,0,0.0,0.0
J.Williams,DET,2022,17,0,0,0.0,0,0.0,0.0
J.Williams,DET,2022,18,0,0,0.0,0,0.0,0.0
J.Dobbs,TEN,2022,17,20,39,232.0,1,1.0,2.0
J.Dobbs,TEN,2022,18,20,29,179.0,1,1.0,4.0
M.Mack,DEN,2022,12,0,0,0.0,0,0.0,0.0
M.Mack,DEN,2022,13,0,0,0.0,0,0.0,0.0
M.Mack,DEN,2022,14,0,0,0.0,0,0.0,0.0
M.Mack,DEN,2022,15,0,0,0.0,0,0.0,0.0
M.Mack,DEN,2022,16,0,0,0.0,0,0.0,0.0
N.Peterman,CHI,2022,15,0,1,0.0,0,0.0,0.0
N.Peterman,CHI,2022,16,3,5,25.0,0,1.0,0.0
N.Peterman,CHI,2022,18,11,19,114.0,1,0.0,1.0
D.Arnold,JAX,2022,2,0,0,0.0,0,0.0,0.0
D.Arnold,JAX,2022,4,0,0,0.0,0,0.0,0.0
D.Arnold,JAX,2022,5,0,0,0.0,0,0.0,0.0
D.Arnold,JAX,2022,7,0,0,0.0,0,0.0,0.0
D.Arnold,JAX,2022,8,0,0,0.0,0,0.0,0.0
D.Arnold,JAX,2022,9,0,0,0.0,0,0.0,0.0
D.Arnold,JAX,2022,10,0,0,0.0,0,0.0,0.0
D.Arnold,JAX,2022,14,0,0,0.0,0,0.0,0.0
D.Arnold,JAX,2022,16,0,0,0.0,0,0.0,0.0
D.Arnold,JAX,2022,17,0,0,0.0,0,0.0,0.0
R.Cracraft,MIA,2022,2,0,0,0.0,0,0.0,0.0
R.Cracraft,MIA,2022,3,0,0,0.0,0,0.0,0.0
R.Cracraft,MIA,2022,4,0,0,0.0,0,0.0,0.0
R.Cracraft,MIA,2022,5,0,0,0.0,0,0.0,0.0
R.Cracraft,MIA,2022,6,0,0,0.0,0,0.0,0.0
R.Cracraft,MIA,2022,12,0,0,0.0,0,0.0,0.0
R.Cracraft,MIA,2022,13,0,0,0.0,0,0.0,0.0
R.Cracraft,MIA,2022,18,0,0,0.0,0,0.0,0.0
R.Dwelley,SF,2022,1,0,0,0.0,0,0.0,0.0
R.Dwelley,SF,2022,2,0,0,0.0,0,0.0,0.0
R.Dwelley,SF,2022,4,0,0,0.0,0,0.0,0.0
R.Dwelley,SF,2022,8,0,0,0.0,0,0.0,0.0
C.Sims,WAS,2022,1,0,0,0.0,0,0.0,0.0
C.Sims,WAS,2022,2,0,0,0.0,0,0.0,0.0
C.Sims,WAS,2022,5,0,0,0.0,0,0.0,0.0
C.Sims,WAS,2022,6,0,0,0.0,0,0.0,0.0
C.Sims,WAS,2022,7,0,0,0.0,0,0.0,0.0
C.Sims,WAS,2022,8,0,0,0.0,0,0.0,0.0
C.Sims,WAS,2022,9,0,0,0.0,0,0.0,0.0
C.Sims,WAS,2022,10,0,0,0.0,0,0.0,0.0
C.Sims,WAS,2022,11,0,0,0.0,0,0.0,0.0
C.Sims,WAS,2022,13,0,0,0.0,0,0.0,0.0
C.Sims,WAS,2022,17,0,0,0.0,0,0.0,0.0
C.Sims,WAS,2022,18,0,0,0.0,0,0.0,0.0
P.Lindsay,IND,2022,5,0,0,0.0,0,0.0,0.0
P.Lindsay,IND,2022,6,0,0,0.0,0,0.0,0.0
P.Lindsay,IND,2022,9,0,0,0.0,0,0.0,0.0
J.Wilson,SF,2022,1,0,0,0.0,0,0.0,0.0
J.Wilson,SF,2022,2,0,0,0.0,0,0.0,0.0
J.Wilson,SF,2022,3,0,0,0.0,0,0.0,0.0
J.Wilson,SF,2022,4,0,0,0.0,0,0.0,0.0
J.Wilson,SF,2022,5,0,0,0.0,0,0.0,0.0
J.Wilson,SF,2022,6,0,0,0.0,0,0.0,0.0
J.Wilson,SF,2022,7,0,0,0.0,0,0.0,0.0
J.Wilson,SF,2022,8,0,0,0.0,0,0.0,0.0
J.Wilson,MIA,2022,9,0,0,0.0,0,0.0,0.0
J.Wilson,MIA,2022,10,0,0,0.0,0,0.0,0.0
J.Wilson,MIA,2022,12,0,0,0.0,0,0.0,0.0
J.Wilson,MIA,2022,13,0,0,0.0,0,0.0,0.0
J.Wilson,MIA,2022,14,0,0,0.0,0,0.0,0.0
J.Wilson,MIA,2022,16,0,0,0.0,0,0.0,0.0
J.Wilson,MIA,2022,17,0,0,0.0,0,0.0,0.0
J.Wilson,MIA,2022,18,0,0,0.0,0,0.0,0.0
J.Wilson,MIA,2022,19,0,0,0.0,0,0.0,0.0
W.Dissly,SEA,2022,1,0,0,0.0,0,0.0,0.0
W.Dissly,SEA,2022,2,0,0,0.0,0,0.0,0.0
W.Dissly,SEA,2022,3,0,0,0.0,0,0.0,0.0
W.Dissly,SEA,2022,4,0,0,0.0,0,0.0,0.0
W.Dissly,SEA,2022,5,0,0,0.0,0,0.0,0.0
W.Dissly,SEA,2022,6,0,0,0.0,0,0.0,0.0
W.Dissly,SEA,2022,7,0,0,0.0,0,0.0,0.0
W.Dissly,SEA,2022,8,0,0,0.0,0,0.0,0.0
W.Dissly,SEA,2022,9,0,0,0.0,0,0.0,0.0
W.Dissly,SEA,2022,10,0,0,0.0,0,0.0,0.0
W.Dissly,SEA,2022,12,0,0,0.0,0,0.0,0.0
W.Dissly,SEA,2022,13,0,0,0.0,0,0.0,0.0
W.Dissly,SEA,2022,14,0,0,0.0,0,0.0,0.0
W.Dissly,SEA,2022,15,0,0,0.0,0,0.0,0.0
W.Dissly,SEA,2022,16,0,0,0.0,0,0.0,0.0
M.Dickson,SEA,2022,5,0,0,0.0,0,0.0,0.0
M.Dickson,SEA,2022,6,0,0,0.0,0,0.0,0.0
J.Cabinda,DET,2022,11,0,0,0.0,0,0.0,0.0
J.Cabinda,DET,2022,13,0,0,0.0,0,0.0,0.0
J.Cabinda,DET,2022,15,0,0,0.0,0,0.0,0.0
J.Cabinda,DET,2022,17,0,0,0.0,0,0.0,0.0
T.Boyle,CHI,2022,18,2,8,33.0,0,2.0,0.0
G.Edwards,BAL,2022,7,0,0,0.0,0,0.0,0.0
G.Edwards,BAL,2022,8,0,0,0.0,0,0.0,0.0
G.Edwards,BAL,2022,12,0,0,0.0,0,0.0,0.0
G.Edwards,BAL,2022,13,0,0,0.0,0,0.0,0.0
G.Edwards,BAL,2022,14,0,0,0.0,0,0.0,0.0
G.Edwards,BAL,2022,15,0,0,0.0,0,0.0,0.0
G.Edwards,BAL,2022,16,0,0,0.0,0,0.0,0.0
G.Edwards,BAL,2022,17,0,0,0.0,0,0.0,0.0
G.Edwards,BAL,2022,18,0,0,0.0,0,0.0,0.0
G.Edwards,BAL,2022,19,0,0,0.0,0,0.0,0.0
M.Boone,DEN,2022,1,0,0,0.0,0,0.0,0.0
M.Boone,DEN,2022,3,0,0,0.0,0,0.0,0.0
M.Boone,DEN,2022,4,0,0,0.0,0,0.0,0.0
M.Boone,DEN,2022,5,0,0,0.0,0,0.0,0.0
M.Boone,DEN,2022,6,0,0,0.0,0,0.0,0.0
M.Boone,DEN,2022,7,0,0,0.0,0,0.0,0.0
M.Boone,DEN,2022,13,0,0,0.0,0,0.0,0.0
M.Boone,DEN,2022,14,0,0,0.0,0,0.0,0.0
D.Hilliard,TEN,2022,1,0,0,0.0,0,0.0,0.0
D.Hilliard,TEN,2022,3,0,0,0.0,0,0.0,0.0
D.Hilliard,TEN,2022,4,0,0,0.0,0,0.0,0.0
D.Hilliard,TEN,2022,5,0,0,0.0,0,0.0,0.0
D.Hilliard,TEN,2022,7,0,0,0.0,0,0.0,0.0
D.Hilliard,TEN,2022,8,0,0,0.0,0,0.0,0.0
D.Hilliard,TEN,2022,9,0,0,0.0,0,0.0,0.0
D.Hilliard,TEN,2022,10,0,0,0.0,0,0.0,0.0
D.Hilliard,TEN,2022,11,0,0,0.0,0,0.0,0.0
D.Hilliard,TEN,2022,12,0,0,0.0,0,0.0,0.0
D.Hilliard,TEN,2022,13,0,0,0.0,0,0.0,0.0
T.Conklin,NYJ,2022,1,0,0,0.0,0,0.0,0.0
T.Conklin,NYJ,2022,2,0,0,0.0,0,0.0,0.0
T.Conklin,NYJ,2022,3,0,0,0.0,0,0.0,0.0
T.Conklin,NYJ,2022,4,0,0,0.0,0,0.0,0.0
T.Conklin,NYJ,2022,5,0,0,0.0,0,0.0,0.0
T.Conklin,NYJ,2022,6,0,0,0.0,0,0.0,0.0
T.Conklin,NYJ,2022,7,0,0,0.0,0,0.0,0.0
T.Conklin,NYJ,2022,8,0,0,0.0,0,0.0,0.0
T.Conklin,NYJ,2022,9,0,0,0.0,0,0.0,0.0
T.Conklin,NYJ,2022,11,0,0,0.0,0,0.0,0.0
T.Conklin,NYJ,2022,12,0,0,0.0,0,0.0,0.0
T.Conklin,NYJ,2022,13,0,0,0.0,0,0.0,0.0
T.Conklin,NYJ,2022,14,0,0,0.0,0,0.0,0.0
T.Conklin,NYJ,2022,15,0,0,0.0,0,0.0,0.0
T.Conklin,NYJ,2022,16,0,0,0.0,0,0.0,0.0
T.Conklin,NYJ,2022,17,0,0,0.0,0,0.0,0.0
T.Conklin,NYJ,2022,18,0,0,0.0,0,0.0,0.0
M.Valdes-Scantling,KC,2022,1,0,0,0.0,0,0.0,0.0
M.Valdes-Scantling,KC,2022,2,0,0,0.0,0,0.0,0.0
M.Valdes-Scantling,KC,2022,3,0,0,0.0,0,0.0,0.0
M.Valdes-Scantling,KC,2022,4,0,0,0.0,0,0.0,0.0
M.Valdes-Scantling,KC,2022,5,0,0,0.0,0,0.0,0.0
M.Valdes-Scantling,KC,2022,6,0,0,0.0,0,0.0,0.0
M.Valdes-Scantling,KC,2022,7,0,0,0.0,0,0.0,0.0
M.Valdes-Scantling,KC,2022,9,0,0,0.0,0,0.0,0.0
M.Valdes-Scantling,KC,2022,10,0,0,0.0,0,0.0,0.0
M.Valdes-Scantling,KC,2022,11,0,0,0.0,0,0.0,0.0
M.Valdes-Scantling,KC,2022,12,0,0,0.0,0,0.0,0.0
M.Valdes-Scantling,KC,2022,13,0,0,0.0,0,0.0,0.0
M.Valdes-Scantling,KC,2022,14,0,0,0.0,0,0.0,0.0
M.Valdes-Scantling,KC,2022,15,0,0,0.0,0,0.0,0.0
M.Valdes-Scantling,KC,2022,16,0,0,0.0,0,0.0,0.0
M.Valdes-Scantling,KC,2022,17,0,0,0.0,0,0.0,0.0
M.Valdes-Scantling,KC,2022,18,0,0,0.0,0,0.0,0.0
M.Valdes-Scantling,KC,2022,20,0,0,0.0,0,0.0,0.0
M.Valdes-Scantling,KC,2022,21,0,0,0.0,0,0.0,0.0
M.Valdes-Scantling,KC,2022,22,0,0,0.0,0,0.0,0.0
E.St. Brown,CHI,2022,1,0,0,0.0,0,0.0,0.0
E.St. Brown,CHI,2022,2,0,0,0.0,0,0.0,0.0
E.St. Brown,CHI,2022,3,0,0,0.0,0,0.0,0.0
E.St. Brown,CHI,2022,4,0,0,0.0,0,0.0,0.0
E.St. Brown,CHI,2022,5,0,0,0.0,0,0.0,0.0
E.St. Brown,CHI,2022,6,0,0,0.0,0,0.0,0.0
E.St. Brown,CHI,2022,7,0,0,0.0,0,0.0,0.0
E.St. Brown,CHI,2022,8,0,0,0.0,0,0.0,0.0
E.St. Brown,CHI,2022,9,0,0,0.0,0,0.0,0.0
E.St. Brown,CHI,2022,10,0,0,0.0,0,0.0,0.0
E.St. Brown,CHI,2022,11,0,0,0.0,0,0.0,0.0
E.St. Brown,CHI,2022,12,0,0,0.0,0,0.0,0.0
E.St. Brown,CHI,2022,13,0,0,0.0,0,0.0,0.0
E.St. Brown,CHI,2022,15,0,0,0.0,0,0.0,0.0
E.St. Brown,CHI,2022,17,0,0,0.0,0,0.0,0.0
E.St. Brown,CHI,2022,18,0,0,0.0,0,0.0,0.0
R.James,NYG,2022,1,0,0,0.0,0,0.0,0.0
R.James,NYG,2022,2,0,0,0.0,0,0.0,0.0
R.James,NYG,2022,3,0,0,0.0,0,0.0,0.0
R.James,NYG,2022,4,0,0,0.0,0,0.0,0.0
R.James,NYG,2022,5,0,0,0.0,0,0.0,0.0
R.James,NYG,2022,6,0,0,0.0,0,0.0,0.0
R.James,NYG,2022,7,0,0,0.0,0,0.0,0.0
R.James,NYG,2022,11,0,0,0.0,0,0.0,0.0
R.James,NYG,2022,12,0,0,0.0,0,0.0,0.0
R.James,NYG,2022,13,0,0,0.0,0,0.0,0.0
R.James,NYG,2022,14,0,0,0.0,0,0.0,0.0
R.James,NYG,2022,15,0,0,0.0,0,0.0,0.0
R.James,NYG,2022,16,0,0,0.0,0,0.0,0.0
R.James,NYG,2022,17,0,0,0.0,0,0.0,0.0
R.James,NYG,2022,19,0,0,0.0,0,0.0,0.0
R.James,NYG,2022,20,0,0,0.0,0,0.0,0.0
B.Pringle,CHI,2022,1,0,0,0.0,0,0.0,0.0
B.Pringle,CHI,2022,3,0,0,0.0,0,0.0,0.0
B.Pringle,CHI,2022,10,0,0,0.0,0,0.0,0.0
B.Pringle,CHI,2022,12,0,0,0.0,0,0.0,0.0
B.Pringle,CHI,2022,15,0,0,0.0,0,0.0,0.0
B.Pringle,CHI,2022,16,0,0,0.0,0,0.0,0.0
B.Pringle,CHI,2022,17,0,0,0.0,0,0.0,0.0
B.Pringle,CHI,2022,18,0,0,0.0,0,0.0,0.0
D.Williams,ARI,2022,2,0,0,0.0,0,0.0,0.0
D.Williams,ARI,2022,3,0,0,0.0,0,0.0,0.0
D.Williams,ARI,2022,4,0,0,0.0,0,0.0,0.0
D.Williams,ARI,2022,5,0,0,0.0,0,0.0,0.0
D.Williams,ARI,2022,8,0,0,0.0,0,0.0,0.0
K.Kirkwood,NO,2022,5,0,0,0.0,0,0.0,0.0
K.Kirkwood,NO,2022,6,0,0,0.0,0,0.0,0.0
K.Kirkwood,NO,2022,16,0,0,0.0,0,0.0,0.0
M.Allen,PIT,2022,8,0,0,0.0,0,0.0,0.0
C.Sutton,DEN,2022,1,0,0,0.0,0,0.0,0.0
C.Sutton,DEN,2022,2,0,0,0.0,0,0.0,0.0
C.Sutton,DEN,2022,3,0,0,0.0,0,0.0,0.0
C.Sutton,DEN,2022,4,0,0,0.0,0,0.0,0.0
C.Sutton,DEN,2022,5,0,0,0.0,0,0.0,0.0
C.Sutton,DEN,2022,6,0,0,0.0,0,0.0,0.0
C.Sutton,DEN,2022,7,0,0,0.0,0,0.0,0.0
C.Sutton,DEN,2022,8,0,0,0.0,0,0.0,0.0
C.Sutton,DEN,2022,10,0,0,0.0,0,0.0,0.0
C.Sutton,DEN,2022,11,0,0,0.0,0,0.0,0.0
C.Sutton,DEN,2022,12,0,0,0.0,0,0.0,0.0
C.Sutton,DEN,2022,13,0,0,0.0,0,0.0,0.0
C.Sutton,DEN,2022,16,0,0,0.0,0,0.0,0.0
C.Sutton,DEN,2022,17,0,0,0.0,0,0.0,0.0
C.Sutton,DEN,2022,18,0,0,0.0,0,0.0,0.0
D.Goedert,PHI,2022,1,0,0,0.0,0,0.0,0.0
D.Goedert,PHI,2022,2,0,0,0.0,0,0.0,0.0
D.Goedert,PHI,2022,3,0,0,0.0,0,0.0,0.0
D.Goedert,PHI,2022,4,0,0,0.0,0,0.0,0.0
D.Goedert,PHI,2022,5,0,0,0.0,0,0.0,0.0
D.Goedert,PHI,2022,6,0,0,0.0,0,0.0,0.0
D.Goedert,PHI,2022,8,0,0,0.0,0,0.0,0.0
D.Goedert,PHI,2022,9,0,0,0.0,0,0.0,0.0
D.Goedert,PHI,2022,10,0,0,0.0,0,0.0,0.0
D.Goedert,PHI,2022,16,0,0,0.0,0,0.0,0.0
D.Goedert,PHI,2022,17,0,0,0.0,0,0.0,0.0
D.Goedert,PHI,2022,18,0,0,0.0,0,0.0,0.0
D.Goedert,PHI,2022,20,0,0,0.0,0,0.0,0.0
D.Goedert,PHI,2022,21,0,0,0.0,0,0.0,0.0
D.Goedert,PHI,2022,22,0,0,0.0,0,0.0,0.0
M.Stewart,HOU,2022,3,0,0,0.0,0,0.0,0.0
L.Carter,ATL,2022,2,0,0,0.0,0,0.0,0.0
J.Akins,HOU,2022,3,0,0,0.0,0,0.0,0.0
J.Akins,HOU,2022,4,0,0,0.0,0,0.0,0.0
J.Akins,HOU,2022,5,0,0,0.0,0,0.0,0.0
J.Akins,HOU,2022,7,0,0,0.0,0,0.0,0.0
J.Akins,HOU,2022,8,0,0,0.0,0,0.0,0.0
J.Akins,HOU,2022,9,0,0,0.0,0,0.0,0.0
J.Akins,HOU,2022,10,0,0,0.0,0,0.0,0.0
J.Akins,HOU,2022,11,0,0,0.0,0,0.0,0.0
J.Akins,HOU,2022,12,0,0,0.0,0,0.0,0.0
J.Akins,HOU,2022,13,0,0,0.0,0,0.0,0.0
J.Akins,HOU,2022,14,0,0,0.0,0,0.0,0.0
J.Akins,HOU,2022,15,0,0,0.0,0,0.0,0.0
J.Akins,HOU,2022,16,0,0,0.0,0,0.0,0.0
J.Akins,HOU,2022,17,0,0,0.0,0,0.0,0.0
J.Akins,HOU,2022,18,0,0,0.0,0,0.0,0.0
I.Thomas,CAR,2022,1,0,0,0.0,0,0.0,0.0
I.Thomas,CAR,2022,2,0,0,0.0,0,0.0,0.0
I.Thomas,CAR,2022,3,0,0,0.0,0,0.0,0.0
I.Thomas,CAR,2022,4,0,0,0.0,0,0.0,0.0
I.Thomas,CAR,2022,5,0,0,0.0,0,0.0,0.0
I.Thomas,CAR,2022,6,0,0,0.0,0,0.0,0.0
I.Thomas,CAR,2022,7,0,0,0.0,0,0.0,0.0
I.Thomas,CAR,2022,8,0,0,0.0,0,0.0,0.0
I.Thomas,CAR,2022,11,0,0,0.0,0,0.0,0.0
I.Thomas,CAR,2022,12,0,0,0.0,0,0.0,0.0
I.Thomas,CAR,2022,14,0,0,0.0,0,0.0,0.0
I.Thomas,CAR,2022,16,0,0,0.0,0,0.0,0.0
I.Thomas,CAR,2022,17,0,0,0.0,0,0.0,0.0
K.Coutee,IND,2022,10,0,0,0.0,0,0.0,0.0
N.Hines,IND,2022,1,0,0,0.0,0,0.0,0.0
N.Hines,IND,2022,2,0,0,0.0,0,0.0,0.0
N.Hines,IND,2022,3,0,0,0.0,0,0.0,0.0
N.Hines,IND,2022,4,0,0,0.0,0,0.0,0.0
N.Hines,IND,2022,5,0,0,0.0,0,0.0,0.0
N.Hines,IND,2022,7,0,0,0.0,0,0.0,0.0
N.Hines,IND,2022,8,0,0,0.0,0,0.0,0.0
N.Hines,BUF,2022,9,0,0,0.0,0,0.0,0.0
N.Hines,BUF,2022,10,0,0,0.0,0,0.0,0.0
N.Hines,BUF,2022,11,0,0,0.0,0,0.0,0.0
N.Hines,BUF,2022,12,0,0,0.0,0,0.0,0.0
N.Hines,BUF,2022,13,0,0,0.0,0,0.0,0.0
N.Hines,BUF,2022,14,0,0,0.0,0,0.0,0.0
N.Hines,BUF,2022,15,0,0,0.0,0,0.0,0.0
N.Hines,BUF,2022,16,0,0,0.0,0,0.0,0.0
N.Hines,BUF,2022,18,0,0,0.0,0,0.0,0.0
N.Hines,BUF,2022,19,0,0,0.0,0,0.0,0.0
N.Hines,BUF,2022,20,0,0,0.0,0,0.0,0.0
D.Schultz,DAL,2022,1,0,0,0.0,0,0.0,0.0
D.Schultz,DAL,2022,2,0,0,0.0,0,0.0,0.0
D.Schultz,DAL,2022,4,0,0,0.0,0,0.0,0.0
D.Schultz,DAL,2022,5,0,0,0.0,0,0.0,0.0
D.Schultz,DAL,2022,7,0,0,0.0,0,0.0,0.0
D.Schultz,DAL,2022,8,0,0,0.0,0,0.0,0.0
D.Schultz,DAL,2022,10,0,0,0.0,0,0.0,0.0
D.Schultz,DAL,2022,11,0,0,0.0,0,0.0,0.0
D.Schultz,DAL,2022,12,0,0,0.0,0,0.0,0.0
D.Schultz,DAL,2022,13,0,0,0.0,0,0.0,0.0
D.Schultz,DAL,2022,14,0,0,0.0,0,0.0,0.0
D.Schultz,DAL,2022,15,0,0,0.0,0,0.0,0.0
D.Schultz,DAL,2022,16,0,0,0.0,0,0.0,0.0
D.Schultz,DAL,2022,17,0,0,0.0,0,0.0,0.0
D.Schultz,DAL,2022,18,0,0,0.0,0,0.0,0.0
D.Schultz,DAL,2022,19,0,0,0.0,0,0.0,0.0
D.Schultz,DAL,2022,20,0,0,0.0,0,0.0,0.0
J.Watson,KC,2022,1,0,0,0.0,0,0.0,0.0
J.Watson,KC,2022,2,0,0,0.0,0,0.0,0.0
J.Watson,KC,2022,3,0,0,0.0,0,0.0,0.0
J.Watson,KC,2022,4,0,0,0.0,0,0.0,0.0
J.Watson,KC,2022,5,0,0,0.0,0,0.0,0.0
J.Watson,KC,2022,6,0,0,0.0,0,0.0,0.0
J.Watson,KC,2022,7,0,0,0.0,0,0.0,0.0
J.Watson,KC,2022,9,0,0,0.0,0,0.0,0.0
J.Watson,KC,2022,10,0,0,0.0,0,0.0,0.0
J.Watson,KC,2022,11,0,0,0.0,0,0.0,0.0
J.Watson,KC,2022,12,0,0,0.0,0,0.0,0.0
J.Watson,KC,2022,13,0,0,0.0,0,0.0,0.0
J.Watson,KC,2022,14,0,0,0.0,0,0.0,0.0
J.Watson,KC,2022,15,0,0,0.0,0,0.0,0.0
J.Watson,KC,2022,16,0,0,0.0,0,0.0,0.0
J.Watson,KC,2022,17,0,0,0.0,0,0.0,0.0
J.Watson,KC,2022,18,0,0,0.0,0,0.0,0.0
J.Watson,KC,2022,20,0,0,0.0,0,0.0,0.0
J.Watson,KC,2022,22,0,0,0.0,0,0.0,0.0
J.Wilkins,IND,2022,9,0,0,0.0,0,0.0,0.0
J.Wilkins,IND,2022,10,0,0,0.0,0,0.0,0.0
J.Wilkins,IND,2022,16,0,0,0.0,0,0.0,0.0
J.Wilkins,IND,2022,17,0,0,0.0,0,0.0,0.0
M.White,NYJ,2022,12,22,28,315.0,3,0.0,1.0
M.White,NYJ,2022,13,31,57,369.0,0,2.0,1.0
M.White,NYJ,2022,14,27,44,268.0,0,0.0,3.0
M.White,NYJ,2022,17,23,46,240.0,0,2.0,4.0
R.McCloud,SF,2022,1,0,0,0.0,0,0.0,0.0
R.McCloud,SF,2022,2,0,0,0.0,0,0.0,0.0
R.McCloud,SF,2022,3,0,0,0.0,0,0.0,0.0
R.McCloud,SF,2022,4,0,0,0.0,0,0.0,0.0
R.McCloud,SF,2022,6,0,0,0.0,0,0.0,0.0
R.McCloud,SF,2022,7,0,0,0.0,0,0.0,0.0
R.McCloud,SF,2022,8,0,0,0.0,0,0.0,0.0
R.McCloud,SF,2022,10,0,0,0.0,0,0.0,0.0
R.McCloud,SF,2022,11,0,0,0.0,0,0.0,0.0
R.McCloud,SF,2022,12,0,0,0.0,0,0.0,0.0
R.McCloud,SF,2022,14,0,0,0.0,0,0.0,0.0
R.McCloud,SF,2022,15,0,0,0.0,0,0.0,0.0
R.McCloud,SF,2022,16,0,0,0.0,0,0.0,0.0
R.McCloud,SF,2022,17,0,0,0.0,0,0.0,0.0
R.Gage,TB,2022,1,0,0,0.0,0,0.0,0.0
R.Gage,TB,2022,2,0,0,0.0,0,0.0,0.0
R.Gage,TB,2022,3,0,0,0.0,0,0.0,0.0
R.Gage,TB,2022,4,0,0,0.0,0,0.0,0.0
R.Gage,TB,2022,5,0,0,0.0,0,0.0,0.0
R.Gage,TB,2022,6,0,0,0.0,0,0.0,0.0
R.Gage,TB,2022,7,0,0,0.0,0,0.0,0.0
R.Gage,TB,2022,13,0,0,0.0,0,0.0,0.0
R.Gage,TB,2022,14,0,0,0.0,0,0.0,0.0
R.Gage,TB,2022,15,0,0,0.0,0,0.0,0.0
R.Gage,TB,2022,16,0,0,0.0,0,0.0,0.0
R.Gage,TB,2022,17,0,0,0.0,0,0.0,0.0
R.Gage,TB,2022,18,0,0,0.0,0,0.0,0.0
R.Gage,TB,2022,19,0,0,0.0,0,0.0,0.0
B.Scott,PHI,2022,1,0,0,0.0,0,0.0,0.0
B.Scott,PHI,2022,2,0,0,0.0,0,0.0,0.0
B.Scott,PHI,2022,3,0,0,0.0,0,0.0,0.0
B.Scott,PHI,2022,6,0,0,0.0,0,0.0,0.0
B.Scott,PHI,2022,8,0,0,0.0,0,0.0,0.0
B.Scott,PHI,2022,9,0,0,0.0,0,0.0,0.0
B.Scott,PHI,2022,10,0,0,0.0,0,0.0,0.0
B.Scott,PHI,2022,11,0,0,0.0,0,0.0,0.0
B.Scott,PHI,2022,12,0,0,0.0,0,0.0,0.0
B.Scott,PHI,2022,13,0,0,0.0,0,0.0,0.0
B.Scott,PHI,2022,14,0,0,0.0,0,0.0,0.0
B.Scott,PHI,2022,17,0,0,0.0,0,0.0,0.0
B.Scott,PHI,2022,18,0,0,0.0,0,0.0,0.0
B.Scott,PHI,2022,20,0,0,0.0,0,0.0,0.0
B.Scott,PHI,2022,21,0,0,0.0,0,0.0,0.0
B.Scott,PHI,2022,22,0,0,0.0,0,0.0,0.0
C.Wilson,MIA,2022,1,0,0,0.0,0,0.0,0.0
C.Wilson,MIA,2022,2,0,0,0.0,0,0.0,0.0
C.Wilson,MIA,2022,5,0,0,0.0,0,0.0,0.0
C.Wilson,MIA,2022,8,0,0,0.0,0,0.0,0.0
C.Wilson,MIA,2022,9,0,0,0.0,0,0.0,0.0
C.Wilson,MIA,2022,10,0,0,0.0,0,0.0,1.0
C.Wilson,MIA,2022,12,0,0,0.0,0,0.0,0.0
C.Wilson,MIA,2022,14,0,0,0.0,0,0.0,0.0
C.Wilson,MIA,2022,15,0,0,0.0,0,0.0,0.0
C.Wilson,MIA,2022,19,0,0,0.0,0,0.0,0.0
B.Berrios,NYJ,2022,1,0,0,0.0,0,0.0,0.0
B.Berrios,NYJ,2022,2,0,0,0.0,0,0.0,0.0
B.Berrios,NYJ,2022,3,0,0,0.0,0,0.0,0.0
B.Berrios,NYJ,2022,4,1,1,2.0,1,0.0,0.0
B.Berrios,NYJ,2022,5,0,0,0.0,0,0.0,0.0
B.Berrios,NYJ,2022,6,0,0,0.0,0,0.0,0.0
B.Berrios,NYJ,2022,7,0,0,0.0,0,0.0,0.0
B.Berrios,NYJ,2022,8,0,0,0.0,0,0.0,0.0
B.Berrios,NYJ,2022,9,0,0,0.0,0,0.0,0.0
B.Berrios,NYJ,2022,11,0,0,0.0,0,0.0,0.0
B.Berrios,NYJ,2022,12,0,0,0.0,0,0.0,0.0
B.Berrios,NYJ,2022,13,0,0,0.0,0,0.0,0.0
B.Berrios,NYJ,2022,14,0,0,0.0,0,0.0,0.0
B.Berrios,NYJ,2022,15,0,0,0.0,0,0.0,0.0
B.Berrios,NYJ,2022,17,0,0,0.0,0,0.0,0.0
J.Jackson,DET,2022,4,0,0,0.0,0,0.0,0.0
J.Jackson,DET,2022,5,0,0,0.0,0,0.0,0.0
J.Jackson,DET,2022,7,0,0,0.0,0,0.0,0.0
J.Jackson,DET,2022,9,0,0,0.0,0,0.0,0.0
J.Jackson,DET,2022,10,0,0,0.0,0,0.0,0.0
J.Jackson,DET,2022,11,0,0,0.0,0,0.0,0.0
J.Jackson,DET,2022,12,0,0,0.0,0,0.0,0.0
J.Jackson,DET,2022,13,0,0,0.0,0,0.0,0.0
J.Jackson,DET,2022,14,0,0,0.0,0,0.0,0.0
J.Jackson,DET,2022,15,0,0,0.0,0,0.0,0.0
J.Jackson,DET,2022,16,0,0,0.0,0,0.0,0.0
J.Jackson,DET,2022,18,0,0,0.0,0,0.0,0.0
T.Sherfield,MIA,2022,1,0,0,0.0,0,0.0,0.0
T.Sherfield,MIA,2022,2,0,0,0.0,0,0.0,0.0
T.Sherfield,MIA,2022,3,0,0,0.0,0,0.0,0.0
T.Sherfield,MIA,2022,4,0,0,0.0,0,0.0,0.0
T.Sherfield,MIA,2022,5,0,0,0.0,0,0.0,0.0
T.Sherfield,MIA,2022,6,0,0,0.0,0,0.0,0.0
T.Sherfield,MIA,2022,7,0,0,0.0,0,0.0,0.0
T.Sherfield,MIA,2022,8,0,0,0.0,0,0.0,0.0
T.Sherfield,MIA,2022,9,0,0,0.0,0,0.0,0.0
T.Sherfield,MIA,2022,10,0,0,0.0,0,0.0,0.0
T.Sherfield,MIA,2022,12,0,0,0.0,0,0.0,0.0
T.Sherfield,MIA,2022,13,0,0,0.0,0,0.0,0.0
T.Sherfield,MIA,2022,14,0,0,0.0,0,0.0,0.0
T.Sherfield,MIA,2022,15,0,0,0.0,0,0.0,0.0
T.Sherfield,MIA,2022,16,0,0,0.0,0,0.0,0.0
T.Sherfield,MIA,2022,17,0,0,0.0,0,0.0,0.0
T.Sherfield,MIA,2022,19,0,0,0.0,0,0.0,0.0
S.Chandler,CAR,2022,12,0,0,0.0,0,0.0,0.0
A.Lazard,GB,2022,2,0,0,0.0,0,0.0,0.0
A.Lazard,GB,2022,3,0,0,0.0,0,0.0,0.0
A.Lazard,GB,2022,4,0,0,0.0,0,0.0,0.0
A.Lazard,GB,2022,5,0,0,0.0,0,0.0,0.0
A.Lazard,GB,2022,6,0,0,0.0,0,0.0,0.0
A.Lazard,GB,2022,7,0,0,0.0,0,0.0,0.0
A.Lazard,GB,2022,9,0,0,0.0,0,0.0,0.0
A.Lazard,GB,2022,10,0,0,0.0,0,0.0,0.0
A.Lazard,GB,2022,11,0,0,0.0,0,0.0,0.0
A.Lazard,GB,2022,12,0,0,0.0,0,0.0,0.0
A.Lazard,GB,2022,13,0,0,0.0,0,0.0,0.0
A.Lazard,GB,2022,15,0,0,0.0,0,0.0,0.0
A.Lazard,GB,2022,16,0,0,0.0,0,0.0,0.0
A.Lazard,GB,2022,17,0,0,0.0,0,0.0,0.0
A.Lazard,GB,2022,18,0,0,0.0,0,0.0,0.0
K.Allen,HOU,2022,12,26,39,215.0,1,2.0,5.0
K.Allen,HOU,2022,13,20,39,201.0,1,2.0,0.0
R.Bonnafon,WAS,2022,18,0,0,0.0,0,0.0,0.0
T.Hudson,NYG,2022,2,0,0,0.0,0,0.0,0.0
T.Hudson,NYG,2022,4,0,0,0.0,0,0.0,0.0
T.Hudson,NYG,2022,7,0,0,0.0,0,0.0,0.0
T.Hudson,NYG,2022,8,0,0,0.0,0,0.0,0.0
T.Hudson,NYG,2022,10,0,0,0.0,0,0.0,0.0
T.Hudson,NYG,2022,12,0,0,0.0,0,0.0,0.0
G.Igwebuike,SEA,2022,17,0,0,0.0,0,0.0,0.0
B.Powell,LA,2022,1,0,0,0.0,0,0.0,0.0
B.Powell,LA,2022,2,0,0,0.0,0,0.0,0.0
B.Powell,LA,2022,3,0,0,0.0,0,0.0,0.0
B.Powell,LA,2022,4,0,0,0.0,0,0.0,0.0
B.Powell,LA,2022,5,0,0,0.0,0,0.0,0.0
B.Powell,LA,2022,6,0,0,0.0,0,0.0,0.0
B.Powell,LA,2022,9,0,0,0.0,0,0.0,0.0
B.Powell,LA,2022,10,0,0,0.0,0,0.0,0.0
B.Powell,LA,2022,11,0,0,0.0,0,0.0,0.0
B.Powell,LA,2022,12,0,0,0.0,0,0.0,0.0
B.Powell,LA,2022,13,0,0,0.0,0,0.0,0.0
B.Powell,LA,2022,14,0,0,0.0,0,0.0,0.0
B.Powell,LA,2022,15,0,0,0.0,0,0.0,0.0
B.Powell,LA,2022,16,0,0,0.0,0,0.0,0.0
B.Powell,LA,2022,17,0,0,0.0,0,0.0,0.0
B.Powell,LA,2022,18,0,0,0.0,0,0.0,0.0
J.Washington,DAL,2022,14,0,0,0.0,0,0.0,0.0
C.Edmonds,MIA,2022,1,0,0,0.0,0,0.0,0.0
C.Edmonds,MIA,2022,2,0,0,0.0,0,0.0,0.0
C.Edmonds,MIA,2022,3,0,0,0.0,0,0.0,0.0
C.Edmonds,MIA,2022,4,0,0,0.0,0,0.0,0.0
C.Edmonds,MIA,2022,5,0,0,0.0,0,0.0,0.0
C.Edmonds,MIA,2022,6,0,0,0.0,0,0.0,0.0
C.Edmonds,MIA,2022,7,0,0,0.0,0,0.0,0.0
C.Edmonds,MIA,2022,8,0,0,0.0,0,0.0,0.0
C.Edmonds,DEN,2022,10,0,0,0.0,0,0.0,0.0
C.Edmonds,DEN,2022,11,0,0,0.0,0,0.0,0.0
C.Edmonds,DEN,2022,16,0,0,0.0,0,0.0,0.0
C.Edmonds,DEN,2022,17,0,0,0.0,0,0.0,0.0
C.Edmonds,DEN,2022,18,0,0,0.0,0,0.0,0.0
D.Leavitt,GB,2022,16,0,0,0.0,0,0.0,0.0
R.Penny,SEA,2022,1,0,0,0.0,0,0.0,0.0
R.Penny,SEA,2022,2,0,0,0.0,0,0.0,0.0
R.Penny,SEA,2022,3,0,0,0.0,0,0.0,0.0
R.Penny,SEA,2022,4,0,0,0.0,0,0.0,0.0
R.Penny,SEA,2022,5,0,0,0.0,0,0.0,0.0
M.Andrews,BAL,2022,1,0,0,0.0,0,0.0,0.0
M.Andrews,BAL,2022,2,0,0,0.0,0,0.0,0.0
M.Andrews,BAL,2022,3,0,0,0.0,0,0.0,0.0
M.Andrews,BAL,2022,4,0,0,0.0,0,0.0,0.0
M.Andrews,BAL,2022,5,0,0,0.0,0,0.0,0.0
M.Andrews,BAL,2022,6,0,0,0.0,0,0.0,0.0
M.Andrews,BAL,2022,7,0,0,0.0,0,0.0,0.0
M.Andrews,BAL,2022,8,0,0,0.0,0,0.0,0.0
M.Andrews,BAL,2022,11,0,0,0.0,0,0.0,0.0
M.Andrews,BAL,2022,12,0,0,0.0,0,0.0,0.0
M.Andrews,BAL,2022,13,0,0,0.0,0,0.0,0.0
M.Andrews,BAL,2022,14,0,0,0.0,0,0.0,0.0
M.Andrews,BAL,2022,15,0,0,0.0,0,0.0,0.0
M.Andrews,BAL,2022,16,0,0,0.0,0,0.0,0.0
M.Andrews,BAL,2022,17,0,0,0.0,0,0.0,0.0
M.Andrews,BAL,2022,19,0,0,0.0,0,0.0,0.0
M.Gallup,DAL,2022,4,0,0,0.0,0,0.0,0.0
M.Gallup,DAL,2022,5,0,0,0.0,0,0.0,0.0
M.Gallup,DAL,2022,6,0,0,0.0,0,0.0,0.0
M.Gallup,DAL,2022,7,0,0,0.0,0,0.0,0.0
M.Gallup,DAL,2022,8,0,0,0.0,0,0.0,0.0
M.Gallup,DAL,2022,10,0,0,0.0,0,0.0,0.0
M.Gallup,DAL,2022,11,0,0,0.0,0,0.0,0.0
M.Gallup,DAL,2022,12,0,0,0.0,0,0.0,0.0
M.Gallup,DAL,2022,13,0,0,0.0,0,0.0,0.0
M.Gallup,DAL,2022,14,0,0,0.0,0,0.0,0.0
M.Gallup,DAL,2022,15,0,0,0.0,0,0.0,0.0
M.Gallup,DAL,2022,16,0,0,0.0,0,0.0,0.0
M.Gallup,DAL,2022,17,0,0,0.0,0,0.0,0.0
M.Gallup,DAL,2022,18,0,0,0.0,0,0.0,0.0
M.Gallup,DAL,2022,19,0,0,0.0,0,0.0,0.0
M.Gallup,DAL,2022,20,0,0,0.0,0,0.0,0.0
T.Smith,NO,2022,3,0,0,0.0,0,0.0,0.0
T.Smith,NO,2022,4,0,0,0.0,0,0.0,0.0
T.Smith,NO,2022,5,0,0,0.0,0,0.0,0.0
T.Smith,NO,2022,6,0,0,0.0,0,0.0,0.0
T.Smith,NO,2022,7,0,0,0.0,0,0.0,0.0
T.Smith,NO,2022,8,0,0,0.0,0,0.0,0.0
T.Smith,NO,2022,9,0,0,0.0,0,0.0,0.0
T.Smith,NO,2022,12,0,0,0.0,0,0.0,0.0
T.Smith,NO,2022,18,0,0,0.0,0,0.0,0.0
C.Kirk,JAX,2022,1,0,0,0.0,0,0.0,0.0
C.Kirk,JAX,2022,2,0,0,0.0,0,0.0,0.0
C.Kirk,JAX,2022,3,0,0,0.0,0,0.0,0.0
C.Kirk,JAX,2022,4,0,0,0.0,0,0.0,0.0
C.Kirk,JAX,2022,5,0,0,0.0,0,0.0,0.0
C.Kirk,JAX,2022,6,0,0,0.0,0,0.0,0.0
C.Kirk,JAX,2022,7,0,1,0.0,0,0.0,0.0
C.Kirk,JAX,2022,8,0,0,0.0,0,0.0,0.0
C.Kirk,JAX,2022,9,0,0,0.0,0,0.0,0.0
C.Kirk,JAX,2022,10,0,0,0.0,0,0.0,0.0
C.Kirk,JAX,2022,12,0,0,0.0,0,0.0,0.0
C.Kirk,JAX,2022,13,0,0,0.0,0,0.0,0.0
C.Kirk,JAX,2022,14,0,0,0.0,0,0.0,0.0
C.Kirk,JAX,2022,15,0,0,0.0,0,0.0,0.0
C.Kirk,JAX,2022,16,0,0,0.0,0,0.0,0.0
C.Kirk,JAX,2022,17,0,0,0.0,0,0.0,0.0
C.Kirk,JAX,2022,18,0,0,0.0,0,0.0,0.0
C.Kirk,JAX,2022,19,0,0,0.0,0,0.0,0.0
C.Kirk,JAX,2022,20,0,0,0.0,0,0.0,0.0
D.Chark,DET,2022,1,0,0,0.0,0,0.0,0.0
D.Chark,DET,2022,2,0,0,0.0,0,0.0,0.0
D.Chark,DET,2022,3,0,0,0.0,0,0.0,0.0
D.Chark,DET,2022,11,0,0,0.0,0,0.0,0.0
D.Chark,DET,2022,12,0,0,0.0,0,0.0,0.0
D.Chark,DET,2022,13,0,0,0.0,0,0.0,0.0
D.Chark,DET,2022,14,0,0,0.0,0,0.0,0.0
D.Chark,DET,2022,15,0,0,0.0,0,0.0,0.0
D.Chark,DET,2022,16,0,0,0.0,0,0.0,0.0
D.Chark,DET,2022,17,0,0,0.0,0,0.0,0.0
D.Chark,DET,2022,18,0,0,0.0,0,0.0,0.0
N.Chubb,CLE,2022,1,0,0,0.0,0,0.0,0.0
N.Chubb,CLE,2022,2,0,0,0.0,0,0.0,0.0
N.Chubb,CLE,2022,3,0,0,0.0,0,0.0,0.0
N.Chubb,CLE,2022,4,0,0,0.0,0,0.0,0.0
N.Chubb,CLE,2022,5,0,0,0.0,0,0.0,0.0
N.Chubb,CLE,2022,6,0,0,0.0,0,0.0,0.0
N.Chubb,CLE,2022,7,0,0,0.0,0,0.0,0.0
N.Chubb,CLE,2022,8,0,0,0.0,0,0.0,0.0
N.Chubb,CLE,2022,10,0,0,0.0,0,0.0,0.0
N.Chubb,CLE,2022,11,0,0,0.0,0,0.0,0.0
N.Chubb,CLE,2022,12,0,0,0.0,0,0.0,0.0
N.Chubb,CLE,2022,13,0,0,0.0,0,0.0,0.0
N.Chubb,CLE,2022,14,0,0,0.0,0,0.0,0.0
N.Chubb,CLE,2022,15,0,0,0.0,0,0.0,0.0
N.Chubb,CLE,2022,16,0,0,0.0,0,0.0,0.0
N.Chubb,CLE,2022,17,0,0,0.0,0,0.0,0.0
N.Chubb,CLE,2022,18,0,0,0.0,0,0.0,0.0
L.Jackson,BAL,2022,1,17,30,213.0,3,1.0,2.0
L.Jackson,BAL,2022,2,21,29,318.0,3,0.0,0.0
L.Jackson,BAL,2022,3,18,29,218.0,4,1.0,4.0
L.Jackson,BAL,2022,4,20,29,144.0,1,2.0,2.0
L.Jackson,BAL,2022,5,19,32,174.0,1,1.0,1.0
L.Jackson,BAL,2022,6,17,32,210.0,1,1.0,2.0
L.Jackson,BAL,2022,7,9,16,120.0,0,0.0,3.0
L.Jackson,BAL,2022,8,27,38,238.0,2,0.0,3.0
L.Jackson,BAL,2022,9,12,22,133.0,1,0.0,3.0
L.Jackson,BAL,2022,11,24,33,209.0,0,1.0,3.0
L.Jackson,BAL,2022,12,16,32,254.0,1,0.0,1.0
L.Jackson,BAL,2022,13,3,4,11.0,0,0.0,2.0
D.Smythe,MIA,2022,1,0,0,0.0,0,0.0,0.0
D.Smythe,MIA,2022,2,0,0,0.0,0,0.0,0.0
D.Smythe,MIA,2022,3,0,0,0.0,0,0.0,0.0
D.Smythe,MIA,2022,5,0,0,0.0,0,0.0,0.0
D.Smythe,MIA,2022,9,0,0,0.0,0,0.0,0.0
D.Smythe,MIA,2022,10,0,0,0.0,0,0.0,0.0
D.Smythe,MIA,2022,12,0,0,0.0,0,0.0,0.0
D.Smythe,MIA,2022,13,0,0,0.0,0,0.0,0.0
D.Smythe,MIA,2022,15,0,0,0.0,0,0.0,0.0
D.Smythe,MIA,2022,16,0,0,0.0,0,0.0,0.0
D.Smythe,MIA,2022,17,0,0,0.0,0,0.0,0.0
D.Smythe,MIA,2022,18,0,0,0.0,0,0.0,0.0
D.Smythe,MIA,2022,19,0,0,0.0,0,0.0,0.0
R.Jones,KC,2022,12,0,0,0.0,0,0.0,0.0
R.Jones,KC,2022,15,0,0,0.0,0,0.0,0.0
R.Jones,KC,2022,16,0,0,0.0,0,0.0,0.0
R.Jones,KC,2022,17,0,0,0.0,0,0.0,0.0
R.Jones,KC,2022,18,0,0,0.0,0,0.0,0.0
R.Jones,KC,2022,21,0,0,0.0,0,0.0,0.0
D.Moore,CAR,2022,1,0,0,0.0,0,0.0,0.0
D.Moore,CAR,2022,2,0,0,0.0,0,0.0,0.0
D.Moore,CAR,2022,3,0,0,0.0,0,0.0,0.0
D.Moore,CAR,2022,4,0,0,0.0,0,0.0,0.0
D.Moore,CAR,2022,5,0,0,0.0,0,0.0,0.0
D.Moore,CAR,2022,6,0,0,0.0,0,0.0,0.0
D.Moore,CAR,2022,7,0,0,0.0,0,0.0,0.0
D.Moore,CAR,2022,8,0,0,0.0,0,0.0,0.0
D.Moore,CAR,2022,9,0,0,0.0,0,0.0,0.0
D.Moore,CAR,2022,10,0,0,0.0,0,0.0,0.0
D.Moore,CAR,2022,11,0,0,0.0,0,0.0,0.0
D.Moore,CAR,2022,12,0,0,0.0,0,0.0,0.0
D.Moore,CAR,2022,14,0,0,0.0,0,0.0,0.0
D.Moore,CAR,2022,15,0,0,0.0,0,0.0,0.0
D.Moore,CAR,2022,16,0,0,0.0,0,0.0,0.0
D.Moore,CAR,2022,17,0,0,0.0,0,0.0,0.0
D.Moore,CAR,2022,18,0,0,0.0,0,0.0,0.0
M.Gesicki,MIA,2022,1,0,0,0.0,0,0.0,0.0
M.Gesicki,MIA,2022,2,0,0,0.0,0,0.0,0.0
M.Gesicki,MIA,2022,3,0,0,0.0,0,0.0,0.0
M.Gesicki,MIA,2022,4,0,0,0.0,0,0.0,0.0
M.Gesicki,MIA,2022,5,0,0,0.0,0,0.0,0.0
M.Gesicki,MIA,2022,6,0,0,0.0,0,0.0,0.0
M.Gesicki,MIA,2022,7,0,0,0.0,0,0.0,0.0
M.Gesicki,MIA,2022,8,0,0,0.0,0,0.0,0.0
M.Gesicki,MIA,2022,9,0,0,0.0,0,0.0,0.0
M.Gesicki,MIA,2022,10,0,0,0.0,0,0.0,0.0
M.Gesicki,MIA,2022,12,0,0,0.0,0,0.0,0.0
M.Gesicki,MIA,2022,13,0,0,0.0,0,0.0,0.0
M.Gesicki,MIA,2022,14,0,0,0.0,0,0.0,0.0
M.Gesicki,MIA,2022,15,0,0,0.0,0,0.0,0.0
M.Gesicki,MIA,2022,16,0,0,0.0,0,0.0,0.0
M.Gesicki,MIA,2022,17,0,0,0.0,0,0.0,0.0
M.Gesicki,MIA,2022,18,0,0,0.0,0,0.0,0.0
M.Gesicki,MIA,2022,19,0,0,0.0,0,0.0,0.0
H.Hurst,CIN,2022,1,0,0,0.0,0,0.0,0.0
H.Hurst,CIN,2022,2,0,0,0.0,0,0.0,0.0
H.Hurst,CIN,2022,3,0,0,0.0,0,0.0,0.0
H.Hurst,CIN,2022,4,0,0,0.0,0,0.0,0.0
H.Hurst,CIN,2022,5,0,0,0.0,0,0.0,0.0
H.Hurst,CIN,2022,6,0,0,0.0,0,0.0,0.0
H.Hurst,CIN,2022,7,0,0,0.0,0,0.0,0.0
H.Hurst,CIN,2022,8,0,0,0.0,0,0.0,0.0
H.Hurst,CIN,2022,9,0,0,0.0,0,0.0,0.0
H.Hurst,CIN,2022,11,0,0,0.0,0,0.0,0.0
H.Hurst,CIN,2022,12,0,0,0.0,0,0.0,0.0
H.Hurst,CIN,2022,13,0,0,0.0,0,0.0,0.0
H.Hurst,CIN,2022,18,0,0,0.0,0,0.0,0.0
H.Hurst,CIN,2022,19,0,0,0.0,0,0.0,0.0
H.Hurst,CIN,2022,20,0,0,0.0,0,0.0,0.0
H.Hurst,CIN,2022,21,0,0,0.0,0,0.0,0.0
R.Freeman,HOU,2022,15,0,0,0.0,0,0.0,0.0
R.Freeman,HOU,2022,16,0,0,0.0,0,0.0,0.0
R.Freeman,HOU,2022,17,0,0,0.0,0,0.0,0.0
R.Freeman,HOU,2022,18,0,0,0.0,0,0.0,0.0
S.Barkley,NYG,2022,1,0,0,0.0,0,0.0,0.0
S.Barkley,NYG,2022,2,0,0,0.0,0,0.0,0.0
S.Barkley,NYG,2022,3,0,0,0.0,0,0.0,0.0
S.Barkley,NYG,2022,4,0,0,0.0,0,0.0,0.0
S.Barkley,NYG,2022,5,0,0,0.0,0,0.0,0.0
S.Barkley,NYG,2022,6,0,0,0.0,0,0.0,0.0
S.Barkley,NYG,2022,7,0,0,0.0,0,0.0,0.0
S.Barkley,NYG,2022,8,0,0,0.0,0,0.0,0.0
S.Barkley,NYG,2022,10,0,0,0.0,0,0.0,0.0
S.Barkley,NYG,2022,11,0,0,0.0,0,0.0,0.0
S.Barkley,NYG,2022,12,0,0,0.0,0,0.0,0.0
S.Barkley,NYG,2022,13,0,0,0.0,0,0.0,0.0
S.Barkley,NYG,2022,14,0,0,0.0,0,0.0,0.0
S.Barkley,NYG,2022,15,0,0,0.0,0,0.0,0.0
S.Barkley,NYG,2022,16,0,0,0.0,0,0.0,0.0
S.Barkley,NYG,2022,17,0,0,0.0,0,0.0,0.0
S.Barkley,NYG,2022,19,0,0,0.0,0,0.0,0.0
S.Barkley,NYG,2022,20,0,0,0.0,0,0.0,0.0
S.Michel,LAC,2022,1,0,0,0.0,0,0.0,0.0
S.Michel,LAC,2022,2,0,0,0.0,0,0.0,0.0
S.Michel,LAC,2022,3,0,0,0.0,0,0.0,0.0
S.Michel,LAC,2022,4,0,0,0.0,0,0.0,0.0
S.Michel,LAC,2022,5,0,0,0.0,0,0.0,0.0
S.Michel,LAC,2022,6,0,0,0.0,0,0.0,0.0
S.Michel,LAC,2022,7,0,0,0.0,0,0.0,0.0
S.Michel,LAC,2022,9,0,0,0.0,0,0.0,0.0
S.Michel,LAC,2022,10,0,0,0.0,0,0.0,0.0
S.Michel,LAC,2022,11,0,0,0.0,0,0.0,0.0
K.Hodge,ATL,2022,1,0,0,0.0,0,0.0,0.0
K.Hodge,ATL,2022,2,0,0,0.0,0,0.0,0.0
K.Hodge,ATL,2022,4,0,0,0.0,0,0.0,0.0
K.Hodge,ATL,2022,5,0,0,0.0,0,0.0,0.0
K.Hodge,ATL,2022,9,0,0,0.0,0,0.0,0.0
K.Hodge,ATL,2022,10,0,0,0.0,0,0.0,0.0
K.Hodge,ATL,2022,11,0,0,0.0,0,0.0,0.0
K.Hodge,ATL,2022,13,0,0,0.0,0,0.0,0.0
K.Hodge,ATL,2022,17,0,0,0.0,0,0.0,0.0
B.Mayfield,CAR,2022,1,16,27,235.0,1,1.0,4.0
B.Mayfield,CAR,2022,2,14,29,145.0,1,0.0,2.0
B.Mayfield,CAR,2022,3,12,25,170.0,1,0.0,3.0
B.Mayfield,CAR,2022,4,22,36,197.0,1,2.0,2.0
B.Mayfield,CAR,2022,5,20,36,215.0,0,1.0,4.0
B.Mayfield,CAR,2022,9,14,20,155.0,2,0.0,0.0
B.Mayfield,CAR,2022,11,21,33,196.0,0,2.0,4.0
B.Mayfield,LA,2022,14,22,35,230.0,1,0.0,4.0
B.Mayfield,LA,2022,15,12,21,111.0,1,1.0,5.0
B.Mayfield,LA,2022,16,24,28,230.0,2,0.0,0.0
B.Mayfield,LA,2022,17,11,19,132.0,0,0.0,3.0
B.Mayfield,LA,2022,18,13,26,147.0,0,1.0,5.0
J.Allen,BUF,2022,1,26,31,297.0,3,2.0,2.0
J.Allen,BUF,2022,2,26,38,317.0,4,0.0,1.0
J.Allen,BUF,2022,3,42,63,400.0,2,0.0,4.0
J.Allen,BUF,2022,4,19,36,213.0,1,1.0,1.0
J.Allen,BUF,2022,5,20,31,424.0,4,1.0,0.0
J.Allen,BUF,2022,6,27,40,329.0,3,0.0,1.0
J.Allen,BUF,2022,8,13,25,218.0,2,2.0,2.0
J.Allen,BUF,2022,9,18,34,205.0,0,2.0,5.0
J.Allen,BUF,2022,10,29,43,330.0,1,2.0,2.0
J.Allen,BUF,2022,11,18,27,197.0,1,0.0,2.0
J.Allen,BUF,2022,12,24,42,253.0,2,1.0,3.0
J.Allen,BUF,2022,13,22,33,223.0,2,0.0,2.0
J.Allen,BUF,2022,14,16,27,147.0,1,0.0,3.0
J.Allen,BUF,2022,15,25,40,304.0,4,0.0,2.0
J.Allen,BUF,2022,16,15,26,172.0,2,2.0,1.0
J.Allen,BUF,2022,18,19,31,254.0,3,1.0,2.0
J.Allen,BUF,2022,19,23,39,352.0,3,2.0,7.0
J.Allen,BUF,2022,20,25,42,264.0,0,1.0,1.0
D.Pettis,CHI,2022,1,0,0,0.0,0,0.0,0.0
D.Pettis,CHI,2022,4,0,0,0.0,0,0.0,0.0
D.Pettis,CHI,2022,5,0,0,0.0,0,0.0,0.0
D.Pettis,CHI,2022,6,0,0,0.0,0,0.0,0.0
D.Pettis,CHI,2022,7,0,0,0.0,0,0.0,0.0
D.Pettis,CHI,2022,8,0,0,0.0,0,0.0,0.0
D.Pettis,CHI,2022,9,0,0,0.0,0,0.0,0.0
D.Pettis,CHI,2022,10,0,0,0.0,0,0.0,0.0
D.Pettis,CHI,2022,12,0,0,0.0,0,0.0,0.0
D.Pettis,CHI,2022,13,0,0,0.0,0,0.0,0.0
D.Pettis,CHI,2022,15,0,0,0.0,0,0.0,0.0
D.Pettis,CHI,2022,16,0,0,0.0,0,0.0,0.0
D.Pettis,CHI,2022,17,0,0,0.0,0,0.0,0.0
D.Pettis,CHI,2022,18,0,0,0.0,0,0.0,0.0
S.Darnold,CAR,2022,12,11,19,164.0,1,0.0,0.0
S.Darnold,CAR,2022,14,14,24,120.0,1,0.0,2.0
S.Darnold,CAR,2022,15,14,23,225.0,1,0.0,4.0
S.Darnold,CAR,2022,16,15,22,250.0,1,0.0,0.0
S.Darnold,CAR,2022,17,23,37,341.0,3,1.0,2.0
S.Darnold,CAR,2022,18,5,15,43.0,0,2.0,2.0
J.Wolford,LA,2022,10,24,36,212.0,1,1.0,3.0
J.Wolford,LA,2022,13,14,26,178.0,0,2.0,4.0
S.Sims,PIT,2022,6,0,0,0.0,0,0.0,0.0
S.Sims,PIT,2022,8,0,0,0.0,0,0.0,0.0
S.Sims,PIT,2022,10,0,0,0.0,0,0.0,0.0
S.Sims,PIT,2022,11,0,0,0.0,0,0.0,0.0
S.Sims,PIT,2022,12,0,0,0.0,0,0.0,0.0
S.Sims,PIT,2022,13,0,0,0.0,0,0.0,0.0
S.Sims,PIT,2022,14,0,0,0.0,0,0.0,0.0
S.Sims,PIT,2022,15,0,0,0.0,0,0.0,0.0
S.Sims,PIT,2022,16,0,0,0.0,0,0.0,0.0
S.Sims,PIT,2022,17,0,0,0.0,0,0.0,0.0
S.Sims,PIT,2022,18,0,0,0.0,0,0.0,0.0
B.Rypien,DEN,2022,7,24,46,225.0,0,1.0,1.0
B.Rypien,DEN,2022,14,4,8,16.0,1,1.0,0.0
B.Rypien,DEN,2022,15,21,26,197.0,1,1.0,7.0
B.Rypien,DEN,2022,16,4,8,45.0,0,1.0,0.0
A.Beck,DEN,2022,1,0,0,0.0,0,0.0,0.0
A.Beck,DEN,2022,2,0,0,0.0,0,0.0,0.0
A.Beck,DEN,2022,5,0,0,0.0,0,0.0,0.0
A.Beck,DEN,2022,6,0,0,0.0,0,0.0,0.0
A.Beck,DEN,2022,7,0,0,0.0,0,0.0,0.0
A.Beck,DEN,2022,15,0,0,0.0,0,0.0,0.0
A.Beck,DEN,2022,17,0,0,0.0,0,0.0,0.0
A.Beck,DEN,2022,18,0,0,0.0,0,0.0,0.0
J.Meyers,NE,2022,1,0,0,0.0,0,0.0,0.0
J.Meyers,NE,2022,2,0,0,0.0,0,0.0,0.0
J.Meyers,NE,2022,5,0,0,0.0,0,0.0,0.0
J.Meyers,NE,2022,6,0,0,0.0,0,0.0,0.0
J.Meyers,NE,2022,7,0,0,0.0,0,0.0,0.0
J.Meyers,NE,2022,8,0,0,0.0,0,0.0,0.0
J.Meyers,NE,2022,9,0,0,0.0,0,0.0,0.0
J.Meyers,NE,2022,11,0,0,0.0,0,0.0,0.0
J.Meyers,NE,2022,12,0,0,0.0,0,0.0,0.0
J.Meyers,NE,2022,13,0,0,0.0,0,0.0,0.0
J.Meyers,NE,2022,15,0,0,0.0,0,0.0,0.0
J.Meyers,NE,2022,16,0,0,0.0,0,0.0,0.0
J.Meyers,NE,2022,17,0,0,0.0,0,0.0,0.0
J.Meyers,NE,2022,18,0,0,0.0,0,0.0,0.0
I.Smith,MIN,2022,1,0,0,0.0,0,0.0,0.0
I.Smith,MIN,2022,2,0,0,0.0,0,0.0,0.0
I.Smith,MIN,2022,3,0,0,0.0,0,0.0,0.0
I.Smith,MIN,2022,4,0,0,0.0,0,0.0,0.0
I.Smith,MIN,2022,5,0,0,0.0,0,0.0,0.0
I.Smith,MIN,2022,6,0,0,0.0,0,0.0,0.0
I.Smith,MIN,2022,8,0,0,0.0,0,0.0,0.0
I.Smith,MIN,2022,18,0,0,0.0,0,0.0,0.0
I.Smith,MIN,2022,19,0,0,0.0,0,0.0,0.0
A.Mattison,MIN,2022,1,0,0,0.0,0,0.0,0.0
A.Mattison,MIN,2022,2,0,0,0.0,0,0.0,0.0
A.Mattison,MIN,2022,3,0,0,0.0,0,0.0,0.0
A.Mattison,MIN,2022,4,0,0,0.0,0,0.0,0.0
A.Mattison,MIN,2022,5,0,0,0.0,0,0.0,0.0
A.Mattison,MIN,2022,6,0,0,0.0,0,0.0,0.0
A.Mattison,MIN,2022,8,0,0,0.0,0,0.0,0.0
A.Mattison,MIN,2022,9,0,0,0.0,0,0.0,0.0
A.Mattison,MIN,2022,10,0,0,0.0,0,0.0,0.0
A.Mattison,MIN,2022,11,0,0,0.0,0,0.0,0.0
A.Mattison,MIN,2022,12,0,0,0.0,0,0.0,0.0
A.Mattison,MIN,2022,13,0,0,0.0,0,0.0,0.0
A.Mattison,MIN,2022,14,0,0,0.0,0,0.0,0.0
A.Mattison,MIN,2022,15,0,0,0.0,0,0.0,0.0
A.Mattison,MIN,2022,16,0,0,0.0,0,0.0,0.0
A.Mattison,MIN,2022,17,0,0,0.0,0,0.0,0.0
A.Mattison,MIN,2022,18,0,0,0.0,0,0.0,0.0
A.Mattison,MIN,2022,19,0,0,0.0,0,0.0,0.0
J.Hill,BAL,2022,1,0,0,0.0,0,0.0,0.0
J.Hill,BAL,2022,2,0,0,0.0,0,0.0,0.0
J.Hill,BAL,2022,3,0,0,0.0,0,0.0,0.0
J.Hill,BAL,2022,4,0,0,0.0,0,0.0,0.0
J.Hill,BAL,2022,7,0,0,0.0,0,0.0,0.0
J.Hill,BAL,2022,8,0,0,0.0,0,0.0,0.0
J.Hill,BAL,2022,9,0,0,0.0,0,0.0,0.0
J.Hill,BAL,2022,11,0,0,0.0,0,0.0,0.0
J.Hill,BAL,2022,12,0,0,0.0,0,0.0,0.0
J.Hill,BAL,2022,13,0,0,0.0,0,0.0,0.0
J.Hill,BAL,2022,15,0,0,0.0,0,0.0,0.0
J.Hill,BAL,2022,16,0,0,0.0,0,0.0,0.0
J.Hill,BAL,2022,18,0,0,0.0,0,0.0,0.0
J.Hill,BAL,2022,19,0,0,0.0,0,0.0,0.0
F.Moreau,LV,2022,2,0,0,0.0,0,0.0,0.0
F.Moreau,LV,2022,3,0,0,0.0,0,0.0,0.0
F.Moreau,LV,2022,7,0,0,0.0,0,0.0,0.0
F.Moreau,LV,2022,8,0,0,0.0,0,0.0,0.0
F.Moreau,LV,2022,9,0,0,0.0,0,0.0,0.0
F.Moreau,LV,2022,10,0,0,0.0,0,0.0,0.0
F.Moreau,LV,2022,11,0,0,0.0,0,0.0,0.0
F.Moreau,LV,2022,12,0,0,0.0,0,0.0,0.0
F.Moreau,LV,2022,13,0,0,0.0,0,0.0,0.0
F.Moreau,LV,2022,14,0,0,0.0,0,0.0,0.0
F.Moreau,LV,2022,15,0,0,0.0,0,0.0,0.0
F.Moreau,LV,2022,16,0,0,0.0,0,0.0,0.0
F.Moreau,LV,2022,17,0,0,0.0,0,0.0,0.0
F.Moreau,LV,2022,18,0,0,0.0,0,0.0,0.0
H.Renfrow,LV,2022,1,0,0,0.0,0,0.0,0.0
H.Renfrow,LV,2022,2,0,0,0.0,0,0.0,0.0
H.Renfrow,LV,2022,5,0,0,0.0,0,0.0,0.0
H.Renfrow,LV,2022,7,0,0,0.0,0,0.0,0.0
H.Renfrow,LV,2022,8,0,0,0.0,0,0.0,0.0
H.Renfrow,LV,2022,9,0,0,0.0,0,0.0,0.0
H.Renfrow,LV,2022,15,0,0,0.0,0,0.0,0.0
H.Renfrow,LV,2022,16,0,0,0.0,0,0.0,0.0
H.Renfrow,LV,2022,17,0,0,0.0,0,0.0,0.0
H.Renfrow,LV,2022,18,0,0,0.0,0,0.0,0.0
A.Dulin,IND,2022,1,0,0,0.0,0,0.0,0.0
A.Dulin,IND,2022,2,0,0,0.0,0,0.0,0.0
A.Dulin,IND,2022,3,0,0,0.0,0,0.0,0.0
A.Dulin,IND,2022,4,0,0,0.0,0,0.0,0.0
A.Dulin,IND,2022,5,0,0,0.0,0,0.0,0.0
A.Dulin,IND,2022,13,0,0,0.0,0,0.0,0.0
A.Dulin,IND,2022,15,0,0,0.0,0,0.0,0.0
P.Hart,SEA,2022,3,0,0,0.0,0,0.0,0.0
P.Hart,SEA,2022,15,0,0,0.0,0,0.0,0.0
P.Hart,SEA,2022,16,0,0,0.0,0,0.0,0.0
D.Blough,ARI,2022,17,24,40,222.0,1,0.0,2.0
D.Blough,ARI,2022,18,14,18,180.0,1,2.0,3.0
J.Gillan,NYG,2022,5,0,0,0.0,0,0.0,0.0
J.Gillan,NYG,2022,14,0,0,0.0,0,0.0,0.0
J.Gillan,NYG,2022,18,0,0,0.0,0,0.0,1.0
K.Blasingame,CHI,2022,12,0,0,0.0,0,0.0,0.0
A.Ingold,MIA,2022,1,0,0,0.0,0,0.0,0.0
A.Ingold,MIA,2022,2,0,0,0.0,0,0.0,0.0
A.Ingold,MIA,2022,3,0,0,0.0,0,0.0,0.0
A.Ingold,MIA,2022,6,0,0,0.0,0,0.0,0.0
A.Ingold,MIA,2022,8,0,0,0.0,0,0.0,0.0
A.Ingold,MIA,2022,10,0,0,0.0,0,0.0,0.0
A.Ingold,MIA,2022,12,0,0,0.0,0,0.0,0.0
A.Ingold,MIA,2022,13,0,0,0.0,0,0.0,0.0
A.Ingold,MIA,2022,14,0,0,0.0,0,0.0,0.0
A.Ingold,MIA,2022,15,0,0,0.0,0,0.0,0.0
A.Ingold,MIA,2022,16,0,0,0.0,0,0.0,0.0
A.Ingold,MIA,2022,17,0,0,0.0,0,0.0,0.0
K.Nixon,GB,2022,17,0,0,0.0,0,0.0,0.0
M.Hardman,KC,2022,1,0,0,0.0,0,0.0,0.0
M.Hardman,KC,2022,2,0,0,0.0,0,0.0,0.0
M.Hardman,KC,2022,3,0,0,0.0,0,0.0,0.0
M.Hardman,KC,2022,4,0,0,0.0,0,0.0,0.0
M.Hardman,KC,2022,5,0,0,0.0,0,0.0,0.0
M.Hardman,KC,2022,6,0,0,0.0,0,0.0,0.0
M.Hardman,KC,2022,7,0,0,0.0,0,0.0,0.0
M.Hardman,KC,2022,9,0,0,0.0,0,0.0,0.0
M.Hardman,KC,2022,21,0,0,0.0,0,0.0,0.0
T.McSorley,ARI,2022,1,2,4,12.0,0,0.0,1.0
T.McSorley,ARI,2022,11,6,10,59.0,0,1.0,0.0
T.McSorley,ARI,2022,15,7,15,95.0,0,2.0,1.0
T.McSorley,ARI,2022,16,24,45,217.0,0,1.0,1.0
T.McSorley,ARI,2022,18,6,9,29.0,0,1.0,0.0
J.Fox,DET,2022,4,1,1,6.0,0,0.0,0.0
D.Ozigbo,DEN,2022,5,0,0,0.0,0,0.0,0.0
D.Ozigbo,DEN,2022,12,0,0,0.0,0,0.0,0.0
D.Ozigbo,DEN,2022,15,0,0,0.0,0,0.0,0.0
O.Zaccheaus,ATL,2022,1,0,0,0.0,0,0.0,0.0
O.Zaccheaus,ATL,2022,2,0,0,0.0,0,0.0,0.0
O.Zaccheaus,ATL,2022,3,0,0,0.0,0,0.0,0.0
O.Zaccheaus,ATL,2022,4,0,0,0.0,0,0.0,0.0
O.Zaccheaus,ATL,2022,5,0,0,0.0,0,0.0,0.0
O.Zaccheaus,ATL,2022,6,0,0,0.0,0,0.0,0.0
O.Zaccheaus,ATL,2022,7,0,0,0.0,0,0.0,0.0
O.Zaccheaus,ATL,2022,8,0,0,0.0,0,0.0,0.0
O.Zaccheaus,ATL,2022,9,0,0,0.0,0,0.0,0.0
O.Zaccheaus,ATL,2022,10,0,0,0.0,0,0.0,0.0
O.Zaccheaus,ATL,2022,11,0,0,0.0,0,0.0,0.0
O.Zaccheaus,ATL,2022,12,0,0,0.0,0,0.0,0.0
O.Zaccheaus,ATL,2022,13,0,0,0.0,0,0.0,0.0
O.Zaccheaus,ATL,2022,15,0,0,0.0,0,0.0,0.0
O.Zaccheaus,ATL,2022,16,0,0,0.0,0,0.0,0.0
O.Zaccheaus,ATL,2022,18,0,0,0.0,0,0.0,0.0
D.Harty,NO,2022,1,0,0,0.0,0,0.0,0.0
D.Harty,NO,2022,2,0,0,0.0,0,0.0,0.0
D.Johnson,PIT,2022,1,0,0,0.0,0,0.0,0.0
D.Johnson,PIT,2022,2,0,0,0.0,0,0.0,0.0
D.Johnson,PIT,2022,3,0,0,0.0,0,0.0,0.0
D.Johnson,PIT,2022,4,0,0,0.0,0,0.0,0.0
D.Johnson,PIT,2022,5,0,0,0.0,0,0.0,0.0
D.Johnson,PIT,2022,6,0,0,0.0,0,0.0,0.0
D.Johnson,PIT,2022,7,0,0,0.0,0,0.0,0.0
D.Johnson,PIT,2022,8,0,0,0.0,0,0.0,0.0
D.Johnson,PIT,2022,10,0,0,0.0,0,0.0,0.0
D.Johnson,PIT,2022,11,0,0,0.0,0,0.0,0.0
D.Johnson,PIT,2022,12,0,0,0.0,0,0.0,0.0
D.Johnson,PIT,2022,13,0,0,0.0,0,0.0,0.0
D.Johnson,PIT,2022,14,0,0,0.0,0,0.0,0.0
D.Johnson,PIT,2022,15,0,0,0.0,0,0.0,0.0
D.Johnson,PIT,2022,16,0,0,0.0,0,0.0,0.0
D.Johnson,PIT,2022,17,0,0,0.0,0,0.0,0.0
D.Johnson,PIT,2022,18,0,0,0.0,0,0.0,0.0
B.Snell,PIT,2022,12,0,0,0.0,0,0.0,0.0
B.Snell,PIT,2022,13,0,0,0.0,0,0.0,0.0
B.Snell,PIT,2022,14,0,0,0.0,0,0.0,0.0
Z.Gentry,PIT,2022,1,0,0,0.0,0,0.0,0.0
Z.Gentry,PIT,2022,4,0,0,0.0,0,0.0,0.0
Z.Gentry,PIT,2022,5,0,0,0.0,0,0.0,0.0
Z.Gentry,PIT,2022,6,0,0,0.0,0,0.0,0.0
Z.Gentry,PIT,2022,7,0,0,0.0,0,0.0,0.0
Z.Gentry,PIT,2022,8,0,0,0.0,0,0.0,0.0
Z.Gentry,PIT,2022,10,0,0,0.0,0,0.0,0.0
Z.Gentry,PIT,2022,11,0,0,0.0,0,0.0,0.0
Z.Gentry,PIT,2022,12,0,0,0.0,0,0.0,0.0
Z.Gentry,PIT,2022,13,0,0,0.0,0,0.0,0.0
Z.Gentry,PIT,2022,14,0,0,0.0,0,0.0,0.0
Z.Gentry,PIT,2022,15,0,0,0.0,0,0.0,0.0
Z.Gentry,PIT,2022,16,0,0,0.0,0,0.0,0.0
Z.Gentry,PIT,2022,18,0,0,0.0,0,0.0,0.0
K.Murray,ARI,2022,1,22,34,193.0,2,0.0,2.0
K.Murray,ARI,2022,2,31,49,277.0,1,1.0,1.0
K.Murray,ARI,2022,3,37,58,314.0,0,0.0,2.0
K.Murray,ARI,2022,4,23,32,207.0,2,1.0,1.0
K.Murray,ARI,2022,5,28,42,250.0,1,1.0,1.0
K.Murray,ARI,2022,6,23,37,222.0,0,1.0,6.0
K.Murray,ARI,2022,7,20,29,204.0,1,0.0,2.0
K.Murray,ARI,2022,8,31,44,326.0,3,2.0,4.0
K.Murray,ARI,2022,9,25,35,175.0,2,0.0,5.0
K.Murray,ARI,2022,12,18,29,191.0,2,1.0,1.0
K.Murray,ARI,2022,14,1,1,9.0,0,0.0,0.0
T.Hockenson,DET,2022,1,0,0,0.0,0,0.0,0.0
T.Hockenson,DET,2022,2,0,0,0.0,0,0.0,0.0
T.Hockenson,DET,2022,3,0,0,0.0,0,0.0,0.0
T.Hockenson,DET,2022,4,0,0,0.0,0,0.0,0.0
T.Hockenson,DET,2022,5,0,0,0.0,0,0.0,0.0
T.Hockenson,DET,2022,7,0,0,0.0,0,0.0,0.0
T.Hockenson,DET,2022,8,0,0,0.0,0,0.0,0.0
T.Hockenson,MIN,2022,9,0,0,0.0,0,0.0,0.0
T.Hockenson,MIN,2022,10,0,0,0.0,0,0.0,0.0
T.Hockenson,MIN,2022,11,0,0,0.0,0,0.0,0.0
T.Hockenson,MIN,2022,12,0,0,0.0,0,0.0,0.0
T.Hockenson,MIN,2022,13,0,0,0.0,0,0.0,0.0
T.Hockenson,MIN,2022,14,0,0,0.0,0,0.0,0.0
T.Hockenson,MIN,2022,15,0,0,0.0,0,0.0,0.0
T.Hockenson,MIN,2022,16,0,0,0.0,0,0.0,0.0
T.Hockenson,MIN,2022,17,0,0,0.0,0,0.0,0.0
T.Hockenson,MIN,2022,18,0,0,0.0,0,0.0,0.0
T.Hockenson,MIN,2022,19,0,0,0.0,0,0.0,0.0
M.Sanders,PHI,2022,1,0,0,0.0,0,0.0,0.0
M.Sanders,PHI,2022,2,0,0,0.0,0,0.0,0.0
M.Sanders,PHI,2022,3,0,0,0.0,0,0.0,0.0
M.Sanders,PHI,2022,4,0,0,0.0,0,0.0,0.0
M.Sanders,PHI,2022,5,0,0,0.0,0,0.0,0.0
M.Sanders,PHI,2022,6,0,0,0.0,0,0.0,0.0
M.Sanders,PHI,2022,8,0,0,0.0,0,0.0,0.0
M.Sanders,PHI,2022,9,0,0,0.0,0,0.0,0.0
M.Sanders,PHI,2022,10,0,0,0.0,0,0.0,0.0
M.Sanders,PHI,2022,11,0,0,0.0,0,0.0,0.0
M.Sanders,PHI,2022,12,0,0,0.0,0,0.0,0.0
M.Sanders,PHI,2022,13,0,0,0.0,0,0.0,0.0
M.Sanders,PHI,2022,14,0,0,0.0,0,0.0,0.0
M.Sanders,PHI,2022,15,0,0,0.0,0,0.0,0.0
M.Sanders,PHI,2022,16,0,0,0.0,0,0.0,0.0
M.Sanders,PHI,2022,17,0,0,0.0,0,0.0,0.0
M.Sanders,PHI,2022,18,0,0,0.0,0,0.0,0.0
M.Sanders,PHI,2022,20,0,0,0.0,0,0.0,0.0
M.Sanders,PHI,2022,21,0,0,0.0,0,0.0,0.0
M.Sanders,PHI,2022,22,0,0,0.0,0,0.0,0.0
J.Oliver,BAL,2022,3,0,0,0.0,0,0.0,0.0
J.Oliver,BAL,2022,5,0,0,0.0,0,0.0,0.0
J.Oliver,BAL,2022,6,0,0,0.0,0,0.0,0.0
J.Oliver,BAL,2022,7,0,0,0.0,0,0.0,0.0
J.Oliver,BAL,2022,8,0,0,0.0,0,0.0,0.0
J.Oliver,BAL,2022,9,0,0,0.0,0,0.0,0.0
J.Oliver,BAL,2022,11,0,0,0.0,0,0.0,0.0
J.Oliver,BAL,2022,12,0,0,0.0,0,0.0,0.0
J.Oliver,BAL,2022,15,0,0,0.0,0,0.0,0.0
J.Oliver,BAL,2022,16,0,0,0.0,0,0.0,0.0
J.Oliver,BAL,2022,17,0,0,0.0,0,0.0,0.0
J.Oliver,BAL,2022,18,0,0,0.0,0,0.0,0.0
J.Oliver,BAL,2022,19,0,0,0.0,0,0.0,0.0
D.Singletary,BUF,2022,1,0,0,0.0,0,0.0,0.0
D.Singletary,BUF,2022,2,0,0,0.0,0,0.0,0.0
D.Singletary,BUF,2022,3,0,0,0.0,0,0.0,0.0
D.Singletary,BUF,2022,4,0,0,0.0,0,0.0,0.0
D.Singletary,BUF,2022,5,0,0,0.0,0,0.0,0.0
D.Singletary,BUF,2022,6,0,0,0.0,0,0.0,0.0
D.Singletary,BUF,2022,8,0,0,0.0,0,0.0,0.0
D.Singletary,BUF,2022,9,0,0,0.0,0,0.0,0.0
D.Singletary,BUF,2022,10,0,0,0.0,0,0.0,0.0
D.Singletary,BUF,2022,11,0,0,0.0,0,0.0,0.0
D.Singletary,BUF,2022,12,0,0,0.0,0,0.0,0.0
D.Singletary,BUF,2022,13,0,0,0.0,0,0.0,0.0
D.Singletary,BUF,2022,14,0,0,0.0,0,0.0,0.0
D.Singletary,BUF,2022,15,0,0,0.0,0,0.0,0.0
D.Singletary,BUF,2022,16,0,0,0.0,0,0.0,0.0
D.Singletary,BUF,2022,18,0,0,0.0,0,0.0,0.0
D.Singletary,BUF,2022,19,0,0,0.0,0,0.0,0.0
D.Singletary,BUF,2022,20,0,0,0.0,0,0.0,0.0
T.Wesco,CHI,2022,4,0,0,0.0,0,0.0,0.0
T.Wesco,CHI,2022,9,0,0,0.0,0,0.0,0.0
T.Wesco,CHI,2022,10,0,0,0.0,0,0.0,0.0
T.Wesco,CHI,2022,12,0,0,0.0,0,0.0,0.0
T.Pollard,DAL,2022,1,0,0,0.0,0,0.0,0.0
T.Pollard,DAL,2022,2,0,0,0.0,0,0.0,0.0
T.Pollard,DAL,2022,3,0,0,0.0,0,0.0,0.0
T.Pollard,DAL,2022,4,0,0,0.0,0,0.0,0.0
T.Pollard,DAL,2022,5,0,0,0.0,0,0.0,0.0
T.Pollard,DAL,2022,6,0,0,0.0,0,0.0,0.0
T.Pollard,DAL,2022,7,0,0,0.0,0,0.0,0.0
T.Pollard,DAL,2022,8,0,0,0.0,0,0.0,0.0
T.Pollard,DAL,2022,10,0,0,0.0,0,0.0,0.0
T.Pollard,DAL,2022,11,0,0,0.0,0,0.0,0.0
T.Pollard,DAL,2022,12,0,0,0.0,0,0.0,0.0
T.Pollard,DAL,2022,13,0,0,0.0,0,0.0,0.0
T.Pollard,DAL,2022,14,0,0,0.0,0,0.0,0.0
T.Pollard,DAL,2022,15,0,0,0.0,0,0.0,0.0
T.Pollard,DAL,2022,16,0,0,0.0,0,0.0,0.0
T.Pollard,DAL,2022,18,0,0,0.0,0,0.0,0.0
T.Pollard,DAL,2022,19,0,0,0.0,0,0.0,0.0
T.Pollard,DAL,2022,20,0,0,0.0,0,0.0,0.0
J.Stidham,LV,2022,8,8,13,72.0,0,0.0,1.0
J.Stidham,LV,2022,17,23,34,365.0,3,2.0,0.0
J.Stidham,LV,2022,18,22,36,219.0,1,1.0,6.0
A.Van Ginkel,MIA,2022,9,0,0,0.0,0,0.0,0.0
M.Jackson,SEA,2022,2,0,0,0.0,0,0.0,0.0
G.Minshew,PHI,2022,8,1,2,23.0,0,0.0,0.0
G.Minshew,PHI,2022,13,1,2,11.0,0,0.0,0.0
G.Minshew,PHI,2022,14,0,0,0.0,0,0.0,0.0
G.Minshew,PHI,2022,16,24,40,355.0,2,2.0,0.0
G.Minshew,PHI,2022,17,18,32,274.0,1,1.0,6.0
G.Minshew,PHI,2022,21,0,0,0.0,0,0.0,0.0
T.Williams,CIN,2022,11,0,0,0.0,0,0.0,0.0
T.Williams,CIN,2022,12,0,0,0.0,0,0.0,0.0
T.Williams,CIN,2022,13,0,0,0.0,0,0.0,0.0
T.Williams,CIN,2022,14,0,0,0.0,0,0.0,0.0
S.Miller,TB,2022,2,0,0,0.0,0,0.0,0.0
S.Miller,TB,2022,3,0,0,0.0,0,0.0,0.0
S.Miller,TB,2022,5,0,0,0.0,0,0.0,0.0
S.Miller,TB,2022,7,0,0,0.0,0,0.0,0.0
S.Miller,TB,2022,8,0,0,0.0,0,0.0,0.0
S.Miller,TB,2022,9,0,0,0.0,0,0.0,0.0
S.Miller,TB,2022,10,0,0,0.0,0,0.0,0.0
S.Miller,TB,2022,13,0,0,0.0,0,0.0,0.0
S.Miller,TB,2022,14,0,0,0.0,0,0.0,0.0
S.Miller,TB,2022,16,0,0,0.0,0,0.0,0.0
S.Miller,TB,2022,18,0,0,0.0,0,0.0,0.0
T.Sweeney,BUF,2022,6,0,0,0.0,0,0.0,0.0
M.Gaskin,MIA,2022,5,0,0,0.0,0,0.0,0.0
M.Gaskin,MIA,2022,12,0,0,0.0,0,0.0,0.0
C.Moore,DET,2022,8,0,0,0.0,0,0.0,0.0
C.Moore,DET,2022,14,0,0,0.0,0,0.0,0.0
D.Parham,LAC,2022,5,0,0,0.0,0,0.0,0.0
D.Parham,LAC,2022,6,0,0,0.0,0,0.0,0.0
D.Parham,LAC,2022,15,0,0,0.0,0,0.0,0.0
D.Parham,LAC,2022,16,0,0,0.0,0,0.0,0.0
D.Parham,LAC,2022,17,0,0,0.0,0,0.0,0.0
D.Parham,LAC,2022,18,0,0,0.0,0,0.0,0.0
D.Parham,LAC,2022,19,0,0,0.0,0,0.0,0.0
T.Irwin,CIN,2022,8,0,0,0.0,0,0.0,0.0
T.Irwin,CIN,2022,9,0,0,0.0,0,0.0,0.0
T.Irwin,CIN,2022,11,0,0,0.0,0,0.0,0.0
T.Irwin,CIN,2022,12,0,0,0.0,0,0.0,0.0
T.Irwin,CIN,2022,13,0,0,0.0,0,0.0,0.0
T.Irwin,CIN,2022,14,0,0,0.0,0,0.0,0.0
T.Irwin,CIN,2022,15,0,0,0.0,0,0.0,0.0
T.Irwin,CIN,2022,16,0,0,0.0,0,0.0,0.0
T.Irwin,CIN,2022,18,0,0,0.0,0,0.0,0.0
T.Irwin,CIN,2022,20,0,0,0.0,0,0.0,0.0
T.Irwin,CIN,2022,21,0,0,0.0,0,0.0,0.0
C.Myarick,NYG,2022,1,0,0,0.0,0,0.0,0.0
C.Myarick,NYG,2022,3,0,0,0.0,0,0.0,0.0
C.Myarick,NYG,2022,5,0,0,0.0,0,0.0,0.0
C.Myarick,NYG,2022,7,0,0,0.0,0,0.0,0.0
C.Myarick,NYG,2022,8,0,0,0.0,0,0.0,0.0
C.Myarick,NYG,2022,10,0,0,0.0,0,0.0,0.0
C.Myarick,NYG,2022,12,0,0,0.0,0,0.0,0.0
D.Sills,NYG,2022,2,0,0,0.0,0,0.0,0.0
D.Sills,NYG,2022,3,0,0,0.0,0,0.0,0.0
D.Sills,NYG,2022,4,0,0,0.0,0,0.0,0.0
D.Sills,NYG,2022,5,0,0,0.0,0,0.0,0.0
D.Sills,NYG,2022,6,0,0,0.0,0,0.0,0.0
D.Sills,NYG,2022,7,0,0,0.0,0,0.0,0.0
D.Sills,NYG,2022,8,0,0,0.0,0,0.0,0.0
S.Morgan,CIN,2022,5,0,0,0.0,0,0.0,0.0
L.Humphrey,NE,2022,2,0,0,0.0,0,0.0,0.0
L.Humphrey,NE,2022,3,0,0,0.0,0,0.0,0.0
L.Humphrey,NE,2022,4,0,0,0.0,0,0.0,0.0
J.Guyton,LAC,2022,1,0,0,0.0,0,0.0,0.0
J.Guyton,LAC,2022,3,0,0,0.0,0,0.0,0.0
J.Moore,LAC,2022,7,0,0,0.0,0,0.0,0.0
T.Johnson,HOU,2022,9,0,0,0.0,0,0.0,0.0
G.Dortch,ARI,2022,1,0,0,0.0,0,0.0,0.0
G.Dortch,ARI,2022,2,0,0,0.0,0,0.0,0.0
G.Dortch,ARI,2022,3,0,0,0.0,0,0.0,0.0
G.Dortch,ARI,2022,4,0,0,0.0,0,0.0,0.0
G.Dortch,ARI,2022,7,0,0,0.0,0,0.0,0.0
G.Dortch,ARI,2022,8,0,0,0.0,0,0.0,0.0
G.Dortch,ARI,2022,9,0,0,0.0,0,0.0,0.0
G.Dortch,ARI,2022,11,0,0,0.0,0,0.0,0.0
G.Dortch,ARI,2022,16,0,0,0.0,0,0.0,0.0
G.Dortch,ARI,2022,17,0,0,0.0,0,0.0,0.0
G.Dortch,ARI,2022,18,0,0,0.0,0,0.0,0.0
J.Smith,NYJ,2022,2,0,0,0.0,0,0.0,0.0
J.Smith,NYJ,2022,4,0,0,0.0,0,0.0,0.0
J.Smith,NYJ,2022,5,0,0,0.0,0,0.0,0.0
J.Smith,NYJ,2022,7,0,0,0.0,0,0.0,0.0
J.Smith,NYJ,2022,8,0,0,0.0,0,0.0,0.0
J.Smith,NYJ,2022,9,0,0,0.0,0,0.0,0.0
J.Smith,NYJ,2022,15,0,0,0.0,0,0.0,0.0
A.Isabella,ARI,2022,1,0,0,0.0,0,0.0,0.0
A.Isabella,ARI,2022,3,0,0,0.0,0,0.0,0.0
A.Isabella,BAL,2022,17,0,0,0.0,0,0.0,0.0
D.Slayton,NYG,2022,4,0,0,0.0,0,0.0,0.0
D.Slayton,NYG,2022,5,0,0,0.0,0,0.0,0.0
D.Slayton,NYG,2022,6,0,0,0.0,0,0.0,0.0
D.Slayton,NYG,2022,7,0,0,0.0,0,0.0,0.0
D.Slayton,NYG,2022,8,0,0,0.0,0,0.0,0.0
D.Slayton,NYG,2022,10,0,0,0.0,0,0.0,0.0
D.Slayton,NYG,2022,11,0,0,0.0,0,0.0,0.0
D.Slayton,NYG,2022,12,0,0,0.0,0,0.0,0.0
D.Slayton,NYG,2022,13,0,0,0.0,0,0.0,0.0
D.Slayton,NYG,2022,14,0,0,0.0,0,0.0,0.0
D.Slayton,NYG,2022,15,0,0,0.0,0,0.0,0.0
D.Slayton,NYG,2022,16,0,0,0.0,0,0.0,0.0
D.Slayton,NYG,2022,17,0,0,0.0,0,0.0,0.0
D.Slayton,NYG,2022,19,0,0,0.0,0,0.0,0.0
D.Slayton,NYG,2022,20,0,0,0.0,0,0.0,0.0
T.Johnson,NYJ,2022,2,0,0,0.0,0,0.0,0.0
T.Johnson,NYJ,2022,7,0,0,0.0,0,0.0,0.0
T.Johnson,NYJ,2022,8,0,0,0.0,0,0.0,0.0
T.Johnson,NYJ,2022,9,0,0,0.0,0,0.0,0.0
T.Johnson,NYJ,2022,11,0,0,0.0,0,0.0,0.0
T.Johnson,NYJ,2022,12,0,0,0.0,0,0.0,0.0
T.Johnson,NYJ,2022,13,0,0,0.0,0,0.0,0.0
T.Johnson,NYJ,2022,16,0,0,0.0,0,0.0,0.0
T.Johnson,NYJ,2022,17,0,0,0.0,0,0.0,0.0
T.Johnson,NYJ,2022,18,0,0,0.0,0,0.0,0.0
T.Kennedy,DET,2022,4,0,0,0.0,0,0.0,0.0
T.Kennedy,DET,2022,7,0,0,0.0,0,0.0,0.0
T.Kennedy,DET,2022,9,0,0,0.0,0,0.0,0.0
T.Kennedy,DET,2022,10,0,0,0.0,0,0.0,0.0
T.Kennedy,DET,2022,11,0,0,0.0,0,0.0,0.0
J.Fortson,KC,2022,1,0,0,0.0,0,0.0,0.0
J.Fortson,KC,2022,2,0,0,0.0,0,0.0,0.0
J.Fortson,KC,2022,4,0,0,0.0,0,0.0,0.0
J.Fortson,KC,2022,7,0,0,0.0,0,0.0,0.0
J.Fortson,KC,2022,10,0,0,0.0,0,0.0,0.0
J.Fortson,KC,2022,11,0,0,0.0,0,0.0,0.0
J.Fortson,KC,2022,12,0,0,0.0,0,0.0,0.0
J.Fortson,KC,2022,13,0,0,0.0,0,0.0,0.0
J.Fortson,KC,2022,15,0,0,0.0,0,0.0,0.0
J.Fortson,KC,2022,22,0,0,0.0,0,0.0,0.0
J.Horsted,LV,2022,5,0,0,0.0,0,0.0,0.0
J.Horsted,LV,2022,8,0,0,0.0,0,0.0,0.0
C.Reynolds,DET,2022,2,0,0,0.0,0,0.0,0.0
C.Reynolds,DET,2022,3,0,0,0.0,0,0.0,0.0
C.Reynolds,DET,2022,4,0,0,0.0,0,0.0,0.0
C.Reynolds,DET,2022,5,0,0,0.0,0,0.0,0.0
C.Reynolds,DET,2022,7,0,0,0.0,0,0.0,0.0
C.Reynolds,DET,2022,8,0,0,0.0,0,0.0,0.0
P.Hesse,ATL,2022,1,0,0,0.0,0,0.0,0.0
P.Hesse,ATL,2022,2,0,0,0.0,0,0.0,0.0
P.Hesse,ATL,2022,4,0,0,0.0,0,0.0,0.0
P.Hesse,ATL,2022,5,0,0,0.0,0,0.0,0.0
P.Hesse,ATL,2022,8,0,0,0.0,0,0.0,0.0
P.Hesse,ATL,2022,12,0,0,0.0,0,0.0,0.0
P.Hesse,ATL,2022,13,0,0,0.0,0,0.0,0.0
P.Hesse,ATL,2022,16,0,0,0.0,0,0.0,0.0
P.Hesse,ATL,2022,18,0,0,0.0,0,0.0,0.0
J.Winfree,GB,2022,1,0,0,0.0,0,0.0,0.0
J.Winfree,GB,2022,3,0,0,0.0,0,0.0,0.0
J.Winfree,GB,2022,6,0,0,0.0,0,0.0,0.0
T.Homer,SEA,2022,1,0,0,0.0,0,0.0,0.0
T.Homer,SEA,2022,2,0,0,0.0,0,0.0,0.0
T.Homer,SEA,2022,3,0,0,0.0,0,0.0,0.0
T.Homer,SEA,2022,8,0,0,0.0,0,0.0,0.0
T.Homer,SEA,2022,9,0,0,0.0,0,0.0,0.0
T.Homer,SEA,2022,12,0,0,0.0,0,0.0,0.0
T.Homer,SEA,2022,14,0,0,0.0,0,0.0,0.0
T.Homer,SEA,2022,15,0,0,0.0,0,0.0,0.0
K.Blanton,LA,2022,3,0,0,0.0,0,0.0,0.0
K.Blanton,LA,2022,4,0,0,0.0,0,0.0,0.0
J.Gervase,LA,2022,5,0,0,0.0,0,0.0,0.0
N.Webster,CHI,2022,15,0,0,0.0,0,0.0,0.0
N.Harry,CHI,2022,7,0,0,0.0,0,0.0,0.0
N.Harry,CHI,2022,8,0,0,0.0,0,0.0,0.0
N.Harry,CHI,2022,9,0,0,0.0,0,0.0,0.0
N.Harry,CHI,2022,13,0,0,0.0,0,0.0,0.0
N.Harry,CHI,2022,17,0,0,0.0,0,0.0,0.0
N.Harry,CHI,2022,18,0,0,0.0,0,0.0,0.0
D.Johnson,CLE,2022,6,0,0,0.0,0,0.0,0.0
D.Johnson,CLE,2022,8,0,0,0.0,0,0.0,0.0
D.Johnson,CLE,2022,10,0,0,0.0,0,0.0,0.0
D.Sample,CIN,2022,1,0,0,0.0,0,0.0,0.0
D.Sample,CIN,2022,2,0,0,0.0,0,0.0,0.0
P.Campbell,IND,2022,1,0,0,0.0,0,0.0,0.0
P.Campbell,IND,2022,2,0,0,0.0,0,0.0,0.0
P.Campbell,IND,2022,3,0,0,0.0,0,0.0,0.0
P.Campbell,IND,2022,4,0,0,0.0,0,0.0,0.0
P.Campbell,IND,2022,5,0,0,0.0,0,0.0,0.0
P.Campbell,IND,2022,6,0,0,0.0,0,0.0,0.0
P.Campbell,IND,2022,7,0,0,0.0,0,0.0,0.0
P.Campbell,IND,2022,8,0,0,0.0,0,0.0,0.0
P.Campbell,IND,2022,9,0,0,0.0,0,0.0,0.0
P.Campbell,IND,2022,10,0,0,0.0,0,0.0,0.0
P.Campbell,IND,2022,11,0,0,0.0,0,0.0,0.0
P.Campbell,IND,2022,12,0,0,0.0,0,0.0,0.0
P.Campbell,IND,2022,13,0,0,0.0,0,0.0,0.0
P.Campbell,IND,2022,15,0,0,0.0,0,0.0,0.0
P.Campbell,IND,2022,16,0,0,0.0,0,0.0,0.0
P.Campbell,IND,2022,17,0,0,0.0,0,0.0,0.0
P.Campbell,IND,2022,18,0,0,0.0,0,0.0,0.0
D.Metcalf,SEA,2022,1,0,0,0.0,0,0.0,0.0
D.Metcalf,SEA,2022,2,0,0,0.0,0,0.0,0.0
D.Metcalf,SEA,2022,3,0,0,0.0,0,0.0,0.0
D.Metcalf,SEA,2022,4,0,0,0.0,0,0.0,0.0
D.Metcalf,SEA,2022,5,0,0,0.0,0,0.0,0.0
D.Metcalf,SEA,2022,6,0,0,0.0,0,0.0,0.0
D.Metcalf,SEA,2022,7,0,0,0.0,0,0.0,0.0
D.Metcalf,SEA,2022,8,0,0,0.0,0,0.0,0.0
D.Metcalf,SEA,2022,9,0,0,0.0,0,0.0,0.0
D.Metcalf,SEA,2022,10,0,0,0.0,0,0.0,0.0
D.Metcalf,SEA,2022,12,0,0,0.0,0,0.0,0.0
D.Metcalf,SEA,2022,13,0,0,0.0,0,0.0,0.0
D.Metcalf,SEA,2022,14,0,0,0.0,0,0.0,0.0
D.Metcalf,SEA,2022,15,0,0,0.0,0,0.0,0.0
D.Metcalf,SEA,2022,16,0,0,0.0,0,0.0,0.0
D.Metcalf,SEA,2022,17,0,0,0.0,0,0.0,0.0
D.Metcalf,SEA,2022,18,0,0,0.0,0,0.0,0.0
D.Metcalf,SEA,2022,19,0,0,0.0,0,0.0,0.0
N.Fant,SEA,2022,1,0,0,0.0,0,0.0,0.0
N.Fant,SEA,2022,2,0,0,0.0,0,0.0,0.0
N.Fant,SEA,2022,3,0,0,0.0,0,0.0,0.0
N.Fant,SEA,2022,4,0,0,0.0,0,0.0,0.0
N.Fant,SEA,2022,5,0,0,0.0,0,0.0,0.0
N.Fant,SEA,2022,6,0,0,0.0,0,0.0,0.0
N.Fant,SEA,2022,7,0,0,0.0,0,0.0,0.0
N.Fant,SEA,2022,8,0,0,0.0,0,0.0,0.0
N.Fant,SEA,2022,9,0,0,0.0,0,0.0,0.0
N.Fant,SEA,2022,10,0,0,0.0,0,0.0,0.0
N.Fant,SEA,2022,12,0,0,0.0,0,0.0,0.0
N.Fant,SEA,2022,13,0,0,0.0,0,0.0,0.0
N.Fant,SEA,2022,14,0,0,0.0,0,0.0,0.0
N.Fant,SEA,2022,15,0,0,0.0,0,0.0,0.0
N.Fant,SEA,2022,16,0,0,0.0,0,0.0,0.0
N.Fant,SEA,2022,17,0,0,0.0,0,0.0,0.0
N.Fant,SEA,2022,18,0,0,0.0,0,0.0,0.0
N.Fant,SEA,2022,19,0,0,0.0,0,0.0,0.0
G.Olszewski,PIT,2022,2,0,0,0.0,0,0.0,0.0
G.Olszewski,PIT,2022,4,0,0,0.0,0,0.0,0.0
G.Olszewski,PIT,2022,10,0,0,0.0,0,0.0,0.0
G.Olszewski,PIT,2022,11,0,0,0.0,0,0.0,0.0
G.Olszewski,PIT,2022,12,0,0,0.0,0,0.0,0.0
G.Olszewski,PIT,2022,13,0,0,0.0,0,0.0,0.0
G.Olszewski,PIT,2022,14,0,0,0.0,0,0.0,0.0
G.Olszewski,PIT,2022,15,0,0,0.0,0,0.0,0.0
G.Olszewski,PIT,2022,17,0,0,0.0,0,0.0,0.0
G.Olszewski,PIT,2022,18,0,0,0.0,0,0.0,0.0
D.Harris,NE,2022,1,0,0,0.0,0,0.0,0.0
D.Harris,NE,2022,2,0,0,0.0,0,0.0,0.0
D.Harris,NE,2022,3,0,0,0.0,0,0.0,0.0
D.Harris,NE,2022,4,0,0,0.0,0,0.0,0.0
D.Harris,NE,2022,5,0,0,0.0,0,0.0,0.0
D.Harris,NE,2022,7,0,0,0.0,0,0.0,0.0
D.Harris,NE,2022,8,0,0,0.0,0,0.0,0.0
D.Harris,NE,2022,11,0,0,0.0,0,0.0,0.0
D.Harris,NE,2022,12,0,0,0.0,0,0.0,0.0
D.Harris,NE,2022,17,0,0,0.0,0,0.0,0.0
D.Harris,NE,2022,18,0,0,0.0,0,0.0,0.0
T.McLaurin,WAS,2022,1,0,0,0.0,0,0.0,0.0
T.McLaurin,WAS,2022,2,0,0,0.0,0,0.0,0.0
T.McLaurin,WAS,2022,3,0,0,0.0,0,0.0,0.0
T.McLaurin,WAS,2022,4,0,0,0.0,0,0.0,0.0
T.McLaurin,WAS,2022,5,0,0,0.0,0,0.0,0.0
T.McLaurin,WAS,2022,6,0,0,0.0,0,0.0,0.0
T.McLaurin,WAS,2022,7,0,0,0.0,0,0.0,0.0
T.McLaurin,WAS,2022,8,0,0,0.0,0,0.0,0.0
T.McLaurin,WAS,2022,9,0,0,0.0,0,0.0,0.0
T.McLaurin,WAS,2022,10,0,0,0.0,0,0.0,0.0
T.McLaurin,WAS,2022,11,0,0,0.0,0,0.0,0.0
T.McLaurin,WAS,2022,12,0,0,0.0,0,0.0,0.0
T.McLaurin,WAS,2022,13,0,0,0.0,0,0.0,0.0
T.McLaurin,WAS,2022,15,0,0,0.0,0,0.0,0.0
T.McLaurin,WAS,2022,16,0,0,0.0,0,0.0,0.0
T.McLaurin,WAS,2022,17,0,0,0.0,0,0.0,0.0
T.McLaurin,WAS,2022,18,0,0,0.0,0,0.0,0.0
M.Brown,ARI,2022,1,0,0,0.0,0,0.0,0.0
M.Brown,ARI,2022,2,0,0,0.0,0,0.0,0.0
M.Brown,ARI,2022,3,0,0,0.0,0,0.0,0.0
M.Brown,ARI,2022,4,0,0,0.0,0,0.0,0.0
M.Brown,ARI,2022,5,0,0,0.0,0,0.0,0.0
M.Brown,ARI,2022,6,0,0,0.0,0,0.0,0.0
M.Brown,ARI,2022,12,0,0,0.0,0,0.0,0.0
M.Brown,ARI,2022,14,0,0,0.0,0,0.0,0.0
M.Brown,ARI,2022,15,0,0,0.0,0,0.0,0.0
M.Brown,ARI,2022,16,0,0,0.0,0,0.0,0.0
M.Brown,ARI,2022,17,0,0,0.0,0,0.0,0.0
M.Brown,ARI,2022,18,0,0,0.0,0,0.0,0.0
D.Henderson,LA,2022,1,0,0,0.0,0,0.0,0.0
D.Henderson,LA,2022,2,0,0,0.0,0,0.0,0.0
D.Henderson,LA,2022,3,0,0,0.0,0,0.0,0.0
D.Henderson,LA,2022,4,0,0,0.0,0,0.0,0.0
D.Henderson,LA,2022,5,0,0,0.0,0,0.0,0.0
D.Henderson,LA,2022,6,0,0,0.0,0,0.0,0.0
D.Henderson,LA,2022,8,0,0,0.0,0,0.0,0.0
D.Henderson,LA,2022,9,0,0,0.0,0,0.0,0.0
D.Henderson,LA,2022,10,0,0,0.0,0,0.0,0.0
D.Henderson,LA,2022,11,0,0,0.0,0,0.0,0.0
A.Brown,PHI,2022,1,0,0,0.0,0,0.0,0.0
A.Brown,PHI,2022,2,0,0,0.0,0,0.0,0.0
A.Brown,PHI,2022,3,0,0,0.0,0,0.0,0.0
A.Brown,PHI,2022,4,0,0,0.0,0,0.0,0.0
A.Brown,PHI,2022,5,0,0,0.0,0,0.0,0.0
A.Brown,PHI,2022,6,0,0,0.0,0,0.0,0.0
A.Brown,PHI,2022,8,0,0,0.0,0,0.0,0.0
A.Brown,PHI,2022,9,0,0,0.0,0,0.0,0.0
A.Brown,PHI,2022,10,0,0,0.0,0,0.0,0.0
A.Brown,PHI,2022,11,0,0,0.0,0,0.0,0.0
A.Brown,PHI,2022,12,0,0,0.0,0,0.0,0.0
A.Brown,PHI,2022,13,0,0,0.0,0,0.0,0.0
A.Brown,PHI,2022,14,0,0,0.0,0,0.0,0.0
A.Brown,PHI,2022,15,0,0,0.0,0,0.0,0.0
A.Brown,PHI,2022,16,0,0,0.0,0,0.0,0.0
A.Brown,PHI,2022,17,0,0,0.0,0,0.0,0.0
A.Brown,PHI,2022,18,0,0,0.0,0,0.0,0.0
A.Brown,PHI,2022,20,0,0,0.0,0,0.0,0.0
A.Brown,PHI,2022,21,0,0,0.0,0,0.0,0.0
A.Brown,PHI,2022,22,0,0,0.0,0,0.0,0.0
D.Montgomery,CHI,2022,1,0,0,0.0,0,0.0,0.0
D.Montgomery,CHI,2022,2,0,0,0.0,0,0.0,0.0
D.Montgomery,CHI,2022,3,0,0,0.0,0,0.0,0.0
D.Montgomery,CHI,2022,5,0,0,0.0,0,0.0,0.0
D.Montgomery,CHI,2022,6,0,0,0.0,0,0.0,0.0
D.Montgomery,CHI,2022,7,0,0,0.0,0,0.0,0.0
D.Montgomery,CHI,2022,8,0,0,0.0,0,0.0,0.0
D.Montgomery,CHI,2022,9,0,0,0.0,0,0.0,0.0
D.Montgomery,CHI,2022,10,0,0,0.0,0,0.0,0.0
D.Montgomery,CHI,2022,11,0,0,0.0,0,0.0,0.0
D.Montgomery,CHI,2022,12,0,0,0.0,0,0.0,0.0
D.Montgomery,CHI,2022,13,0,0,0.0,0,0.0,0.0
D.Montgomery,CHI,2022,15,0,0,0.0,0,0.0,0.0
D.Montgomery,CHI,2022,16,0,0,0.0,0,0.0,0.0
D.Montgomery,CHI,2022,17,0,0,0.0,0,0.0,0.0
D.Montgomery,CHI,2022,18,0,0,0.0,0,0.0,0.0
D.Knox,BUF,2022,1,0,0,0.0,0,0.0,0.0
D.Knox,BUF,2022,2,0,0,0.0,0,0.0,0.0
D.Knox,BUF,2022,3,0,0,0.0,0,0.0,0.0
D.Knox,BUF,2022,4,0,0,0.0,0,0.0,0.0
D.Knox,BUF,2022,6,0,0,0.0,0,0.0,0.0
D.Knox,BUF,2022,8,0,0,0.0,0,0.0,0.0
D.Knox,BUF,2022,9,0,0,0.0,0,0.0,0.0
D.Knox,BUF,2022,10,0,0,0.0,0,0.0,0.0
D.Knox,BUF,2022,11,0,0,0.0,0,0.0,0.0
D.Knox,BUF,2022,12,0,0,0.0,0,0.0,0.0
D.Knox,BUF,2022,13,0,0,0.0,0,0.0,0.0
D.Knox,BUF,2022,14,0,0,0.0,0,0.0,0.0
D.Knox,BUF,2022,15,0,0,0.0,0,0.0,0.0
D.Knox,BUF,2022,16,0,0,0.0,0,0.0,0.0
D.Knox,BUF,2022,18,0,0,0.0,0,0.0,0.0
D.Knox,BUF,2022,19,0,0,0.0,0,0.0,0.0
D.Knox,BUF,2022,20,0,0,0.0,0,0.0,0.0
J.Jacobs,LV,2022,1,0,0,0.0,0,0.0,0.0
J.Jacobs,LV,2022,2,0,0,0.0,0,0.0,0.0
J.Jacobs,LV,2022,3,0,0,0.0,0,0.0,0.0
J.Jacobs,LV,2022,4,0,0,0.0,0,0.0,0.0
J.Jacobs,LV,2022,5,0,0,0.0,0,0.0,0.0
J.Jacobs,LV,2022,7,0,0,0.0,0,0.0,0.0
J.Jacobs,LV,2022,8,0,0,0.0,0,0.0,0.0
J.Jacobs,LV,2022,9,0,0,0.0,0,0.0,0.0
J.Jacobs,LV,2022,10,0,0,0.0,0,0.0,0.0
J.Jacobs,LV,2022,11,0,0,0.0,0,0.0,0.0
J.Jacobs,LV,2022,12,0,0,0.0,0,0.0,0.0
J.Jacobs,LV,2022,13,0,0,0.0,0,0.0,0.0
J.Jacobs,LV,2022,14,0,0,0.0,0,0.0,0.0
J.Jacobs,LV,2022,15,0,0,0.0,0,0.0,0.0
J.Jacobs,LV,2022,16,0,0,0.0,0,0.0,0.0
J.Jacobs,LV,2022,17,0,0,0.0,0,0.0,0.0
J.Jacobs,LV,2022,18,0,0,0.0,0,0.0,0.0
M.Boykin,PIT,2022,1,0,0,0.0,0,0.0,0.0
M.Boykin,PIT,2022,5,0,0,0.0,0,0.0,0.0
M.Boykin,PIT,2022,15,0,0,0.0,0,0.0,0.0
D.Jones,NYG,2022,1,17,21,188.0,2,1.0,5.0
D.Jones,NYG,2022,2,22,34,176.0,1,0.0,3.0
D.Jones,NYG,2022,3,20,37,196.0,0,1.0,5.0
D.Jones,NYG,2022,4,8,13,71.0,0,0.0,1.0
D.Jones,NYG,2022,5,21,27,217.0,0,0.0,1.0
D.Jones,NYG,2022,6,19,27,173.0,2,0.0,4.0
D.Jones,NYG,2022,7,19,30,202.0,1,0.0,1.0
D.Jones,NYG,2022,8,17,31,176.0,0,0.0,5.0
D.Jones,NYG,2022,10,13,17,197.0,2,0.0,3.0
D.Jones,NYG,2022,11,27,44,341.0,1,2.0,2.0
D.Jones,NYG,2022,12,21,35,228.0,1,0.0,3.0
D.Jones,NYG,2022,13,25,31,200.0,1,0.0,4.0
D.Jones,NYG,2022,14,18,27,169.0,1,0.0,4.0
D.Jones,NYG,2022,15,21,32,160.0,0,0.0,0.0
D.Jones,NYG,2022,16,30,42,334.0,1,1.0,3.0
D.Jones,NYG,2022,17,19,24,177.0,2,0.0,0.0
D.Jones,NYG,2022,19,24,35,301.0,2,0.0,3.0
D.Jones,NYG,2022,20,15,27,135.0,0,1.0,5.0
D.Samuel,SF,2022,1,0,0,0.0,0,0.0,0.0
D.Samuel,SF,2022,2,0,0,0.0,0,0.0,0.0
D.Samuel,SF,2022,3,0,0,0.0,0,0.0,0.0
D.Samuel,SF,2022,4,0,0,0.0,0,0.0,0.0
D.Samuel,SF,2022,5,0,0,0.0,0,0.0,0.0
D.Samuel,SF,2022,6,0,0,0.0,0,0.0,0.0
D.Samuel,SF,2022,7,0,0,0.0,0,0.0,0.0
D.Samuel,SF,2022,10,0,0,0.0,0,0.0,0.0
D.Samuel,SF,2022,11,0,0,0.0,0,0.0,0.0
D.Samuel,SF,2022,12,0,0,0.0,0,0.0,0.0
D.Samuel,SF,2022,13,0,0,0.0,0,0.0,0.0
D.Samuel,SF,2022,14,0,0,0.0,0,0.0,0.0
D.Samuel,SF,2022,18,0,0,0.0,0,0.0,0.0
D.Samuel,SF,2022,19,0,0,0.0,0,0.0,0.0
D.Samuel,SF,2022,20,0,0,0.0,0,0.0,0.0
D.Samuel,SF,2022,21,0,0,0.0,0,0.0,0.0
J.Johnson,LV,2022,1,0,0,0.0,0,0.0,0.0
J.Johnson,LV,2022,5,0,0,0.0,0,0.0,0.0
J.Johnson,LV,2022,11,0,0,0.0,0,0.0,0.0
J.Johnson,LV,2022,12,0,0,0.0,0,0.0,0.0
J.Johnson,LV,2022,14,0,0,0.0,0,0.0,0.0
J.Johnson,LV,2022,18,0,0,0.0,0,0.0,0.0
C.Streveler,NYJ,2022,16,10,15,90.0,0,0.0,0.0
M.Wilcox,CIN,2022,2,0,0,0.0,0,0.0,0.0
M.Wilcox,CIN,2022,3,0,0,0.0,0,0.0,0.0
M.Wilcox,CIN,2022,4,0,0,0.0,0,0.0,0.0
M.Wilcox,CIN,2022,7,0,0,0.0,0,0.0,0.0
M.Wilcox,CIN,2022,8,0,0,0.0,0,0.0,0.0
M.Wilcox,CIN,2022,13,0,0,0.0,0,0.0,0.0
M.Wilcox,CIN,2022,14,0,0,0.0,0,0.0,0.0
M.Wilcox,CIN,2022,15,0,0,0.0,0,0.0,0.0
M.Wilcox,CIN,2022,16,0,0,0.0,0,0.0,0.0
M.Wilcox,CIN,2022,20,0,0,0.0,0,0.0,0.0
M.Wilcox,CIN,2022,21,0,0,0.0,0,0.0,0.0
J.Hasty,JAX,2022,3,0,0,0.0,0,0.0,0.0
J.Hasty,JAX,2022,4,0,0,0.0,0,0.0,0.0
J.Hasty,JAX,2022,5,0,0,0.0,0,0.0,0.0
J.Hasty,JAX,2022,6,0,0,0.0,0,0.0,0.0
J.Hasty,JAX,2022,7,0,0,0.0,0,0.0,0.0
J.Hasty,JAX,2022,8,0,0,0.0,0,0.0,0.0
J.Hasty,JAX,2022,9,0,0,0.0,0,0.0,0.0
J.Hasty,JAX,2022,10,0,0,0.0,0,0.0,0.0
J.Hasty,JAX,2022,12,0,0,0.0,0,0.0,0.0
J.Hasty,JAX,2022,14,0,0,0.0,0,0.0,0.0
J.Hasty,JAX,2022,15,0,0,0.0,0,0.0,0.0
J.Hasty,JAX,2022,16,0,0,0.0,0,0.0,0.0
J.Hasty,JAX,2022,17,0,0,0.0,0,0.0,0.0
J.Hasty,JAX,2022,18,0,0,0.0,0,0.0,0.0
J.Hasty,JAX,2022,20,0,0,0.0,0,0.0,0.0
B.Ellefson,MIN,2022,1,0,0,0.0,0,0.0,0.0
B.Ellefson,MIN,2022,3,0,0,0.0,0,0.0,0.0
J.Robinson,JAX,2022,1,0,0,0.0,0,0.0,0.0
J.Robinson,JAX,2022,2,0,0,0.0,0,0.0,0.0
J.Robinson,JAX,2022,3,0,0,0.0,0,0.0,0.0
J.Robinson,JAX,2022,4,0,0,0.0,0,0.0,0.0
J.Robinson,JAX,2022,5,0,0,0.0,0,0.0,0.0
J.Robinson,JAX,2022,6,0,0,0.0,0,0.0,0.0
J.Robinson,JAX,2022,7,0,0,0.0,0,0.0,0.0
J.Robinson,NYJ,2022,8,0,0,0.0,0,0.0,0.0
J.Robinson,NYJ,2022,9,0,0,0.0,0,0.0,0.0
J.Robinson,NYJ,2022,11,0,0,0.0,0,0.0,0.0
J.Robinson,NYJ,2022,13,0,0,0.0,0,0.0,0.0
T.Jones,NO,2022,2,0,0,0.0,0,0.0,0.0
T.Jones,SEA,2022,13,0,0,0.0,0,0.0,0.0
T.Jones,SEA,2022,14,0,0,0.0,0,0.0,0.0
K.Hinton,DEN,2022,2,0,0,0.0,0,0.0,0.0
K.Hinton,DEN,2022,3,0,0,0.0,0,0.0,0.0
K.Hinton,DEN,2022,4,0,0,0.0,0,0.0,0.0
K.Hinton,DEN,2022,6,0,0,0.0,0,0.0,0.0
K.Hinton,DEN,2022,7,0,0,0.0,0,0.0,0.0
K.Hinton,DEN,2022,10,0,0,0.0,0,0.0,0.0
K.Hinton,DEN,2022,11,0,0,0.0,0,0.0,0.0
K.Hinton,DEN,2022,12,0,0,0.0,0,0.0,0.0
K.Hinton,DEN,2022,13,0,0,0.0,0,0.0,0.0
K.Hinton,DEN,2022,14,0,0,0.0,0,0.0,0.0
K.Hinton,DEN,2022,17,0,0,0.0,0,0.0,0.0
A.Baccellia,ARI,2022,2,0,0,0.0,0,0.0,0.0
A.Baccellia,ARI,2022,3,0,0,0.0,0,0.0,0.0
A.Baccellia,ARI,2022,12,0,0,0.0,0,0.0,0.0
A.Baccellia,ARI,2022,17,0,0,0.0,0,0.0,0.0
A.Baccellia,ARI,2022,18,0,0,0.0,0,0.0,0.0
T.Townsend,KC,2022,3,0,1,0.0,0,0.0,0.0
C.White,PIT,2022,12,0,0,0.0,0,0.0,0.0
J.Ward,TEN,2022,17,0,0,0.0,0,0.0,0.0
J.Ward,TEN,2022,18,0,0,0.0,0,0.0,0.0
B.Perkins,LA,2022,10,1,1,-3.0,0,0.0,0.0
B.Perkins,LA,2022,11,5,10,64.0,0,0.0,3.0
B.Perkins,LA,2022,12,13,23,100.0,1,2.0,3.0
B.Perkins,LA,2022,13,0,0,0.0,0,0.0,0.0
B.Perkins,LA,2022,16,0,0,0.0,0,0.0,0.0
G.Ricci,CAR,2022,2,0,0,0.0,0,0.0,0.0
G.Ricci,CAR,2022,3,0,0,0.0,0,0.0,0.0
G.Ricci,CAR,2022,5,0,0,0.0,0,0.0,0.0
G.Ricci,CAR,2022,9,0,0,0.0,0,0.0,0.0
G.Ricci,CAR,2022,10,0,0,0.0,0,0.0,0.0
G.Ricci,CAR,2022,17,0,0,0.0,0,0.0,0.0
P.Taylor,GB,2022,13,0,0,0.0,0,0.0,0.0
P.Taylor,GB,2022,15,0,0,0.0,0,0.0,0.0
P.Taylor,GB,2022,16,0,0,0.0,0,0.0,0.0
P.Taylor,GB,2022,17,0,0,0.0,0,0.0,0.0
T.Huntley,BAL,2022,13,27,32,187.0,0,1.0,2.0
T.Huntley,BAL,2022,14,8,12,88.0,0,0.0,1.0
T.Huntley,BAL,2022,15,17,30,138.0,0,1.0,3.0
T.Huntley,BAL,2022,16,9,17,115.0,1,0.0,0.0
T.Huntley,BAL,2022,17,14,21,130.0,1,1.0,1.0
T.Huntley,BAL,2022,19,17,29,226.0,2,1.0,2.0
N.Togiai,PHI,2022,1,0,0,0.0,0,0.0,0.0
S.Ahmed,MIA,2022,8,0,0,0.0,0,0.0,0.0
S.Ahmed,MIA,2022,10,0,0,0.0,0,0.0,0.0
S.Ahmed,MIA,2022,14,0,0,0.0,0,0.0,0.0
S.Ahmed,MIA,2022,15,0,0,0.0,0,0.0,0.0
S.Ahmed,MIA,2022,17,0,0,0.0,0,0.0,0.0
S.Ahmed,MIA,2022,18,0,0,0.0,0,0.0,0.0
S.Ahmed,MIA,2022,19,0,0,0.0,0,0.0,0.0
S.McKeon,DAL,2022,6,0,0,0.0,0,0.0,0.0
S.McKeon,DAL,2022,10,0,0,0.0,0,0.0,0.0
J.Johnson,NO,2022,1,0,0,0.0,0,0.0,0.0
J.Johnson,NO,2022,2,0,0,0.0,0,0.0,0.0
J.Johnson,NO,2022,3,0,0,0.0,0,0.0,0.0
J.Johnson,NO,2022,4,0,0,0.0,0,0.0,0.0
J.Johnson,NO,2022,5,0,0,0.0,0,0.0,0.0
J.Johnson,NO,2022,6,0,0,0.0,0,0.0,0.0
J.Johnson,NO,2022,7,0,0,0.0,0,0.0,0.0
J.Johnson,NO,2022,8,0,0,0.0,0,0.0,0.0
J.Johnson,NO,2022,9,0,0,0.0,0,0.0,0.0
J.Johnson,NO,2022,10,0,0,0.0,0,0.0,0.0
J.Johnson,NO,2022,11,0,0,0.0,0,0.0,0.0
J.Johnson,NO,2022,12,0,0,0.0,0,0.0,0.0
J.Johnson,NO,2022,15,0,0,0.0,0,0.0,0.0
J.Johnson,NO,2022,16,0,0,0.0,0,0.0,0.0
J.Johnson,NO,2022,17,0,0,0.0,0,0.0,0.0
J.Johnson,NO,2022,18,0,0,0.0,0,0.0,0.0
T.Mabry,SEA,2022,17,0,0,0.0,0,0.0,0.0
J.Taylor,NE,2022,9,0,0,0.0,0,0.0,0.0
J.Proche,BAL,2022,5,0,0,0.0,0,0.0,0.0
J.Proche,BAL,2022,8,0,0,0.0,0,0.0,0.0
J.Proche,BAL,2022,9,0,0,0.0,0,0.0,0.0
J.Proche,BAL,2022,11,0,0,0.0,0,0.0,0.0
J.Proche,BAL,2022,13,0,1,0.0,0,1.0,0.0
J.Proche,BAL,2022,15,0,0,0.0,0,0.0,0.0
J.Proche,BAL,2022,18,0,0,0.0,0,0.0,0.0
L.Cager,NYJ,2022,1,0,0,0.0,0,0.0,0.0
L.Cager,NYG,2022,8,0,0,0.0,0,0.0,0.0
L.Cager,NYG,2022,10,0,0,0.0,0,0.0,0.0
L.Cager,NYG,2022,11,0,0,0.0,0,0.0,0.0
L.Cager,NYG,2022,12,0,0,0.0,0,0.0,0.0
L.Cager,NYG,2022,18,0,0,0.0,0,0.0,1.0
L.Cager,NYG,2022,19,0,0,0.0,0,0.0,0.0
L.Cager,NYG,2022,20,0,0,0.0,0,0.0,0.0
J.Dobbins,BAL,2022,3,0,0,0.0,0,0.0,0.0
J.Dobbins,BAL,2022,4,0,0,0.0,0,0.0,0.0
J.Dobbins,BAL,2022,5,0,0,0.0,0,0.0,0.0
J.Dobbins,BAL,2022,6,0,0,0.0,0,0.0,0.0
J.Dobbins,BAL,2022,14,0,0,0.0,0,0.0,0.0
J.Dobbins,BAL,2022,15,0,0,0.0,0,0.0,0.0
J.Dobbins,BAL,2022,16,0,0,0.0,0,0.0,0.0
J.Dobbins,BAL,2022,17,0,0,0.0,0,0.0,0.0
J.Dobbins,BAL,2022,19,0,0,0.0,0,0.0,0.0
I.Hodgins,BUF,2022,5,0,0,0.0,0,0.0,0.0
I.Hodgins,NYG,2022,10,0,0,0.0,0,0.0,0.0
I.Hodgins,NYG,2022,11,0,0,0.0,0,0.0,0.0
I.Hodgins,NYG,2022,12,0,0,0.0,0,0.0,0.0
I.Hodgins,NYG,2022,13,0,0,0.0,0,0.0,0.0
I.Hodgins,NYG,2022,14,0,0,0.0,0,0.0,0.0
I.Hodgins,NYG,2022,15,0,0,0.0,0,0.0,0.0
I.Hodgins,NYG,2022,16,0,0,0.0,0,0.0,0.0
I.Hodgins,NYG,2022,17,0,0,0.0,0,0.0,0.0
I.Hodgins,NYG,2022,19,0,0,0.0,0,0.0,0.0
I.Hodgins,NYG,2022,20,0,0,0.0,0,0.0,0.0
M.Kinsey,TEN,2022,7,0,0,0.0,0,0.0,0.0
N.Westbrook-Ikhine,TEN,2022,1,0,0,0.0,0,0.0,0.0
N.Westbrook-Ikhine,TEN,2022,2,0,0,0.0,0,0.0,0.0
N.Westbrook-Ikhine,TEN,2022,3,0,0,0.0,0,0.0,0.0
N.Westbrook-Ikhine,TEN,2022,5,0,0,0.0,0,0.0,0.0
N.Westbrook-Ikhine,TEN,2022,7,0,0,0.0,0,0.0,0.0
N.Westbrook-Ikhine,TEN,2022,9,0,0,0.0,0,0.0,0.0
N.Westbrook-Ikhine,TEN,2022,10,0,0,0.0,0,0.0,0.0
N.Westbrook-Ikhine,TEN,2022,11,0,0,0.0,0,0.0,0.0
N.Westbrook-Ikhine,TEN,2022,12,0,0,0.0,0,0.0,0.0
N.Westbrook-Ikhine,TEN,2022,13,0,0,0.0,0,0.0,0.0
N.Westbrook-Ikhine,TEN,2022,14,0,0,0.0,0,0.0,0.0
N.Westbrook-Ikhine,TEN,2022,15,0,0,0.0,0,0.0,0.0
N.Westbrook-Ikhine,TEN,2022,16,0,0,0.0,0,0.0,0.0
N.Westbrook-Ikhine,TEN,2022,17,0,0,0.0,0,0.0,0.0
N.Westbrook-Ikhine,TEN,2022,18,0,0,0.0,0,0.0,0.0
R.Gilliam,BUF,2022,2,0,0,0.0,0,0.0,0.0
R.Gilliam,BUF,2022,3,0,0,0.0,0,0.0,0.0
R.Gilliam,BUF,2022,6,0,0,0.0,0,0.0,0.0
R.Gilliam,BUF,2022,16,0,0,0.0,0,0.0,0.0
D.Asiasi,CIN,2022,4,0,0,0.0,0,0.0,0.0
D.Asiasi,CIN,2022,9,0,0,0.0,0,0.0,0.0
D.Asiasi,CIN,2022,16,0,0,0.0,0,0.0,0.0
G.Davis,BUF,2022,1,0,0,0.0,0,0.0,0.0
G.Davis,BUF,2022,3,0,0,0.0,0,0.0,0.0
G.Davis,BUF,2022,4,0,0,0.0,0,0.0,0.0
G.Davis,BUF,2022,5,0,0,0.0,0,0.0,0.0
G.Davis,BUF,2022,6,0,0,0.0,0,0.0,0.0
G.Davis,BUF,2022,8,0,0,0.0,0,0.0,0.0
G.Davis,BUF,2022,9,0,0,0.0,0,0.0,0.0
G.Davis,BUF,2022,10,0,0,0.0,0,0.0,0.0
G.Davis,BUF,2022,11,0,0,0.0,0,0.0,0.0
G.Davis,BUF,2022,12,0,0,0.0,0,0.0,0.0
G.Davis,BUF,2022,13,0,0,0.0,0,0.0,0.0
G.Davis,BUF,2022,14,0,0,0.0,0,0.0,0.0
G.Davis,BUF,2022,15,0,0,0.0,0,0.0,0.0
G.Davis,BUF,2022,16,0,0,0.0,0,0.0,0.0
G.Davis,BUF,2022,18,0,0,0.0,0,0.0,0.0
G.Davis,BUF,2022,19,0,0,0.0,0,0.0,0.0
G.Davis,BUF,2022,20,0,0,0.0,0,0.0,0.0
T.Tagovailoa,MIA,2022,1,23,33,270.0,1,0.0,3.0
T.Tagovailoa,MIA,2022,2,36,50,469.0,6,2.0,1.0
T.Tagovailoa,MIA,2022,3,13,18,186.0,1,0.0,1.0
T.Tagovailoa,MIA,2022,4,8,14,110.0,0,1.0,1.0
T.Tagovailoa,MIA,2022,7,21,35,261.0,1,0.0,0.0
T.Tagovailoa,MIA,2022,8,29,36,382.0,3,0.0,2.0
T.Tagovailoa,MIA,2022,9,21,30,302.0,3,0.0,0.0
T.Tagovailoa,MIA,2022,10,25,32,285.0,3,0.0,0.0
T.Tagovailoa,MIA,2022,12,22,36,299.0,1,0.0,4.0
T.Tagovailoa,MIA,2022,13,18,33,295.0,2,2.0,3.0
T.Tagovailoa,MIA,2022,14,10,28,145.0,1,0.0,2.0
T.Tagovailoa,MIA,2022,15,17,30,234.0,2,0.0,2.0
T.Tagovailoa,MIA,2022,16,16,25,310.0,1,3.0,2.0
M.Callaway,NO,2022,3,0,0,0.0,0,0.0,0.0
M.Callaway,NO,2022,4,0,0,0.0,0,0.0,0.0
M.Callaway,NO,2022,5,0,0,0.0,0,0.0,0.0
M.Callaway,NO,2022,6,0,0,0.0,0,0.0,0.0
M.Callaway,NO,2022,7,0,0,0.0,0,0.0,0.0
M.Callaway,NO,2022,8,0,0,0.0,0,0.0,0.0
M.Callaway,NO,2022,9,0,0,0.0,0,0.0,0.0
M.Callaway,NO,2022,11,0,0,0.0,0,0.0,0.0
M.Callaway,NO,2022,13,0,0,0.0,0,0.0,0.0
M.Callaway,NO,2022,18,0,0,0.0,0,0.0,0.0
J.Taylor,IND,2022,1,0,0,0.0,0,0.0,0.0
J.Taylor,IND,2022,2,0,0,0.0,0,0.0,0.0
J.Taylor,IND,2022,3,0,0,0.0,0,0.0,0.0
J.Taylor,IND,2022,4,0,0,0.0,0,0.0,0.0
J.Taylor,IND,2022,7,0,0,0.0,0,0.0,0.0
J.Taylor,IND,2022,8,0,0,0.0,0,0.0,0.0
J.Taylor,IND,2022,10,0,0,0.0,0,0.0,0.0
J.Taylor,IND,2022,11,0,0,0.0,0,0.0,0.0
J.Taylor,IND,2022,12,0,0,0.0,0,0.0,0.0
J.Taylor,IND,2022,13,0,0,0.0,0,0.0,0.0
J.Taylor,IND,2022,15,0,0,0.0,0,0.0,0.0
J.Eason,CAR,2022,6,3,5,59.0,0,1.0,0.0
D.Patmon,IND,2022,2,0,0,0.0,0,0.0,0.0
H.Bryant,CLE,2022,1,0,0,0.0,0,0.0,0.0
H.Bryant,CLE,2022,2,0,0,0.0,0,0.0,0.0
H.Bryant,CLE,2022,4,0,0,0.0,0,0.0,0.0
H.Bryant,CLE,2022,5,0,0,0.0,0,0.0,0.0
H.Bryant,CLE,2022,6,0,0,0.0,0,0.0,0.0
H.Bryant,CLE,2022,7,0,0,0.0,0,0.0,0.0
H.Bryant,CLE,2022,10,0,0,0.0,0,0.0,0.0
H.Bryant,CLE,2022,11,0,0,0.0,0,0.0,0.0
H.Bryant,CLE,2022,12,0,0,0.0,0,0.0,0.0
H.Bryant,CLE,2022,13,0,0,0.0,0,0.0,0.0
H.Bryant,CLE,2022,14,0,0,0.0,0,0.0,0.0
H.Bryant,CLE,2022,15,0,0,0.0,0,0.0,0.0
H.Bryant,CLE,2022,17,0,0,0.0,0,0.0,0.0
H.Bryant,CLE,2022,18,0,0,0.0,0,0.0,0.0
D.Peoples-Jones,CLE,2022,1,0,0,0.0,0,0.0,0.0
D.Peoples-Jones,CLE,2022,2,0,0,0.0,0,0.0,0.0
D.Peoples-Jones,CLE,2022,3,0,0,0.0,0,0.0,0.0
D.Peoples-Jones,CLE,2022,4,0,0,0.0,0,0.0,0.0
D.Peoples-Jones,CLE,2022,5,0,0,0.0,0,0.0,0.0
D.Peoples-Jones,CLE,2022,6,0,0,0.0,0,0.0,0.0
D.Peoples-Jones,CLE,2022,7,0,0,0.0,0,0.0,0.0
D.Peoples-Jones,CLE,2022,8,0,0,0.0,0,0.0,0.0
D.Peoples-Jones,CLE,2022,10,0,0,0.0,0,0.0,0.0
D.Peoples-Jones,CLE,2022,11,0,0,0.0,0,0.0,0.0
D.Peoples-Jones,CLE,2022,12,0,0,0.0,0,0.0,0.0
D.Peoples-Jones,CLE,2022,13,0,0,0.0,0,0.0,0.0
D.Peoples-Jones,CLE,2022,14,0,0,0.0,0,0.0,0.0
D.Peoples-Jones,CLE,2022,15,0,0,0.0,0,0.0,0.0
D.Peoples-Jones,CLE,2022,16,0,0,0.0,0,0.0,0.0
D.Peoples-Jones,CLE,2022,17,0,0,0.0,0,0.0,0.0
D.Peoples-Jones,CLE,2022,18,0,0,0.0,0,0.0,0.0
C.Parkinson,SEA,2022,1,0,0,0.0,0,0.0,0.0
C.Parkinson,SEA,2022,3,0,0,0.0,0,0.0,0.0
C.Parkinson,SEA,2022,4,0,0,0.0,0,0.0,0.0
C.Parkinson,SEA,2022,6,0,0,0.0,0,0.0,0.0
C.Parkinson,SEA,2022,7,0,0,0.0,0,0.0,0.0
C.Parkinson,SEA,2022,8,0,0,0.0,0,0.0,0.0
C.Parkinson,SEA,2022,9,0,0,0.0,0,0.0,0.0
C.Parkinson,SEA,2022,10,0,0,0.0,0,0.0,0.0
C.Parkinson,SEA,2022,13,0,0,0.0,0,0.0,0.0
C.Parkinson,SEA,2022,14,0,0,0.0,0,0.0,0.0
C.Parkinson,SEA,2022,15,0,0,0.0,0,0.0,0.0
C.Parkinson,SEA,2022,16,0,0,0.0,0,0.0,0.0
C.Parkinson,SEA,2022,17,0,0,0.0,0,0.0,0.0
C.Parkinson,SEA,2022,18,0,0,0.0,0,0.0,0.0
C.Parkinson,SEA,2022,19,0,0,0.0,0,0.0,0.0
F.Swain,DEN,2022,15,0,0,0.0,0,0.0,0.0
F.Swain,DEN,2022,16,0,0,0.0,0,0.0,0.0
F.Swain,DEN,2022,18,0,0,0.0,0,0.0,0.0
T.Davis,GB,2022,1,0,0,0.0,0,0.0,0.0
T.Davis,GB,2022,2,0,0,0.0,0,0.0,0.0
T.Davis,GB,2022,3,0,0,0.0,0,0.0,0.0
T.Davis,GB,2022,5,0,0,0.0,0,0.0,0.0
T.Davis,GB,2022,12,0,0,0.0,0,0.0,0.0
Z.Moss,BUF,2022,1,0,0,0.0,0,0.0,0.0
Z.Moss,BUF,2022,2,0,0,0.0,0,0.0,0.0
Z.Moss,BUF,2022,3,0,0,0.0,0,0.0,0.0
Z.Moss,BUF,2022,4,0,0,0.0,0,0.0,0.0
Z.Moss,BUF,2022,5,0,0,0.0,0,0.0,0.0
Z.Moss,IND,2022,10,0,0,0.0,0,0.0,0.0
Z.Moss,IND,2022,11,0,0,0.0,0,0.0,0.0
Z.Moss,IND,2022,12,0,0,0.0,0,0.0,0.0
Z.Moss,IND,2022,13,0,0,0.0,0,0.0,0.0
Z.Moss,IND,2022,15,0,0,0.0,0,0.0,0.0
Z.Moss,IND,2022,16,0,0,0.0,0,0.0,0.0
Z.Moss,IND,2022,17,0,0,0.0,0,0.0,0.0
Z.Moss,IND,2022,18,0,0,0.0,0,0.0,0.0
M.Pittman,IND,2022,1,0,0,0.0,0,0.0,0.0
M.Pittman,IND,2022,3,0,0,0.0,0,0.0,0.0
M.Pittman,IND,2022,4,0,0,0.0,0,0.0,0.0
M.Pittman,IND,2022,5,0,0,0.0,0,0.0,0.0
M.Pittman,IND,2022,6,0,0,0.0,0,0.0,0.0
M.Pittman,IND,2022,7,0,0,0.0,0,0.0,0.0
M.Pittman,IND,2022,8,0,0,0.0,0,0.0,0.0
M.Pittman,IND,2022,9,0,0,0.0,0,0.0,0.0
M.Pittman,IND,2022,10,0,0,0.0,0,0.0,0.0
M.Pittman,IND,2022,11,0,0,0.0,0,0.0,0.0
M.Pittman,IND,2022,12,0,0,0.0,0,0.0,0.0
M.Pittman,IND,2022,13,0,0,0.0,0,0.0,0.0
M.Pittman,IND,2022,15,0,0,0.0,0,0.0,0.0
M.Pittman,IND,2022,16,0,0,0.0,0,0.0,0.0
M.Pittman,IND,2022,17,0,0,0.0,0,0.0,0.0
M.Pittman,IND,2022,18,0,0,0.0,0,0.0,0.0
D.Mims,NYJ,2022,7,0,0,0.0,0,0.0,0.0
D.Mims,NYJ,2022,8,0,0,0.0,0,0.0,0.0
D.Mims,NYJ,2022,9,0,0,0.0,0,0.0,0.0
D.Mims,NYJ,2022,11,0,0,0.0,0,0.0,0.0
D.Mims,NYJ,2022,12,0,0,0.0,0,0.0,0.0
D.Mims,NYJ,2022,13,0,0,0.0,0,0.0,0.0
D.Mims,NYJ,2022,14,0,0,0.0,0,0.0,0.0
D.Mims,NYJ,2022,15,0,0,0.0,0,0.0,0.0
D.Mims,NYJ,2022,17,0,0,0.0,0,0.0,0.0
J.Jennings,SF,2022,1,0,0,0.0,0,0.0,0.0
J.Jennings,SF,2022,2,0,0,0.0,0,0.0,0.0
J.Jennings,SF,2022,3,0,0,0.0,0,0.0,0.0
J.Jennings,SF,2022,4,0,0,0.0,0,0.0,0.0
J.Jennings,SF,2022,5,0,0,0.0,0,0.0,0.0
J.Jennings,SF,2022,6,0,0,0.0,0,0.0,0.0
J.Jennings,SF,2022,7,0,0,0.0,0,0.0,0.0
J.Jennings,SF,2022,10,0,0,0.0,0,0.0,0.0
J.Jennings,SF,2022,11,0,0,0.0,0,0.0,0.0
J.Jennings,SF,2022,12,0,0,0.0,0,0.0,0.0
J.Jennings,SF,2022,13,0,0,0.0,0,0.0,0.0
J.Jennings,SF,2022,14,0,0,0.0,0,0.0,0.0
J.Jennings,SF,2022,15,0,0,0.0,0,0.0,0.0
J.Jennings,SF,2022,16,0,0,0.0,0,0.0,0.0
J.Jennings,SF,2022,17,0,0,0.0,0,0.0,0.0
J.Jennings,SF,2022,18,0,0,0.0,0,0.0,0.0
J.Jennings,SF,2022,19,0,0,0.0,0,0.0,0.0
J.Jennings,SF,2022,20,0,0,0.0,0,0.0,0.0
B.Aiyuk,SF,2022,1,0,0,0.0,0,0.0,0.0
B.Aiyuk,SF,2022,2,0,0,0.0,0,0.0,0.0
B.Aiyuk,SF,2022,3,0,0,0.0,0,0.0,0.0
B.Aiyuk,SF,2022,4,0,0,0.0,0,0.0,0.0
B.Aiyuk,SF,2022,5,0,0,0.0,0,0.0,0.0
B.Aiyuk,SF,2022,6,0,0,0.0,0,0.0,0.0
B.Aiyuk,SF,2022,7,0,0,0.0,0,0.0,0.0
B.Aiyuk,SF,2022,8,0,0,0.0,0,0.0,0.0
B.Aiyuk,SF,2022,10,0,0,0.0,0,0.0,0.0
B.Aiyuk,SF,2022,11,0,0,0.0,0,0.0,0.0
B.Aiyuk,SF,2022,12,0,0,0.0,0,0.0,0.0
B.Aiyuk,SF,2022,13,0,0,0.0,0,0.0,0.0
B.Aiyuk,SF,2022,14,0,0,0.0,0,0.0,0.0
B.Aiyuk,SF,2022,15,0,0,0.0,0,0.0,0.0
B.Aiyuk,SF,2022,16,0,0,0.0,0,0.0,0.0
B.Aiyuk,SF,2022,17,0,0,0.0,0,0.0,0.0
B.Aiyuk,SF,2022,18,0,0,0.0,0,0.0,0.0
B.Aiyuk,SF,2022,19,0,0,0.0,0,0.0,0.0
B.Aiyuk,SF,2022,20,0,0,0.0,0,0.0,0.0
B.Aiyuk,SF,2022,21,0,0,0.0,0,0.0,0.0
J.Love,GB,2022,1,4,5,65.0,0,0.0,0.0
J.Love,GB,2022,6,2,4,8.0,0,0.0,0.0
J.Love,GB,2022,12,6,9,113.0,1,0.0,0.0
J.Love,GB,2022,17,2,3,9.0,0,0.0,0.0
A.Dillon,GB,2022,1,0,0,0.0,0,0.0,0.0
A.Dillon,GB,2022,2,0,0,0.0,0,0.0,0.0
A.Dillon,GB,2022,3,0,0,0.0,0,0.0,0.0
A.Dillon,GB,2022,4,0,0,0.0,0,0.0,0.0
A.Dillon,GB,2022,5,0,0,0.0,0,0.0,0.0
A.Dillon,GB,2022,6,0,0,0.0,0,0.0,0.0
A.Dillon,GB,2022,7,0,0,0.0,0,0.0,0.0
A.Dillon,GB,2022,8,0,0,0.0,0,0.0,0.0
A.Dillon,GB,2022,9,0,0,0.0,0,0.0,0.0
A.Dillon,GB,2022,10,0,0,0.0,0,0.0,0.0
A.Dillon,GB,2022,11,0,0,0.0,0,0.0,0.0
A.Dillon,GB,2022,12,0,0,0.0,0,0.0,0.0
A.Dillon,GB,2022,13,0,0,0.0,0,0.0,0.0
A.Dillon,GB,2022,15,0,0,0.0,0,0.0,0.0
A.Dillon,GB,2022,16,0,0,0.0,0,0.0,0.0
A.Dillon,GB,2022,17,0,0,0.0,0,0.0,0.0
A.Dillon,GB,2022,18,0,0,0.0,0,0.0,0.0
L.Shenault,CAR,2022,3,0,0,0.0,0,0.0,0.0
L.Shenault,CAR,2022,4,0,0,0.0,0,0.0,0.0
L.Shenault,CAR,2022,7,0,0,0.0,0,0.0,0.0
L.Shenault,CAR,2022,8,0,0,0.0,0,0.0,0.0
L.Shenault,CAR,2022,9,0,0,0.0,0,0.0,0.0
L.Shenault,CAR,2022,10,0,0,0.0,0,0.0,0.0
L.Shenault,CAR,2022,11,0,0,0.0,0,0.0,0.0
L.Shenault,CAR,2022,12,0,0,0.0,0,0.0,0.0
L.Shenault,CAR,2022,14,0,0,0.0,0,0.0,0.0
L.Shenault,CAR,2022,15,0,0,0.0,0,0.0,0.0
L.Shenault,CAR,2022,16,0,0,0.0,0,0.0,0.0
L.Shenault,CAR,2022,17,0,0,0.0,0,0.0,0.0
L.Shenault,CAR,2022,18,0,0,0.0,0,0.0,0.0
Q.Watkins,PHI,2022,2,0,0,0.0,0,0.0,0.0
Q.Watkins,PHI,2022,3,0,0,0.0,0,0.0,0.0
Q.Watkins,PHI,2022,4,0,0,0.0,0,0.0,0.0
Q.Watkins,PHI,2022,5,0,0,0.0,0,0.0,0.0
Q.Watkins,PHI,2022,6,0,0,0.0,0,0.0,0.0
Q.Watkins,PHI,2022,8,0,0,0.0,0,0.0,0.0
Q.Watkins,PHI,2022,9,0,0,0.0,0,0.0,0.0
Q.Watkins,PHI,2022,10,0,0,0.0,0,0.0,0.0
Q.Watkins,PHI,2022,11,0,0,0.0,0,0.0,0.0
Q.Watkins,PHI,2022,12,0,0,0.0,0,0.0,0.0
Q.Watkins,PHI,2022,13,0,0,0.0,0,0.0,0.0
Q.Watkins,PHI,2022,14,0,0,0.0,0,0.0,0.0
Q.Watkins,PHI,2022,15,0,0,0.0,0,0.0,0.0
Q.Watkins,PHI,2022,16,0,0,0.0,0,0.0,0.0
Q.Watkins,PHI,2022,17,0,0,0.0,0,0.0,0.0
Q.Watkins,PHI,2022,18,0,0,0.0,0,0.0,0.0
Q.Watkins,PHI,2022,21,0,0,0.0,0,0.0,0.0
Q.Watkins,PHI,2022,22,0,0,0.0,0,0.0,0.0
D.Swift,DET,2022,1,0,0,0.0,0,0.0,0.0
D.Swift,DET,2022,2,0,0,0.0,0,0.0,0.0
D.Swift,DET,2022,3,0,0,0.0,0,0.0,0.0
D.Swift,DET,2022,8,0,0,0.0,0,0.0,0.0
D.Swift,DET,2022,9,0,0,0.0,0,0.0,0.0
D.Swift,DET,2022,10,0,0,0.0,0,0.0,0.0
D.Swift,DET,2022,11,0,0,0.0,0,0.0,0.0
D.Swift,DET,2022,12,0,0,0.0,0,0.0,0.0
D.Swift,DET,2022,13,0,0,0.0,0,0.0,0.0
D.Swift,DET,2022,14,0,0,0.0,0,0.0,0.0
D.Swift,DET,2022,15,0,0,0.0,0,0.0,0.0
D.Swift,DET,2022,16,0,0,0.0,0,0.0,0.0
D.Swift,DET,2022,17,0,0,0.0,0,0.0,0.0
D.Swift,DET,2022,18,0,0,0.0,0,0.0,0.0
Q.Cephus,DET,2022,4,0,0,0.0,0,0.0,0.0
C.Kmet,CHI,2022,1,0,0,0.0,0,0.0,0.0
C.Kmet,CHI,2022,2,0,0,0.0,0,0.0,0.0
C.Kmet,CHI,2022,3,0,0,0.0,0,0.0,0.0
C.Kmet,CHI,2022,4,0,0,0.0,0,0.0,0.0
C.Kmet,CHI,2022,5,0,0,0.0,0,0.0,0.0
C.Kmet,CHI,2022,6,0,0,0.0,0,0.0,0.0
C.Kmet,CHI,2022,7,0,0,0.0,0,0.0,0.0
C.Kmet,CHI,2022,8,0,0,0.0,0,0.0,0.0
C.Kmet,CHI,2022,9,0,0,0.0,0,0.0,0.0
C.Kmet,CHI,2022,10,0,0,0.0,0,0.0,0.0
C.Kmet,CHI,2022,11,0,0,0.0,0,0.0,0.0
C.Kmet,CHI,2022,12,0,0,0.0,0,0.0,0.0
C.Kmet,CHI,2022,13,0,0,0.0,0,0.0,0.0
C.Kmet,CHI,2022,15,0,0,0.0,0,0.0,0.0
C.Kmet,CHI,2022,16,0,0,0.0,0,0.0,0.0
C.Kmet,CHI,2022,17,0,0,0.0,0,0.0,0.0
C.Kmet,CHI,2022,18,0,0,0.0,0,0.0,0.0
D.Evans,CHI,2022,12,0,0,0.0,0,0.0,0.0
D.Evans,CHI,2022,13,0,0,0.0,0,0.0,0.0
D.Evans,CHI,2022,15,0,0,0.0,0,0.0,0.0
D.Mooney,CHI,2022,1,0,0,0.0,0,0.0,0.0
D.Mooney,CHI,2022,2,0,0,0.0,0,0.0,0.0
D.Mooney,CHI,2022,3,0,0,0.0,0,0.0,0.0
D.Mooney,CHI,2022,4,0,0,0.0,0,0.0,0.0
D.Mooney,CHI,2022,5,0,0,0.0,0,0.0,0.0
D.Mooney,CHI,2022,6,0,0,0.0,0,0.0,0.0
D.Mooney,CHI,2022,7,0,0,0.0,0,0.0,0.0
D.Mooney,CHI,2022,8,0,0,0.0,0,0.0,0.0
D.Mooney,CHI,2022,9,0,0,0.0,0,0.0,0.0
D.Mooney,CHI,2022,10,0,0,0.0,0,0.0,0.0
D.Mooney,CHI,2022,11,0,0,0.0,0,0.0,0.0
B.Mann,NYJ,2022,2,1,1,17.0,0,0.0,0.0
B.Mann,NYJ,2022,12,0,1,0.0,0,0.0,0.0
J.Jefferson,MIN,2022,1,0,0,0.0,0,0.0,0.0
J.Jefferson,MIN,2022,2,0,0,0.0,0,0.0,0.0
J.Jefferson,MIN,2022,3,0,0,0.0,0,0.0,0.0
J.Jefferson,MIN,2022,4,0,0,0.0,0,0.0,0.0
J.Jefferson,MIN,2022,5,1,1,23.0,0,0.0,0.0
J.Jefferson,MIN,2022,6,0,0,0.0,0,0.0,0.0
J.Jefferson,MIN,2022,8,0,0,0.0,0,0.0,0.0
J.Jefferson,MIN,2022,9,0,0,0.0,0,0.0,0.0
J.Jefferson,MIN,2022,10,0,0,0.0,0,0.0,0.0
J.Jefferson,MIN,2022,11,0,0,0.0,0,0.0,0.0
J.Jefferson,MIN,2022,12,1,1,11.0,0,0.0,0.0
J.Jefferson,MIN,2022,13,0,0,0.0,0,0.0,0.0
J.Jefferson,MIN,2022,14,0,0,0.0,0,0.0,0.0
J.Jefferson,MIN,2022,15,0,0,0.0,0,0.0,0.0
J.Jefferson,MIN,2022,16,0,0,0.0,0,0.0,0.0
J.Jefferson,MIN,2022,17,0,0,0.0,0,0.0,0.0
J.Jefferson,MIN,2022,18,0,0,0.0,0,0.0,0.0
J.Jefferson,MIN,2022,19,1,1,-2.0,0,0.0,0.0
C.Claypool,PIT,2022,1,0,0,0.0,0,0.0,0.0
C.Claypool,PIT,2022,2,0,0,0.0,0,0.0,0.0
C.Claypool,PIT,2022,3,0,0,0.0,0,0.0,0.0
C.Claypool,PIT,2022,4,0,0,0.0,0,0.0,0.0
C.Claypool,PIT,2022,5,0,0,0.0,0,0.0,0.0
C.Claypool,PIT,2022,6,0,0,0.0,0,0.0,0.0
C.Claypool,PIT,2022,7,0,0,0.0,0,0.0,0.0
C.Claypool,PIT,2022,8,1,1,1.0,1,0.0,0.0
C.Claypool,CHI,2022,9,0,0,0.0,0,0.0,0.0
C.Claypool,CHI,2022,10,0,0,0.0,0,0.0,0.0
C.Claypool,CHI,2022,11,0,0,0.0,0,0.0,0.0
C.Claypool,CHI,2022,12,0,0,0.0,0,0.0,0.0
C.Claypool,CHI,2022,13,0,0,0.0,0,0.0,0.0
C.Claypool,CHI,2022,17,0,0,0.0,0,0.0,0.0
C.Claypool,CHI,2022,18,0,0,0.0,0,0.0,0.0
A.Gibson,WAS,2022,1,0,0,0.0,0,0.0,0.0
A.Gibson,WAS,2022,2,0,0,0.0,0,0.0,0.0
A.Gibson,WAS,2022,3,0,0,0.0,0,0.0,0.0
A.Gibson,WAS,2022,4,0,0,0.0,0,0.0,0.0
A.Gibson,WAS,2022,5,0,0,0.0,0,0.0,0.0
A.Gibson,WAS,2022,6,0,0,0.0,0,0.0,0.0
A.Gibson,WAS,2022,7,0,0,0.0,0,0.0,0.0
A.Gibson,WAS,2022,8,0,0,0.0,0,0.0,0.0
A.Gibson,WAS,2022,9,0,0,0.0,0,0.0,0.0
A.Gibson,WAS,2022,10,0,0,0.0,0,0.0,0.0
A.Gibson,WAS,2022,11,0,0,0.0,0,0.0,0.0
A.Gibson,WAS,2022,12,0,0,0.0,0,0.0,0.0
A.Gibson,WAS,2022,13,0,0,0.0,0,0.0,0.0
A.Gibson,WAS,2022,15,0,0,0.0,0,0.0,0.0
A.Gibson,WAS,2022,16,0,0,0.0,0,0.0,0.0
A.Davis,NYJ,2022,9,0,0,0.0,0,0.0,0.0
D.Duvernay,BAL,2022,1,0,0,0.0,0,0.0,0.0
D.Duvernay,BAL,2022,2,0,0,0.0,0,0.0,0.0
D.Duvernay,BAL,2022,3,0,0,0.0,0,0.0,0.0
D.Duvernay,BAL,2022,4,0,0,0.0,0,0.0,0.0
D.Duvernay,BAL,2022,5,0,0,0.0,0,0.0,0.0
D.Duvernay,BAL,2022,6,0,0,0.0,0,0.0,0.0
D.Duvernay,BAL,2022,7,0,0,0.0,0,0.0,0.0
D.Duvernay,BAL,2022,8,0,0,0.0,0,0.0,0.0
D.Duvernay,BAL,2022,9,0,0,0.0,0,0.0,0.0
D.Duvernay,BAL,2022,11,0,0,0.0,0,0.0,0.0
D.Duvernay,BAL,2022,12,0,0,0.0,0,0.0,0.0
D.Duvernay,BAL,2022,13,0,0,0.0,0,0.0,0.0
D.Duvernay,BAL,2022,14,0,0,0.0,0,0.0,0.0
D.Duvernay,BAL,2022,15,0,0,0.0,0,0.0,0.0
J.Deguara,GB,2022,1,0,0,0.0,0,0.0,0.0
J.Deguara,GB,2022,4,0,0,0.0,0,0.0,0.0
J.Deguara,GB,2022,5,0,0,0.0,0,0.0,0.0
J.Deguara,GB,2022,6,0,0,0.0,0,0.0,0.0
J.Deguara,GB,2022,8,0,0,0.0,0,0.0,0.0
J.Deguara,GB,2022,9,0,0,0.0,0,0.0,0.0
J.Deguara,GB,2022,13,0,0,0.0,0,0.0,0.0
J.Deguara,GB,2022,16,0,0,0.0,0,0.0,0.0
J.Deguara,GB,2022,17,0,0,0.0,0,0.0,0.0
A.McFarland,PIT,2022,12,0,0,0.0,0,0.0,0.0
K.Osborn,MIN,2022,1,0,0,0.0,0,0.0,0.0
K.Osborn,MIN,2022,2,0,0,0.0,0,0.0,0.0
K.Osborn,MIN,2022,3,0,0,0.0,0,0.0,0.0
K.Osborn,MIN,2022,4,0,0,0.0,0,0.0,0.0
K.Osborn,MIN,2022,5,0,0,0.0,0,0.0,0.0
K.Osborn,MIN,2022,6,0,0,0.0,0,0.0,0.0
K.Osborn,MIN,2022,8,0,0,0.0,0,0.0,0.0
K.Osborn,MIN,2022,9,0,0,0.0,0,0.0,0.0
K.Osborn,MIN,2022,10,0,0,0.0,0,0.0,0.0
K.Osborn,MIN,2022,11,0,0,0.0,0,0.0,0.0
K.Osborn,MIN,2022,12,0,0,0.0,0,0.0,0.0
K.Osborn,MIN,2022,13,0,0,0.0,0,0.0,0.0
K.Osborn,MIN,2022,14,0,0,0.0,0,0.0,0.0
K.Osborn,MIN,2022,15,0,0,0.0,0,0.0,0.0
K.Osborn,MIN,2022,16,0,0,0.0,0,0.0,0.0
K.Osborn,MIN,2022,17,0,0,0.0,0,0.0,0.0
K.Osborn,MIN,2022,18,0,0,0.0,0,0.0,0.0
K.Osborn,MIN,2022,19,0,0,0.0,0,0.0,0.0
J.Herbert,LAC,2022,1,26,34,279.0,3,0.0,0.0
J.Herbert,LAC,2022,2,33,48,334.0,3,1.0,2.0
J.Herbert,LAC,2022,3,25,45,297.0,1,1.0,1.0
J.Herbert,LAC,2022,4,27,39,340.0,2,0.0,1.0
J.Herbert,LAC,2022,5,22,34,228.0,1,0.0,1.0
J.Herbert,LAC,2022,6,37,57,238.0,0,1.0,2.0
J.Herbert,LAC,2022,7,33,51,293.0,2,1.0,3.0
J.Herbert,LAC,2022,9,30,43,245.0,1,1.0,0.0
J.Herbert,LAC,2022,10,21,35,196.0,1,1.0,2.0
J.Herbert,LAC,2022,11,23,30,280.0,2,1.0,5.0
J.Herbert,LAC,2022,12,35,47,274.0,3,0.0,4.0
J.Herbert,LAC,2022,13,28,47,335.0,1,0.0,5.0
J.Herbert,LAC,2022,14,39,51,367.0,1,0.0,4.0
J.Herbert,LAC,2022,15,28,42,313.0,0,2.0,3.0
J.Herbert,LAC,2022,16,24,31,235.0,0,1.0,4.0
J.Herbert,LAC,2022,17,21,28,212.0,2,0.0,0.0
J.Herbert,LAC,2022,18,25,37,273.0,2,0.0,1.0
J.Herbert,LAC,2022,19,25,43,273.0,1,0.0,3.0
C.Lamb,DAL,2022,1,0,0,0.0,0,0.0,0.0
C.Lamb,DAL,2022,2,0,0,0.0,0,0.0,0.0
C.Lamb,DAL,2022,3,0,0,0.0,0,0.0,0.0
C.Lamb,DAL,2022,4,0,0,0.0,0,0.0,0.0
C.Lamb,DAL,2022,5,0,0,0.0,0,0.0,0.0
C.Lamb,DAL,2022,6,0,0,0.0,0,0.0,0.0
C.Lamb,DAL,2022,7,0,0,0.0,0,0.0,0.0
C.Lamb,DAL,2022,8,0,0,0.0,0,0.0,0.0
C.Lamb,DAL,2022,10,0,0,0.0,0,0.0,0.0
C.Lamb,DAL,2022,11,0,0,0.0,0,0.0,0.0
C.Lamb,DAL,2022,12,0,0,0.0,0,0.0,0.0
C.Lamb,DAL,2022,13,0,0,0.0,0,0.0,0.0
C.Lamb,DAL,2022,14,0,0,0.0,0,0.0,0.0
C.Lamb,DAL,2022,15,0,0,0.0,0,0.0,0.0
C.Lamb,DAL,2022,16,0,0,0.0,0,0.0,0.0
C.Lamb,DAL,2022,17,0,0,0.0,0,0.0,0.0
C.Lamb,DAL,2022,18,0,0,0.0,0,0.0,0.0
C.Lamb,DAL,2022,19,0,0,0.0,0,0.0,0.0
C.Lamb,DAL,2022,20,0,0,0.0,0,0.0,0.0
C.Edwards-Helaire,KC,2022,1,0,0,0.0,0,0.0,0.0
C.Edwards-Helaire,KC,2022,2,0,0,0.0,0,0.0,0.0
C.Edwards-Helaire,KC,2022,3,0,0,0.0,0,0.0,0.0
C.Edwards-Helaire,KC,2022,4,0,0,0.0,0,0.0,0.0
C.Edwards-Helaire,KC,2022,5,0,0,0.0,0,0.0,0.0
C.Edwards-Helaire,KC,2022,6,0,0,0.0,0,0.0,0.0
C.Edwards-Helaire,KC,2022,7,0,0,0.0,0,0.0,0.0
C.Edwards-Helaire,KC,2022,9,0,0,0.0,0,0.0,0.0
C.Edwards-Helaire,KC,2022,10,0,0,0.0,0,0.0,0.0
C.Edwards-Helaire,KC,2022,11,0,0,0.0,0,0.0,0.0
B.Edwards,ATL,2022,1,0,0,0.0,0,0.0,0.0
B.Edwards,ATL,2022,2,0,0,0.0,0,0.0,0.0
B.Edwards,ATL,2022,5,0,0,0.0,0,0.0,0.0
B.Edwards,ATL,2022,8,0,0,0.0,0,0.0,0.0
J.Kelley,LAC,2022,1,0,0,0.0,0,0.0,0.0
J.Kelley,LAC,2022,2,0,0,0.0,0,0.0,0.0
J.Kelley,LAC,2022,3,0,0,0.0,0,0.0,0.0
J.Kelley,LAC,2022,4,0,0,0.0,0,0.0,0.0
J.Kelley,LAC,2022,5,0,0,0.0,0,0.0,0.0
J.Kelley,LAC,2022,12,0,0,0.0,0,0.0,0.0
J.Kelley,LAC,2022,13,0,0,0.0,0,0.0,0.0
J.Kelley,LAC,2022,14,0,0,0.0,0,0.0,0.0
J.Kelley,LAC,2022,15,0,0,0.0,0,0.0,0.0
J.Kelley,LAC,2022,16,0,0,0.0,0,0.0,0.0
J.Kelley,LAC,2022,17,0,0,0.0,0,0.0,0.0
J.Kelley,LAC,2022,18,0,0,0.0,0,0.0,0.0
J.Kelley,LAC,2022,19,0,0,0.0,0,0.0,0.0
E.Benjamin,ARI,2022,1,0,0,0.0,0,0.0,0.0
E.Benjamin,ARI,2022,2,0,0,0.0,0,0.0,0.0
E.Benjamin,ARI,2022,3,0,0,0.0,0,0.0,0.0
E.Benjamin,ARI,2022,4,0,0,0.0,0,0.0,0.0
E.Benjamin,ARI,2022,5,0,0,0.0,0,0.0,0.0
E.Benjamin,ARI,2022,6,0,0,0.0,0,0.0,0.0
E.Benjamin,ARI,2022,7,0,0,0.0,0,0.0,0.0
E.Benjamin,ARI,2022,8,0,0,0.0,0,0.0,0.0
E.Benjamin,ARI,2022,9,0,0,0.0,0,0.0,0.0
E.Benjamin,HOU,2022,14,0,0,0.0,0,0.0,0.0
E.Benjamin,NO,2022,17,0,0,0.0,0,0.0,0.0
E.Benjamin,NO,2022,18,0,0,0.0,0,0.0,0.0
J.Reagor,MIN,2022,2,0,0,0.0,0,0.0,0.0
J.Reagor,MIN,2022,3,0,0,0.0,0,0.0,0.0
J.Reagor,MIN,2022,4,0,0,0.0,0,0.0,0.0
J.Reagor,MIN,2022,5,0,0,0.0,0,0.0,0.0
J.Reagor,MIN,2022,11,0,0,0.0,0,0.0,0.0
J.Reagor,MIN,2022,12,0,0,0.0,0,0.0,0.0
J.Reagor,MIN,2022,13,0,0,0.0,0,0.0,0.0
J.Reagor,MIN,2022,14,0,0,0.0,0,0.0,0.0
J.Reagor,MIN,2022,15,0,0,0.0,0,0.0,0.0
J.Reagor,MIN,2022,18,0,0,0.0,0,0.0,0.0
J.Hurts,PHI,2022,1,18,32,243.0,0,0.0,1.0
J.Hurts,PHI,2022,2,26,31,333.0,1,1.0,3.0
J.Hurts,PHI,2022,3,22,35,340.0,3,0.0,3.0
J.Hurts,PHI,2022,4,16,25,204.0,0,1.0,2.0
J.Hurts,PHI,2022,5,26,36,239.0,0,0.0,2.0
J.Hurts,PHI,2022,6,15,25,155.0,2,0.0,4.0
J.Hurts,PHI,2022,8,19,28,285.0,4,0.0,3.0
J.Hurts,PHI,2022,9,21,27,243.0,2,0.0,4.0
J.Hurts,PHI,2022,10,17,26,175.0,2,1.0,1.0
J.Hurts,PHI,2022,11,18,25,190.0,1,0.0,3.0
J.Hurts,PHI,2022,12,16,28,153.0,2,0.0,2.0
J.Hurts,PHI,2022,13,29,39,380.0,3,0.0,2.0
J.Hurts,PHI,2022,14,21,31,217.0,2,0.0,4.0
J.Hurts,PHI,2022,15,22,37,315.0,0,2.0,1.0
J.Hurts,PHI,2022,18,20,35,229.0,0,1.0,3.0
J.Hurts,PHI,2022,20,16,24,154.0,2,0.0,1.0
J.Hurts,PHI,2022,21,15,25,121.0,0,0.0,1.0
J.Hurts,PHI,2022,22,27,38,304.0,1,0.0,2.0
J.Jeudy,DEN,2022,1,0,0,0.0,0,0.0,0.0
J.Jeudy,DEN,2022,2,0,0,0.0,0,0.0,0.0
J.Jeudy,DEN,2022,3,0,0,0.0,0,0.0,0.0
J.Jeudy,DEN,2022,4,0,0,0.0,0,0.0,0.0
J.Jeudy,DEN,2022,5,0,0,0.0,0,0.0,0.0
J.Jeudy,DEN,2022,6,0,0,0.0,0,0.0,0.0
J.Jeudy,DEN,2022,7,0,0,0.0,0,0.0,0.0
J.Jeudy,DEN,2022,8,0,0,0.0,0,0.0,0.0
J.Jeudy,DEN,2022,10,0,0,0.0,0,0.0,0.0
J.Jeudy,DEN,2022,13,0,0,0.0,0,0.0,0.0
J.Jeudy,DEN,2022,14,0,0,0.0,0,0.0,0.0
J.Jeudy,DEN,2022,15,0,0,0.0,0,0.0,0.0
J.Jeudy,DEN,2022,16,0,0,0.0,0,0.0,0.0
J.Jeudy,DEN,2022,17,0,0,0.0,0,0.0,0.0
J.Jeudy,DEN,2022,18,0,0,0.0,0,0.0,0.0
T.Higgins,CIN,2022,1,0,0,0.0,0,0.0,0.0
T.Higgins,CIN,2022,2,0,0,0.0,0,0.0,0.0
T.Higgins,CIN,2022,3,0,0,0.0,0,0.0,0.0
T.Higgins,CIN,2022,4,0,0,0.0,0,0.0,0.0
T.Higgins,CIN,2022,6,0,0,0.0,0,0.0,0.0
T.Higgins,CIN,2022,7,0,0,0.0,0,0.0,0.0
T.Higgins,CIN,2022,8,0,0,0.0,0,0.0,0.0
T.Higgins,CIN,2022,9,0,0,0.0,0,0.0,0.0
T.Higgins,CIN,2022,11,0,0,0.0,0,0.0,0.0
T.Higgins,CIN,2022,12,0,0,0.0,0,0.0,0.0
T.Higgins,CIN,2022,13,0,0,0.0,0,0.0,0.0
T.Higgins,CIN,2022,15,0,0,0.0,0,0.0,0.0
T.Higgins,CIN,2022,16,0,0,0.0,0,0.0,0.0
T.Higgins,CIN,2022,18,0,0,0.0,0,0.0,0.0
T.Higgins,CIN,2022,19,0,0,0.0,0,0.0,0.0
T.Higgins,CIN,2022,20,0,0,0.0,0,0.0,0.0
T.Higgins,CIN,2022,21,0,0,0.0,0,0.0,0.0
K.Hamler,DEN,2022,1,0,0,0.0,0,0.0,0.0
K.Hamler,DEN,2022,4,0,0,0.0,0,0.0,0.0
K.Hamler,DEN,2022,5,0,0,0.0,0,0.0,0.0
K.Hamler,DEN,2022,6,0,0,0.0,0,0.0,0.0
K.Hamler,DEN,2022,7,0,0,0.0,0,0.0,0.0
K.Hamler,DEN,2022,8,0,0,0.0,0,0.0,0.0
C.Akers,LA,2022,1,0,0,0.0,0,0.0,0.0
C.Akers,LA,2022,2,0,0,0.0,0,0.0,0.0
C.Akers,LA,2022,3,0,0,0.0,0,0.0,0.0
C.Akers,LA,2022,4,0,0,0.0,0,0.0,0.0
C.Akers,LA,2022,5,0,0,0.0,0,0.0,0.0
C.Akers,LA,2022,9,0,0,0.0,0,0.0,0.0
C.Akers,LA,2022,10,0,0,0.0,0,0.0,0.0
C.Akers,LA,2022,11,0,0,0.0,0,0.0,0.0
C.Akers,LA,2022,12,0,0,0.0,0,0.0,0.0
C.Akers,LA,2022,13,0,0,0.0,0,0.0,0.0
C.Akers,LA,2022,14,0,0,0.0,0,0.0,0.0
C.Akers,LA,2022,15,0,0,0.0,0,0.0,0.0
C.Akers,LA,2022,16,0,0,0.0,0,0.0,0.0
C.Akers,LA,2022,17,0,0,0.0,0,0.0,0.0
C.Akers,LA,2022,18,0,0,0.0,0,0.0,0.0
V.Jefferson,LA,2022,9,0,0,0.0,0,0.0,0.0
V.Jefferson,LA,2022,10,0,0,0.0,0,0.0,0.0
V.Jefferson,LA,2022,11,0,0,0.0,0,0.0,0.0
V.Jefferson,LA,2022,12,0,0,0.0,0,0.0,0.0
V.Jefferson,LA,2022,13,0,0,0.0,0,0.0,0.0
V.Jefferson,LA,2022,14,0,0,0.0,0,0.0,0.0
V.Jefferson,LA,2022,15,0,0,0.0,0,0.0,0.0
V.Jefferson,LA,2022,16,0,0,0.0,0,0.0,0.0
V.Jefferson,LA,2022,17,0,0,0.0,0,0.0,0.0
V.Jefferson,LA,2022,18,0,0,0.0,0,0.0,0.0
A.Trautman,NO,2022,3,0,0,0.0,0,0.0,0.0
A.Trautman,NO,2022,4,0,0,0.0,0,0.0,0.0
A.Trautman,NO,2022,5,0,0,0.0,0,0.0,0.0
A.Trautman,NO,2022,6,0,0,0.0,0,0.0,0.0
A.Trautman,NO,2022,9,0,0,0.0,0,0.0,0.0
A.Trautman,NO,2022,10,0,0,0.0,0,0.0,0.0
A.Trautman,NO,2022,11,0,0,0.0,0,0.0,0.0
A.Trautman,NO,2022,12,0,0,0.0,0,0.0,0.0
A.Trautman,NO,2022,13,0,0,0.0,0,0.0,0.0
A.Trautman,NO,2022,15,0,0,0.0,0,0.0,0.0
A.Trautman,NO,2022,17,0,0,0.0,0,0.0,0.0
A.Trautman,NO,2022,18,0,0,0.0,0,0.0,0.0
A.Okwuegbunam,DEN,2022,1,0,0,0.0,0,0.0,0.0
A.Okwuegbunam,DEN,2022,2,0,0,0.0,0,0.0,0.0
A.Okwuegbunam,DEN,2022,3,0,0,0.0,0,0.0,0.0
A.Okwuegbunam,DEN,2022,5,0,0,0.0,0,0.0,0.0
A.Okwuegbunam,DEN,2022,17,0,0,0.0,0,0.0,0.0
A.Okwuegbunam,DEN,2022,18,0,0,0.0,0,0.0,0.0
B.Hopkins,LA,2022,9,0,0,0.0,0,0.0,0.0
B.Hopkins,LA,2022,10,0,0,0.0,0,0.0,0.0
B.Hopkins,LA,2022,12,0,0,0.0,0,0.0,0.0
B.Hopkins,LA,2022,14,0,0,0.0,0,0.0,0.0
B.Hopkins,LA,2022,16,0,0,0.0,0,0.0,0.0
B.Hopkins,LA,2022,17,0,0,0.0,0,0.0,0.0
B.Hopkins,LA,2022,18,0,0,0.0,0,0.0,0.0
D.Dallas,SEA,2022,2,0,1,0.0,0,1.0,0.0
D.Dallas,SEA,2022,3,0,0,0.0,0,0.0,0.0
D.Dallas,SEA,2022,5,0,0,0.0,0,0.0,0.0
D.Dallas,SEA,2022,6,0,0,0.0,0,0.0,0.0
D.Dallas,SEA,2022,7,0,0,0.0,0,0.0,0.0
D.Dallas,SEA,2022,9,0,0,0.0,0,0.0,0.0
D.Dallas,SEA,2022,12,0,0,0.0,0,0.0,0.0
D.Dallas,SEA,2022,13,0,0,0.0,0,0.0,0.0
D.Dallas,SEA,2022,16,0,0,0.0,0,0.0,0.0
D.Dallas,SEA,2022,17,0,0,0.0,0,0.0,0.0
D.Dallas,SEA,2022,18,0,0,0.0,0,0.0,0.0
D.Dallas,SEA,2022,19,0,0,0.0,0,0.0,0.0
C.Woerner,SF,2022,4,0,0,0.0,0,0.0,0.0
C.Woerner,SF,2022,6,0,0,0.0,0,0.0,0.0
S.Sullivan,CAR,2022,2,0,0,0.0,0,0.0,0.0
S.Sullivan,CAR,2022,8,0,0,0.0,0,0.0,0.0
S.Sullivan,CAR,2022,14,0,0,0.0,0,0.0,0.0
S.Sullivan,CAR,2022,17,0,0,0.0,0,0.0,0.0
T.Cleveland,DEN,2022,2,0,0,0.0,0,0.0,0.0
T.Cleveland,DEN,2022,5,0,0,0.0,0,0.0,0.0
T.Cleveland,DEN,2022,10,0,0,0.0,0,0.0,0.0
J.Burrow,CIN,2022,1,33,53,338.0,2,4.0,7.0
J.Burrow,CIN,2022,2,24,36,199.0,1,0.0,6.0
J.Burrow,CIN,2022,3,23,36,275.0,3,0.0,2.0
J.Burrow,CIN,2022,4,20,31,287.0,2,0.0,1.0
J.Burrow,CIN,2022,5,24,35,217.0,1,1.0,2.0
J.Burrow,CIN,2022,6,28,37,300.0,3,0.0,3.0
J.Burrow,CIN,2022,7,34,42,481.0,3,0.0,3.0
J.Burrow,CIN,2022,8,25,35,232.0,2,1.0,5.0
J.Burrow,CIN,2022,9,22,28,206.0,1,0.0,1.0
J.Burrow,CIN,2022,11,24,39,355.0,4,2.0,2.0
J.Burrow,CIN,2022,12,22,37,270.0,1,0.0,1.0
J.Burrow,CIN,2022,13,25,31,286.0,2,0.0,1.0
J.Burrow,CIN,2022,14,18,33,239.0,2,1.0,1.0
J.Burrow,CIN,2022,15,27,39,200.0,4,1.0,2.0
J.Burrow,CIN,2022,16,40,52,375.0,3,2.0,2.0
J.Burrow,CIN,2022,18,25,42,215.0,1,0.0,2.0
J.Burrow,CIN,2022,19,23,32,209.0,1,0.0,4.0
J.Burrow,CIN,2022,20,23,36,242.0,2,0.0,1.0
J.Burrow,CIN,2022,21,26,41,270.0,1,2.0,5.0
K.Vaughn,TB,2022,9,0,0,0.0,0,0.0,0.0
K.Vaughn,TB,2022,10,0,0,0.0,0,0.0,0.0
K.Vaughn,TB,2022,12,0,0,0.0,0,0.0,0.0
K.Vaughn,TB,2022,16,0,0,0.0,0,0.0,0.0
K.Vaughn,TB,2022,18,0,0,0.0,0,0.0,0.0
T.Williams,ARI,2022,18,0,0,0.0,0,0.0,0.0
M.Strachan,IND,2022,1,0,0,0.0,0,0.0,0.0
M.Strachan,IND,2022,2,0,0,0.0,0,0.0,0.0
M.Strachan,IND,2022,4,0,0,0.0,0,0.0,0.0
M.Strachan,IND,2022,6,0,0,0.0,0,0.0,0.0
M.Strachan,IND,2022,17,0,0,0.0,0,0.0,0.0
D.Jackson,IND,2022,2,0,0,0.0,0,0.0,0.0
D.Jackson,IND,2022,5,0,0,0.0,0,0.0,0.0
D.Jackson,IND,2022,6,0,0,0.0,0,0.0,0.0
D.Jackson,IND,2022,7,0,0,0.0,0,0.0,0.0
D.Jackson,IND,2022,8,0,0,0.0,0,0.0,0.0
D.Jackson,IND,2022,9,0,0,0.0,0,0.0,0.0
D.Jackson,IND,2022,11,0,0,0.0,0,0.0,0.0
D.Jackson,IND,2022,13,0,0,0.0,0,0.0,0.0
D.Jackson,IND,2022,15,0,0,0.0,0,0.0,0.0
D.Jackson,IND,2022,16,0,0,0.0,0,0.0,0.0
D.Jackson,IND,2022,17,0,0,0.0,0,0.0,0.0
D.Jackson,IND,2022,18,0,0,0.0,0,0.0,0.0
T.Jones,JAX,2022,4,0,0,0.0,0,0.0,0.0
T.Jones,JAX,2022,6,0,0,0.0,0,0.0,0.0
T.Jones,JAX,2022,7,0,0,0.0,0,0.0,0.0
T.Jones,JAX,2022,13,0,0,0.0,0,0.0,0.0
D.Turner,LV,2022,7,0,0,0.0,0,0.0,0.0
D.Turner,LV,2022,14,0,0,0.0,0,0.0,0.0
S.Zylstra,DET,2022,9,0,0,0.0,0,0.0,0.0
S.Zylstra,DET,2022,10,0,0,0.0,0,0.0,0.0
S.Zylstra,DET,2022,13,0,0,0.0,0,0.0,0.0
S.Zylstra,DET,2022,14,0,0,0.0,0,0.0,0.0
S.Zylstra,DET,2022,15,0,0,0.0,0,0.0,0.0
S.Zylstra,DET,2022,16,0,0,0.0,0,0.0,0.0
S.Zylstra,DET,2022,17,0,0,0.0,0,0.0,0.0
S.Zylstra,DET,2022,18,0,0,0.0,0,0.0,0.0
S.Brown,CAR,2022,8,0,0,0.0,0,0.0,0.0
S.Brown,CAR,2022,9,0,0,0.0,0,0.0,0.0
R.Bateman,BAL,2022,1,0,0,0.0,0,0.0,0.0
R.Bateman,BAL,2022,2,0,0,0.0,0,0.0,0.0
R.Bateman,BAL,2022,3,0,0,0.0,0,0.0,0.0
R.Bateman,BAL,2022,4,0,0,0.0,0,0.0,0.0
R.Bateman,BAL,2022,7,0,0,0.0,0,0.0,0.0
R.Bateman,BAL,2022,8,0,0,0.0,0,0.0,0.0
N.Collins,HOU,2022,1,0,0,0.0,0,0.0,0.0
N.Collins,HOU,2022,2,0,0,0.0,0,0.0,0.0
N.Collins,HOU,2022,3,0,0,0.0,0,0.0,0.0
N.Collins,HOU,2022,4,0,0,0.0,0,0.0,0.0
N.Collins,HOU,2022,5,0,0,0.0,0,0.0,0.0
N.Collins,HOU,2022,7,0,0,0.0,0,0.0,0.0
N.Collins,HOU,2022,10,0,0,0.0,0,0.0,0.0
N.Collins,HOU,2022,11,0,0,0.0,0,0.0,0.0
N.Collins,HOU,2022,12,0,0,0.0,0,0.0,0.0
N.Collins,HOU,2022,13,0,0,0.0,0,0.0,0.0
C.Hubbard,CAR,2022,1,0,0,0.0,0,0.0,0.0
C.Hubbard,CAR,2022,3,0,0,0.0,0,0.0,0.0
C.Hubbard,CAR,2022,6,0,0,0.0,0,0.0,0.0
C.Hubbard,CAR,2022,7,0,0,0.0,0,0.0,0.0
C.Hubbard,CAR,2022,10,0,0,0.0,0,0.0,0.0
C.Hubbard,CAR,2022,11,0,0,0.0,0,0.0,0.0
C.Hubbard,CAR,2022,12,0,0,0.0,0,0.0,0.0
C.Hubbard,CAR,2022,14,0,0,0.0,0,0.0,0.0
C.Hubbard,CAR,2022,15,0,0,0.0,0,0.0,0.0
C.Hubbard,CAR,2022,16,0,0,0.0,0,0.0,0.0
C.Hubbard,CAR,2022,17,0,0,0.0,0,0.0,0.0
C.Hubbard,CAR,2022,18,0,0,0.0,0,0.0,0.0
B.Jordan,HOU,2022,1,0,0,0.0,0,0.0,0.0
B.Jordan,HOU,2022,2,0,0,0.0,0,0.0,0.0
B.Jordan,HOU,2022,7,0,0,0.0,0,0.0,0.0
B.Jordan,HOU,2022,8,0,0,0.0,0,0.0,0.0
B.Jordan,HOU,2022,9,0,0,0.0,0,0.0,0.0
B.Jordan,HOU,2022,13,0,0,0.0,0,0.0,0.0
B.Jordan,HOU,2022,15,0,0,0.0,0,0.0,0.0
B.Jordan,HOU,2022,16,0,0,0.0,0,0.0,0.0
B.Jordan,HOU,2022,17,0,0,0.0,0,0.0,0.0
E.Mitchell,SF,2022,1,0,0,0.0,0,0.0,0.0
E.Mitchell,SF,2022,10,0,0,0.0,0,0.0,0.0
E.Mitchell,SF,2022,11,0,0,0.0,0,0.0,0.0
E.Mitchell,SF,2022,12,0,0,0.0,0,0.0,0.0
E.Mitchell,SF,2022,18,0,0,0.0,0,0.0,0.0
E.Mitchell,SF,2022,19,0,0,0.0,0,0.0,0.0
E.Mitchell,SF,2022,20,0,0,0.0,0,0.0,0.0
G.Brightwell,NYG,2022,2,0,0,0.0,0,0.0,0.0
G.Brightwell,NYG,2022,4,0,0,0.0,0,0.0,0.0
G.Brightwell,NYG,2022,5,0,0,0.0,0,0.0,0.0
G.Brightwell,NYG,2022,12,0,0,0.0,0,0.0,0.0
G.Brightwell,NYG,2022,14,0,0,0.0,0,0.0,0.0
G.Brightwell,NYG,2022,16,0,0,0.0,0,0.0,0.0
G.Brightwell,NYG,2022,17,0,0,0.0,0,0.0,0.0
G.Brightwell,NYG,2022,18,0,0,0.0,0,0.0,0.0
G.Brightwell,NYG,2022,20,0,0,0.0,0,0.0,0.0
S.Smith,CAR,2022,1,0,0,0.0,0,0.0,0.0
S.Smith,CAR,2022,2,0,0,0.0,0,0.0,0.0
S.Smith,CAR,2022,3,0,0,0.0,0,0.0,0.0
S.Smith,CAR,2022,4,0,0,0.0,0,0.0,0.0
S.Smith,CAR,2022,5,0,0,0.0,0,0.0,0.0
S.Smith,CAR,2022,6,0,0,0.0,0,0.0,0.0
S.Smith,CAR,2022,8,0,0,0.0,0,0.0,0.0
S.Smith,CAR,2022,9,0,0,0.0,0,0.0,0.0
S.Smith,CAR,2022,10,0,0,0.0,0,0.0,0.0
S.Smith,CAR,2022,11,0,0,0.0,0,0.0,0.0
S.Smith,CAR,2022,14,0,0,0.0,0,0.0,0.0
S.Smith,CAR,2022,15,0,0,0.0,0,0.0,0.0
S.Smith,CAR,2022,16,0,0,0.0,0,0.0,0.0
S.Smith,CAR,2022,17,0,0,0.0,0,0.0,0.0
S.Smith,CAR,2022,18,0,0,0.0,0,0.0,0.0
Q.Morris,BUF,2022,2,0,0,0.0,0,0.0,0.0
Q.Morris,BUF,2022,3,0,0,0.0,0,0.0,0.0
Q.Morris,BUF,2022,4,0,0,0.0,0,0.0,0.0
Q.Morris,BUF,2022,5,0,0,0.0,0,0.0,0.0
Q.Morris,BUF,2022,12,0,0,0.0,0,0.0,0.0
Q.Morris,BUF,2022,15,0,0,0.0,0,0.0,0.0
Q.Morris,BUF,2022,19,0,0,0.0,0,0.0,0.0
Q.Morris,BUF,2022,20,0,0,0.0,0,0.0,0.0
J.Waddle,MIA,2022,1,0,0,0.0,0,0.0,0.0
J.Waddle,MIA,2022,2,0,0,0.0,0,0.0,0.0
J.Waddle,MIA,2022,3,0,0,0.0,0,0.0,0.0
J.Waddle,MIA,2022,4,0,0,0.0,0,0.0,0.0
J.Waddle,MIA,2022,5,0,0,0.0,0,0.0,0.0
J.Waddle,MIA,2022,6,0,0,0.0,0,0.0,0.0
J.Waddle,MIA,2022,7,0,0,0.0,0,0.0,0.0
J.Waddle,MIA,2022,8,0,0,0.0,0,0.0,0.0
J.Waddle,MIA,2022,9,0,0,0.0,0,0.0,0.0
J.Waddle,MIA,2022,10,0,0,0.0,0,0.0,0.0
J.Waddle,MIA,2022,12,0,0,0.0,0,0.0,0.0
J.Waddle,MIA,2022,13,0,0,0.0,0,0.0,0.0
J.Waddle,MIA,2022,14,0,0,0.0,0,0.0,0.0
J.Waddle,MIA,2022,15,0,0,0.0,0,0.0,0.0
J.Waddle,MIA,2022,16,0,0,0.0,0,0.0,0.0
J.Waddle,MIA,2022,17,0,0,0.0,0,0.0,0.0
J.Waddle,MIA,2022,18,0,0,0.0,0,0.0,0.0
J.Waddle,MIA,2022,19,0,0,0.0,0,0.0,0.0
D.Eskridge,SEA,2022,1,0,0,0.0,0,0.0,0.0
D.Eskridge,SEA,2022,2,0,0,0.0,0,0.0,0.0
D.Eskridge,SEA,2022,4,0,0,0.0,0,0.0,0.0
D.Eskridge,SEA,2022,5,0,0,0.0,0,0.0,0.0
D.Eskridge,SEA,2022,6,0,0,0.0,0,0.0,0.0
D.Eskridge,SEA,2022,7,0,0,0.0,0,0.0,0.0
D.Eskridge,SEA,2022,8,0,0,0.0,0,0.0,0.0
D.Eskridge,SEA,2022,9,0,0,0.0,0,0.0,0.0
D.Brown,WAS,2022,4,0,0,0.0,0,0.0,0.0
D.Brown,WAS,2022,5,0,0,0.0,0,0.0,0.0
D.Brown,WAS,2022,6,0,0,0.0,0,0.0,0.0
D.Brown,WAS,2022,9,0,0,0.0,0,0.0,0.0
D.Brown,WAS,2022,10,0,0,0.0,0,0.0,0.0
D.Brown,WAS,2022,12,0,0,0.0,0,0.0,0.0
D.Brown,WAS,2022,15,0,0,0.0,0,0.0,0.0
J.Bates,WAS,2022,1,0,0,0.0,0,0.0,0.0
J.Bates,WAS,2022,2,0,0,0.0,0,0.0,0.0
J.Bates,WAS,2022,3,0,0,0.0,0,0.0,0.0
J.Bates,WAS,2022,4,0,0,0.0,0,0.0,0.0
J.Bates,WAS,2022,5,0,0,0.0,0,0.0,0.0
J.Bates,WAS,2022,8,0,0,0.0,0,0.0,0.0
J.Bates,WAS,2022,9,0,0,0.0,0,0.0,0.0
J.Bates,WAS,2022,11,0,0,0.0,0,0.0,0.0
J.Bates,WAS,2022,12,0,0,0.0,0,0.0,0.0
T.Wallace,BAL,2022,1,0,0,0.0,0,0.0,0.0
T.Wallace,BAL,2022,2,0,0,0.0,0,0.0,0.0
T.Wallace,BAL,2022,5,0,0,0.0,0,0.0,0.0
T.Wallace,BAL,2022,6,0,0,0.0,0,0.0,0.0
T.Wallace,BAL,2022,18,0,0,0.0,0,0.0,0.0
I.Smith-Marsette,CHI,2022,4,0,0,0.0,0,0.0,0.0
I.Smith-Marsette,CHI,2022,5,0,0,0.0,0,0.0,0.0
I.Smith-Marsette,CHI,2022,6,0,0,0.0,0,0.0,0.0
N.Gray,KC,2022,1,0,0,0.0,0,0.0,0.0
N.Gray,KC,2022,2,0,0,0.0,0,0.0,0.0
N.Gray,KC,2022,3,0,0,0.0,0,0.0,0.0
N.Gray,KC,2022,4,0,0,0.0,0,0.0,0.0
N.Gray,KC,2022,5,0,0,0.0,0,0.0,0.0
N.Gray,KC,2022,6,0,0,0.0,0,0.0,0.0
N.Gray,KC,2022,7,0,0,0.0,0,0.0,0.0
N.Gray,KC,2022,9,0,0,0.0,0,0.0,0.0
N.Gray,KC,2022,10,0,0,0.0,0,0.0,0.0
N.Gray,KC,2022,11,0,0,0.0,0,0.0,0.0
N.Gray,KC,2022,12,0,0,0.0,0,0.0,0.0
N.Gray,KC,2022,13,0,0,0.0,0,0.0,0.0
N.Gray,KC,2022,14,0,0,0.0,0,0.0,0.0
N.Gray,KC,2022,15,0,0,0.0,0,0.0,0.0
N.Gray,KC,2022,16,0,0,0.0,0,0.0,0.0
N.Gray,KC,2022,17,0,0,0.0,0,0.0,0.0
N.Gray,KC,2022,18,0,0,0.0,0,0.0,0.0
N.Gray,KC,2022,20,0,0,0.0,0,0.0,0.0
N.Gray,KC,2022,21,0,0,0.0,0,0.0,0.0
N.Gray,KC,2022,22,0,0,0.0,0,0.0,0.0
S.Fehoko,DAL,2022,1,0,0,0.0,0,0.0,0.0
S.Fehoko,DAL,2022,3,0,0,0.0,0,0.0,0.0
L.Rountree,LAC,2022,17,0,0,0.0,0,0.0,0.0
L.Rountree,LAC,2022,18,0,0,0.0,0,0.0,0.0
R.McMath,TEN,2022,14,0,0,0.0,0,0.0,0.0
R.McMath,TEN,2022,15,0,0,0.0,0,0.0,0.0
R.McMath,TEN,2022,17,0,0,0.0,0,0.0,0.0
R.McMath,TEN,2022,18,0,0,0.0,0,0.0,0.0
D.Felton,CLE,2022,1,0,0,0.0,0,0.0,0.0
D.Felton,CLE,2022,2,0,0,0.0,0,0.0,0.0
D.Felton,CLE,2022,13,0,0,0.0,0,0.0,0.0
D.Felton,CLE,2022,15,0,0,0.0,0,0.0,0.0
K.Hill,GB,2022,9,0,0,0.0,0,0.0,0.0
D.Milne,WAS,2022,1,0,0,0.0,0,0.0,0.0
D.Milne,WAS,2022,2,0,0,0.0,0,0.0,0.0
D.Milne,WAS,2022,3,0,0,0.0,0,0.0,0.0
D.Milne,WAS,2022,6,0,0,0.0,0,0.0,0.0
D.Milne,WAS,2022,7,0,0,0.0,0,0.0,0.0
D.Milne,WAS,2022,8,0,0,0.0,0,0.0,0.0
D.Milne,WAS,2022,9,0,0,0.0,0,0.0,0.0
M.Forristall,CLE,2022,3,0,0,0.0,0,0.0,0.0
A.Prentice,NO,2022,2,0,0,0.0,0,0.0,0.0
A.Prentice,NO,2022,13,0,0,0.0,0,0.0,0.0
A.Prentice,NO,2022,15,0,0,0.0,0,0.0,0.0
A.Prentice,NO,2022,16,0,0,0.0,0,0.0,0.0
A.Prentice,NO,2022,17,0,0,0.0,0,0.0,0.0
J.Stoll,PHI,2022,3,0,0,0.0,0,0.0,0.0
J.Stoll,PHI,2022,6,0,0,0.0,0,0.0,0.0
J.Stoll,PHI,2022,8,0,0,0.0,0,0.0,0.0
J.Stoll,PHI,2022,9,0,0,0.0,0,0.0,0.0
J.Stoll,PHI,2022,10,0,0,0.0,0,0.0,0.0
J.Stoll,PHI,2022,11,0,0,0.0,0,0.0,0.0
J.Stoll,PHI,2022,13,0,0,0.0,0,0.0,0.0
J.Stoll,PHI,2022,14,0,0,0.0,0,0.0,0.0
J.Stoll,PHI,2022,15,0,0,0.0,0,0.0,0.0
J.Stoll,PHI,2022,21,0,0,0.0,0,0.0,0.0
B.Wright,DET,2022,2,0,0,0.0,0,0.0,0.0
B.Wright,DET,2022,7,0,0,0.0,0,0.0,0.0
B.Wright,DET,2022,8,0,0,0.0,0,0.0,0.0
B.Wright,DET,2022,9,0,0,0.0,0,0.0,0.0
B.Wright,DET,2022,10,0,0,0.0,0,0.0,0.0
B.Wright,DET,2022,11,0,0,0.0,0,0.0,0.0
B.Wright,DET,2022,12,0,0,0.0,0,0.0,0.0
B.Wright,DET,2022,13,0,0,0.0,0,0.0,0.0
B.Wright,DET,2022,14,0,0,0.0,0,0.0,0.0
B.Wright,DET,2022,15,0,0,0.0,0,0.0,0.0
B.Wright,DET,2022,16,0,0,0.0,0,0.0,0.0
B.Wright,DET,2022,17,0,0,0.0,0,0.0,0.0
B.Wright,DET,2022,18,0,0,0.0,0,0.0,0.0
J.Patterson,WAS,2022,18,0,0,0.0,0,0.0,0.0
C.Johnson,SEA,2022,17,0,0,0.0,0,0.0,0.0
C.Johnson,SEA,2022,18,0,0,0.0,0,0.0,0.0
C.Johnson,SEA,2022,19,0,0,0.0,0,0.0,0.0
F.Franks,ATL,2022,5,0,0,0.0,0,0.0,0.0
F.Franks,ATL,2022,15,0,0,0.0,0,0.0,0.0
C.Huntley,ATL,2022,2,0,0,0.0,0,0.0,0.0
C.Huntley,ATL,2022,4,0,0,0.0,0,0.0,0.0
C.Huntley,ATL,2022,5,0,0,0.0,0,0.0,0.0
C.Huntley,ATL,2022,6,0,0,0.0,0,0.0,0.0
C.Huntley,ATL,2022,7,0,0,0.0,0,0.0,0.0
C.Huntley,ATL,2022,8,0,0,0.0,0,0.0,0.0
C.Huntley,ATL,2022,9,0,0,0.0,0,0.0,0.0
C.Huntley,ATL,2022,10,0,0,0.0,0,0.0,0.0
C.Huntley,ATL,2022,11,0,0,0.0,0,0.0,0.0
C.Huntley,ATL,2022,12,0,0,0.0,0,0.0,0.0
C.Huntley,ATL,2022,13,0,0,0.0,0,0.0,0.0
C.Huntley,ATL,2022,15,0,0,0.0,0,0.0,0.0
A.Trammell,LA,2022,13,0,0,0.0,0,0.0,0.0
A.Trammell,LA,2022,14,0,0,0.0,0,0.0,0.0
K.Nwangwu,MIN,2022,11,0,0,0.0,0,0.0,0.0
K.Nwangwu,MIN,2022,12,0,0,0.0,0,0.0,0.0
K.Nwangwu,MIN,2022,18,0,0,0.0,0,0.0,0.0
T.Atwell,LA,2022,1,0,0,0.0,0,0.0,0.0
T.Atwell,LA,2022,3,0,0,0.0,0,0.0,0.0
T.Atwell,LA,2022,5,0,0,0.0,0,0.0,0.0
T.Atwell,LA,2022,6,0,0,0.0,0,0.0,0.0
T.Atwell,LA,2022,11,0,0,0.0,0,0.0,0.0
T.Atwell,LA,2022,12,0,0,0.0,0,0.0,0.0
T.Atwell,LA,2022,13,0,0,0.0,0,0.0,0.0
T.Atwell,LA,2022,14,0,0,0.0,0,0.0,0.0
T.Atwell,LA,2022,15,0,0,0.0,0,0.0,0.0
T.Atwell,LA,2022,16,0,0,0.0,0,0.0,0.0
T.Atwell,LA,2022,17,0,0,0.0,0,0.0,0.0
T.Atwell,LA,2022,18,0,0,0.0,0,0.0,0.0
C.Evans,CIN,2022,3,0,0,0.0,0,0.0,0.0
C.Evans,CIN,2022,4,0,0,0.0,0,0.0,0.0
C.Evans,CIN,2022,8,0,0,0.0,0,0.0,0.0
C.Evans,CIN,2022,13,0,0,0.0,0,0.0,0.0
J.Camp,HOU,2022,9,0,0,0.0,0,0.0,0.0
B.Skowronek,LA,2022,1,0,0,0.0,0,0.0,0.0
B.Skowronek,LA,2022,2,0,0,0.0,0,0.0,0.0
B.Skowronek,LA,2022,3,0,0,0.0,0,0.0,0.0
B.Skowronek,LA,2022,4,0,0,0.0,0,0.0,0.0
B.Skowronek,LA,2022,5,0,0,0.0,0,0.0,0.0
B.Skowronek,LA,2022,6,0,0,0.0,0,0.0,0.0
B.Skowronek,LA,2022,8,0,0,0.0,0,0.0,0.0
B.Skowronek,LA,2022,9,0,0,0.0,0,0.0,0.0
B.Skowronek,LA,2022,10,0,0,0.0,0,0.0,0.0
B.Skowronek,LA,2022,11,0,0,0.0,0,0.0,0.0
B.Skowronek,LA,2022,12,0,0,0.0,0,0.0,0.0
B.Skowronek,LA,2022,13,0,0,0.0,0,0.0,0.0
B.Skowronek,LA,2022,14,0,0,0.0,0,0.0,0.0
B.Skowronek,LA,2022,15,0,0,0.0,0,0.0,0.0
R.Stevenson,NE,2022,1,0,0,0.0,0,0.0,0.0
R.Stevenson,NE,2022,2,0,0,0.0,0,0.0,0.0
R.Stevenson,NE,2022,3,0,0,0.0,0,0.0,0.0
R.Stevenson,NE,2022,4,0,0,0.0,0,0.0,0.0
R.Stevenson,NE,2022,5,0,0,0.0,0,0.0,0.0
R.Stevenson,NE,2022,6,0,0,0.0,0,0.0,0.0
R.Stevenson,NE,2022,7,0,0,0.0,0,0.0,0.0
R.Stevenson,NE,2022,8,0,0,0.0,0,0.0,0.0
R.Stevenson,NE,2022,9,0,0,0.0,0,0.0,0.0
R.Stevenson,NE,2022,11,0,0,0.0,0,0.0,0.0
R.Stevenson,NE,2022,12,0,0,0.0,0,0.0,0.0
R.Stevenson,NE,2022,13,0,0,0.0,0,0.0,0.0
R.Stevenson,NE,2022,14,0,0,0.0,0,0.0,0.0
R.Stevenson,NE,2022,15,0,0,0.0,0,0.0,0.0
R.Stevenson,NE,2022,16,0,0,0.0,0,0.0,0.0
R.Stevenson,NE,2022,17,0,0,0.0,0,0.0,0.0
R.Stevenson,NE,2022,18,0,0,0.0,0,0.0,0.0
K.Granson,IND,2022,1,0,0,0.0,0,0.0,0.0
K.Granson,IND,2022,2,0,0,0.0,0,0.0,0.0
K.Granson,IND,2022,3,0,0,0.0,0,0.0,0.0
K.Granson,IND,2022,4,0,0,0.0,0,0.0,0.0
K.Granson,IND,2022,5,0,0,0.0,0,0.0,0.0
K.Granson,IND,2022,6,0,0,0.0,0,0.0,0.0
K.Granson,IND,2022,7,0,0,0.0,0,0.0,0.0
K.Granson,IND,2022,8,0,0,0.0,0,0.0,0.0
K.Granson,IND,2022,9,0,0,0.0,0,0.0,0.0
K.Granson,IND,2022,10,0,0,0.0,0,0.0,0.0
K.Granson,IND,2022,11,0,0,0.0,0,0.0,0.0
K.Granson,IND,2022,13,0,0,0.0,0,0.0,0.0
K.Granson,IND,2022,15,0,0,0.0,0,0.0,0.0
J.Darden,TB,2022,1,0,0,0.0,0,0.0,0.0
J.Darden,TB,2022,3,0,0,0.0,0,0.0,0.0
J.Darden,TB,2022,7,0,0,0.0,0,0.0,0.0
S.Ehlinger,IND,2022,8,17,23,201.0,0,0.0,2.0
S.Ehlinger,IND,2022,9,15,29,103.0,0,1.0,9.0
S.Ehlinger,IND,2022,17,9,14,60.0,1,0.0,1.0
S.Ehlinger,IND,2022,18,23,35,209.0,2,2.0,2.0
P.Sewell,DET,2022,14,0,0,0.0,0,0.0,0.0
L.Farrell,JAX,2022,6,0,0,0.0,0,0.0,0.0
L.Farrell,JAX,2022,9,0,0,0.0,0,0.0,0.0
L.Farrell,JAX,2022,13,0,0,0.0,0,0.0,0.0
L.Farrell,JAX,2022,18,0,0,0.0,0,0.0,0.0
N.Harris,PIT,2022,1,0,0,0.0,0,0.0,0.0
N.Harris,PIT,2022,2,0,0,0.0,0,0.0,0.0
N.Harris,PIT,2022,3,0,0,0.0,0,0.0,0.0
N.Harris,PIT,2022,4,0,0,0.0,0,0.0,0.0
N.Harris,PIT,2022,5,0,0,0.0,0,0.0,0.0
N.Harris,PIT,2022,6,0,0,0.0,0,0.0,0.0
N.Harris,PIT,2022,7,0,0,0.0,0,0.0,0.0
N.Harris,PIT,2022,8,1,1,4.0,0,0.0,0.0
N.Harris,PIT,2022,10,0,0,0.0,0,0.0,0.0
N.Harris,PIT,2022,11,0,0,0.0,0,0.0,0.0
N.Harris,PIT,2022,12,0,0,0.0,0,0.0,0.0
N.Harris,PIT,2022,13,0,0,0.0,0,0.0,0.0
N.Harris,PIT,2022,14,0,0,0.0,0,0.0,0.0
N.Harris,PIT,2022,15,0,0,0.0,0,0.0,0.0
N.Harris,PIT,2022,16,0,0,0.0,0,0.0,0.0
N.Harris,PIT,2022,17,0,0,0.0,0,0.0,0.0
N.Harris,PIT,2022,18,0,0,0.0,0,0.0,0.0
P.Freiermuth,PIT,2022,1,0,0,0.0,0,0.0,0.0
P.Freiermuth,PIT,2022,2,0,0,0.0,0,0.0,0.0
P.Freiermuth,PIT,2022,3,0,0,0.0,0,0.0,0.0
P.Freiermuth,PIT,2022,4,0,0,0.0,0,0.0,0.0
P.Freiermuth,PIT,2022,5,0,0,0.0,0,0.0,0.0
P.Freiermuth,PIT,2022,7,0,0,0.0,0,0.0,0.0
P.Freiermuth,PIT,2022,8,0,0,0.0,0,0.0,0.0
P.Freiermuth,PIT,2022,10,0,0,0.0,0,0.0,0.0
P.Freiermuth,PIT,2022,11,0,0,0.0,0,0.0,0.0
P.Freiermuth,PIT,2022,12,0,0,0.0,0,0.0,0.0
P.Freiermuth,PIT,2022,13,0,0,0.0,0,0.0,0.0
P.Freiermuth,PIT,2022,14,0,0,0.0,0,0.0,0.0
P.Freiermuth,PIT,2022,16,0,0,0.0,0,0.0,0.0
P.Freiermuth,PIT,2022,17,0,0,0.0,0,0.0,0.0
P.Freiermuth,PIT,2022,18,0,0,0.0,0,0.0,0.0
D.Mills,HOU,2022,1,23,37,240.0,2,0.0,3.0
D.Mills,HOU,2022,2,19,38,177.0,0,0.0,3.0
D.Mills,HOU,2022,3,20,32,245.0,1,2.0,1.0
D.Mills,HOU,2022,4,26,35,246.0,2,2.0,4.0
D.Mills,HOU,2022,5,16,24,140.0,0,0.0,1.0
D.Mills,HOU,2022,7,28,41,302.0,2,1.0,1.0
D.Mills,HOU,2022,8,17,29,152.0,1,1.0,3.0
D.Mills,HOU,2022,9,13,22,154.0,2,2.0,3.0
D.Mills,HOU,2022,10,22,37,319.0,1,1.0,4.0
D.Mills,HOU,2022,11,19,33,169.0,0,2.0,5.0
D.Mills,HOU,2022,14,16,21,175.0,0,1.0,0.0
D.Mills,HOU,2022,15,12,24,121.0,2,0.0,0.0
D.Mills,HOU,2022,16,17,28,178.0,1,1.0,1.0
D.Mills,HOU,2022,17,22,40,202.0,0,0.0,1.0
D.Mills,HOU,2022,18,22,38,298.0,3,2.0,1.0
J.Chase,CIN,2022,1,0,0,0.0,0,0.0,0.0
J.Chase,CIN,2022,2,0,0,0.0,0,0.0,0.0
J.Chase,CIN,2022,3,0,0,0.0,0,0.0,0.0
J.Chase,CIN,2022,4,0,0,0.0,0,0.0,0.0
J.Chase,CIN,2022,5,0,0,0.0,0,0.0,0.0
J.Chase,CIN,2022,6,0,0,0.0,0,0.0,0.0
J.Chase,CIN,2022,7,0,0,0.0,0,0.0,0.0
J.Chase,CIN,2022,13,0,0,0.0,0,0.0,0.0
J.Chase,CIN,2022,14,0,0,0.0,0,0.0,1.0
J.Chase,CIN,2022,15,0,0,0.0,0,0.0,0.0
J.Chase,CIN,2022,16,0,0,0.0,0,0.0,0.0
J.Chase,CIN,2022,18,0,0,0.0,0,0.0,0.0
J.Chase,CIN,2022,19,0,0,0.0,0,0.0,0.0
J.Chase,CIN,2022,20,0,0,0.0,0,0.0,0.0
J.Chase,CIN,2022,21,0,0,0.0,0,0.0,0.0
K.Herbert,CHI,2022,1,0,0,0.0,0,0.0,0.0
K.Herbert,CHI,2022,2,0,0,0.0,0,0.0,0.0
K.Herbert,CHI,2022,3,0,0,0.0,0,0.0,0.0
K.Herbert,CHI,2022,4,0,0,0.0,0,0.0,0.0
K.Herbert,CHI,2022,5,0,0,0.0,0,0.0,0.0
K.Herbert,CHI,2022,6,0,0,0.0,0,0.0,0.0
K.Herbert,CHI,2022,7,0,0,0.0,0,0.0,0.0
K.Herbert,CHI,2022,8,0,0,0.0,0,0.0,0.0
K.Herbert,CHI,2022,9,0,0,0.0,0,0.0,0.0
K.Herbert,CHI,2022,10,0,0,0.0,0,0.0,0.0
K.Herbert,CHI,2022,16,0,0,0.0,0,0.0,0.0
K.Herbert,CHI,2022,17,0,0,0.0,0,0.0,0.0
K.Herbert,CHI,2022,18,0,0,0.0,0,0.0,0.0
D.Smith,PHI,2022,1,0,0,0.0,0,0.0,0.0
D.Smith,PHI,2022,2,0,0,0.0,0,0.0,0.0
D.Smith,PHI,2022,3,0,0,0.0,0,0.0,0.0
D.Smith,PHI,2022,4,0,0,0.0,0,0.0,0.0
D.Smith,PHI,2022,5,0,0,0.0,0,0.0,0.0
D.Smith,PHI,2022,6,0,0,0.0,0,0.0,0.0
D.Smith,PHI,2022,8,0,0,0.0,0,0.0,0.0
D.Smith,PHI,2022,9,0,0,0.0,0,0.0,0.0
D.Smith,PHI,2022,10,0,0,0.0,0,0.0,0.0
D.Smith,PHI,2022,11,0,0,0.0,0,0.0,0.0
D.Smith,PHI,2022,12,0,0,0.0,0,0.0,0.0
D.Smith,PHI,2022,13,0,0,0.0,0,0.0,0.0
D.Smith,PHI,2022,14,0,0,0.0,0,0.0,0.0
D.Smith,PHI,2022,15,0,0,0.0,0,0.0,0.0
D.Smith,PHI,2022,16,0,0,0.0,0,0.0,0.0
D.Smith,PHI,2022,17,0,0,0.0,0,0.0,0.0
D.Smith,PHI,2022,18,0,0,0.0,0,0.0,0.0
D.Smith,PHI,2022,20,0,0,0.0,0,0.0,0.0
D.Smith,PHI,2022,21,0,0,0.0,0,0.0,0.0
D.Smith,PHI,2022,22,0,0,0.0,0,0.0,0.0
K.Toney,NYG,2022,1,0,0,0.0,0,0.0,0.0
K.Toney,NYG,2022,2,0,0,0.0,0,0.0,0.0
K.Toney,KC,2022,9,0,0,0.0,0,0.0,0.0
K.Toney,KC,2022,10,0,0,0.0,0,0.0,0.0
K.Toney,KC,2022,11,0,0,0.0,0,0.0,0.0
K.Toney,KC,2022,15,0,0,0.0,0,0.0,0.0
K.Toney,KC,2022,16,0,0,0.0,0,0.0,0.0
K.Toney,KC,2022,17,0,0,0.0,0,0.0,0.0
K.Toney,KC,2022,18,0,0,0.0,0,0.0,0.0
K.Toney,KC,2022,20,0,0,0.0,0,0.0,0.0
K.Toney,KC,2022,21,0,0,0.0,0,0.0,0.0
K.Toney,KC,2022,22,0,0,0.0,0,0.0,0.0
J.Harris,LA,2022,12,0,0,0.0,0,0.0,0.0
K.Gainwell,PHI,2022,1,0,0,0.0,0,0.0,0.0
K.Gainwell,PHI,2022,2,0,0,0.0,0,0.0,0.0
K.Gainwell,PHI,2022,3,0,0,0.0,0,0.0,0.0
K.Gainwell,PHI,2022,4,0,0,0.0,0,0.0,0.0
K.Gainwell,PHI,2022,5,0,0,0.0,0,0.0,0.0
K.Gainwell,PHI,2022,6,0,0,0.0,0,0.0,0.0
K.Gainwell,PHI,2022,8,0,0,0.0,0,0.0,0.0
K.Gainwell,PHI,2022,9,0,0,0.0,0,0.0,0.0
K.Gainwell,PHI,2022,10,0,0,0.0,0,0.0,0.0
K.Gainwell,PHI,2022,11,0,0,0.0,0,0.0,0.0
K.Gainwell,PHI,2022,12,0,0,0.0,0,0.0,0.0
K.Gainwell,PHI,2022,13,0,0,0.0,0,0.0,0.0
K.Gainwell,PHI,2022,14,0,0,0.0,0,0.0,0.0
K.Gainwell,PHI,2022,15,0,0,0.0,0,0.0,0.0
K.Gainwell,PHI,2022,16,0,0,0.0,0,0.0,0.0
K.Gainwell,PHI,2022,17,0,0,0.0,0,0.0,0.0
K.Gainwell,PHI,2022,18,0,0,0.0,0,0.0,0.0
K.Gainwell,PHI,2022,20,0,0,0.0,0,0.0,0.0
K.Gainwell,PHI,2022,21,0,0,0.0,0,0.0,0.0
K.Gainwell,PHI,2022,22,0,0,0.0,0,0.0,0.0
M.Carter,NYJ,2022,1,0,0,0.0,0,0.0,0.0
M.Carter,NYJ,2022,2,0,0,0.0,0,0.0,0.0
M.Carter,NYJ,2022,3,0,0,0.0,0,0.0,0.0
M.Carter,NYJ,2022,4,0,0,0.0,0,0.0,0.0
M.Carter,NYJ,2022,5,0,0,0.0,0,0.0,0.0
M.Carter,NYJ,2022,6,0,0,0.0,0,0.0,0.0
M.Carter,NYJ,2022,7,0,0,0.0,0,0.0,0.0
M.Carter,NYJ,2022,8,0,0,0.0,0,0.0,0.0
M.Carter,NYJ,2022,9,0,0,0.0,0,0.0,0.0
M.Carter,NYJ,2022,11,0,0,0.0,0,0.0,0.0
M.Carter,NYJ,2022,12,0,0,0.0,0,0.0,0.0
M.Carter,NYJ,2022,14,0,0,0.0,0,0.0,0.0
M.Carter,NYJ,2022,15,0,0,0.0,0,0.0,0.0
M.Carter,NYJ,2022,16,0,0,0.0,0,0.0,0.0
M.Carter,NYJ,2022,17,0,0,0.0,0,0.0,0.0
M.Carter,NYJ,2022,18,0,0,0.0,0,0.0,0.0
K.Trask,TB,2022,18,3,9,23.0,0,0.0,0.0
R.Moore,ARI,2022,4,0,0,0.0,0,0.0,0.0
R.Moore,ARI,2022,5,0,0,0.0,0,0.0,0.0
R.Moore,ARI,2022,6,0,0,0.0,0,0.0,0.0
R.Moore,ARI,2022,7,0,0,0.0,0,0.0,0.0
R.Moore,ARI,2022,8,0,0,0.0,0,0.0,0.0
R.Moore,ARI,2022,9,0,0,0.0,0,0.0,0.0
R.Moore,ARI,2022,10,0,0,0.0,0,0.0,0.0
R.Moore,ARI,2022,11,0,0,0.0,0,0.0,0.0
J.Fields,CHI,2022,1,8,17,121.0,2,1.0,2.0
J.Fields,CHI,2022,2,7,11,70.0,0,1.0,3.0
J.Fields,CHI,2022,3,8,17,106.0,0,2.0,5.0
J.Fields,CHI,2022,4,11,22,174.0,0,0.0,6.0
J.Fields,CHI,2022,5,15,21,208.0,1,0.0,2.0
J.Fields,CHI,2022,6,14,27,190.0,1,1.0,5.0
J.Fields,CHI,2022,7,13,21,179.0,1,1.0,4.0
J.Fields,CHI,2022,8,17,23,151.0,2,0.0,4.0
J.Fields,CHI,2022,9,17,28,123.0,3,0.0,2.0
J.Fields,CHI,2022,10,12,20,167.0,2,1.0,3.0
J.Fields,CHI,2022,11,14,21,153.0,1,1.0,4.0
J.Fields,CHI,2022,13,20,25,254.0,0,2.0,0.0
J.Fields,CHI,2022,15,14,21,152.0,2,0.0,6.0
J.Fields,CHI,2022,16,15,23,119.0,1,0.0,2.0
J.Fields,CHI,2022,17,7,21,75.0,1,1.0,7.0
A.Williams,ATL,2022,1,0,0,0.0,0,0.0,0.0
A.Williams,ATL,2022,2,0,0,0.0,0,0.0,0.0
A.Williams,ATL,2022,3,0,0,0.0,0,0.0,0.0
A.Williams,ATL,2022,4,0,0,0.0,0,0.0,0.0
A.Williams,ATL,2022,5,0,0,0.0,0,0.0,0.0
A.Williams,ATL,2022,6,0,0,0.0,0,0.0,0.0
A.Williams,ATL,2022,7,0,0,0.0,0,0.0,0.0
A.Williams,ATL,2022,8,0,0,0.0,0,0.0,0.0
A.Williams,ATL,2022,9,0,0,0.0,0,0.0,0.0
A.Williams,ATL,2022,10,0,0,0.0,0,0.0,0.0
A.Williams,ATL,2022,15,0,0,0.0,0,0.0,0.0
A.Williams,ATL,2022,16,0,0,0.0,0,0.0,0.0
A.Williams,ATL,2022,17,0,0,0.0,0,0.0,0.0
A.Williams,ATL,2022,18,0,0,0.0,0,0.0,0.0
F.Darby,ATL,2022,18,0,0,0.0,0,0.0,0.0
T.Marshall,CAR,2022,5,0,0,0.0,0,0.0,0.0
T.Marshall,CAR,2022,6,0,0,0.0,0,0.0,0.0
T.Marshall,CAR,2022,7,0,0,0.0,0,0.0,0.0
T.Marshall,CAR,2022,8,0,0,0.0,0,0.0,0.0
T.Marshall,CAR,2022,9,0,0,0.0,0,0.0,0.0
T.Marshall,CAR,2022,10,0,0,0.0,0,0.0,0.0
T.Marshall,CAR,2022,11,0,0,0.0,0,0.0,0.0
T.Marshall,CAR,2022,12,0,0,0.0,0,0.0,0.0
T.Marshall,CAR,2022,14,0,0,0.0,0,0.0,0.0
T.Marshall,CAR,2022,15,0,0,0.0,0,0.0,0.0
T.Marshall,CAR,2022,16,0,0,0.0,0,0.0,0.0
T.Marshall,CAR,2022,17,0,0,0.0,0,0.0,0.0
T.Marshall,CAR,2022,18,0,0,0.0,0,0.0,0.0
M.Bandy,LAC,2022,4,0,0,0.0,0,0.0,0.0
M.Bandy,LAC,2022,6,0,0,0.0,0,0.0,0.0
M.Bandy,LAC,2022,7,0,0,0.0,0,0.0,0.0
M.Bandy,LAC,2022,9,0,0,0.0,0,0.0,0.0
M.Bandy,LAC,2022,10,0,0,0.0,0,0.0,0.0
M.Bandy,LAC,2022,11,0,0,0.0,0,0.0,0.0
M.Bandy,LAC,2022,13,0,0,0.0,0,0.0,0.0
A.St. Brown,DET,2022,1,0,0,0.0,0,0.0,0.0
A.St. Brown,DET,2022,2,0,0,0.0,0,0.0,0.0
A.St. Brown,DET,2022,3,0,0,0.0,0,0.0,0.0
A.St. Brown,DET,2022,5,0,0,0.0,0,0.0,0.0
A.St. Brown,DET,2022,7,0,0,0.0,0,0.0,0.0
A.St. Brown,DET,2022,8,0,0,0.0,0,0.0,0.0
A.St. Brown,DET,2022,9,0,0,0.0,0,0.0,0.0
A.St. Brown,DET,2022,10,0,0,0.0,0,0.0,0.0
A.St. Brown,DET,2022,11,0,0,0.0,0,0.0,0.0
A.St. Brown,DET,2022,12,0,0,0.0,0,0.0,0.0
A.St. Brown,DET,2022,13,0,0,0.0,0,0.0,0.0
A.St. Brown,DET,2022,14,0,0,0.0,0,0.0,0.0
A.St. Brown,DET,2022,15,0,0,0.0,0,0.0,0.0
A.St. Brown,DET,2022,16,0,0,0.0,0,0.0,0.0
A.St. Brown,DET,2022,17,0,0,0.0,0,0.0,0.0
A.St. Brown,DET,2022,18,0,0,0.0,0,0.0,0.0
K.Pitts,ATL,2022,1,0,0,0.0,0,0.0,0.0
K.Pitts,ATL,2022,2,0,0,0.0,0,0.0,0.0
K.Pitts,ATL,2022,3,0,0,0.0,0,0.0,0.0
K.Pitts,ATL,2022,4,0,0,0.0,0,0.0,0.0
K.Pitts,ATL,2022,6,0,0,0.0,0,0.0,0.0
K.Pitts,ATL,2022,7,0,0,0.0,0,0.0,0.0
K.Pitts,ATL,2022,8,0,0,0.0,0,0.0,0.0
K.Pitts,ATL,2022,9,0,0,0.0,0,0.0,0.0
K.Pitts,ATL,2022,10,0,0,0.0,0,0.0,0.0
K.Pitts,ATL,2022,11,0,0,0.0,0,0.0,0.0
T.Lawrence,JAX,2022,1,24,42,275.0,1,1.0,2.0
T.Lawrence,JAX,2022,2,25,30,235.0,2,0.0,0.0
T.Lawrence,JAX,2022,3,28,39,262.0,3,0.0,0.0
T.Lawrence,JAX,2022,4,11,23,174.0,2,1.0,4.0
T.Lawrence,JAX,2022,5,25,47,286.0,0,2.0,0.0
T.Lawrence,JAX,2022,6,20,22,165.0,1,0.0,4.0
T.Lawrence,JAX,2022,7,22,43,310.0,0,0.0,0.0
T.Lawrence,JAX,2022,8,18,31,133.0,1,2.0,2.0
T.Lawrence,JAX,2022,9,25,31,235.0,1,0.0,0.0
T.Lawrence,JAX,2022,10,29,40,259.0,2,0.0,5.0
T.Lawrence,JAX,2022,12,29,37,321.0,3,0.0,4.0
T.Lawrence,JAX,2022,13,17,31,179.0,1,0.0,2.0
T.Lawrence,JAX,2022,14,30,42,368.0,3,0.0,0.0
T.Lawrence,JAX,2022,15,27,42,318.0,4,1.0,1.0
T.Lawrence,JAX,2022,16,20,31,229.0,0,0.0,1.0
T.Lawrence,JAX,2022,17,17,21,152.0,0,1.0,1.0
T.Lawrence,JAX,2022,18,20,32,212.0,1,0.0,1.0
T.Lawrence,JAX,2022,19,28,47,288.0,4,4.0,2.0
T.Lawrence,JAX,2022,20,24,39,217.0,1,1.0,2.0
M.Jones,NE,2022,1,21,30,213.0,1,1.0,2.0
M.Jones,NE,2022,2,21,35,252.0,1,1.0,0.0
M.Jones,NE,2022,3,22,32,321.0,0,3.0,3.0
M.Jones,NE,2022,7,3,6,13.0,0,1.0,0.0
M.Jones,NE,2022,8,24,35,194.0,1,1.0,6.0
M.Jones,NE,2022,9,20,30,147.0,1,0.0,4.0
M.Jones,NE,2022,11,23,27,246.0,0,0.0,6.0
M.Jones,NE,2022,12,28,39,382.0,2,0.0,3.0
M.Jones,NE,2022,13,22,36,195.0,1,0.0,1.0
M.Jones,NE,2022,14,24,35,235.0,0,1.0,1.0
M.Jones,NE,2022,15,13,31,112.0,0,0.0,0.0
M.Jones,NE,2022,16,21,33,240.0,2,0.0,4.0
M.Jones,NE,2022,17,20,33,204.0,2,0.0,3.0
M.Jones,NE,2022,18,26,40,243.0,3,3.0,1.0
T.Etienne,JAX,2022,1,0,0,0.0,0,0.0,0.0
T.Etienne,JAX,2022,2,0,0,0.0,0,0.0,0.0
T.Etienne,JAX,2022,3,0,0,0.0,0,0.0,0.0
T.Etienne,JAX,2022,4,0,0,0.0,0,0.0,0.0
T.Etienne,JAX,2022,5,0,0,0.0,0,0.0,0.0
T.Etienne,JAX,2022,6,0,0,0.0,0,0.0,0.0
T.Etienne,JAX,2022,7,0,0,0.0,0,0.0,0.0
T.Etienne,JAX,2022,8,0,0,0.0,0,0.0,0.0
T.Etienne,JAX,2022,9,0,0,0.0,0,0.0,0.0
T.Etienne,JAX,2022,10,0,0,0.0,0,0.0,0.0
T.Etienne,JAX,2022,12,0,0,0.0,0,0.0,0.0
T.Etienne,JAX,2022,13,0,0,0.0,0,0.0,0.0
T.Etienne,JAX,2022,14,0,0,0.0,0,0.0,0.0
T.Etienne,JAX,2022,15,0,0,0.0,0,0.0,0.0
T.Etienne,JAX,2022,16,0,0,0.0,0,0.0,0.0
T.Etienne,JAX,2022,17,0,0,0.0,0,0.0,0.0
T.Etienne,JAX,2022,18,0,0,0.0,0,0.0,0.0
T.Etienne,JAX,2022,19,0,0,0.0,0,0.0,0.0
T.Etienne,JAX,2022,20,0,0,0.0,0,0.0,0.0
E.Moore,NYJ,2022,1,0,0,0.0,0,0.0,0.0
E.Moore,NYJ,2022,2,0,0,0.0,0,0.0,0.0
E.Moore,NYJ,2022,3,0,0,0.0,0,0.0,0.0
E.Moore,NYJ,2022,4,0,0,0.0,0,0.0,0.0
E.Moore,NYJ,2022,5,0,0,0.0,0,0.0,0.0
E.Moore,NYJ,2022,8,0,0,0.0,0,0.0,0.0
E.Moore,NYJ,2022,11,0,0,0.0,0,0.0,0.0
E.Moore,NYJ,2022,12,0,0,0.0,0,0.0,0.0
E.Moore,NYJ,2022,13,0,0,0.0,0,0.0,0.0
E.Moore,NYJ,2022,14,0,0,0.0,0,0.0,0.0
E.Moore,NYJ,2022,15,0,0,0.0,0,0.0,0.0
E.Moore,NYJ,2022,16,0,0,0.0,0,0.0,0.0
E.Moore,NYJ,2022,17,0,0,0.0,0,0.0,0.0
E.Moore,NYJ,2022,18,0,0,0.0,0,0.0,0.0
T.Sermon,PHI,2022,4,0,0,0.0,0,0.0,0.0
J.Palmer,LAC,2022,1,0,0,0.0,0,0.0,0.0
J.Palmer,LAC,2022,2,0,0,0.0,0,0.0,0.0
J.Palmer,LAC,2022,3,0,0,0.0,0,0.0,0.0
J.Palmer,LAC,2022,4,0,0,0.0,0,0.0,0.0
J.Palmer,LAC,2022,5,0,0,0.0,0,0.0,0.0
J.Palmer,LAC,2022,6,0,0,0.0,0,0.0,0.0
J.Palmer,LAC,2022,9,0,0,0.0,0,0.0,0.0
J.Palmer,LAC,2022,10,0,0,0.0,0,0.0,0.0
J.Palmer,LAC,2022,11,0,0,0.0,0,0.0,0.0
J.Palmer,LAC,2022,12,0,0,0.0,0,0.0,0.0
J.Palmer,LAC,2022,13,0,0,0.0,0,0.0,0.0
J.Palmer,LAC,2022,14,0,0,0.0,0,0.0,0.0
J.Palmer,LAC,2022,15,0,0,0.0,0,0.0,0.0
J.Palmer,LAC,2022,16,0,0,0.0,0,0.0,0.0
J.Palmer,LAC,2022,17,0,0,0.0,0,0.0,0.0
J.Palmer,LAC,2022,18,0,0,0.0,0,0.0,0.0
J.Palmer,LAC,2022,19,0,0,0.0,0,0.0,0.0
A.Rodgers,GB,2022,6,0,0,0.0,0,0.0,0.0
A.Rodgers,GB,2022,7,0,0,0.0,0,0.0,0.0
A.Rodgers,GB,2022,8,0,0,0.0,0,0.0,0.0
A.Rodgers,GB,2022,9,0,0,0.0,0,0.0,0.0
A.Rodgers,HOU,2022,14,0,0,0.0,0,0.0,0.0
A.Rodgers,HOU,2022,15,0,0,0.0,0,0.0,0.0
A.Rodgers,HOU,2022,16,0,0,0.0,0,0.0,0.0
A.Rodgers,HOU,2022,17,0,0,0.0,0,0.0,0.0
A.Rodgers,HOU,2022,18,0,0,0.0,0,0.0,0.0
J.Williams,DEN,2022,1,0,0,0.0,0,0.0,0.0
J.Williams,DEN,2022,2,0,0,0.0,0,0.0,0.0
J.Williams,DEN,2022,3,0,0,0.0,0,0.0,0.0
J.Williams,DEN,2022,4,0,0,0.0,0,0.0,0.0
A.Schwartz,CLE,2022,1,0,0,0.0,0,0.0,0.0
A.Schwartz,CLE,2022,5,0,0,0.0,0,0.0,0.0
A.Schwartz,CLE,2022,6,0,0,0.0,0,0.0,0.0
A.Schwartz,CLE,2022,10,0,0,0.0,0,0.0,0.0
A.Schwartz,CLE,2022,12,0,0,0.0,0,0.0,0.0
A.Schwartz,CLE,2022,13,0,0,0.0,0,0.0,0.0
H.Long,MIA,2022,19,0,0,0.0,0,0.0,0.0
T.Tremble,CAR,2022,1,0,0,0.0,0,0.0,0.0
T.Tremble,CAR,2022,3,0,0,0.0,0,0.0,0.0
T.Tremble,CAR,2022,4,0,0,0.0,0,0.0,0.0
T.Tremble,CAR,2022,5,0,0,0.0,0,0.0,0.0
T.Tremble,CAR,2022,7,0,0,0.0,0,0.0,0.0
T.Tremble,CAR,2022,8,0,0,0.0,0,0.0,0.0
T.Tremble,CAR,2022,9,0,0,0.0,0,0.0,0.0
T.Tremble,CAR,2022,10,0,0,0.0,0,0.0,0.0
T.Tremble,CAR,2022,12,0,0,0.0,0,0.0,0.0
T.Tremble,CAR,2022,14,0,0,0.0,0,0.0,0.0
T.Tremble,CAR,2022,15,0,0,0.0,0,0.0,0.0
T.Tremble,CAR,2022,16,0,0,0.0,0,0.0,0.0
T.Tremble,CAR,2022,17,0,0,0.0,0,0.0,0.0
T.Tremble,CAR,2022,18,0,0,0.0,0,0.0,0.0
T.McKitty,LAC,2022,1,0,0,0.0,0,0.0,0.0
T.McKitty,LAC,2022,4,0,0,0.0,0,0.0,0.0
T.McKitty,LAC,2022,5,0,0,0.0,0,0.0,0.0
T.McKitty,LAC,2022,10,0,0,0.0,0,0.0,0.0
T.McKitty,LAC,2022,13,0,0,0.0,0,0.0,0.0
T.McKitty,LAC,2022,14,0,0,0.0,0,0.0,0.0
T.McKitty,LAC,2022,16,0,0,0.0,0,0.0,0.0
T.McKitty,LAC,2022,18,0,0,0.0,0,0.0,0.0
T.McKitty,LAC,2022,19,0,0,0.0,0,0.0,0.0
T.Lance,SF,2022,1,13,28,164.0,0,1.0,2.0
T.Lance,SF,2022,2,2,3,30.0,0,0.0,0.0
Z.Wilson,NYJ,2022,4,18,36,252.0,1,2.0,1.0
Z.Wilson,NYJ,2022,5,14,21,210.0,0,0.0,2.0
Z.Wilson,NYJ,2022,6,10,18,110.0,0,0.0,2.0
Z.Wilson,NYJ,2022,7,16,26,121.0,0,0.0,3.0
Z.Wilson,NYJ,2022,8,20,41,355.0,2,3.0,2.0
Z.Wilson,NYJ,2022,9,18,25,154.0,1,0.0,2.0
Z.Wilson,NYJ,2022,11,9,22,77.0,0,0.0,4.0
Z.Wilson,NYJ,2022,15,18,35,317.0,2,1.0,4.0
Z.Wilson,NYJ,2022,16,9,18,92.0,0,1.0,3.0
L.McCutcheon,LA,2022,12,0,0,0.0,0,0.0,0.0
L.McCutcheon,LA,2022,17,0,0,0.0,0,0.0,0.0
S.Howell,WAS,2022,18,11,19,169.0,1,1.0,3.0
C.Turner,WAS,2022,5,0,0,0.0,0,0.0,0.0
C.Turner,WAS,2022,6,0,0,0.0,0,0.0,0.0
C.Turner,WAS,2022,7,0,0,0.0,0,0.0,0.0
C.Turner,WAS,2022,11,0,0,0.0,0,0.0,0.0
C.Turner,WAS,2022,12,0,0,0.0,0,0.0,0.0
T.Badie,DEN,2022,18,0,0,0.0,0,0.0,0.0
G.Calcaterra,PHI,2022,3,0,0,0.0,0,0.0,0.0
G.Calcaterra,PHI,2022,12,0,0,0.0,0,0.0,0.0
G.Calcaterra,PHI,2022,13,0,0,0.0,0,0.0,0.0
G.Calcaterra,PHI,2022,14,0,0,0.0,0,0.0,0.0
G.Calcaterra,PHI,2022,15,0,0,0.0,0,0.0,0.0
T.Ebner,CHI,2022,3,0,0,0.0,0,0.0,0.0
T.Ebner,CHI,2022,4,0,0,0.0,0,0.0,0.0
T.Ebner,CHI,2022,7,0,0,0.0,0,0.0,0.0
T.Ebner,CHI,2022,8,0,0,0.0,0,0.0,0.0
T.Ebner,CHI,2022,11,0,0,0.0,0,0.0,0.0
T.Ebner,CHI,2022,15,0,0,0.0,0,0.0,0.0
T.Ebner,CHI,2022,18,0,0,0.0,0,0.0,0.0
D.Young,SEA,2022,18,0,0,0.0,0,0.0,0.0
D.Young,SEA,2022,19,0,0,0.0,0,0.0,0.0
S.Toure,GB,2022,7,0,0,0.0,0,0.0,0.0
S.Toure,GB,2022,8,0,0,0.0,0,0.0,0.0
S.Toure,GB,2022,9,0,0,0.0,0,0.0,0.0
S.Toure,GB,2022,13,0,0,0.0,0,0.0,0.0
J.Tonges,CHI,2022,3,0,0,0.0,0,0.0,0.0
Z.Knight,NYJ,2022,12,0,0,0.0,0,0.0,0.0
Z.Knight,NYJ,2022,13,0,0,0.0,0,0.0,0.0
Z.Knight,NYJ,2022,14,0,0,0.0,0,0.0,0.0
Z.Knight,NYJ,2022,15,0,0,0.0,0,0.0,0.0
Z.Knight,NYJ,2022,16,0,0,0.0,0,0.0,0.0
Z.Knight,NYJ,2022,17,0,0,0.0,0,0.0,0.0
Z.Knight,NYJ,2022,18,0,0,0.0,0,0.0,0.0
A.Rogers,WAS,2022,1,0,0,0.0,0,0.0,0.0
A.Rogers,WAS,2022,7,0,0,0.0,0,0.0,0.0
A.Rogers,WAS,2022,8,0,0,0.0,0,0.0,0.0
A.Rogers,WAS,2022,9,0,0,0.0,0,0.0,0.0
A.Rogers,WAS,2022,18,0,0,0.0,0,0.0,0.0
A.Brown,BAL,2022,14,3,5,16.0,0,0.0,1.0
A.Brown,BAL,2022,18,19,44,286.0,0,2.0,4.0
I.Pacheco,KC,2022,1,0,0,0.0,0,0.0,0.0
I.Pacheco,KC,2022,2,0,0,0.0,0,0.0,0.0
I.Pacheco,KC,2022,3,0,0,0.0,0,0.0,0.0
I.Pacheco,KC,2022,4,0,0,0.0,0,0.0,0.0
I.Pacheco,KC,2022,5,0,0,0.0,0,0.0,0.0
I.Pacheco,KC,2022,6,0,0,0.0,0,0.0,0.0
I.Pacheco,KC,2022,7,0,0,0.0,0,0.0,0.0
I.Pacheco,KC,2022,9,0,0,0.0,0,0.0,0.0
I.Pacheco,KC,2022,10,0,0,0.0,0,0.0,0.0
I.Pacheco,KC,2022,11,0,0,0.0,0,0.0,0.0
I.Pacheco,KC,2022,12,0,0,0.0,0,0.0,0.0
I.Pacheco,KC,2022,13,0,0,0.0,0,0.0,0.0
I.Pacheco,KC,2022,14,0,0,0.0,0,0.0,0.0
I.Pacheco,KC,2022,15,0,0,0.0,0,0.0,0.0
I.Pacheco,KC,2022,16,0,0,0.0,0,0.0,0.0
I.Pacheco,KC,2022,17,0,0,0.0,0,0.0,0.0
I.Pacheco,KC,2022,18,0,0,0.0,0,0.0,0.0
I.Pacheco,KC,2022,20,0,0,0.0,0,0.0,0.0
I.Pacheco,KC,2022,21,0,0,0.0,0,0.0,0.0
I.Pacheco,KC,2022,22,0,0,0.0,0,0.0,0.0
J.Warren,PIT,2022,1,0,0,0.0,0,0.0,0.0
J.Warren,PIT,2022,2,0,0,0.0,0,0.0,0.0
J.Warren,PIT,2022,3,0,0,0.0,0,0.0,0.0
J.Warren,PIT,2022,4,0,0,0.0,0,0.0,0.0
J.Warren,PIT,2022,5,0,0,0.0,0,0.0,0.0
J.Warren,PIT,2022,6,0,0,0.0,0,0.0,0.0
J.Warren,PIT,2022,7,0,0,0.0,0,0.0,0.0
J.Warren,PIT,2022,8,0,0,0.0,0,0.0,0.0
J.Warren,PIT,2022,10,0,0,0.0,0,0.0,0.0
J.Warren,PIT,2022,11,0,0,0.0,0,0.0,0.0
J.Warren,PIT,2022,13,0,0,0.0,0,0.0,0.0
J.Warren,PIT,2022,14,0,0,0.0,0,0.0,0.0
J.Warren,PIT,2022,15,0,0,0.0,0,0.0,0.0
J.Warren,PIT,2022,16,0,0,0.0,0,0.0,0.0
J.Warren,PIT,2022,17,0,0,0.0,0,0.0,0.0
J.Warren,PIT,2022,18,0,0,0.0,0,0.0,0.0
D.London,ATL,2022,1,0,0,0.0,0,0.0,0.0
D.London,ATL,2022,2,0,0,0.0,0,0.0,0.0
D.London,ATL,2022,3,0,0,0.0,0,0.0,0.0
D.London,ATL,2022,4,0,0,0.0,0,0.0,0.0
D.London,ATL,2022,5,0,0,0.0,0,0.0,0.0
D.London,ATL,2022,6,0,0,0.0,0,0.0,0.0
D.London,ATL,2022,7,0,0,0.0,0,0.0,0.0
D.London,ATL,2022,8,0,0,0.0,0,0.0,0.0
D.London,ATL,2022,9,0,0,0.0,0,0.0,0.0
D.London,ATL,2022,10,0,0,0.0,0,0.0,0.0
D.London,ATL,2022,11,0,0,0.0,0,0.0,0.0
D.London,ATL,2022,12,0,0,0.0,0,0.0,0.0
D.London,ATL,2022,13,0,0,0.0,0,0.0,0.0
D.London,ATL,2022,15,0,0,0.0,0,0.0,0.0
D.London,ATL,2022,16,0,0,0.0,0,0.0,0.0
D.London,ATL,2022,17,0,0,0.0,0,0.0,0.0
D.London,ATL,2022,18,0,0,0.0,0,0.0,0.0
C.Olave,NO,2022,1,0,0,0.0,0,0.0,0.0
C.Olave,NO,2022,2,0,0,0.0,0,0.0,0.0
C.Olave,NO,2022,3,0,0,0.0,0,0.0,0.0
C.Olave,NO,2022,4,0,0,0.0,0,0.0,0.0
C.Olave,NO,2022,5,0,0,0.0,0,0.0,0.0
C.Olave,NO,2022,7,0,0,0.0,0,0.0,0.0
C.Olave,NO,2022,8,0,0,0.0,0,0.0,0.0
C.Olave,NO,2022,9,0,0,0.0,0,0.0,0.0
C.Olave,NO,2022,10,0,0,0.0,0,0.0,0.0
C.Olave,NO,2022,11,0,0,0.0,0,0.0,0.0
C.Olave,NO,2022,12,0,0,0.0,0,0.0,0.0
C.Olave,NO,2022,13,0,0,0.0,0,0.0,0.0
C.Olave,NO,2022,15,0,0,0.0,0,0.0,0.0
C.Olave,NO,2022,17,0,0,0.0,0,0.0,0.0
C.Olave,NO,2022,18,0,0,0.0,0,0.0,0.0
J.Williams,DET,2022,13,0,0,0.0,0,0.0,0.0
J.Williams,DET,2022,14,0,0,0.0,0,0.0,0.0
J.Williams,DET,2022,15,0,0,0.0,0,0.0,0.0
J.Williams,DET,2022,16,0,0,0.0,0,0.0,0.0
J.Williams,DET,2022,17,0,0,0.0,0,0.0,0.0
J.Williams,DET,2022,18,0,0,0.0,0,0.0,0.0
G.Pickens,PIT,2022,1,0,0,0.0,0,0.0,0.0
G.Pickens,PIT,2022,2,0,0,0.0,0,0.0,0.0
G.Pickens,PIT,2022,3,0,0,0.0,0,0.0,0.0
G.Pickens,PIT,2022,4,0,0,0.0,0,0.0,0.0
G.Pickens,PIT,2022,5,0,0,0.0,0,0.0,0.0
G.Pickens,PIT,2022,6,0,0,0.0,0,0.0,0.0
G.Pickens,PIT,2022,7,0,0,0.0,0,0.0,0.0
G.Pickens,PIT,2022,8,0,0,0.0,0,0.0,0.0
G.Pickens,PIT,2022,10,0,0,0.0,0,0.0,0.0
G.Pickens,PIT,2022,11,0,0,0.0,0,0.0,0.0
G.Pickens,PIT,2022,12,0,0,0.0,0,0.0,0.0
G.Pickens,PIT,2022,13,0,0,0.0,0,0.0,0.0
G.Pickens,PIT,2022,14,0,0,0.0,0,0.0,0.0
G.Pickens,PIT,2022,15,0,0,0.0,0,0.0,0.0
G.Pickens,PIT,2022,16,0,0,0.0,0,0.0,0.0
G.Pickens,PIT,2022,17,0,0,0.0,0,0.0,0.0
G.Pickens,PIT,2022,18,0,0,0.0,0,0.0,0.0
J.Cook,BUF,2022,1,0,0,0.0,0,0.0,0.0
J.Cook,BUF,2022,2,0,0,0.0,0,0.0,0.0
J.Cook,BUF,2022,3,0,0,0.0,0,0.0,0.0
J.Cook,BUF,2022,4,0,0,0.0,0,0.0,0.0
J.Cook,BUF,2022,5,0,0,0.0,0,0.0,0.0
J.Cook,BUF,2022,6,0,0,0.0,0,0.0,0.0
J.Cook,BUF,2022,8,0,0,0.0,0,0.0,0.0
J.Cook,BUF,2022,9,0,0,0.0,0,0.0,0.0
J.Cook,BUF,2022,10,0,0,0.0,0,0.0,0.0
J.Cook,BUF,2022,11,0,0,0.0,0,0.0,0.0
J.Cook,BUF,2022,12,0,0,0.0,0,0.0,0.0
J.Cook,BUF,2022,13,0,0,0.0,0,0.0,0.0
J.Cook,BUF,2022,14,0,0,0.0,0,0.0,0.0
J.Cook,BUF,2022,15,0,0,0.0,0,0.0,0.0
J.Cook,BUF,2022,16,0,0,0.0,0,0.0,0.0
J.Cook,BUF,2022,18,0,0,0.0,0,0.0,0.0
J.Cook,BUF,2022,19,0,0,0.0,0,0.0,0.0
J.Cook,BUF,2022,20,0,0,0.0,0,0.0,0.0
G.Dulcich,DEN,2022,6,0,0,0.0,0,0.0,0.0
G.Dulcich,DEN,2022,7,0,0,0.0,0,0.0,0.0
G.Dulcich,DEN,2022,8,0,0,0.0,0,0.0,0.0
G.Dulcich,DEN,2022,10,0,0,0.0,0,0.0,0.0
G.Dulcich,DEN,2022,11,0,0,0.0,0,0.0,0.0
G.Dulcich,DEN,2022,12,0,0,0.0,0,0.0,0.0
G.Dulcich,DEN,2022,13,0,0,0.0,0,0.0,0.0
G.Dulcich,DEN,2022,14,0,0,0.0,0,0.0,0.0
G.Dulcich,DEN,2022,15,0,0,0.0,0,0.0,0.0
G.Dulcich,DEN,2022,16,0,0,0.0,0,0.0,0.0
M.Jones,NE,2022,11,0,0,0.0,0,0.0,0.0
M.Jones,NE,2022,13,0,0,0.0,0,0.0,0.0
M.Jones,NE,2022,14,0,0,0.0,0,0.0,0.0
M.Jones,NE,2022,16,0,0,0.0,0,0.0,0.0
R.White,TB,2022,1,0,0,0.0,0,0.0,0.0
R.White,TB,2022,2,0,0,0.0,0,0.0,0.0
R.White,TB,2022,4,0,0,0.0,0,0.0,0.0
R.White,TB,2022,5,0,0,0.0,0,0.0,0.0
R.White,TB,2022,6,0,0,0.0,0,0.0,0.0
R.White,TB,2022,7,0,0,0.0,0,0.0,0.0
R.White,TB,2022,8,0,0,0.0,0,0.0,0.0
R.White,TB,2022,9,0,0,0.0,0,0.0,0.0
R.White,TB,2022,10,0,0,0.0,0,0.0,0.0
R.White,TB,2022,12,0,0,0.0,0,0.0,0.0
R.White,TB,2022,13,0,0,0.0,0,0.0,0.0
R.White,TB,2022,14,0,0,0.0,0,0.0,0.0
R.White,TB,2022,15,0,0,0.0,0,0.0,0.0
R.White,TB,2022,16,0,0,0.0,0,0.0,0.0
R.White,TB,2022,17,0,0,0.0,0,0.0,0.0
R.White,TB,2022,18,0,0,0.0,0,0.0,0.0
R.White,TB,2022,19,0,0,0.0,0,0.0,0.0
D.Bell,CLE,2022,2,0,0,0.0,0,0.0,0.0
D.Bell,CLE,2022,3,0,0,0.0,0,0.0,0.0
D.Bell,CLE,2022,4,0,0,0.0,0,0.0,0.0
D.Bell,CLE,2022,5,0,0,0.0,0,0.0,0.0
D.Bell,CLE,2022,6,0,0,0.0,0,0.0,0.0
D.Bell,CLE,2022,7,0,0,0.0,0,0.0,0.0
D.Bell,CLE,2022,8,0,0,0.0,0,0.0,0.0
D.Bell,CLE,2022,10,0,0,0.0,0,0.0,0.0
D.Bell,CLE,2022,11,0,0,0.0,0,0.0,0.0
D.Bell,CLE,2022,12,0,0,0.0,0,0.0,0.0
D.Bell,CLE,2022,13,0,0,0.0,0,0.0,0.0
D.Bell,CLE,2022,14,0,0,0.0,0,0.0,0.0
D.Bell,CLE,2022,16,0,0,0.0,0,0.0,0.0
D.Bell,CLE,2022,18,0,0,0.0,0,0.0,0.0
D.Pierce,HOU,2022,1,0,0,0.0,0,0.0,0.0
D.Pierce,HOU,2022,2,0,0,0.0,0,0.0,0.0
D.Pierce,HOU,2022,3,0,0,0.0,0,0.0,0.0
D.Pierce,HOU,2022,4,0,0,0.0,0,0.0,0.0
D.Pierce,HOU,2022,5,0,0,0.0,0,0.0,0.0
D.Pierce,HOU,2022,7,0,0,0.0,0,0.0,0.0
D.Pierce,HOU,2022,8,0,0,0.0,0,0.0,0.0
D.Pierce,HOU,2022,9,0,0,0.0,0,0.0,0.0
D.Pierce,HOU,2022,10,0,0,0.0,0,0.0,0.0
D.Pierce,HOU,2022,11,0,0,0.0,0,0.0,0.0
D.Pierce,HOU,2022,12,0,0,0.0,0,0.0,0.0
D.Pierce,HOU,2022,13,0,0,0.0,0,0.0,0.0
D.Pierce,HOU,2022,14,0,0,0.0,0,0.0,0.0
K.Shakir,BUF,2022,2,0,0,0.0,0,0.0,0.0
K.Shakir,BUF,2022,4,0,0,0.0,0,0.0,0.0
K.Shakir,BUF,2022,5,0,0,0.0,0,0.0,0.0
K.Shakir,BUF,2022,6,0,0,0.0,0,0.0,0.0
K.Shakir,BUF,2022,8,0,0,0.0,0,0.0,0.0
K.Shakir,BUF,2022,10,0,0,0.0,0,0.0,0.0
K.Shakir,BUF,2022,13,0,0,0.0,0,0.0,0.0
K.Shakir,BUF,2022,14,0,0,0.0,0,0.0,0.0
K.Shakir,BUF,2022,16,0,0,0.0,0,0.0,0.0
K.Shakir,BUF,2022,18,0,0,0.0,0,0.0,0.0
K.Shakir,BUF,2022,19,0,0,0.0,0,0.0,0.0
K.Shakir,BUF,2022,20,0,0,0.0,0,0.0,0.0
T.Allgeier,ATL,2022,2,0,0,0.0,0,0.0,0.0
T.Allgeier,ATL,2022,3,0,0,0.0,0,0.0,0.0
T.Allgeier,ATL,2022,4,0,0,0.0,0,0.0,0.0
T.Allgeier,ATL,2022,5,0,0,0.0,0,0.0,0.0
T.Allgeier,ATL,2022,6,0,0,0.0,0,0.0,0.0
T.Allgeier,ATL,2022,7,0,0,0.0,0,0.0,0.0
T.Allgeier,ATL,2022,8,0,0,0.0,0,0.0,0.0
T.Allgeier,ATL,2022,9,0,0,0.0,0,0.0,0.0
T.Allgeier,ATL,2022,10,0,0,0.0,0,0.0,0.0
T.Allgeier,ATL,2022,11,0,0,0.0,0,0.0,0.0
T.Allgeier,ATL,2022,12,0,0,0.0,0,0.0,0.0
T.Allgeier,ATL,2022,13,0,0,0.0,0,0.0,0.0
T.Allgeier,ATL,2022,15,0,0,0.0,0,0.0,0.0
T.Allgeier,ATL,2022,16,0,0,0.0,0,0.0,0.0
T.Allgeier,ATL,2022,17,0,0,0.0,0,0.0,0.0
T.Allgeier,ATL,2022,18,0,0,0.0,0,0.0,0.0
S.Conner,JAX,2022,12,0,0,0.0,0,0.0,0.0
S.Conner,JAX,2022,13,0,0,0.0,0,0.0,0.0
S.Conner,JAX,2022,15,0,0,0.0,0,0.0,0.0
S.Conner,JAX,2022,16,0,0,0.0,0,0.0,0.0
S.Conner,JAX,2022,17,0,0,0.0,0,0.0,0.0
J.Ford,CLE,2022,13,0,0,0.0,0,0.0,0.0
J.Ford,CLE,2022,17,0,0,0.0,0,0.0,0.0
M.Washington,DEN,2022,2,0,0,0.0,0,0.0,0.0
M.Washington,DEN,2022,4,0,0,0.0,0,0.0,0.0
M.Washington,DEN,2022,5,0,0,0.0,0,0.0,0.0
M.Washington,DEN,2022,6,0,0,0.0,0,0.0,0.0
M.Washington,DEN,2022,7,0,0,0.0,0,0.0,0.0
M.Washington,DEN,2022,8,0,0,0.0,0,0.0,0.0
M.Washington,DEN,2022,10,0,0,0.0,0,0.0,0.0
M.Washington,DEN,2022,12,0,0,0.0,0,0.0,0.0
M.Washington,DEN,2022,13,0,0,0.0,0,0.0,0.0
K.Philips,TEN,2022,1,0,0,0.0,0,0.0,0.0
K.Philips,TEN,2022,2,0,0,0.0,0,0.0,0.0
K.Philips,TEN,2022,4,0,0,0.0,0,0.0,0.0
K.Philips,TEN,2022,5,0,0,0.0,0,0.0,0.0
T.Chandler,MIN,2022,18,0,0,0.0,0,0.0,0.0
T.Quitoriano,HOU,2022,9,0,0,0.0,0,0.0,0.0
T.Quitoriano,HOU,2022,11,0,0,0.0,0,0.0,0.0
T.Quitoriano,HOU,2022,12,0,0,0.0,0,0.0,0.0
T.Quitoriano,HOU,2022,13,0,0,0.0,0,0.0,0.0
T.Quitoriano,HOU,2022,15,0,0,0.0,0,0.0,0.0
T.Quitoriano,HOU,2022,16,0,0,0.0,0,0.0,0.0
T.Quitoriano,HOU,2022,18,0,0,0.0,0,0.0,0.0
J.Mitchell,DET,2022,8,0,0,0.0,0,0.0,0.0
J.Mitchell,DET,2022,9,0,0,0.0,0,0.0,0.0
J.Mitchell,DET,2022,10,0,0,0.0,0,0.0,0.0
J.Mitchell,DET,2022,12,0,0,0.0,0,0.0,0.0
J.Mitchell,DET,2022,15,0,0,0.0,0,0.0,0.0
J.Mitchell,DET,2022,16,0,0,0.0,0,0.0,0.0
J.Mitchell,DET,2022,17,0,0,0.0,0,0.0,0.0
J.Mitchell,DET,2022,18,0,0,0.0,0,0.0,0.0
K.Harris,NE,2022,6,0,0,0.0,0,0.0,0.0
K.Harris,NE,2022,13,0,0,0.0,0,0.0,0.0
K.Harris,NE,2022,14,0,0,0.0,0,0.0,0.0
K.Harris,NE,2022,15,0,0,0.0,0,0.0,0.0
K.Harris,NE,2022,16,0,0,0.0,0,0.0,0.0
J.Nailor,MIN,2022,4,0,0,0.0,0,0.0,0.0
J.Nailor,MIN,2022,11,0,0,0.0,0,0.0,0.0
J.Nailor,MIN,2022,15,0,0,0.0,0,0.0,0.0
J.Nailor,MIN,2022,17,0,0,0.0,0,0.0,0.0
J.Nailor,MIN,2022,18,0,0,0.0,0,0.0,0.0
K.Ingram,ARI,2022,6,0,0,0.0,0,0.0,0.0
K.Ingram,ARI,2022,7,0,0,0.0,0,0.0,0.0
K.Ingram,ARI,2022,9,0,0,0.0,0,0.0,0.0
K.Ingram,ARI,2022,10,0,0,0.0,0,0.0,0.0
K.Ingram,ARI,2022,11,0,0,0.0,0,0.0,0.0
K.Ingram,ARI,2022,12,0,0,0.0,0,0.0,0.0
K.Ingram,ARI,2022,14,0,0,0.0,0,0.0,0.0
K.Ingram,ARI,2022,15,0,0,0.0,0,0.0,0.0
K.Ingram,ARI,2022,16,0,0,0.0,0,0.0,0.0
K.Ingram,ARI,2022,18,0,0,0.0,0,0.0,0.0
M.Woods,CLE,2022,6,0,0,0.0,0,0.0,0.0
M.Woods,CLE,2022,8,0,0,0.0,0,0.0,0.0
M.Woods,CLE,2022,10,0,0,0.0,0,0.0,0.0
M.Woods,CLE,2022,15,0,0,0.0,0,0.0,0.0
M.Woods,CLE,2022,16,0,0,0.0,0,0.0,0.0
M.Woods,CLE,2022,18,0,0,0.0,0,0.0,0.0
C.Heyward,PIT,2022,5,0,0,0.0,0,0.0,0.0
C.Heyward,PIT,2022,6,0,0,0.0,0,0.0,0.0
C.Heyward,PIT,2022,7,0,0,0.0,0,0.0,0.0
C.Heyward,PIT,2022,10,0,0,0.0,0,0.0,0.0
C.Heyward,PIT,2022,13,0,0,0.0,0,0.0,0.0
C.Heyward,PIT,2022,14,0,0,0.0,0,0.0,0.0
C.Heyward,PIT,2022,16,0,0,0.0,0,0.0,0.0
C.Heyward,PIT,2022,18,0,0,0.0,0,0.0,0.0
K.Kieft,TB,2022,4,0,0,0.0,0,0.0,0.0
K.Kieft,TB,2022,7,0,0,0.0,0,0.0,0.0
K.Kieft,TB,2022,8,0,0,0.0,0,0.0,0.0
K.Kieft,TB,2022,9,0,0,0.0,0,0.0,0.0
K.Kieft,TB,2022,12,0,0,0.0,0,0.0,0.0
K.Kieft,TB,2022,13,0,0,0.0,0,0.0,0.0
K.Kieft,TB,2022,14,0,0,0.0,0,0.0,0.0
K.Kieft,TB,2022,17,0,0,0.0,0,0.0,0.0
K.Kieft,TB,2022,19,0,0,0.0,0,0.0,0.0
S.Thompson,MIA,2022,5,19,33,166.0,0,1.0,2.0
S.Thompson,MIA,2022,6,7,13,89.0,0,0.0,1.0
S.Thompson,MIA,2022,10,1,1,17.0,0,0.0,0.0
S.Thompson,MIA,2022,12,1,5,6.0,0,0.0,1.0
S.Thompson,MIA,2022,13,0,1,0.0,0,1.0,0.0
S.Thompson,MIA,2022,17,12,21,104.0,1,1.0,1.0
S.Thompson,MIA,2022,18,20,31,152.0,0,0.0,1.0
S.Thompson,MIA,2022,19,18,45,220.0,1,2.0,4.0
Z.Horvath,LAC,2022,1,0,0,0.0,0,0.0,0.0
Z.Horvath,LAC,2022,2,0,0,0.0,0,0.0,0.0
Z.Horvath,LAC,2022,3,0,0,0.0,0,0.0,0.0
Z.Horvath,LAC,2022,4,0,0,0.0,0,0.0,0.0
Z.Horvath,LAC,2022,5,0,0,0.0,0,0.0,0.0
Z.Horvath,LAC,2022,6,0,0,0.0,0,0.0,0.0
Z.Horvath,LAC,2022,10,0,0,0.0,0,0.0,0.0
Z.Horvath,LAC,2022,11,0,0,0.0,0,0.0,0.0
T.Conner,MIA,2022,5,0,0,0.0,0,0.0,0.0
T.Conner,MIA,2022,6,0,0,0.0,0,0.0,0.0
B.Sanders,MIA,2022,8,0,0,0.0,0,0.0,0.0
B.Sanders,MIA,2022,15,0,0,0.0,0,0.0,0.0
B.Johnson,DEN,2022,11,0,0,0.0,0,0.0,0.0
B.Johnson,DEN,2022,12,0,0,0.0,0,0.0,0.0
B.Johnson,DEN,2022,14,0,0,0.0,0,0.0,0.0
B.Johnson,DEN,2022,15,0,0,0.0,0,0.0,0.0
J.Virgil,DEN,2022,10,0,0,0.0,0,0.0,0.0
J.Virgil,DEN,2022,12,0,0,0.0,0,0.0,0.0
J.Virgil,DEN,2022,14,0,0,0.0,0,0.0,0.0
J.Virgil,DEN,2022,16,0,0,0.0,0,0.0,0.0
J.Domann,IND,2022,15,0,0,0.0,0,0.0,0.0
R.Blackshear,CAR,2022,7,0,0,0.0,0,0.0,0.0
R.Blackshear,CAR,2022,8,0,0,0.0,0,0.0,0.0
R.Blackshear,CAR,2022,9,0,0,0.0,0,0.0,0.0
R.Blackshear,CAR,2022,10,0,0,0.0,0,0.0,0.0
R.Blackshear,CAR,2022,11,0,0,0.0,0,0.0,0.0
R.Blackshear,CAR,2022,12,0,0,0.0,0,0.0,0.0
R.Blackshear,CAR,2022,14,0,0,0.0,0,0.0,0.0
R.Blackshear,CAR,2022,16,0,0,0.0,0,0.0,0.0
R.Blackshear,CAR,2022,17,0,0,0.0,0,0.0,0.0
R.Blackshear,CAR,2022,18,0,0,0.0,0,0.0,0.0
T.Hairston,HOU,2022,1,0,0,0.0,0,0.0,0.0
T.Hairston,HOU,2022,8,0,0,0.0,0,0.0,0.0
T.Hairston,HOU,2022,9,0,0,0.0,0,0.0,0.0
T.Hairston,HOU,2022,13,0,0,0.0,0,0.0,0.0
T.Hairston,HOU,2022,16,0,0,0.0,0,0.0,0.0
T.Hairston,HOU,2022,17,0,0,0.0,0,0.0,0.0
T.Hairston,HOU,2022,18,0,0,0.0,0,0.0,0.0
S.Smartt,LAC,2022,11,0,0,0.0,0,0.0,0.0
S.Smartt,LAC,2022,13,0,0,0.0,0,0.0,0.0
S.Smartt,LAC,2022,14,0,0,0.0,0,0.0,0.0
D.Thompkins,TB,2022,15,0,0,0.0,0,0.0,0.0
D.Thompkins,TB,2022,18,0,0,0.0,0,0.0,0.0
R.Wright,MIN,2022,4,1,1,13.0,0,0.0,0.0
R.Wright,MIN,2022,15,0,1,0.0,0,0.0,0.0
J.Mason,SF,2022,3,0,0,0.0,0,0.0,0.0
J.Mason,SF,2022,11,0,0,0.0,0,0.0,0.0
J.Mason,SF,2022,12,0,0,0.0,0,0.0,0.0
J.Mason,SF,2022,13,0,0,0.0,0,0.0,0.0
J.Mason,SF,2022,14,0,0,0.0,0,0.0,0.0
J.Mason,SF,2022,15,0,0,0.0,0,0.0,0.0
J.Mason,SF,2022,17,0,0,0.0,0,0.0,0.0
J.Mason,SF,2022,18,0,0,0.0,0,0.0,0.0
J.Mason,SF,2022,19,0,0,0.0,0,0.0,0.0
R.Shaheed,NO,2022,6,0,0,0.0,0,0.0,0.0
R.Shaheed,NO,2022,7,0,0,0.0,0,0.0,0.0
R.Shaheed,NO,2022,8,0,0,0.0,0,0.0,0.0
R.Shaheed,NO,2022,10,0,0,0.0,0,0.0,0.0
R.Shaheed,NO,2022,11,0,0,0.0,0,0.0,0.0
R.Shaheed,NO,2022,12,0,0,0.0,0,0.0,0.0
R.Shaheed,NO,2022,13,0,0,0.0,0,0.0,0.0
R.Shaheed,NO,2022,15,0,0,0.0,0,0.0,0.0
R.Shaheed,NO,2022,16,0,0,0.0,0,0.0,0.0
R.Shaheed,NO,2022,17,0,0,0.0,0,0.0,0.0
R.Shaheed,NO,2022,18,0,0,0.0,0,0.0,0.0
R.Rivers,LA,2022,6,0,0,0.0,0,0.0,0.0
R.Rivers,LA,2022,8,0,0,0.0,0,0.0,0.0
M.Davis,DAL,2022,8,0,0,0.0,0,0.0,0.0
M.Davis,DAL,2022,10,0,0,0.0,0,0.0,0.0
M.Davis,DAL,2022,11,0,0,0.0,0,0.0,0.0
M.Davis,DAL,2022,13,0,0,0.0,0,0.0,0.0
M.Davis,DAL,2022,17,0,0,0.0,0,0.0,0.0
M.Davis,DAL,2022,18,0,0,0.0,0,0.0,0.0
P.Hendershot,DAL,2022,3,0,0,0.0,0,0.0,0.0
P.Hendershot,DAL,2022,6,0,0,0.0,0,0.0,0.0
P.Hendershot,DAL,2022,7,0,0,0.0,0,0.0,0.0
P.Hendershot,DAL,2022,8,0,0,0.0,0,0.0,0.0
P.Hendershot,DAL,2022,10,0,0,0.0,0,0.0,0.0
P.Hendershot,DAL,2022,11,0,0,0.0,0,0.0,0.0
P.Hendershot,DAL,2022,12,0,0,0.0,0,0.0,0.0
P.Hendershot,DAL,2022,15,0,0,0.0,0,0.0,0.0
P.Hendershot,DAL,2022,17,0,0,0.0,0,0.0,0.0
D.Houston,DAL,2022,1,0,0,0.0,0,0.0,0.0
D.Houston,DAL,2022,2,0,0,0.0,0,0.0,0.0
J.Chestnut,TEN,2022,13,0,0,0.0,0,0.0,0.0
J.Chestnut,TEN,2022,14,0,0,0.0,0,0.0,0.0
J.Chestnut,TEN,2022,17,0,0,0.0,0,0.0,0.0
H.Haskins,TEN,2022,2,0,0,0.0,0,0.0,0.0
H.Haskins,TEN,2022,7,0,0,0.0,0,0.0,0.0
H.Haskins,TEN,2022,9,0,0,0.0,0,0.0,0.0
H.Haskins,TEN,2022,15,0,0,0.0,0,0.0,0.0
H.Haskins,TEN,2022,16,0,0,0.0,0,0.0,0.0
H.Haskins,TEN,2022,17,0,0,0.0,0,0.0,0.0
H.Haskins,TEN,2022,18,0,0,0.0,0,0.0,0.0
A.Pierce,IND,2022,1,0,0,0.0,0,0.0,0.0
A.Pierce,IND,2022,3,0,0,0.0,0,0.0,0.0
A.Pierce,IND,2022,4,0,0,0.0,0,0.0,0.0
A.Pierce,IND,2022,5,0,0,0.0,0,0.0,0.0
A.Pierce,IND,2022,6,0,0,0.0,0,0.0,0.0
A.Pierce,IND,2022,7,0,0,0.0,0,0.0,0.0
A.Pierce,IND,2022,8,0,0,0.0,0,0.0,0.0
A.Pierce,IND,2022,9,0,0,0.0,0,0.0,0.0
A.Pierce,IND,2022,10,0,0,0.0,0,0.0,0.0
A.Pierce,IND,2022,11,0,0,0.0,0,0.0,0.0
A.Pierce,IND,2022,12,0,0,0.0,0,0.0,0.0
A.Pierce,IND,2022,13,0,0,0.0,0,0.0,0.0
A.Pierce,IND,2022,15,0,0,0.0,0,0.0,0.0
A.Pierce,IND,2022,16,0,0,0.0,0,0.0,0.0
A.Pierce,IND,2022,17,0,0,0.0,0,0.0,0.0
A.Pierce,IND,2022,18,0,0,0.0,0,0.0,0.0
J.Tolbert,DAL,2022,3,0,0,0.0,0,0.0,0.0
J.Tolbert,DAL,2022,11,0,0,0.0,0,0.0,0.0
M.Alexander,DET,2022,8,0,0,0.0,0,0.0,0.0
G.Wilson,NYJ,2022,1,0,0,0.0,0,0.0,0.0
G.Wilson,NYJ,2022,2,0,0,0.0,0,0.0,0.0
G.Wilson,NYJ,2022,3,0,0,0.0,0,0.0,0.0
G.Wilson,NYJ,2022,4,0,0,0.0,0,0.0,0.0
G.Wilson,NYJ,2022,5,0,0,0.0,0,0.0,0.0
G.Wilson,NYJ,2022,6,0,0,0.0,0,0.0,0.0
G.Wilson,NYJ,2022,7,0,0,0.0,0,0.0,0.0
G.Wilson,NYJ,2022,8,0,0,0.0,0,0.0,0.0
G.Wilson,NYJ,2022,9,0,0,0.0,0,0.0,0.0
G.Wilson,NYJ,2022,11,0,0,0.0,0,0.0,0.0
G.Wilson,NYJ,2022,12,0,0,0.0,0,0.0,0.0
G.Wilson,NYJ,2022,13,0,1,0.0,0,0.0,0.0
G.Wilson,NYJ,2022,14,0,0,0.0,0,0.0,0.0
G.Wilson,NYJ,2022,15,0,0,0.0,0,0.0,0.0
G.Wilson,NYJ,2022,16,0,0,0.0,0,0.0,0.0
G.Wilson,NYJ,2022,17,0,0,0.0,0,0.0,0.0
G.Wilson,NYJ,2022,18,0,0,0.0,0,0.0,0.0
J.Dotson,WAS,2022,1,0,0,0.0,0,0.0,0.0
J.Dotson,WAS,2022,2,0,0,0.0,0,0.0,0.0
J.Dotson,WAS,2022,3,0,0,0.0,0,0.0,0.0
J.Dotson,WAS,2022,4,0,0,0.0,0,0.0,0.0
J.Dotson,WAS,2022,10,0,0,0.0,0,0.0,0.0
J.Dotson,WAS,2022,11,0,0,0.0,0,0.0,0.0
J.Dotson,WAS,2022,12,0,0,0.0,0,0.0,0.0
J.Dotson,WAS,2022,13,0,0,0.0,0,0.0,0.0
J.Dotson,WAS,2022,15,0,0,0.0,0,0.0,0.0
J.Dotson,WAS,2022,16,0,0,0.0,0,0.0,0.0
J.Dotson,WAS,2022,17,0,0,0.0,0,0.0,0.0
J.Dotson,WAS,2022,18,0,0,0.0,0,0.0,0.0
T.Burks,TEN,2022,1,0,0,0.0,0,0.0,0.0
T.Burks,TEN,2022,2,0,0,0.0,0,0.0,0.0
T.Burks,TEN,2022,3,0,0,0.0,0,0.0,0.0
T.Burks,TEN,2022,4,0,0,0.0,0,0.0,0.0
T.Burks,TEN,2022,10,0,0,0.0,0,0.0,0.0
T.Burks,TEN,2022,11,0,0,0.0,0,0.0,0.0
T.Burks,TEN,2022,12,0,0,0.0,0,0.0,0.0
T.Burks,TEN,2022,13,0,0,0.0,0,0.0,0.0
T.Burks,TEN,2022,16,0,0,0.0,0,0.0,0.0
T.Burks,TEN,2022,17,0,0,0.0,0,0.0,0.0
T.Burks,TEN,2022,18,0,0,0.0,0,0.0,0.0
T.McBride,ARI,2022,4,0,0,0.0,0,0.0,0.0
T.McBride,ARI,2022,10,0,0,0.0,0,0.0,0.0
T.McBride,ARI,2022,11,0,0,0.0,0,0.0,0.0
T.McBride,ARI,2022,12,0,0,0.0,0,0.0,0.0
T.McBride,ARI,2022,14,0,0,0.0,0,0.0,0.0
T.McBride,ARI,2022,15,0,0,0.0,0,0.0,0.0
T.McBride,ARI,2022,16,0,0,0.0,0,0.0,0.0
T.McBride,ARI,2022,17,0,0,0.0,0,0.0,0.0
T.McBride,ARI,2022,18,0,0,0.0,0,0.0,0.0
V.Jones,CHI,2022,5,0,0,0.0,0,0.0,0.0
V.Jones,CHI,2022,6,0,0,0.0,0,0.0,0.0
V.Jones,CHI,2022,8,0,0,0.0,0,0.0,0.0
V.Jones,CHI,2022,12,0,0,0.0,0,0.0,0.0
V.Jones,CHI,2022,13,0,0,0.0,0,0.0,0.0
V.Jones,CHI,2022,15,0,0,0.0,0,0.0,0.0
V.Jones,CHI,2022,16,0,0,0.0,0,0.0,0.0
V.Jones,CHI,2022,17,0,0,0.0,0,0.0,0.0
V.Jones,CHI,2022,18,0,0,0.0,0,0.0,0.0
B.Robinson,WAS,2022,5,0,0,0.0,0,0.0,0.0
B.Robinson,WAS,2022,6,0,0,0.0,0,0.0,0.0
B.Robinson,WAS,2022,7,0,0,0.0,0,0.0,0.0
B.Robinson,WAS,2022,8,0,0,0.0,0,0.0,0.0
B.Robinson,WAS,2022,9,0,0,0.0,0,0.0,0.0
B.Robinson,WAS,2022,10,0,0,0.0,0,0.0,0.0
B.Robinson,WAS,2022,11,0,0,0.0,0,0.0,0.0
B.Robinson,WAS,2022,12,0,0,0.0,0,0.0,0.0
B.Robinson,WAS,2022,13,0,0,0.0,0,0.0,0.0
B.Robinson,WAS,2022,15,0,0,0.0,0,0.0,0.0
B.Robinson,WAS,2022,16,0,0,0.0,0,0.0,0.0
B.Robinson,WAS,2022,17,0,0,0.0,0,0.0,0.0
J.Woods,IND,2022,3,0,0,0.0,0,0.0,0.0
J.Woods,IND,2022,4,0,0,0.0,0,0.0,0.0
J.Woods,IND,2022,5,0,0,0.0,0,0.0,0.0
J.Woods,IND,2022,6,0,0,0.0,0,0.0,0.0
J.Woods,IND,2022,7,0,0,0.0,0,0.0,0.0
J.Woods,IND,2022,9,0,0,0.0,0,0.0,0.0
J.Woods,IND,2022,12,0,0,0.0,0,0.0,0.0
J.Woods,IND,2022,13,0,0,0.0,0,0.0,0.0
J.Woods,IND,2022,15,0,0,0.0,0,0.0,0.0
J.Woods,IND,2022,16,0,0,0.0,0,0.0,0.0
J.Woods,IND,2022,17,0,0,0.0,0,0.0,0.0
J.Woods,IND,2022,18,0,0,0.0,0,0.0,0.0
K.Turpin,DAL,2022,2,0,0,0.0,0,0.0,0.0
K.Turpin,DAL,2022,6,0,0,0.0,0,0.0,0.0
K.Turpin,DAL,2022,7,0,0,0.0,0,0.0,0.0
K.Turpin,DAL,2022,8,0,0,0.0,0,0.0,0.0
K.Turpin,DAL,2022,10,0,0,0.0,0,0.0,0.0
K.Turpin,DAL,2022,20,0,0,0.0,0,0.0,0.0
J.Ruckert,NYJ,2022,2,0,0,0.0,0,0.0,0.0
J.Ruckert,NYJ,2022,18,0,0,0.0,0,0.0,0.0
C.Okonkwo,TEN,2022,1,0,0,0.0,0,0.0,0.0
C.Okonkwo,TEN,2022,4,0,0,0.0,0,0.0,0.0
C.Okonkwo,TEN,2022,5,0,0,0.0,0,0.0,0.0
C.Okonkwo,TEN,2022,7,0,0,0.0,0,0.0,0.0
C.Okonkwo,TEN,2022,8,0,0,0.0,0,0.0,0.0
C.Okonkwo,TEN,2022,9,0,0,0.0,0,0.0,0.0
C.Okonkwo,TEN,2022,10,0,0,0.0,0,0.0,0.0
C.Okonkwo,TEN,2022,11,0,0,0.0,0,0.0,0.0
C.Okonkwo,TEN,2022,12,0,0,0.0,0,0.0,0.0
C.Okonkwo,TEN,2022,13,0,0,0.0,0,0.0,0.0
C.Okonkwo,TEN,2022,14,0,0,0.0,0,0.0,0.0
C.Okonkwo,TEN,2022,15,0,0,0.0,0,0.0,0.0
C.Okonkwo,TEN,2022,16,0,0,0.0,0,0.0,0.0
C.Okonkwo,TEN,2022,17,0,0,0.0,0,0.0,0.0
C.Okonkwo,TEN,2022,18,0,0,0.0,0,0.0,0.0
R.Doubs,GB,2022,1,0,0,0.0,0,0.0,0.0
R.Doubs,GB,2022,2,0,0,0.0,0,0.0,0.0
R.Doubs,GB,2022,3,0,0,0.0,0,0.0,0.0
R.Doubs,GB,2022,4,0,0,0.0,0,0.0,0.0
R.Doubs,GB,2022,5,0,0,0.0,0,0.0,0.0
R.Doubs,GB,2022,6,0,0,0.0,0,0.0,0.0
R.Doubs,GB,2022,7,0,0,0.0,0,0.0,0.0
R.Doubs,GB,2022,8,0,0,0.0,0,0.0,0.0
R.Doubs,GB,2022,9,0,0,0.0,0,0.0,0.0
R.Doubs,GB,2022,15,0,0,0.0,0,0.0,0.0
R.Doubs,GB,2022,16,0,0,0.0,0,0.0,0.0
R.Doubs,GB,2022,17,0,0,0.0,0,0.0,0.0
R.Doubs,GB,2022,18,0,0,0.0,0,0.0,0.0
T.Davis-Price,SF,2022,2,0,0,0.0,0,0.0,0.0
T.Davis-Price,SF,2022,7,0,0,0.0,0,0.0,0.0
T.Davis-Price,SF,2022,16,0,0,0.0,0,0.0,0.0
T.Davis-Price,SF,2022,17,0,0,0.0,0,0.0,0.0
T.Davis-Price,SF,2022,18,0,0,0.0,0,0.0,0.0
D.Gray,SF,2022,2,0,0,0.0,0,0.0,0.0
D.Gray,SF,2022,5,0,0,0.0,0,0.0,0.0
D.Gray,SF,2022,7,0,0,0.0,0,0.0,0.0
D.Gray,SF,2022,14,0,0,0.0,0,0.0,0.0
D.Gray,SF,2022,17,0,0,0.0,0,0.0,0.0
B.Purdy,SF,2022,5,0,0,0.0,0,0.0,0.0
B.Purdy,SF,2022,7,4,9,66.0,0,1.0,0.0
B.Purdy,SF,2022,11,0,0,0.0,0,0.0,0.0
B.Purdy,SF,2022,13,25,37,210.0,2,1.0,3.0
B.Purdy,SF,2022,14,16,21,185.0,2,0.0,0.0
B.Purdy,SF,2022,15,17,26,217.0,2,0.0,1.0
B.Purdy,SF,2022,16,15,22,234.0,2,1.0,3.0
B.Purdy,SF,2022,17,22,35,284.0,2,1.0,0.0
B.Purdy,SF,2022,18,15,20,178.0,3,0.0,4.0
B.Purdy,SF,2022,19,18,30,332.0,3,0.0,1.0
B.Purdy,SF,2022,20,19,29,214.0,0,0.0,2.0
B.Purdy,SF,2022,21,4,4,23.0,0,0.0,1.0
I.Likely,BAL,2022,1,0,0,0.0,0,0.0,0.0
I.Likely,BAL,2022,2,0,0,0.0,0,0.0,0.0
I.Likely,BAL,2022,3,0,0,0.0,0,0.0,0.0
I.Likely,BAL,2022,5,0,0,0.0,0,0.0,0.0
I.Likely,BAL,2022,6,0,0,0.0,0,0.0,0.0
I.Likely,BAL,2022,7,0,0,0.0,0,0.0,0.0
I.Likely,BAL,2022,8,0,0,0.0,0,0.0,0.0
I.Likely,BAL,2022,9,0,0,0.0,0,0.0,0.0
I.Likely,BAL,2022,11,0,0,0.0,0,0.0,0.0
I.Likely,BAL,2022,13,0,0,0.0,0,0.0,0.0
I.Likely,BAL,2022,15,0,0,0.0,0,0.0,0.0
I.Likely,BAL,2022,16,0,0,0.0,0,0.0,0.0
I.Likely,BAL,2022,17,0,0,0.0,0,0.0,0.0
I.Likely,BAL,2022,18,0,0,0.0,0,0.0,0.0
K.Williams,LA,2022,10,0,0,0.0,0,0.0,0.0
K.Williams,LA,2022,11,0,0,0.0,0,0.0,0.0
K.Williams,LA,2022,12,0,0,0.0,0,0.0,0.0
K.Williams,LA,2022,13,0,0,0.0,0,0.0,0.0
K.Williams,LA,2022,14,0,0,0.0,0,0.0,0.0
K.Williams,LA,2022,15,0,0,0.0,0,0.0,0.0
K.Williams,LA,2022,16,0,0,0.0,0,0.0,0.0
K.Williams,LA,2022,17,0,0,0.0,0,0.0,0.0
Z.White,LV,2022,2,0,0,0.0,0,0.0,0.0
Z.White,LV,2022,4,0,0,0.0,0,0.0,0.0
Z.White,LV,2022,5,0,0,0.0,0,0.0,0.0
Z.White,LV,2022,7,0,0,0.0,0,0.0,0.0
Z.White,LV,2022,9,0,0,0.0,0,0.0,0.0
Z.White,LV,2022,10,0,0,0.0,0,0.0,0.0
Z.White,LV,2022,12,0,0,0.0,0,0.0,0.0
Z.White,LV,2022,13,0,0,0.0,0,0.0,0.0
Z.White,LV,2022,14,0,0,0.0,0,0.0,0.0
Z.White,LV,2022,15,0,0,0.0,0,0.0,0.0
Z.White,LV,2022,18,0,0,0.0,0,0.0,0.0
J.Ferguson,DAL,2022,3,0,0,0.0,0,0.0,0.0
J.Ferguson,DAL,2022,4,0,0,0.0,0,0.0,0.0
J.Ferguson,DAL,2022,6,0,0,0.0,0,0.0,0.0
J.Ferguson,DAL,2022,7,0,0,0.0,0,0.0,0.0
J.Ferguson,DAL,2022,8,0,0,0.0,0,0.0,0.0
J.Ferguson,DAL,2022,11,0,0,0.0,0,0.0,0.0
J.Ferguson,DAL,2022,12,0,0,0.0,0,0.0,0.0
J.Ferguson,DAL,2022,13,0,0,0.0,0,0.0,0.0
J.Ferguson,DAL,2022,16,0,0,0.0,0,0.0,0.0
J.Ferguson,DAL,2022,17,0,0,0.0,0,0.0,0.0
J.Ferguson,DAL,2022,18,0,0,0.0,0,0.0,0.0
J.Ferguson,DAL,2022,19,0,0,0.0,0,0.0,0.0
I.Spiller,LAC,2022,7,0,0,0.0,0,0.0,0.0
I.Spiller,LAC,2022,9,0,0,0.0,0,0.0,0.0
I.Spiller,LAC,2022,10,0,0,0.0,0,0.0,0.0
I.Spiller,LAC,2022,11,0,0,0.0,0,0.0,0.0
I.Spiller,LAC,2022,12,0,0,0.0,0,0.0,0.0
C.Kolar,BAL,2022,18,0,0,0.0,0,0.0,0.0
S.Moore,KC,2022,1,0,0,0.0,0,0.0,0.0
S.Moore,KC,2022,4,0,0,0.0,0,0.0,0.0
S.Moore,KC,2022,5,0,0,0.0,0,0.0,0.0
S.Moore,KC,2022,6,0,0,0.0,0,0.0,0.0
S.Moore,KC,2022,7,0,0,0.0,0,0.0,0.0
S.Moore,KC,2022,9,0,0,0.0,0,0.0,0.0
S.Moore,KC,2022,10,0,0,0.0,0,0.0,0.0
S.Moore,KC,2022,11,0,0,0.0,0,0.0,0.0
S.Moore,KC,2022,12,0,0,0.0,0,0.0,0.0
S.Moore,KC,2022,13,0,0,0.0,0,0.0,0.0
S.Moore,KC,2022,14,0,0,0.0,0,0.0,0.0
S.Moore,KC,2022,15,0,0,0.0,0,0.0,0.0
S.Moore,KC,2022,16,0,0,0.0,0,0.0,0.0
S.Moore,KC,2022,17,0,0,0.0,0,0.0,0.0
S.Moore,KC,2022,20,0,0,0.0,0,0.0,0.0
S.Moore,KC,2022,21,0,0,0.0,0,0.0,0.0
S.Moore,KC,2022,22,0,0,0.0,0,0.0,0.0
E.Ezukanma,MIA,2022,18,0,0,0.0,0,0.0,0.0
P.Strong,NE,2022,6,0,0,0.0,0,0.0,0.0
P.Strong,NE,2022,14,0,0,0.0,0,0.0,0.0
P.Strong,NE,2022,15,0,0,0.0,0,0.0,0.0
P.Strong,NE,2022,16,0,0,0.0,0,0.0,0.0
K.Pickett,PIT,2022,4,10,13,120.0,0,3.0,0.0
K.Pickett,PIT,2022,5,34,52,327.0,0,1.0,3.0
K.Pickett,PIT,2022,6,11,18,67.0,1,0.0,1.0
K.Pickett,PIT,2022,7,32,44,257.0,1,3.0,2.0
K.Pickett,PIT,2022,8,25,38,191.0,0,1.0,6.0
K.Pickett,PIT,2022,10,18,30,199.0,0,0.0,6.0
K.Pickett,PIT,2022,11,25,42,265.0,1,0.0,2.0
K.Pickett,PIT,2022,12,20,28,174.0,0,0.0,3.0
K.Pickett,PIT,2022,13,16,28,197.0,1,0.0,0.0
K.Pickett,PIT,2022,14,0,1,0.0,0,0.0,1.0
K.Pickett,PIT,2022,16,26,39,244.0,1,1.0,0.0
K.Pickett,PIT,2022,17,15,27,168.0,1,0.0,2.0
K.Pickett,PIT,2022,18,13,29,195.0,1,0.0,1.0
T.Thornton,NE,2022,5,0,0,0.0,0,0.0,0.0
T.Thornton,NE,2022,6,0,0,0.0,0,0.0,0.0
T.Thornton,NE,2022,7,0,0,0.0,0,0.0,0.0
T.Thornton,NE,2022,8,0,0,0.0,0,0.0,0.0
T.Thornton,NE,2022,9,0,0,0.0,0,0.0,0.0
T.Thornton,NE,2022,11,0,0,0.0,0,0.0,0.0
T.Thornton,NE,2022,13,0,0,0.0,0,0.0,0.0
T.Thornton,NE,2022,14,0,0,0.0,0,0.0,0.0
T.Thornton,NE,2022,15,0,0,0.0,0,0.0,0.0
T.Thornton,NE,2022,16,0,0,0.0,0,0.0,0.0
T.Thornton,NE,2022,17,0,0,0.0,0,0.0,0.0
T.Thornton,NE,2022,18,0,0,0.0,0,0.0,0.0
B.Zappe,NE,2022,4,10,15,99.0,1,0.0,3.0
B.Zappe,NE,2022,5,17,21,188.0,1,1.0,0.0
B.Zappe,NE,2022,6,24,34,309.0,2,0.0,2.0
B.Zappe,NE,2022,7,14,22,185.0,1,2.0,1.0
D.Bellinger,NYG,2022,2,0,0,0.0,0,0.0,0.0
D.Bellinger,NYG,2022,3,0,0,0.0,0,0.0,0.0
D.Bellinger,NYG,2022,4,0,0,0.0,0,0.0,0.0
D.Bellinger,NYG,2022,5,0,0,0.0,0,0.0,0.0
D.Bellinger,NYG,2022,6,0,0,0.0,0,0.0,0.0
D.Bellinger,NYG,2022,7,0,0,0.0,0,0.0,0.0
D.Bellinger,NYG,2022,13,0,0,0.0,0,0.0,0.0
D.Bellinger,NYG,2022,14,0,0,0.0,0,0.0,0.0
D.Bellinger,NYG,2022,15,0,0,0.0,0,0.0,0.0
D.Bellinger,NYG,2022,16,0,0,0.0,0,0.0,0.0
D.Bellinger,NYG,2022,17,0,0,0.0,0,0.0,0.0
D.Bellinger,NYG,2022,19,0,0,0.0,0,0.0,0.0
D.Bellinger,NYG,2022,20,0,0,0.0,0,0.0,0.0
W.Robinson,NYG,2022,1,0,0,0.0,0,0.0,0.0
W.Robinson,NYG,2022,6,0,0,0.0,0,0.0,0.0
W.Robinson,NYG,2022,7,0,0,0.0,0,0.0,0.0
W.Robinson,NYG,2022,8,0,0,0.0,0,0.0,0.0
W.Robinson,NYG,2022,10,0,0,0.0,0,0.0,0.0
W.Robinson,NYG,2022,11,0,0,0.0,0,0.0,0.0
B.Hall,NYJ,2022,1,0,0,0.0,0,0.0,0.0
B.Hall,NYJ,2022,2,0,0,0.0,0,0.0,0.0
B.Hall,NYJ,2022,3,0,0,0.0,0,0.0,0.0
B.Hall,NYJ,2022,4,0,0,0.0,0,0.0,0.0
B.Hall,NYJ,2022,5,0,0,0.0,0,0.0,0.0
B.Hall,NYJ,2022,6,0,0,0.0,0,0.0,0.0
B.Hall,NYJ,2022,7,0,0,0.0,0,0.0,0.0
D.Ridder,ATL,2022,15,13,26,97.0,0,0.0,4.0
D.Ridder,ATL,2022,16,22,33,218.0,0,0.0,2.0
D.Ridder,ATL,2022,17,19,26,169.0,0,0.0,1.0
D.Ridder,ATL,2022,18,19,30,224.0,2,0.0,2.0
C.Watson,GB,2022,1,0,0,0.0,0,0.0,0.0
C.Watson,GB,2022,2,0,0,0.0,0,0.0,0.0
C.Watson,GB,2022,4,0,0,0.0,0,0.0,0.0
C.Watson,GB,2022,5,0,0,0.0,0,0.0,0.0
C.Watson,GB,2022,8,0,0,0.0,0,0.0,0.0
C.Watson,GB,2022,9,0,0,0.0,0,0.0,0.0
C.Watson,GB,2022,10,0,0,0.0,0,0.0,0.0
C.Watson,GB,2022,11,0,0,0.0,0,0.0,0.0
C.Watson,GB,2022,12,0,0,0.0,0,0.0,0.0
C.Watson,GB,2022,13,0,0,0.0,0,0.0,0.0
C.Watson,GB,2022,15,0,0,0.0,0,0.0,0.0
C.Watson,GB,2022,16,0,0,0.0,0,0.0,0.0
C.Watson,GB,2022,17,0,0,0.0,0,0.0,0.0
C.Watson,GB,2022,18,0,0,0.0,0,0.0,0.0
M.Willis,TEN,2022,2,1,4,6.0,0,0.0,0.0
M.Willis,TEN,2022,8,6,10,55.0,0,1.0,3.0
M.Willis,TEN,2022,9,5,16,80.0,0,0.0,3.0
M.Willis,TEN,2022,10,0,0,0.0,0,0.0,0.0
M.Willis,TEN,2022,13,2,4,16.0,0,0.0,0.0
M.Willis,TEN,2022,15,3,4,20.0,0,0.0,0.0
M.Willis,TEN,2022,16,14,23,99.0,0,2.0,4.0
C.Otton,TB,2022,2,0,0,0.0,0,0.0,0.0
C.Otton,TB,2022,4,0,0,0.0,0,0.0,0.0
C.Otton,TB,2022,5,0,0,0.0,0,0.0,0.0
C.Otton,TB,2022,6,0,0,0.0,0,0.0,0.0
C.Otton,TB,2022,7,0,0,0.0,0,0.0,0.0
C.Otton,TB,2022,8,0,0,0.0,0,0.0,0.0
C.Otton,TB,2022,9,0,0,0.0,0,0.0,0.0
C.Otton,TB,2022,10,0,0,0.0,0,0.0,0.0
C.Otton,TB,2022,13,0,0,0.0,0,0.0,0.0
C.Otton,TB,2022,14,0,0,0.0,0,0.0,0.0
C.Otton,TB,2022,15,0,0,0.0,0,0.0,0.0
C.Otton,TB,2022,16,0,0,0.0,0,0.0,0.0
C.Otton,TB,2022,17,0,0,0.0,0,0.0,0.0
C.Otton,TB,2022,18,0,0,0.0,0,0.0,0.0
C.Otton,TB,2022,19,0,0,0.0,0,0.0,0.0
K.Walker,SEA,2022,2,0,0,0.0,0,0.0,0.0
K.Walker,SEA,2022,3,0,0,0.0,0,0.0,0.0
K.Walker,SEA,2022,4,0,0,0.0,0,0.0,0.0
K.Walker,SEA,2022,5,0,0,0.0,0,0.0,0.0
K.Walker,SEA,2022,6,0,0,0.0,0,0.0,0.0
K.Walker,SEA,2022,7,0,0,0.0,0,0.0,0.0
K.Walker,SEA,2022,8,0,0,0.0,0,0.0,0.0
K.Walker,SEA,2022,9,0,0,0.0,0,0.0,0.0
K.Walker,SEA,2022,10,0,0,0.0,0,0.0,0.0
K.Walker,SEA,2022,12,0,0,0.0,0,0.0,0.0
K.Walker,SEA,2022,13,0,0,0.0,0,0.0,0.0
K.Walker,SEA,2022,15,0,0,0.0,0,0.0,0.0
K.Walker,SEA,2022,16,0,0,0.0,0,0.0,0.0
K.Walker,SEA,2022,17,0,0,0.0,0,0.0,0.0
K.Walker,SEA,2022,18,0,0,0.0,0,0.0,0.0
K.Walker,SEA,2022,19,0,0,0.0,0,0.0,0.0
D.Baldwin,CLE,2022,15,0,0,0.0,0,0.0,0.0
J.Ali,ATL,2022,18,0,0,0.0,0,0.0,0.0
A.Rodgers,NYJ,2023,1,0,1,0.0,0,0.0,1.0
M.Lewis,CHI,2023,4,0,0,0.0,0,0.0,0.0
M.Lewis,CHI,2023,7,0,0,0.0,0,0.0,0.0
M.Lewis,CHI,2023,11,0,0,0.0,0,0.0,0.0
M.Lewis,CHI,2023,14,0,0,0.0,0,0.0,0.0
M.Lewis,CHI,2023,16,0,0,0.0,0,0.0,0.0
J.Flacco,CLE,2023,13,23,44,254.0,2,1.0,2.0
J.Flacco,CLE,2023,14,26,45,311.0,3,1.0,1.0
J.Flacco,CLE,2023,15,28,44,374.0,2,3.0,4.0
J.Flacco,CLE,2023,16,27,42,368.0,3,2.0,0.0
J.Flacco,CLE,2023,17,19,29,309.0,3,1.0,1.0
J.Flacco,CLE,2023,19,34,46,307.0,1,2.0,4.0
M.Stafford,LA,2023,1,24,38,334.0,0,0.0,0.0
M.Stafford,LA,2023,2,34,55,307.0,1,2.0,1.0
M.Stafford,LA,2023,3,18,33,269.0,1,2.0,6.0
M.Stafford,LA,2023,4,27,40,319.0,1,1.0,2.0
M.Stafford,LA,2023,5,21,37,222.0,2,0.0,4.0
M.Stafford,LA,2023,6,15,24,226.0,1,0.0,3.0
M.Stafford,LA,2023,7,14,29,231.0,1,1.0,2.0
M.Stafford,LA,2023,8,13,22,162.0,1,1.0,1.0
M.Stafford,LA,2023,11,17,31,190.0,1,1.0,1.0
M.Stafford,LA,2023,12,25,33,229.0,4,1.0,0.0
M.Stafford,LA,2023,13,22,37,279.0,3,0.0,0.0
M.Stafford,LA,2023,14,23,41,294.0,3,0.0,2.0
M.Stafford,LA,2023,15,25,33,258.0,2,0.0,3.0
M.Stafford,LA,2023,16,24,34,328.0,2,0.0,1.0
M.Stafford,LA,2023,17,24,34,317.0,1,2.0,4.0
M.Stafford,LA,2023,19,25,36,367.0,2,0.0,2.0
B.Hoyer,LV,2023,6,6,10,102.0,0,0.0,0.0
B.Hoyer,LV,2023,7,17,32,129.0,0,2.0,1.0
T.Morstead,NYJ,2023,11,1,1,18.0,0,0.0,0.0
J.Graham,NO,2023,3,0,0,0.0,0,0.0,0.0
J.Graham,NO,2023,5,0,0,0.0,0,0.0,0.0
J.Graham,NO,2023,13,0,0,0.0,0,0.0,0.0
J.Graham,NO,2023,14,0,0,0.0,0,0.0,0.0
J.Graham,NO,2023,15,0,0,0.0,0,0.0,0.0
J.Jones,PHI,2023,7,0,0,0.0,0,0.0,0.0
J.Jones,PHI,2023,8,0,0,0.0,0,0.0,0.0
J.Jones,PHI,2023,11,0,0,0.0,0,0.0,0.0
J.Jones,PHI,2023,12,0,0,0.0,0,0.0,0.0
J.Jones,PHI,2023,15,0,0,0.0,0,0.0,0.0
J.Jones,PHI,2023,16,0,0,0.0,0,0.0,0.0
J.Jones,PHI,2023,17,0,0,0.0,0,0.0,0.0
J.Jones,PHI,2023,18,0,0,0.0,0,0.0,0.0
J.Jones,PHI,2023,19,0,0,0.0,0,0.0,0.0
B.Gabbert,KC,2023,3,3,5,31.0,0,2.0,0.0
B.Gabbert,KC,2023,18,15,30,154.0,0,1.0,1.0
A.Dalton,CAR,2023,3,34,58,361.0,2,0.0,3.0
A.Dalton,CAR,2023,5,0,0,0.0,0,0.0,0.0
R.Cobb,NYJ,2023,1,0,0,0.0,0,0.0,0.0
R.Cobb,NYJ,2023,2,0,0,0.0,0,0.0,0.0
R.Cobb,NYJ,2023,3,0,0,0.0,0,0.0,0.0
R.Cobb,NYJ,2023,4,0,0,0.0,0,0.0,0.0
R.Cobb,NYJ,2023,5,0,0,0.0,0,0.0,0.0
R.Cobb,NYJ,2023,6,0,0,0.0,0,0.0,0.0
R.Cobb,NYJ,2023,14,0,0,0.0,0,0.0,0.0
R.Cobb,NYJ,2023,15,0,0,0.0,0,0.0,0.0
R.Cobb,NYJ,2023,18,0,0,0.0,0,0.0,0.0
T.Taylor,NYG,2023,1,2,2,6.0,0,0.0,0.0
T.Taylor,NYG,2023,3,0,1,0.0,0,0.0,0.0
T.Taylor,NYG,2023,5,9,12,86.0,0,0.0,1.0
T.Taylor,NYG,2023,6,24,36,200.0,0,0.0,3.0
T.Taylor,NYG,2023,7,18,29,279.0,2,0.0,4.0
T.Taylor,NYG,2023,8,4,7,8.0,0,0.0,2.0
T.Taylor,NYG,2023,15,2,4,13.0,0,0.0,0.0
T.Taylor,NYG,2023,16,7,16,133.0,1,1.0,0.0
T.Taylor,NYG,2023,17,27,41,319.0,1,1.0,6.0
T.Taylor,NYG,2023,18,23,32,297.0,1,1.0,1.0
J.Hekker,CAR,2023,6,1,1,7.0,0,0.0,0.0
J.Hekker,CAR,2023,14,0,0,0.0,0,0.0,0.0
C.Keenum,HOU,2023,15,23,36,229.0,1,1.0,3.0
C.Keenum,HOU,2023,16,11,17,62.0,0,2.0,3.0
B.Bolden,LV,2023,15,0,0,0.0,0,0.0,0.0
B.Bolden,LV,2023,16,0,0,0.0,0,0.0,0.0
B.Bolden,LV,2023,17,0,0,0.0,0,0.0,0.0
R.Wilson,DEN,2023,1,27,34,177.0,2,0.0,2.0
R.Wilson,DEN,2023,2,18,32,308.0,3,1.0,7.0
R.Wilson,DEN,2023,3,23,38,306.0,1,1.0,1.0
R.Wilson,DEN,2023,4,21,28,223.0,3,0.0,1.0
R.Wilson,DEN,2023,5,20,31,196.0,2,0.0,4.0
R.Wilson,DEN,2023,6,13,22,95.0,1,2.0,4.0
R.Wilson,DEN,2023,7,20,29,194.0,1,0.0,1.0
R.Wilson,DEN,2023,8,12,19,114.0,3,0.0,6.0
R.Wilson,DEN,2023,10,24,29,193.0,2,0.0,4.0
R.Wilson,DEN,2023,11,27,35,259.0,1,0.0,2.0
R.Wilson,DEN,2023,12,13,22,134.0,1,0.0,1.0
R.Wilson,DEN,2023,13,15,26,186.0,1,3.0,3.0
R.Wilson,DEN,2023,14,21,33,224.0,2,1.0,2.0
R.Wilson,DEN,2023,15,18,32,223.0,1,0.0,2.0
R.Wilson,DEN,2023,16,25,37,238.0,2,0.0,5.0
M.Jones,DET,2023,1,0,0,0.0,0,0.0,0.0
M.Jones,DET,2023,4,0,0,0.0,0,0.0,0.0
M.Jones,DET,2023,5,0,0,0.0,0,0.0,0.0
M.Jones,DET,2023,6,0,0,0.0,0,0.0,0.0
K.Cousins,MIN,2023,1,33,44,344.0,2,1.0,2.0
K.Cousins,MIN,2023,2,31,44,364.0,4,0.0,2.0
K.Cousins,MIN,2023,3,32,50,367.0,3,1.0,4.0
K.Cousins,MIN,2023,4,12,19,139.0,2,2.0,2.0
K.Cousins,MIN,2023,5,29,47,284.0,2,0.0,3.0
K.Cousins,MIN,2023,6,21,31,181.0,1,0.0,2.0
K.Cousins,MIN,2023,7,35,45,378.0,2,1.0,0.0
K.Cousins,MIN,2023,8,23,31,274.0,2,0.0,2.0
B.Anger,DAL,2023,4,0,0,0.0,0,0.0,0.0
R.Tannehill,TEN,2023,1,16,34,198.0,0,3.0,3.0
R.Tannehill,TEN,2023,2,20,24,246.0,1,0.0,5.0
R.Tannehill,TEN,2023,3,13,25,104.0,0,0.0,5.0
R.Tannehill,TEN,2023,4,18,25,240.0,1,1.0,3.0
R.Tannehill,TEN,2023,5,23,34,264.0,0,1.0,1.0
R.Tannehill,TEN,2023,6,8,16,76.0,0,1.0,2.0
R.Tannehill,TEN,2023,16,18,26,152.0,0,0.0,6.0
R.Tannehill,TEN,2023,17,16,20,168.0,0,0.0,5.0
R.Tannehill,TEN,2023,18,17,26,168.0,2,1.0,2.0
C.Davis,NE,2023,16,0,0,0.0,0,0.0,0.0
K.Juszczyk,SF,2023,3,0,0,0.0,0,0.0,0.0
K.Juszczyk,SF,2023,4,0,0,0.0,0,0.0,0.0
K.Juszczyk,SF,2023,5,0,0,0.0,0,0.0,0.0
K.Juszczyk,SF,2023,6,0,0,0.0,0,0.0,0.0
K.Juszczyk,SF,2023,8,0,0,0.0,0,0.0,0.0
K.Juszczyk,SF,2023,10,0,0,0.0,0,0.0,0.0
K.Juszczyk,SF,2023,12,0,0,0.0,0,0.0,0.0
K.Juszczyk,SF,2023,15,0,0,0.0,0,0.0,0.0
K.Juszczyk,SF,2023,16,0,0,0.0,0,0.0,0.0
K.Juszczyk,SF,2023,17,0,0,0.0,0,0.0,0.0
K.Juszczyk,SF,2023,21,0,0,0.0,0,0.0,0.0
K.Juszczyk,SF,2023,22,0,0,0.0,0,0.0,0.0
A.Thielen,CAR,2023,1,0,0,0.0,0,0.0,0.0
A.Thielen,CAR,2023,2,0,0,0.0,0,0.0,0.0
A.Thielen,CAR,2023,3,0,0,0.0,0,0.0,0.0
A.Thielen,CAR,2023,4,0,0,0.0,0,0.0,0.0
A.Thielen,CAR,2023,5,0,0,0.0,0,0.0,0.0
A.Thielen,CAR,2023,6,0,0,0.0,0,0.0,0.0
A.Thielen,CAR,2023,8,0,0,0.0,0,0.0,0.0
A.Thielen,CAR,2023,9,0,0,0.0,0,0.0,0.0
A.Thielen,CAR,2023,10,0,0,0.0,0,0.0,0.0
A.Thielen,CAR,2023,11,0,0,0.0,0,0.0,0.0
A.Thielen,CAR,2023,12,0,0,0.0,0,0.0,0.0
A.Thielen,CAR,2023,13,0,0,0.0,0,0.0,0.0
A.Thielen,CAR,2023,14,0,0,0.0,0,0.0,0.0
A.Thielen,CAR,2023,15,0,0,0.0,0,0.0,0.0
A.Thielen,CAR,2023,16,0,0,0.0,0,0.0,0.0
A.Thielen,CAR,2023,17,0,0,0.0,0,0.0,0.0
A.Thielen,CAR,2023,18,0,0,0.0,0,0.0,0.0
Z.Ertz,ARI,2023,1,0,0,0.0,0,0.0,0.0
Z.Ertz,ARI,2023,2,0,0,0.0,0,0.0,0.0
Z.Ertz,ARI,2023,3,0,0,0.0,0,0.0,0.0
Z.Ertz,ARI,2023,4,0,0,0.0,0,0.0,0.0
Z.Ertz,ARI,2023,5,0,0,0.0,0,0.0,0.0
Z.Ertz,ARI,2023,6,0,0,0.0,0,0.0,0.0
Z.Ertz,ARI,2023,7,0,0,0.0,0,0.0,0.0
M.Goodwin,CLE,2023,1,0,0,0.0,0,0.0,0.0
M.Goodwin,CLE,2023,2,0,0,0.0,0,0.0,0.0
M.Goodwin,CLE,2023,3,0,0,0.0,0,0.0,0.0
M.Goodwin,CLE,2023,4,0,0,0.0,0,0.0,0.0
M.Goodwin,CLE,2023,6,0,0,0.0,0,0.0,0.0
M.Goodwin,CLE,2023,7,0,0,0.0,0,0.0,0.0
M.Goodwin,CLE,2023,8,0,0,0.0,0,0.0,0.0
M.Goodwin,CLE,2023,9,0,0,0.0,0,0.0,0.0
M.Goodwin,CLE,2023,15,0,0,0.0,0,0.0,0.0
M.Goodwin,CLE,2023,16,0,0,0.0,0,0.0,0.0
M.Goodwin,CLE,2023,19,0,0,0.0,0,0.0,0.0
T.Way,WAS,2023,15,0,0,0.0,0,0.0,0.0
K.Allen,LAC,2023,1,0,0,0.0,0,0.0,0.0
K.Allen,LAC,2023,2,0,0,0.0,0,0.0,0.0
K.Allen,LAC,2023,3,1,1,49.0,1,0.0,0.0
K.Allen,LAC,2023,4,0,0,0.0,0,0.0,0.0
K.Allen,LAC,2023,6,0,0,0.0,0,0.0,0.0
K.Allen,LAC,2023,7,0,0,0.0,0,0.0,0.0
K.Allen,LAC,2023,8,0,0,0.0,0,0.0,0.0
K.Allen,LAC,2023,9,0,0,0.0,0,0.0,0.0
K.Allen,LAC,2023,10,0,0,0.0,0,0.0,0.0
K.Allen,LAC,2023,11,0,0,0.0,0,0.0,0.0
K.Allen,LAC,2023,12,0,0,0.0,0,0.0,0.0
K.Allen,LAC,2023,13,0,0,0.0,0,0.0,0.0
K.Allen,LAC,2023,14,0,1,0.0,0,0.0,0.0
R.Woods,HOU,2023,1,0,0,0.0,0,0.0,0.0
R.Woods,HOU,2023,2,0,0,0.0,0,0.0,0.0
R.Woods,HOU,2023,3,0,0,0.0,0,0.0,0.0
R.Woods,HOU,2023,4,0,0,0.0,0,0.0,0.0
R.Woods,HOU,2023,5,0,0,0.0,0,0.0,0.0
R.Woods,HOU,2023,6,0,0,0.0,0,0.0,0.0
R.Woods,HOU,2023,10,0,0,0.0,0,0.0,0.0
R.Woods,HOU,2023,11,0,0,0.0,0,0.0,0.0
R.Woods,HOU,2023,12,0,0,0.0,0,0.0,0.0
R.Woods,HOU,2023,14,0,0,0.0,0,0.0,0.0
R.Woods,HOU,2023,15,0,0,0.0,0,0.0,0.0
R.Woods,HOU,2023,16,0,0,0.0,0,0.0,0.0
R.Woods,HOU,2023,17,0,0,0.0,0,0.0,0.0
R.Woods,HOU,2023,19,0,0,0.0,0,0.0,0.0
R.Woods,HOU,2023,20,0,0,0.0,0,0.0,0.0
T.Kelce,KC,2023,2,0,0,0.0,0,0.0,0.0
T.Kelce,KC,2023,3,0,0,0.0,0,0.0,0.0
T.Kelce,KC,2023,4,0,0,0.0,0,0.0,0.0
T.Kelce,KC,2023,5,0,0,0.0,0,0.0,0.0
T.Kelce,KC,2023,6,0,0,0.0,0,0.0,0.0
T.Kelce,KC,2023,7,0,0,0.0,0,0.0,0.0
T.Kelce,KC,2023,8,0,0,0.0,0,0.0,0.0
T.Kelce,KC,2023,9,0,0,0.0,0,0.0,0.0
T.Kelce,KC,2023,11,0,0,0.0,0,0.0,0.0
T.Kelce,KC,2023,12,0,0,0.0,0,0.0,0.0
T.Kelce,KC,2023,13,0,0,0.0,0,0.0,0.0
T.Kelce,KC,2023,14,0,0,0.0,0,0.0,0.0
T.Kelce,KC,2023,15,0,0,0.0,0,0.0,0.0
T.Kelce,KC,2023,16,0,0,0.0,0,0.0,0.0
T.Kelce,KC,2023,17,0,0,0.0,0,0.0,0.0
T.Kelce,KC,2023,19,0,0,0.0,0,0.0,0.0
T.Kelce,KC,2023,20,0,0,0.0,0,0.0,0.0
T.Kelce,KC,2023,21,0,0,0.0,0,0.0,0.0
T.Kelce,KC,2023,22,0,0,0.0,0,0.0,0.0
L.Murray,BUF,2023,1,0,0,0.0,0,0.0,0.0
L.Murray,BUF,2023,2,0,0,0.0,0,0.0,0.0
L.Murray,BUF,2023,3,0,0,0.0,0,0.0,0.0
L.Murray,BUF,2023,4,0,0,0.0,0,0.0,0.0
L.Murray,BUF,2023,5,0,0,0.0,0,0.0,0.0
L.Murray,BUF,2023,6,0,0,0.0,0,0.0,0.0
L.Murray,BUF,2023,7,0,0,0.0,0,0.0,0.0
L.Murray,BUF,2023,8,0,0,0.0,0,0.0,0.0
L.Murray,BUF,2023,9,0,0,0.0,0,0.0,0.0
L.Murray,BUF,2023,10,0,0,0.0,0,0.0,0.0
L.Murray,BUF,2023,11,0,0,0.0,0,0.0,0.0
L.Murray,BUF,2023,12,0,0,0.0,0,0.0,0.0
L.Murray,BUF,2023,14,0,0,0.0,0,0.0,0.0
L.Murray,BUF,2023,15,0,0,0.0,0,0.0,0.0
L.Murray,BUF,2023,17,0,0,0.0,0,0.0,0.0
L.Murray,BUF,2023,19,0,0,0.0,0,0.0,0.0
L.Murray,BUF,2023,20,0,0,0.0,0,0.0,0.0
M.Barkley,JAX,2023,17,0,0,0.0,0,0.0,0.0
D.Hopkins,TEN,2023,1,0,0,0.0,0,0.0,0.0
D.Hopkins,TEN,2023,2,0,0,0.0,0,0.0,0.0
D.Hopkins,TEN,2023,3,0,0,0.0,0,0.0,0.0
D.Hopkins,TEN,2023,4,0,0,0.0,0,0.0,0.0
D.Hopkins,TEN,2023,5,0,0,0.0,0,0.0,0.0
D.Hopkins,TEN,2023,6,0,0,0.0,0,0.0,0.0
D.Hopkins,TEN,2023,8,0,0,0.0,0,0.0,0.0
D.Hopkins,TEN,2023,9,0,0,0.0,0,0.0,0.0
D.Hopkins,TEN,2023,10,0,0,0.0,0,0.0,0.0
D.Hopkins,TEN,2023,11,0,0,0.0,0,0.0,0.0
D.Hopkins,TEN,2023,12,0,0,0.0,0,0.0,0.0
D.Hopkins,TEN,2023,13,0,0,0.0,0,0.0,0.0
D.Hopkins,TEN,2023,14,0,0,0.0,0,0.0,0.0
D.Hopkins,TEN,2023,15,0,0,0.0,0,0.0,0.0
D.Hopkins,TEN,2023,16,0,0,0.0,0,0.0,0.0
D.Hopkins,TEN,2023,17,0,0,0.0,0,0.0,0.0
D.Hopkins,TEN,2023,18,0,1,0.0,0,0.0,0.0
G.Smith,SEA,2023,1,16,26,112.0,1,0.0,2.0
G.Smith,SEA,2023,2,32,41,328.0,2,0.0,1.0
G.Smith,SEA,2023,3,23,36,296.0,1,1.0,2.0
G.Smith,SEA,2023,4,13,20,110.0,1,0.0,2.0
G.Smith,SEA,2023,6,27,41,326.0,0,2.0,4.0
G.Smith,SEA,2023,7,18,24,219.0,2,1.0,2.0
G.Smith,SEA,2023,8,23,37,254.0,2,2.0,1.0
G.Smith,SEA,2023,9,13,28,157.0,0,1.0,4.0
G.Smith,SEA,2023,10,31,47,369.0,2,0.0,1.0
G.Smith,SEA,2023,11,22,34,233.0,1,0.0,2.0
G.Smith,SEA,2023,12,18,27,180.0,0,1.0,6.0
G.Smith,SEA,2023,13,23,41,334.0,3,1.0,0.0
G.Smith,SEA,2023,16,25,36,227.0,2,0.0,3.0
G.Smith,SEA,2023,17,23,33,290.0,1,0.0,1.0
G.Smith,SEA,2023,18,16,28,189.0,2,0.0,0.0
C.Patterson,ATL,2023,5,0,0,0.0,0,0.0,0.0
C.Patterson,ATL,2023,6,0,0,0.0,0,0.0,0.0
C.Patterson,ATL,2023,7,0,0,0.0,0,0.0,0.0
C.Patterson,ATL,2023,8,0,0,0.0,0,0.0,0.0
C.Patterson,ATL,2023,9,0,0,0.0,0,0.0,0.0
C.Patterson,ATL,2023,10,0,0,0.0,0,0.0,0.0
C.Patterson,ATL,2023,12,0,0,0.0,0,0.0,0.0
C.Patterson,ATL,2023,13,0,0,0.0,0,0.0,0.0
C.Patterson,ATL,2023,14,0,0,0.0,0,0.0,0.0
C.Patterson,ATL,2023,15,0,0,0.0,0,0.0,0.0
C.Patterson,ATL,2023,16,0,0,0.0,0,0.0,0.0
C.Patterson,ATL,2023,18,0,0,0.0,0,0.0,0.0
W.Snead,SF,2023,4,0,0,0.0,0,0.0,0.0
W.Snead,SF,2023,16,0,0,0.0,0,0.0,0.0
D.Williams,ARI,2023,6,0,0,0.0,0,0.0,0.0
D.Williams,ARI,2023,7,0,0,0.0,0,0.0,0.0
D.Williams,ARI,2023,8,0,0,0.0,0,0.0,0.0
K.Smith,ATL,2023,5,0,0,0.0,0,0.0,0.0
K.Smith,ATL,2023,7,0,0,0.0,0,0.0,0.0
K.Smith,ATL,2023,12,0,0,0.0,0,0.0,0.0
O.Beckham,BAL,2023,1,0,0,0.0,0,0.0,0.0
O.Beckham,BAL,2023,2,0,0,0.0,0,0.0,0.0
O.Beckham,BAL,2023,5,0,0,0.0,0,0.0,0.0
O.Beckham,BAL,2023,6,0,0,0.0,0,0.0,0.0
O.Beckham,BAL,2023,7,0,0,0.0,0,0.0,0.0
O.Beckham,BAL,2023,8,0,0,0.0,0,0.0,0.0
O.Beckham,BAL,2023,9,0,0,0.0,0,0.0,0.0
O.Beckham,BAL,2023,10,0,0,0.0,0,0.0,0.0
O.Beckham,BAL,2023,11,0,0,0.0,0,0.0,0.0
O.Beckham,BAL,2023,12,0,0,0.0,0,0.0,0.0
O.Beckham,BAL,2023,14,0,0,0.0,0,0.0,0.0
O.Beckham,BAL,2023,15,0,0,0.0,0,0.0,0.0
O.Beckham,BAL,2023,16,0,0,0.0,0,0.0,0.0
O.Beckham,BAL,2023,17,0,0,0.0,0,0.0,0.0
O.Beckham,BAL,2023,20,0,0,0.0,0,0.0,0.0
O.Beckham,BAL,2023,21,0,0,0.0,0,0.0,0.0
B.Cooks,DAL,2023,1,0,0,0.0,0,0.0,0.0
B.Cooks,DAL,2023,3,0,0,0.0,0,0.0,0.0
B.Cooks,DAL,2023,4,0,0,0.0,0,0.0,0.0
B.Cooks,DAL,2023,5,0,0,0.0,0,0.0,0.0
B.Cooks,DAL,2023,6,0,0,0.0,0,0.0,0.0
B.Cooks,DAL,2023,8,0,0,0.0,0,0.0,0.0
B.Cooks,DAL,2023,9,0,0,0.0,0,0.0,0.0
B.Cooks,DAL,2023,10,0,0,0.0,0,0.0,0.0
B.Cooks,DAL,2023,11,0,0,0.0,0,0.0,0.0
B.Cooks,DAL,2023,12,0,0,0.0,0,0.0,0.0
B.Cooks,DAL,2023,13,0,0,0.0,0,0.0,0.0
B.Cooks,DAL,2023,14,0,0,0.0,0,0.0,0.0
B.Cooks,DAL,2023,15,0,0,0.0,0,0.0,0.0
B.Cooks,DAL,2023,16,0,0,0.0,0,0.0,0.0
B.Cooks,DAL,2023,17,0,0,0.0,0,0.0,0.0
B.Cooks,DAL,2023,18,0,0,0.0,0,0.0,0.0
B.Cooks,DAL,2023,19,0,0,0.0,0,0.0,0.0
T.Bridgewater,DET,2023,5,0,0,0.0,0,0.0,0.0
L.Thomas,WAS,2023,1,0,0,0.0,0,0.0,0.0
L.Thomas,WAS,2023,2,0,0,0.0,0,0.0,0.0
L.Thomas,WAS,2023,4,0,0,0.0,0,0.0,0.0
L.Thomas,WAS,2023,5,0,0,0.0,0,0.0,0.0
L.Thomas,WAS,2023,6,0,0,0.0,0,0.0,0.0
L.Thomas,WAS,2023,7,0,0,0.0,0,0.0,0.0
L.Thomas,WAS,2023,8,0,0,0.0,0,0.0,0.0
L.Thomas,WAS,2023,9,0,0,0.0,0,0.0,0.0
L.Thomas,WAS,2023,10,0,0,0.0,0,0.0,0.0
L.Thomas,WAS,2023,11,0,0,0.0,0,0.0,0.0
L.Thomas,WAS,2023,12,0,0,0.0,0,0.0,0.0
L.Thomas,WAS,2023,13,0,0,0.0,0,0.0,0.0
L.Thomas,WAS,2023,15,0,0,0.0,0,0.0,0.0
L.Thomas,WAS,2023,16,0,0,0.0,0,0.0,0.0
L.Thomas,WAS,2023,17,0,0,0.0,0,0.0,0.0
L.Thomas,WAS,2023,18,0,0,0.0,0,0.0,0.0
D.Carr,NO,2023,1,23,33,305.0,1,1.0,4.0
D.Carr,NO,2023,2,21,36,228.0,0,1.0,4.0
D.Carr,NO,2023,3,13,18,103.0,1,0.0,3.0
D.Carr,NO,2023,4,23,37,127.0,0,0.0,2.0
D.Carr,NO,2023,5,18,26,183.0,2,0.0,2.0
D.Carr,NO,2023,6,32,50,353.0,1,1.0,2.0
D.Carr,NO,2023,7,33,55,301.0,1,1.0,1.0
D.Carr,NO,2023,8,19,27,310.0,2,0.0,1.0
D.Carr,NO,2023,9,25,34,211.0,2,0.0,0.0
D.Carr,NO,2023,10,13,18,110.0,0,0.0,2.0
D.Carr,NO,2023,12,24,38,304.0,0,1.0,1.0
D.Carr,NO,2023,13,17,22,226.0,1,1.0,2.0
D.Carr,NO,2023,14,18,26,119.0,2,1.0,1.0
D.Carr,NO,2023,15,23,28,218.0,3,0.0,1.0
D.Carr,NO,2023,16,27,40,319.0,3,1.0,2.0
D.Carr,NO,2023,17,24,32,197.0,2,0.0,1.0
D.Carr,NO,2023,18,22,28,264.0,4,0.0,2.0
A.McCarron,CIN,2023,14,1,1,-1.0,0,0.0,0.0
A.McCarron,CIN,2023,18,3,4,20.0,0,0.0,1.0
J.Garoppolo,LV,2023,1,20,26,200.0,2,1.0,0.0
J.Garoppolo,LV,2023,2,16,24,185.0,1,2.0,0.0
J.Garoppolo,LV,2023,3,28,44,324.0,2,3.0,4.0
J.Garoppolo,LV,2023,5,22,31,208.0,1,1.0,3.0
J.Garoppolo,LV,2023,6,14,22,162.0,1,1.0,0.0
J.Garoppolo,LV,2023,8,10,21,126.0,0,1.0,6.0
J.Garoppolo,LV,2023,18,0,1,0.0,0,0.0,1.0
J.McKinnon,KC,2023,1,0,0,0.0,0,0.0,0.0
J.McKinnon,KC,2023,2,0,0,0.0,0,0.0,0.0
J.McKinnon,KC,2023,3,0,0,0.0,0,0.0,0.0
J.McKinnon,KC,2023,4,0,0,0.0,0,0.0,0.0
J.McKinnon,KC,2023,5,0,0,0.0,0,0.0,0.0
J.McKinnon,KC,2023,6,0,0,0.0,0,0.0,0.0
J.McKinnon,KC,2023,7,0,0,0.0,0,0.0,0.0
J.McKinnon,KC,2023,8,0,0,0.0,0,0.0,0.0
J.McKinnon,KC,2023,9,0,0,0.0,0,0.0,0.0
J.McKinnon,KC,2023,11,0,0,0.0,0,0.0,0.0
J.McKinnon,KC,2023,14,0,0,0.0,0,0.0,0.0
J.McKinnon,KC,2023,15,1,1,4.0,1,0.0,0.0
J.McKinnon,KC,2023,22,0,0,0.0,0,0.0,0.0
D.Adams,LV,2023,1,0,0,0.0,0,0.0,0.0
D.Adams,LV,2023,2,0,0,0.0,0,0.0,0.0
D.Adams,LV,2023,3,0,0,0.0,0,0.0,0.0
D.Adams,LV,2023,4,0,0,0.0,0,0.0,0.0
D.Adams,LV,2023,5,0,0,0.0,0,0.0,0.0
D.Adams,LV,2023,6,0,0,0.0,0,0.0,0.0
D.Adams,LV,2023,7,0,0,0.0,0,0.0,0.0
D.Adams,LV,2023,8,0,0,0.0,0,0.0,0.0
D.Adams,LV,2023,9,0,0,0.0,0,0.0,0.0
D.Adams,LV,2023,10,0,0,0.0,0,0.0,0.0
D.Adams,LV,2023,11,0,0,0.0,0,0.0,0.0
D.Adams,LV,2023,12,0,0,0.0,0,0.0,0.0
D.Adams,LV,2023,14,0,0,0.0,0,0.0,0.0
D.Adams,LV,2023,15,0,0,0.0,0,0.0,0.0
D.Adams,LV,2023,16,0,0,0.0,0,0.0,0.0
D.Adams,LV,2023,17,0,0,0.0,0,0.0,0.0
D.Adams,LV,2023,18,0,0,0.0,0,0.0,0.0
M.Evans,TB,2023,1,0,0,0.0,0,0.0,0.0
M.Evans,TB,2023,2,0,0,0.0,0,0.0,0.0
M.Evans,TB,2023,3,0,0,0.0,0,0.0,0.0
M.Evans,TB,2023,4,0,0,0.0,0,0.0,0.0
M.Evans,TB,2023,6,0,0,0.0,0,0.0,0.0
M.Evans,TB,2023,7,0,0,0.0,0,0.0,0.0
M.Evans,TB,2023,8,0,0,0.0,0,0.0,0.0
M.Evans,TB,2023,9,0,0,0.0,0,0.0,0.0
M.Evans,TB,2023,10,0,0,0.0,0,0.0,0.0
M.Evans,TB,2023,11,0,0,0.0,0,0.0,0.0
M.Evans,TB,2023,12,0,0,0.0,0,0.0,0.0
M.Evans,TB,2023,13,0,0,0.0,0,0.0,0.0
M.Evans,TB,2023,14,0,0,0.0,0,0.0,0.0
M.Evans,TB,2023,15,0,0,0.0,0,0.0,0.0
M.Evans,TB,2023,16,0,0,0.0,0,0.0,0.0
M.Evans,TB,2023,17,0,0,0.0,0,0.0,0.0
M.Evans,TB,2023,18,0,0,0.0,0,0.0,0.0
M.Evans,TB,2023,19,0,0,0.0,0,0.0,0.0
M.Evans,TB,2023,20,0,0,0.0,0,0.0,0.0
A.Robinson,PIT,2023,1,0,0,0.0,0,0.0,0.0
A.Robinson,PIT,2023,2,0,0,0.0,0,0.0,0.0
A.Robinson,PIT,2023,3,0,0,0.0,0,0.0,0.0
A.Robinson,PIT,2023,4,0,0,0.0,0,0.0,0.0
A.Robinson,PIT,2023,5,0,0,0.0,0,0.0,0.0
A.Robinson,PIT,2023,7,0,0,0.0,0,0.0,0.0
A.Robinson,PIT,2023,8,0,0,0.0,0,0.0,0.0
A.Robinson,PIT,2023,9,0,0,0.0,0,0.0,0.0
A.Robinson,PIT,2023,11,0,0,0.0,0,0.0,0.0
A.Robinson,PIT,2023,12,0,0,0.0,0,0.0,0.0
A.Robinson,PIT,2023,13,0,0,0.0,0,0.0,0.0
A.Robinson,PIT,2023,14,0,0,0.0,0,0.0,0.0
A.Robinson,PIT,2023,15,0,0,0.0,0,0.0,0.0
A.Robinson,PIT,2023,16,0,0,0.0,0,0.0,0.0
A.Robinson,PIT,2023,18,0,0,0.0,0,0.0,0.0
A.Robinson,PIT,2023,19,0,0,0.0,0,0.0,0.0
C.Manhertz,DEN,2023,3,0,0,0.0,0,0.0,0.0
C.Manhertz,DEN,2023,4,0,0,0.0,0,0.0,0.0
C.Manhertz,DEN,2023,6,0,0,0.0,0,0.0,0.0
C.Manhertz,DEN,2023,10,0,0,0.0,0,0.0,0.0
J.Winston,NO,2023,3,10,16,101.0,0,0.0,1.0
J.Winston,NO,2023,4,0,1,0.0,0,1.0,0.0
J.Winston,NO,2023,5,0,0,0.0,0,0.0,0.0
J.Winston,NO,2023,10,13,25,122.0,2,2.0,1.0
J.Winston,NO,2023,13,2,5,41.0,0,0.0,0.0
J.Winston,NO,2023,14,0,0,0.0,0,0.0,0.0
A.Cooper,CLE,2023,1,0,0,0.0,0,0.0,0.0
A.Cooper,CLE,2023,2,0,0,0.0,0,0.0,0.0
A.Cooper,CLE,2023,3,0,0,0.0,0,0.0,0.0
A.Cooper,CLE,2023,4,0,0,0.0,0,0.0,0.0
A.Cooper,CLE,2023,6,0,0,0.0,0,0.0,0.0
A.Cooper,CLE,2023,7,0,0,0.0,0,0.0,0.0
A.Cooper,CLE,2023,8,0,0,0.0,0,0.0,0.0
A.Cooper,CLE,2023,9,0,0,0.0,0,0.0,0.0
A.Cooper,CLE,2023,10,0,0,0.0,0,0.0,0.0
A.Cooper,CLE,2023,11,0,0,0.0,0,0.0,0.0
A.Cooper,CLE,2023,12,0,0,0.0,0,0.0,0.0
A.Cooper,CLE,2023,13,0,0,0.0,0,0.0,0.0
A.Cooper,CLE,2023,14,0,0,0.0,0,0.0,0.0
A.Cooper,CLE,2023,15,0,0,0.0,0,0.0,0.0
A.Cooper,CLE,2023,16,0,0,0.0,0,0.0,0.0
A.Cooper,CLE,2023,19,0,0,0.0,0,0.0,0.0
D.Parker,NE,2023,2,0,0,0.0,0,0.0,0.0
D.Parker,NE,2023,3,0,0,0.0,0,0.0,0.0
D.Parker,NE,2023,4,0,0,0.0,0,0.0,0.0
D.Parker,NE,2023,5,0,0,0.0,0,0.0,0.0
D.Parker,NE,2023,6,0,0,0.0,0,0.0,0.0
D.Parker,NE,2023,7,0,0,0.0,0,0.0,0.0
D.Parker,NE,2023,8,0,0,0.0,0,0.0,0.0
D.Parker,NE,2023,12,0,0,0.0,0,0.0,0.0
D.Parker,NE,2023,13,0,0,0.0,0,0.0,0.0
D.Parker,NE,2023,15,0,0,0.0,0,0.0,0.0
D.Parker,NE,2023,16,0,0,0.0,0,0.0,0.0
D.Parker,NE,2023,17,0,0,0.0,0,0.0,0.0
D.Parker,NE,2023,18,0,0,0.0,0,0.0,0.0
N.Agholor,BAL,2023,2,0,0,0.0,0,0.0,0.0
N.Agholor,BAL,2023,3,0,0,0.0,0,0.0,0.0
N.Agholor,BAL,2023,4,0,0,0.0,0,0.0,0.0
N.Agholor,BAL,2023,5,0,0,0.0,0,0.0,0.0
N.Agholor,BAL,2023,6,0,0,0.0,0,0.0,0.0
N.Agholor,BAL,2023,7,0,0,0.0,0,0.0,0.0
N.Agholor,BAL,2023,8,0,0,0.0,0,0.0,0.0
N.Agholor,BAL,2023,9,0,0,0.0,0,0.0,0.0
N.Agholor,BAL,2023,10,0,0,0.0,0,0.0,0.0
N.Agholor,BAL,2023,11,0,0,0.0,0,0.0,0.0
N.Agholor,BAL,2023,12,0,0,0.0,0,0.0,0.0
N.Agholor,BAL,2023,14,0,0,0.0,0,0.0,0.0
N.Agholor,BAL,2023,15,0,0,0.0,0,0.0,0.0
N.Agholor,BAL,2023,16,0,0,0.0,0,0.0,0.0
N.Agholor,BAL,2023,17,0,0,0.0,0,0.0,0.0
N.Agholor,BAL,2023,18,0,0,0.0,0,0.0,0.0
N.Agholor,BAL,2023,20,0,0,0.0,0,0.0,0.0
N.Agholor,BAL,2023,21,0,0,0.0,0,0.0,0.0
M.Pruitt,ATL,2023,3,0,0,0.0,0,0.0,0.0
M.Pruitt,ATL,2023,4,0,0,0.0,0,0.0,0.0
M.Pruitt,ATL,2023,5,0,0,0.0,0,0.0,0.0
M.Pruitt,ATL,2023,6,0,0,0.0,0,0.0,0.0
M.Pruitt,ATL,2023,8,0,0,0.0,0,0.0,0.0
M.Pruitt,ATL,2023,13,0,0,0.0,0,0.0,0.0
M.Pruitt,ATL,2023,14,0,0,0.0,0,0.0,0.0
M.Pruitt,ATL,2023,17,0,0,0.0,0,0.0,0.0
M.Pruitt,ATL,2023,18,0,0,0.0,0,0.0,0.0
S.Diggs,BUF,2023,1,0,0,0.0,0,0.0,0.0
S.Diggs,BUF,2023,2,0,0,0.0,0,0.0,0.0
S.Diggs,BUF,2023,3,0,0,0.0,0,0.0,0.0
S.Diggs,BUF,2023,4,0,0,0.0,0,0.0,0.0
S.Diggs,BUF,2023,5,0,0,0.0,0,0.0,0.0
S.Diggs,BUF,2023,6,0,0,0.0,0,0.0,0.0
S.Diggs,BUF,2023,7,0,0,0.0,0,0.0,0.0
S.Diggs,BUF,2023,8,0,0,0.0,0,0.0,0.0
S.Diggs,BUF,2023,9,0,0,0.0,0,0.0,0.0
S.Diggs,BUF,2023,10,0,0,0.0,0,0.0,0.0
S.Diggs,BUF,2023,11,0,0,0.0,0,0.0,0.0
S.Diggs,BUF,2023,12,0,0,0.0,0,0.0,0.0
S.Diggs,BUF,2023,14,0,0,0.0,0,0.0,0.0
S.Diggs,BUF,2023,15,0,0,0.0,0,0.0,0.0
S.Diggs,BUF,2023,16,0,0,0.0,0,0.0,0.0
S.Diggs,BUF,2023,17,0,0,0.0,0,0.0,0.0
S.Diggs,BUF,2023,18,0,0,0.0,0,0.0,0.0
S.Diggs,BUF,2023,19,0,0,0.0,0,0.0,0.0
S.Diggs,BUF,2023,20,0,0,0.0,0,0.0,0.0
M.Burton,DEN,2023,1,0,0,0.0,0,0.0,0.0
M.Burton,DEN,2023,2,0,0,0.0,0,0.0,0.0
M.Burton,DEN,2023,5,0,0,0.0,0,0.0,0.0
M.Burton,DEN,2023,6,0,0,0.0,0,0.0,0.0
M.Burton,DEN,2023,7,0,0,0.0,0,0.0,0.0
M.Burton,DEN,2023,13,0,0,0.0,0,0.0,0.0
M.Burton,DEN,2023,14,0,0,0.0,0,0.0,0.0
M.Burton,DEN,2023,16,0,0,0.0,0,0.0,0.0
D.Waller,NYG,2023,1,0,0,0.0,0,0.0,0.0
D.Waller,NYG,2023,2,0,0,0.0,0,0.0,0.0
D.Waller,NYG,2023,3,0,0,0.0,0,0.0,0.0
D.Waller,NYG,2023,4,0,0,0.0,0,0.0,0.0
D.Waller,NYG,2023,5,0,0,0.0,0,0.0,0.0
D.Waller,NYG,2023,6,0,0,0.0,0,0.0,0.0
D.Waller,NYG,2023,7,0,0,0.0,0,0.0,0.0
D.Waller,NYG,2023,8,0,0,0.0,0,0.0,0.0
D.Waller,NYG,2023,15,0,0,0.0,0,0.0,0.0
D.Waller,NYG,2023,16,0,0,0.0,0,0.0,0.0
D.Waller,NYG,2023,17,0,0,0.0,0,0.0,0.0
D.Waller,NYG,2023,18,0,0,0.0,0,0.0,0.0
R.Mostert,MIA,2023,1,0,0,0.0,0,0.0,0.0
R.Mostert,MIA,2023,2,0,0,0.0,0,0.0,0.0
R.Mostert,MIA,2023,3,0,0,0.0,0,0.0,0.0
R.Mostert,MIA,2023,4,0,0,0.0,0,0.0,0.0
R.Mostert,MIA,2023,5,0,0,0.0,0,0.0,0.0
R.Mostert,MIA,2023,6,0,0,0.0,0,0.0,0.0
R.Mostert,MIA,2023,7,0,0,0.0,0,0.0,0.0
R.Mostert,MIA,2023,8,0,0,0.0,0,0.0,0.0
R.Mostert,MIA,2023,9,0,0,0.0,0,0.0,0.0
R.Mostert,MIA,2023,11,0,0,0.0,0,0.0,0.0
R.Mostert,MIA,2023,12,0,0,0.0,0,0.0,0.0
R.Mostert,MIA,2023,13,0,0,0.0,0,0.0,0.0
R.Mostert,MIA,2023,14,0,0,0.0,0,0.0,0.0
R.Mostert,MIA,2023,15,0,0,0.0,0,0.0,0.0
R.Mostert,MIA,2023,16,0,0,0.0,0,0.0,0.0
R.Mostert,MIA,2023,19,0,0,0.0,0,0.0,0.0
D.Carter,LV,2023,1,0,0,0.0,0,0.0,0.0
D.Carter,LV,2023,2,0,0,0.0,0,0.0,0.0
D.Carter,LV,2023,3,0,0,0.0,0,0.0,0.0
D.Carter,LV,2023,5,0,0,0.0,0,0.0,0.0
D.Carter,LV,2023,6,0,0,0.0,0,0.0,0.0
D.Carter,LV,2023,9,0,0,0.0,0,0.0,0.0
D.Carter,LV,2023,10,0,0,0.0,0,0.0,0.0
D.Carter,LV,2023,18,0,0,0.0,0,0.0,0.0
T.Heinicke,ATL,2023,8,12,21,175.0,1,0.0,1.0
T.Heinicke,ATL,2023,9,21,38,268.0,1,1.0,1.0
T.Heinicke,ATL,2023,10,8,15,55.0,1,0.0,3.0
T.Heinicke,ATL,2023,16,23,33,229.0,1,0.0,1.0
T.Heinicke,ATL,2023,17,10,29,163.0,1,3.0,2.0
D.Byrd,ATL,2023,9,0,0,0.0,0,0.0,0.0
J.Crowder,WAS,2023,5,0,0,0.0,0,0.0,0.0
J.Crowder,WAS,2023,8,0,0,0.0,0,0.0,0.0
J.Crowder,WAS,2023,9,0,0,0.0,0,0.0,0.0
J.Crowder,WAS,2023,10,0,0,0.0,0,0.0,0.0
J.Crowder,WAS,2023,11,0,0,0.0,0,0.0,0.0
J.Crowder,WAS,2023,16,0,0,0.0,0,0.0,0.0
J.Crowder,WAS,2023,18,0,0,0.0,0,0.0,0.0
B.Bell,KC,2023,1,0,0,0.0,0,0.0,0.0
B.Bell,KC,2023,7,0,0,0.0,0,0.0,0.0
B.Bell,KC,2023,8,0,0,0.0,0,0.0,0.0
B.Bell,KC,2023,15,0,0,0.0,0,0.0,0.0
B.Bell,KC,2023,16,0,0,0.0,0,0.0,0.0
B.Bell,KC,2023,18,0,0,0.0,0,0.0,0.0
A.Abdullah,LV,2023,1,0,0,0.0,0,0.0,0.0
A.Abdullah,LV,2023,2,0,0,0.0,0,0.0,0.0
A.Abdullah,LV,2023,3,0,0,0.0,0,0.0,0.0
A.Abdullah,LV,2023,4,0,0,0.0,0,0.0,0.0
A.Abdullah,LV,2023,5,0,0,0.0,0,0.0,0.0
A.Abdullah,LV,2023,6,0,0,0.0,0,0.0,0.0
A.Abdullah,LV,2023,8,0,0,0.0,0,0.0,0.0
A.Abdullah,LV,2023,9,0,0,0.0,0,0.0,0.0
A.Abdullah,LV,2023,10,0,0,0.0,0,0.0,0.0
A.Abdullah,LV,2023,11,0,0,0.0,0,0.0,0.0
A.Abdullah,LV,2023,12,0,0,0.0,0,0.0,0.0
A.Abdullah,LV,2023,14,0,0,0.0,0,0.0,0.0
A.Abdullah,LV,2023,15,0,0,0.0,0,0.0,0.0
A.Abdullah,LV,2023,16,0,0,0.0,0,0.0,0.0
A.Abdullah,LV,2023,17,0,0,0.0,0,0.0,0.0
A.Abdullah,LV,2023,18,0,0,0.0,0,0.0,0.0
C.Conley,SF,2023,18,0,0,0.0,0,0.0,0.0
C.Conley,SF,2023,20,0,0,0.0,0,0.0,0.0
C.Conley,SF,2023,22,0,0,0.0,0,0.0,0.0
C.Uzomah,NYJ,2023,3,0,0,0.0,0,0.0,0.0
C.Uzomah,NYJ,2023,4,0,0,0.0,0,0.0,0.0
C.Uzomah,NYJ,2023,5,0,0,0.0,0,0.0,0.0
C.Uzomah,NYJ,2023,6,0,0,0.0,0,0.0,0.0
C.Uzomah,NYJ,2023,8,0,0,0.0,0,0.0,0.0
C.Uzomah,NYJ,2023,9,0,0,0.0,0,0.0,0.0
C.Uzomah,NYJ,2023,10,0,0,0.0,0,0.0,0.0
G.Swaim,ARI,2023,4,0,0,0.0,0,0.0,0.0
G.Swaim,ARI,2023,5,0,0,0.0,0,0.0,0.0
G.Swaim,ARI,2023,7,0,0,0.0,0,0.0,0.0
G.Swaim,ARI,2023,10,0,0,0.0,0,0.0,0.0
G.Swaim,ARI,2023,11,0,0,0.0,0,0.0,0.0
G.Swaim,ARI,2023,13,0,0,0.0,0,0.0,0.0
G.Swaim,ARI,2023,15,0,0,0.0,0,0.0,0.0
M.Gordon,BAL,2023,3,0,0,0.0,0,0.0,0.0
M.Gordon,BAL,2023,4,0,0,0.0,0,0.0,0.0
M.Gordon,BAL,2023,17,0,0,0.0,0,0.0,0.0
M.Gordon,BAL,2023,18,0,0,0.0,0,0.0,0.0
T.Siemian,NYJ,2023,13,5,13,66.0,0,0.0,3.0
T.Siemian,NYJ,2023,15,14,26,110.0,0,2.0,2.0
T.Siemian,NYJ,2023,16,27,49,217.0,1,1.0,0.0
T.Siemian,NYJ,2023,17,32,45,261.0,1,1.0,2.0
T.Siemian,NYJ,2023,18,8,20,70.0,0,0.0,1.0
T.Montgomery,NE,2023,1,0,0,0.0,0,0.0,0.0
T.Montgomery,NE,2023,2,0,0,0.0,0,0.0,0.0
T.Montgomery,NE,2023,5,0,0,0.0,0,0.0,0.0
T.Montgomery,NE,2023,6,0,0,0.0,0,0.0,0.0
T.Montgomery,NE,2023,12,0,0,0.0,0,0.0,0.0
T.Montgomery,NE,2023,13,0,0,0.0,0,0.0,0.0
T.Montgomery,NE,2023,14,0,0,0.0,0,0.0,0.0
P.Dorsett,DEN,2023,1,0,0,0.0,0,0.0,0.0
P.Dorsett,DEN,2023,17,0,0,0.0,0,0.0,0.0
T.Lockett,SEA,2023,1,0,0,0.0,0,0.0,0.0
T.Lockett,SEA,2023,2,0,0,0.0,0,0.0,0.0
T.Lockett,SEA,2023,3,0,0,0.0,0,0.0,0.0
T.Lockett,SEA,2023,4,0,0,0.0,0,0.0,0.0
T.Lockett,SEA,2023,6,0,0,0.0,0,0.0,0.0
T.Lockett,SEA,2023,7,0,0,0.0,0,0.0,0.0
T.Lockett,SEA,2023,8,0,0,0.0,0,0.0,0.0
T.Lockett,SEA,2023,9,0,0,0.0,0,0.0,0.0
T.Lockett,SEA,2023,10,0,0,0.0,0,0.0,0.0
T.Lockett,SEA,2023,11,0,0,0.0,0,0.0,0.0
T.Lockett,SEA,2023,12,0,0,0.0,0,0.0,0.0
T.Lockett,SEA,2023,13,0,0,0.0,0,0.0,0.0
T.Lockett,SEA,2023,14,0,0,0.0,0,0.0,0.0
T.Lockett,SEA,2023,15,0,0,0.0,0,0.0,0.0
T.Lockett,SEA,2023,16,0,0,0.0,0,0.0,0.0
T.Lockett,SEA,2023,17,0,0,0.0,0,0.0,0.0
T.Lockett,SEA,2023,18,0,0,0.0,0,0.0,0.0
D.Smith,KC,2023,2,0,0,0.0,0,0.0,0.0
M.Mariota,PHI,2023,13,2,3,16.0,0,0.0,0.0
M.Mariota,PHI,2023,18,13,20,148.0,1,1.0,3.0
S.Shepard,NYG,2023,1,0,0,0.0,0,0.0,0.0
S.Shepard,NYG,2023,2,0,0,0.0,0,0.0,0.0
S.Shepard,NYG,2023,4,0,0,0.0,0,0.0,0.0
S.Shepard,NYG,2023,5,0,0,0.0,0,0.0,0.0
S.Shepard,NYG,2023,7,0,0,0.0,0,0.0,0.0
S.Shepard,NYG,2023,10,0,0,0.0,0,0.0,0.0
S.Shepard,NYG,2023,11,0,0,0.0,0,0.0,0.0
S.Shepard,NYG,2023,12,0,0,0.0,0,0.0,0.0
S.Shepard,NYG,2023,17,0,0,0.0,0,0.0,0.0
S.Shepard,NYG,2023,18,0,0,0.0,0,0.0,0.0
A.Hooper,LV,2023,1,0,0,0.0,0,0.0,0.0
A.Hooper,LV,2023,2,0,0,0.0,0,0.0,0.0
A.Hooper,LV,2023,4,0,0,0.0,0,0.0,0.0
A.Hooper,LV,2023,5,0,0,0.0,0,0.0,0.0
A.Hooper,LV,2023,6,0,0,0.0,0,0.0,0.0
A.Hooper,LV,2023,7,0,0,0.0,0,0.0,0.0
A.Hooper,LV,2023,8,0,0,0.0,0,0.0,0.0
A.Hooper,LV,2023,9,0,0,0.0,0,0.0,0.0
A.Hooper,LV,2023,10,0,0,0.0,0,0.0,0.0
A.Hooper,LV,2023,11,0,0,0.0,0,0.0,0.0
A.Hooper,LV,2023,12,0,0,0.0,0,0.0,0.0
A.Hooper,LV,2023,14,0,0,0.0,0,0.0,0.0
A.Hooper,LV,2023,15,0,0,0.0,0,0.0,0.0
A.Hooper,LV,2023,16,0,0,0.0,0,0.0,0.0
A.Hooper,LV,2023,17,0,0,0.0,0,0.0,0.0
A.Hooper,LV,2023,18,0,0,0.0,0,0.0,0.0
N.Vannett,LAC,2023,18,0,0,0.0,0,0.0,0.0
C.Moore,TEN,2023,1,0,0,0.0,0,0.0,0.0
C.Moore,TEN,2023,2,0,0,0.0,0,0.0,0.0
C.Moore,TEN,2023,3,0,0,0.0,0,0.0,0.0
C.Moore,TEN,2023,4,0,0,0.0,0,0.0,0.0
C.Moore,TEN,2023,6,0,0,0.0,0,0.0,0.0
C.Moore,TEN,2023,9,0,0,0.0,0,0.0,0.0
C.Moore,TEN,2023,10,0,0,0.0,0,0.0,0.0
C.Moore,TEN,2023,11,0,0,0.0,0,0.0,0.0
C.Moore,TEN,2023,12,0,0,0.0,0,0.0,0.0
C.Moore,TEN,2023,13,0,0,0.0,0,0.0,0.0
C.Moore,TEN,2023,14,0,0,0.0,0,0.0,0.0
C.Moore,TEN,2023,15,0,0,0.0,0,0.0,0.0
C.Moore,TEN,2023,16,0,0,0.0,0,0.0,0.0
C.Moore,TEN,2023,17,0,0,0.0,0,0.0,0.0
C.Moore,TEN,2023,18,0,0,0.0,0,0.0,0.0
J.Driskel,CLE,2023,18,13,26,166.0,2,2.0,3.0
K.Raymond,DET,2023,1,0,0,0.0,0,0.0,0.0
K.Raymond,DET,2023,2,0,0,0.0,0,0.0,0.0
K.Raymond,DET,2023,3,0,0,0.0,0,0.0,0.0
K.Raymond,DET,2023,4,0,0,0.0,0,0.0,0.0
K.Raymond,DET,2023,5,0,0,0.0,0,0.0,0.0
K.Raymond,DET,2023,6,0,0,0.0,0,0.0,0.0
K.Raymond,DET,2023,7,0,0,0.0,0,0.0,0.0
K.Raymond,DET,2023,8,0,0,0.0,0,0.0,0.0
K.Raymond,DET,2023,10,0,0,0.0,0,0.0,0.0
K.Raymond,DET,2023,11,0,0,0.0,0,0.0,0.0
K.Raymond,DET,2023,12,0,0,0.0,0,0.0,0.0
K.Raymond,DET,2023,13,0,0,0.0,0,0.0,0.0
K.Raymond,DET,2023,14,0,0,0.0,0,0.0,0.0
K.Raymond,DET,2023,15,0,0,0.0,0,0.0,0.0
K.Raymond,DET,2023,16,0,0,0.0,0,0.0,0.0
K.Raymond,DET,2023,17,0,0,0.0,0,0.0,0.0
K.Raymond,DET,2023,18,0,0,0.0,0,0.0,0.0
A.Erickson,LAC,2023,11,0,0,0.0,0,0.0,0.0
A.Erickson,LAC,2023,12,0,0,0.0,0,0.0,0.0
A.Erickson,LAC,2023,13,0,0,0.0,0,0.0,0.0
A.Erickson,LAC,2023,14,0,0,0.0,0,0.0,0.0
A.Erickson,LAC,2023,15,0,0,0.0,0,0.0,0.0
A.Erickson,LAC,2023,16,0,0,0.0,0,0.0,0.0
A.Erickson,LAC,2023,17,0,0,0.0,0,0.0,0.0
A.Erickson,LAC,2023,18,0,0,0.0,0,0.0,0.0
R.Chosen,MIA,2023,3,0,0,0.0,0,0.0,0.0
R.Chosen,MIA,2023,4,0,0,0.0,0,0.0,0.0
R.Chosen,MIA,2023,11,0,0,0.0,0,0.0,0.0
R.Chosen,MIA,2023,16,0,0,0.0,0,0.0,0.0
R.Chosen,MIA,2023,17,0,0,0.0,0,0.0,0.0
D.Henry,TEN,2023,1,0,0,0.0,0,0.0,0.0
D.Henry,TEN,2023,2,0,0,0.0,0,0.0,0.0
D.Henry,TEN,2023,3,0,0,0.0,0,0.0,0.0
D.Henry,TEN,2023,4,1,1,2.0,1,0.0,0.0
D.Henry,TEN,2023,5,0,1,0.0,0,0.0,0.0
D.Henry,TEN,2023,6,0,0,0.0,0,0.0,0.0
D.Henry,TEN,2023,8,0,0,0.0,0,0.0,0.0
D.Henry,TEN,2023,9,0,0,0.0,0,0.0,0.0
D.Henry,TEN,2023,10,0,0,0.0,0,0.0,0.0
D.Henry,TEN,2023,11,0,0,0.0,0,0.0,0.0
D.Henry,TEN,2023,12,0,0,0.0,0,0.0,0.0
D.Henry,TEN,2023,13,0,0,0.0,0,0.0,0.0
D.Henry,TEN,2023,14,0,0,0.0,0,0.0,0.0
D.Henry,TEN,2023,15,0,0,0.0,0,0.0,0.0
D.Henry,TEN,2023,16,1,1,12.0,1,0.0,0.0
D.Henry,TEN,2023,17,0,0,0.0,0,0.0,0.0
D.Henry,TEN,2023,18,0,0,0.0,0,0.0,0.0
M.Thomas,NO,2023,1,0,0,0.0,0,0.0,0.0
M.Thomas,NO,2023,2,0,0,0.0,0,0.0,0.0
M.Thomas,NO,2023,3,0,0,0.0,0,0.0,0.0
M.Thomas,NO,2023,4,0,0,0.0,0,0.0,0.0
M.Thomas,NO,2023,5,0,0,0.0,0,0.0,0.0
M.Thomas,NO,2023,6,0,0,0.0,0,0.0,0.0
M.Thomas,NO,2023,7,0,0,0.0,0,0.0,0.0
M.Thomas,NO,2023,8,0,0,0.0,0,0.0,0.0
M.Thomas,NO,2023,9,0,0,0.0,0,0.0,0.0
M.Thomas,NO,2023,10,0,0,0.0,0,0.0,0.0
D.Robinson,LA,2023,9,0,0,0.0,0,0.0,0.0
D.Robinson,LA,2023,11,0,0,0.0,0,0.0,0.0
D.Robinson,LA,2023,12,0,0,0.0,0,0.0,0.0
D.Robinson,LA,2023,13,0,0,0.0,0,0.0,0.0
D.Robinson,LA,2023,14,0,0,0.0,0,0.0,0.0
D.Robinson,LA,2023,15,0,0,0.0,0,0.0,0.0
D.Robinson,LA,2023,16,0,0,0.0,0,0.0,0.0
D.Robinson,LA,2023,17,0,0,0.0,0,0.0,0.0
D.Robinson,LA,2023,19,0,0,0.0,0,0.0,0.0
C.Ham,MIN,2023,1,0,0,0.0,0,0.0,0.0
C.Ham,MIN,2023,3,0,0,0.0,0,0.0,0.0
C.Ham,MIN,2023,8,0,0,0.0,0,0.0,0.0
C.Ham,MIN,2023,12,0,0,0.0,0,0.0,0.0
C.Ham,MIN,2023,14,0,0,0.0,0,0.0,0.0
C.Ham,MIN,2023,16,0,0,0.0,0,0.0,0.0
C.Wentz,LA,2023,18,17,24,163.0,2,1.0,2.0
L.Treadwell,BAL,2023,18,0,0,0.0,0,0.0,0.0
J.Williams,WAS,2023,15,0,0,0.0,0,0.0,0.0
T.Boyd,CIN,2023,1,0,0,0.0,0,0.0,0.0
T.Boyd,CIN,2023,2,0,0,0.0,0,0.0,0.0
T.Boyd,CIN,2023,3,0,0,0.0,0,0.0,0.0
T.Boyd,CIN,2023,4,0,0,0.0,0,0.0,0.0
T.Boyd,CIN,2023,5,0,0,0.0,0,0.0,0.0
T.Boyd,CIN,2023,6,0,0,0.0,0,0.0,0.0
T.Boyd,CIN,2023,8,0,0,0.0,0,0.0,0.0
T.Boyd,CIN,2023,9,0,0,0.0,0,0.0,0.0
T.Boyd,CIN,2023,10,0,0,0.0,0,0.0,0.0
T.Boyd,CIN,2023,11,0,0,0.0,0,0.0,0.0
T.Boyd,CIN,2023,12,0,0,0.0,0,0.0,0.0
T.Boyd,CIN,2023,13,0,1,0.0,0,1.0,0.0
T.Boyd,CIN,2023,14,0,0,0.0,0,0.0,0.0
T.Boyd,CIN,2023,15,0,0,0.0,0,0.0,0.0
T.Boyd,CIN,2023,16,0,0,0.0,0,0.0,0.0
T.Boyd,CIN,2023,17,0,0,0.0,0,0.0,0.0
T.Boyd,CIN,2023,18,0,0,0.0,0,0.0,0.0
T.Hill,MIA,2023,1,0,0,0.0,0,0.0,0.0
T.Hill,MIA,2023,2,0,0,0.0,0,0.0,0.0
T.Hill,MIA,2023,3,0,0,0.0,0,0.0,0.0
T.Hill,MIA,2023,4,0,0,0.0,0,0.0,0.0
T.Hill,MIA,2023,5,0,0,0.0,0,0.0,0.0
T.Hill,MIA,2023,6,0,0,0.0,0,0.0,0.0
T.Hill,MIA,2023,7,0,0,0.0,0,0.0,0.0
T.Hill,MIA,2023,8,0,0,0.0,0,0.0,0.0
T.Hill,MIA,2023,9,0,0,0.0,0,0.0,0.0
T.Hill,MIA,2023,11,0,0,0.0,0,0.0,0.0
T.Hill,MIA,2023,12,0,0,0.0,0,0.0,0.0
T.Hill,MIA,2023,13,0,0,0.0,0,0.0,0.0
T.Hill,MIA,2023,14,0,0,0.0,0,0.0,0.0
T.Hill,MIA,2023,16,0,0,0.0,0,0.0,0.0
T.Hill,MIA,2023,17,0,0,0.0,0,0.0,0.0
T.Hill,MIA,2023,18,0,0,0.0,0,0.0,0.0
T.Hill,MIA,2023,19,0,0,0.0,0,0.0,0.0
E.Elliott,NE,2023,1,0,0,0.0,0,0.0,0.0
E.Elliott,NE,2023,2,0,0,0.0,0,0.0,0.0
E.Elliott,NE,2023,3,0,0,0.0,0,0.0,0.0
E.Elliott,NE,2023,4,0,0,0.0,0,0.0,0.0
E.Elliott,NE,2023,5,0,0,0.0,0,0.0,0.0
E.Elliott,NE,2023,6,0,0,0.0,0,0.0,0.0
E.Elliott,NE,2023,7,0,0,0.0,0,0.0,0.0
E.Elliott,NE,2023,8,0,0,0.0,0,0.0,0.0
E.Elliott,NE,2023,9,0,0,0.0,0,0.0,0.0
E.Elliott,NE,2023,10,0,0,0.0,0,0.0,0.0
E.Elliott,NE,2023,12,0,0,0.0,0,0.0,0.0
E.Elliott,NE,2023,13,0,0,0.0,0,0.0,0.0
E.Elliott,NE,2023,14,0,0,0.0,0,0.0,0.0
E.Elliott,NE,2023,15,0,0,0.0,0,0.0,0.0
E.Elliott,NE,2023,16,0,0,0.0,0,0.0,0.0
E.Elliott,NE,2023,17,0,0,0.0,0,0.0,0.0
E.Elliott,NE,2023,18,0,0,0.0,0,0.0,0.0
D.Prescott,DAL,2023,1,13,24,143.0,0,0.0,0.0
D.Prescott,DAL,2023,2,31,38,255.0,2,0.0,1.0
D.Prescott,DAL,2023,3,25,40,249.0,1,1.0,2.0
D.Prescott,DAL,2023,4,28,34,261.0,1,0.0,3.0
D.Prescott,DAL,2023,5,14,24,153.0,1,3.0,3.0
D.Prescott,DAL,2023,6,21,30,272.0,1,0.0,5.0
D.Prescott,DAL,2023,8,25,31,304.0,4,1.0,3.0
D.Prescott,DAL,2023,9,29,44,374.0,3,0.0,5.0
D.Prescott,DAL,2023,10,26,35,404.0,4,1.0,0.0
D.Prescott,DAL,2023,11,25,38,189.0,2,0.0,0.0
D.Prescott,DAL,2023,12,22,32,331.0,4,0.0,0.0
D.Prescott,DAL,2023,13,29,41,299.0,3,0.0,4.0
D.Prescott,DAL,2023,14,24,39,271.0,2,0.0,3.0
D.Prescott,DAL,2023,15,21,34,134.0,0,1.0,3.0
D.Prescott,DAL,2023,16,20,32,253.0,2,0.0,4.0
D.Prescott,DAL,2023,17,26,38,345.0,2,1.0,3.0
D.Prescott,DAL,2023,18,31,36,279.0,4,1.0,0.0
D.Prescott,DAL,2023,19,41,60,403.0,3,2.0,4.0
H.Henry,NE,2023,1,0,0,0.0,0,0.0,0.0
H.Henry,NE,2023,2,0,0,0.0,0,0.0,0.0
H.Henry,NE,2023,3,0,0,0.0,0,0.0,0.0
H.Henry,NE,2023,4,0,0,0.0,0,0.0,0.0
H.Henry,NE,2023,5,0,0,0.0,0,0.0,0.0
H.Henry,NE,2023,6,0,0,0.0,0,0.0,0.0
H.Henry,NE,2023,7,0,0,0.0,0,0.0,0.0
H.Henry,NE,2023,8,0,0,0.0,0,0.0,0.0
H.Henry,NE,2023,9,0,0,0.0,0,0.0,0.0
H.Henry,NE,2023,10,0,0,0.0,0,0.0,0.0
H.Henry,NE,2023,13,0,0,0.0,0,0.0,0.0
H.Henry,NE,2023,14,0,0,0.0,0,0.0,0.0
H.Henry,NE,2023,15,0,0,0.0,0,0.0,0.0
J.Goff,DET,2023,1,22,35,253.0,1,0.0,1.0
J.Goff,DET,2023,2,28,35,323.0,3,1.0,2.0
J.Goff,DET,2023,3,22,33,243.0,1,1.0,0.0
J.Goff,DET,2023,4,19,28,210.0,1,1.0,2.0
J.Goff,DET,2023,5,20,28,236.0,3,0.0,2.0
J.Goff,DET,2023,6,30,44,353.0,2,0.0,3.0
J.Goff,DET,2023,7,33,53,284.0,0,1.0,5.0
J.Goff,DET,2023,8,26,37,272.0,1,1.0,0.0
J.Goff,DET,2023,10,23,33,333.0,2,0.0,0.0
J.Goff,DET,2023,11,23,35,236.0,2,3.0,2.0
J.Goff,DET,2023,12,29,44,332.0,2,0.0,3.0
J.Goff,DET,2023,13,16,25,213.0,2,0.0,1.0
J.Goff,DET,2023,14,20,35,161.0,1,2.0,4.0
J.Goff,DET,2023,15,24,34,278.0,5,0.0,2.0
J.Goff,DET,2023,16,30,40,257.0,1,0.0,1.0
J.Goff,DET,2023,17,19,34,271.0,1,2.0,1.0
J.Goff,DET,2023,18,23,32,320.0,2,0.0,1.0
J.Goff,DET,2023,19,22,27,277.0,1,0.0,3.0
J.Goff,DET,2023,20,30,43,287.0,2,0.0,2.0
J.Goff,DET,2023,21,25,41,273.0,1,0.0,2.0
T.Higbee,LA,2023,1,0,0,0.0,0,0.0,0.0
T.Higbee,LA,2023,2,0,0,0.0,0,0.0,0.0
T.Higbee,LA,2023,3,0,0,0.0,0,0.0,0.0
T.Higbee,LA,2023,4,0,0,0.0,0,0.0,0.0
T.Higbee,LA,2023,5,0,0,0.0,0,0.0,0.0
T.Higbee,LA,2023,6,0,0,0.0,0,0.0,0.0
T.Higbee,LA,2023,7,0,0,0.0,0,0.0,0.0
T.Higbee,LA,2023,8,0,0,0.0,0,0.0,0.0
T.Higbee,LA,2023,9,0,0,0.0,0,0.0,0.0
T.Higbee,LA,2023,11,0,0,0.0,0,0.0,0.0
T.Higbee,LA,2023,12,0,0,0.0,0,0.0,0.0
T.Higbee,LA,2023,13,0,0,0.0,0,0.0,0.0
T.Higbee,LA,2023,15,0,0,0.0,0,0.0,0.0
T.Higbee,LA,2023,16,0,0,0.0,0,0.0,0.0
T.Higbee,LA,2023,17,0,0,0.0,0,0.0,0.0
T.Higbee,LA,2023,19,0,0,0.0,0,0.0,0.0
K.Drake,BAL,2023,3,0,0,0.0,0,0.0,0.0
K.Drake,GB,2023,15,0,0,0.0,0,0.0,0.0
J.Brissett,WAS,2023,15,8,10,124.0,2,0.0,0.0
J.Brissett,WAS,2023,16,10,13,100.0,1,0.0,0.0
M.Alie-Cox,IND,2023,1,0,0,0.0,0,0.0,0.0
M.Alie-Cox,IND,2023,2,0,0,0.0,0,0.0,0.0
M.Alie-Cox,IND,2023,4,0,0,0.0,0,0.0,0.0
M.Alie-Cox,IND,2023,5,0,0,0.0,0,0.0,0.0
M.Alie-Cox,IND,2023,7,0,0,0.0,0,0.0,0.0
M.Alie-Cox,IND,2023,8,0,0,0.0,0,0.0,0.0
M.Alie-Cox,IND,2023,10,0,0,0.0,0,0.0,0.0
M.Alie-Cox,IND,2023,12,0,0,0.0,0,0.0,0.0
M.Alie-Cox,IND,2023,14,0,0,0.0,0,0.0,0.0
M.Alie-Cox,IND,2023,15,0,0,0.0,0,0.0,0.0
M.Alie-Cox,IND,2023,16,0,0,0.0,0,0.0,0.0
M.Alie-Cox,IND,2023,17,0,0,0.0,0,0.0,0.0
M.Alie-Cox,IND,2023,18,0,0,0.0,0,0.0,0.0
J.Mundt,MIN,2023,5,0,0,0.0,0,0.0,0.0
J.Mundt,MIN,2023,8,0,0,0.0,0,0.0,0.0
J.Mundt,MIN,2023,9,0,0,0.0,0,0.0,0.0
J.Mundt,MIN,2023,10,0,0,0.0,0,0.0,0.0
J.Mundt,MIN,2023,14,0,0,0.0,0,0.0,0.0
J.Mundt,MIN,2023,15,0,0,0.0,0,0.0,0.0
J.Mundt,MIN,2023,16,0,0,0.0,0,0.0,0.0
J.Mundt,MIN,2023,17,0,0,0.0,0,0.0,0.0
J.Mundt,MIN,2023,18,0,0,0.0,0,0.0,0.0
Z.Pascal,ARI,2023,1,0,0,0.0,0,0.0,0.0
Z.Pascal,ARI,2023,2,0,0,0.0,0,0.0,0.0
Z.Pascal,ARI,2023,4,0,0,0.0,0,0.0,0.0
Z.Pascal,ARI,2023,5,0,0,0.0,0,0.0,0.0
Z.Pascal,ARI,2023,6,0,0,0.0,0,0.0,0.0
Z.Pascal,ARI,2023,8,0,0,0.0,0,0.0,0.0
Z.Pascal,ARI,2023,9,0,0,0.0,0,0.0,0.0
Z.Pascal,ARI,2023,10,0,0,0.0,0,0.0,0.0
Z.Pascal,ARI,2023,15,0,0,0.0,0,0.0,0.0
P.Walker,CLE,2023,6,18,34,192.0,0,2.0,2.0
P.Walker,CLE,2023,7,15,32,178.0,0,1.0,2.0
P.Walker,CLE,2023,8,15,31,248.0,1,2.0,3.0
P.Walker,CLE,2023,10,0,1,0.0,0,0.0,0.0
P.Walker,CLE,2023,12,6,13,56.0,0,0.0,4.0
C.McCaffrey,SF,2023,1,0,0,0.0,0,0.0,0.0
C.McCaffrey,SF,2023,2,0,0,0.0,0,0.0,0.0
C.McCaffrey,SF,2023,3,0,0,0.0,0,0.0,0.0
C.McCaffrey,SF,2023,4,0,0,0.0,0,0.0,0.0
C.McCaffrey,SF,2023,5,0,0,0.0,0,0.0,0.0
C.McCaffrey,SF,2023,6,0,0,0.0,0,0.0,0.0
C.McCaffrey,SF,2023,7,0,0,0.0,0,0.0,0.0
C.McCaffrey,SF,2023,8,0,0,0.0,0,0.0,0.0
C.McCaffrey,SF,2023,10,0,0,0.0,0,0.0,0.0
C.McCaffrey,SF,2023,11,0,0,0.0,0,0.0,0.0
C.McCaffrey,SF,2023,12,0,0,0.0,0,0.0,0.0
C.McCaffrey,SF,2023,13,0,0,0.0,0,0.0,0.0
C.McCaffrey,SF,2023,14,0,0,0.0,0,0.0,0.0
C.McCaffrey,SF,2023,15,0,0,0.0,0,0.0,0.0
C.McCaffrey,SF,2023,16,0,0,0.0,0,0.0,0.0
C.McCaffrey,SF,2023,17,0,0,0.0,0,0.0,0.0
C.McCaffrey,SF,2023,20,0,0,0.0,0,0.0,0.0
C.McCaffrey,SF,2023,21,0,0,0.0,0,0.0,0.0
C.McCaffrey,SF,2023,22,0,0,0.0,0,0.0,0.0
C.Samuel,WAS,2023,1,0,0,0.0,0,0.0,0.0
C.Samuel,WAS,2023,2,0,0,0.0,0,0.0,0.0
C.Samuel,WAS,2023,3,0,0,0.0,0,0.0,0.0
C.Samuel,WAS,2023,4,0,0,0.0,0,0.0,0.0
C.Samuel,WAS,2023,5,0,0,0.0,0,0.0,0.0
C.Samuel,WAS,2023,6,0,0,0.0,0,0.0,0.0
C.Samuel,WAS,2023,7,0,0,0.0,0,0.0,0.0
C.Samuel,WAS,2023,8,0,0,0.0,0,0.0,0.0
C.Samuel,WAS,2023,10,0,0,0.0,0,0.0,0.0
C.Samuel,WAS,2023,11,0,0,0.0,0,0.0,0.0
C.Samuel,WAS,2023,12,0,0,0.0,0,0.0,0.0
C.Samuel,WAS,2023,13,0,0,0.0,0,0.0,0.0
C.Samuel,WAS,2023,15,0,0,0.0,0,0.0,0.0
C.Samuel,WAS,2023,16,0,0,0.0,0,0.0,0.0
C.Samuel,WAS,2023,17,0,0,0.0,0,0.0,0.0
C.Samuel,WAS,2023,18,0,0,0.0,0,0.0,0.0
G.Kittle,SF,2023,1,0,0,0.0,0,0.0,0.0
G.Kittle,SF,2023,2,0,0,0.0,0,0.0,0.0
G.Kittle,SF,2023,3,0,0,0.0,0,0.0,0.0
G.Kittle,SF,2023,4,0,0,0.0,0,0.0,0.0
G.Kittle,SF,2023,5,0,0,0.0,0,0.0,0.0
G.Kittle,SF,2023,6,0,0,0.0,0,0.0,0.0
G.Kittle,SF,2023,7,0,0,0.0,0,0.0,0.0
G.Kittle,SF,2023,8,0,0,0.0,0,0.0,0.0
G.Kittle,SF,2023,10,0,0,0.0,0,0.0,0.0
G.Kittle,SF,2023,11,0,0,0.0,0,0.0,0.0
G.Kittle,SF,2023,12,0,0,0.0,0,0.0,0.0
G.Kittle,SF,2023,13,0,0,0.0,0,0.0,0.0
G.Kittle,SF,2023,14,0,0,0.0,0,0.0,0.0
G.Kittle,SF,2023,15,0,0,0.0,0,0.0,0.0
G.Kittle,SF,2023,16,0,0,0.0,0,0.0,0.0
G.Kittle,SF,2023,17,0,0,0.0,0,0.0,0.0
G.Kittle,SF,2023,20,0,0,0.0,0,0.0,0.0
G.Kittle,SF,2023,21,0,0,0.0,0,0.0,0.0
G.Kittle,SF,2023,22,0,0,0.0,0,0.0,0.0
T.Taylor,CHI,2023,6,0,0,0.0,0,0.0,0.0
T.Taylor,CHI,2023,8,0,0,0.0,0,0.0,0.0
T.Taylor,CHI,2023,12,0,0,0.0,0,0.0,0.0
A.Jones,GB,2023,1,0,0,0.0,0,0.0,0.0
A.Jones,GB,2023,4,0,0,0.0,0,0.0,0.0
A.Jones,GB,2023,7,0,0,0.0,0,0.0,0.0
A.Jones,GB,2023,8,0,0,0.0,0,0.0,0.0
A.Jones,GB,2023,9,0,0,0.0,0,0.0,0.0
A.Jones,GB,2023,10,0,0,0.0,0,0.0,0.0
A.Jones,GB,2023,11,0,0,0.0,0,0.0,0.0
A.Jones,GB,2023,15,0,0,0.0,0,0.0,0.0
A.Jones,GB,2023,16,0,0,0.0,0,0.0,0.0
A.Jones,GB,2023,17,0,0,0.0,0,0.0,0.0
A.Jones,GB,2023,18,0,0,0.0,0,0.0,0.0
A.Jones,GB,2023,19,0,0,0.0,0,0.0,0.0
A.Jones,GB,2023,20,0,0,0.0,0,0.0,0.0
A.Armah,WAS,2023,8,0,0,0.0,0,0.0,0.0
A.Armah,WAS,2023,10,0,0,0.0,0,0.0,0.0
A.Armah,WAS,2023,18,0,0,0.0,0,0.0,0.0
K.Bourne,NE,2023,1,0,0,0.0,0,0.0,0.0
K.Bourne,NE,2023,2,0,0,0.0,0,0.0,0.0
K.Bourne,NE,2023,3,0,0,0.0,0,0.0,0.0
K.Bourne,NE,2023,4,0,0,0.0,0,0.0,0.0
K.Bourne,NE,2023,5,0,0,0.0,0,0.0,0.0
K.Bourne,NE,2023,6,0,0,0.0,0,0.0,0.0
K.Bourne,NE,2023,7,0,0,0.0,0,0.0,0.0
K.Bourne,NE,2023,8,0,0,0.0,0,0.0,0.0
M.Breida,NYG,2023,1,0,0,0.0,0,0.0,0.0
M.Breida,NYG,2023,2,0,0,0.0,0,0.0,0.0
M.Breida,NYG,2023,3,0,0,0.0,0,0.0,0.0
M.Breida,NYG,2023,4,0,0,0.0,0,0.0,0.0
M.Breida,NYG,2023,5,0,0,0.0,0,0.0,0.0
M.Breida,NYG,2023,6,0,0,0.0,0,0.0,0.0
M.Breida,NYG,2023,7,0,0,0.0,0,0.0,0.0
M.Breida,NYG,2023,8,0,0,0.0,0,0.0,0.0
M.Breida,NYG,2023,9,0,0,0.0,0,0.0,0.0
M.Breida,NYG,2023,10,0,0,0.0,0,0.0,0.0
M.Breida,NYG,2023,11,0,0,0.0,0,0.0,0.0
M.Breida,NYG,2023,12,0,0,0.0,0,0.0,0.0
M.Breida,NYG,2023,14,0,0,0.0,0,0.0,0.0
M.Breida,NYG,2023,15,0,0,0.0,0,0.0,0.0
M.Breida,NYG,2023,16,0,0,0.0,0,0.0,0.0
N.Mullens,MIN,2023,14,9,13,83.0,0,0.0,0.0
N.Mullens,MIN,2023,15,26,33,303.0,2,2.0,3.0
N.Mullens,MIN,2023,16,22,36,411.0,2,4.0,4.0
N.Mullens,MIN,2023,17,13,22,113.0,1,0.0,1.0
N.Mullens,MIN,2023,18,30,44,396.0,2,2.0,4.0
T.Hill,NO,2023,1,0,0,0.0,0,0.0,0.0
T.Hill,NO,2023,2,1,1,8.0,0,0.0,0.0
T.Hill,NO,2023,3,0,0,0.0,0,0.0,0.0
T.Hill,NO,2023,4,1,1,13.0,0,0.0,1.0
T.Hill,NO,2023,5,0,0,0.0,0,0.0,0.0
T.Hill,NO,2023,6,1,1,4.0,0,0.0,0.0
T.Hill,NO,2023,7,0,0,0.0,0,0.0,0.0
T.Hill,NO,2023,8,1,2,44.0,0,0.0,0.0
T.Hill,NO,2023,9,1,1,3.0,1,0.0,0.0
T.Hill,NO,2023,10,0,0,0.0,0,0.0,0.0
T.Hill,NO,2023,12,0,0,0.0,0,0.0,0.0
T.Hill,NO,2023,13,0,2,0.0,0,0.0,0.0
T.Hill,NO,2023,15,0,1,0.0,0,0.0,0.0
T.Hill,NO,2023,16,0,0,0.0,0,0.0,0.0
T.Hill,NO,2023,17,1,2,11.0,0,0.0,0.0
T.Hill,NO,2023,18,0,0,0.0,0,0.0,1.0
P.Ricard,BAL,2023,4,0,0,0.0,0,0.0,0.0
P.Ricard,BAL,2023,6,0,0,0.0,0,0.0,0.0
P.Ricard,BAL,2023,7,0,0,0.0,0,0.0,0.0
P.Ricard,BAL,2023,10,0,0,0.0,0,0.0,0.0
P.Ricard,BAL,2023,16,0,0,0.0,0,0.0,0.0
P.Ricard,BAL,2023,17,0,0,0.0,0,0.0,0.0
P.Brown,NE,2023,3,0,0,0.0,0,0.0,0.0
P.Brown,NE,2023,6,0,0,0.0,0,0.0,0.0
P.Brown,NE,2023,7,0,0,0.0,0,0.0,0.0
P.Brown,NE,2023,8,0,0,0.0,0,0.0,0.0
P.Brown,NE,2023,14,0,0,0.0,0,0.0,0.0
P.Brown,NE,2023,15,0,0,0.0,0,0.0,0.0
P.Brown,NE,2023,16,0,0,0.0,0,0.0,0.0
P.Brown,NE,2023,17,0,0,0.0,0,0.0,0.0
P.Brown,NE,2023,18,0,0,0.0,0,0.0,0.0
A.Firkser,DET,2023,21,0,0,0.0,0,0.0,0.0
I.McKenzie,IND,2023,2,0,0,0.0,0,0.0,0.0
I.McKenzie,IND,2023,3,0,0,0.0,0,0.0,0.0
I.McKenzie,IND,2023,4,0,0,0.0,0,0.0,0.0
I.McKenzie,IND,2023,5,0,0,0.0,0,0.0,0.0
I.McKenzie,IND,2023,6,0,0,0.0,0,0.0,0.0
I.McKenzie,IND,2023,7,0,0,0.0,0,0.0,0.0
I.McKenzie,IND,2023,9,0,0,0.0,0,0.0,0.0
I.McKenzie,IND,2023,10,0,0,0.0,0,0.0,0.0
I.McKenzie,IND,2023,12,0,0,0.0,0,0.0,0.0
S.Perine,DEN,2023,1,0,0,0.0,0,0.0,0.0
S.Perine,DEN,2023,2,0,0,0.0,0,0.0,0.0
S.Perine,DEN,2023,3,0,0,0.0,0,0.0,0.0
S.Perine,DEN,2023,4,0,0,0.0,0,0.0,0.0
S.Perine,DEN,2023,5,0,0,0.0,0,0.0,0.0
S.Perine,DEN,2023,6,0,0,0.0,0,0.0,0.0
S.Perine,DEN,2023,7,0,0,0.0,0,0.0,0.0
S.Perine,DEN,2023,8,0,0,0.0,0,0.0,0.0
S.Perine,DEN,2023,10,0,0,0.0,0,0.0,0.0
S.Perine,DEN,2023,11,0,0,0.0,0,0.0,0.0
S.Perine,DEN,2023,12,0,0,0.0,0,0.0,0.0
S.Perine,DEN,2023,13,0,0,0.0,0,0.0,0.0
S.Perine,DEN,2023,14,0,0,0.0,0,0.0,0.0
S.Perine,DEN,2023,15,0,0,0.0,0,0.0,0.0
S.Perine,DEN,2023,16,0,0,0.0,0,0.0,0.0
S.Perine,DEN,2023,17,0,0,0.0,0,0.0,0.0
S.Perine,DEN,2023,18,0,0,0.0,0,0.0,0.0
M.Williams,LAC,2023,1,0,0,0.0,0,0.0,0.0
M.Williams,LAC,2023,2,0,0,0.0,0,0.0,0.0
M.Williams,LAC,2023,3,0,0,0.0,0,0.0,0.0
D.Watson,CLE,2023,1,16,29,154.0,1,1.0,3.0
D.Watson,CLE,2023,2,22,40,235.0,1,1.0,6.0
D.Watson,CLE,2023,3,27,33,289.0,2,0.0,3.0
D.Watson,CLE,2023,7,1,5,5.0,0,1.0,0.0
D.Watson,CLE,2023,9,19,30,219.0,2,0.0,1.0
D.Watson,CLE,2023,10,20,34,213.0,1,1.0,4.0
J.Conner,ARI,2023,1,0,0,0.0,0,0.0,0.0
J.Conner,ARI,2023,2,0,0,0.0,0,0.0,0.0
J.Conner,ARI,2023,3,0,0,0.0,0,0.0,0.0
J.Conner,ARI,2023,4,0,0,0.0,0,0.0,0.0
J.Conner,ARI,2023,5,0,0,0.0,0,0.0,0.0
J.Conner,ARI,2023,10,0,0,0.0,0,0.0,0.0
J.Conner,ARI,2023,11,0,0,0.0,0,0.0,0.0
J.Conner,ARI,2023,12,0,0,0.0,0,0.0,0.0
J.Conner,ARI,2023,13,0,0,0.0,0,0.0,0.0
J.Conner,ARI,2023,15,0,0,0.0,0,0.0,0.0
J.Conner,ARI,2023,16,0,0,0.0,0,0.0,0.0
J.Conner,ARI,2023,17,0,0,0.0,0,0.0,0.0
J.Conner,ARI,2023,18,0,0,0.0,0,0.0,0.0
M.Hollins,ATL,2023,1,0,0,0.0,0,0.0,0.0
M.Hollins,ATL,2023,2,0,0,0.0,0,0.0,0.0
M.Hollins,ATL,2023,3,0,0,0.0,0,0.0,0.0
M.Hollins,ATL,2023,4,0,0,0.0,0,0.0,0.0
M.Hollins,ATL,2023,5,0,0,0.0,0,0.0,0.0
M.Hollins,ATL,2023,6,0,0,0.0,0,0.0,0.0
M.Hollins,ATL,2023,8,0,0,0.0,0,0.0,0.0
M.Hollins,ATL,2023,9,0,0,0.0,0,0.0,0.0
M.Hollins,ATL,2023,14,0,0,0.0,0,0.0,0.0
J.Reeves-Maybin,DET,2023,1,0,0,0.0,0,0.0,0.0
J.Reeves-Maybin,DET,2023,12,0,0,0.0,0,0.0,0.0
J.Reeves-Maybin,DET,2023,17,1,1,31.0,0,0.0,0.0
J.Agnew,JAX,2023,1,0,0,0.0,0,0.0,0.0
J.Agnew,JAX,2023,2,0,0,0.0,0,0.0,0.0
J.Agnew,JAX,2023,3,0,0,0.0,0,0.0,0.0
J.Agnew,JAX,2023,5,0,0,0.0,0,0.0,0.0
J.Agnew,JAX,2023,7,0,0,0.0,0,0.0,0.0
J.Agnew,JAX,2023,15,0,0,0.0,0,0.0,0.0
J.Agnew,JAX,2023,16,0,0,0.0,0,0.0,0.0
J.Agnew,JAX,2023,17,0,0,0.0,0,0.0,0.0
E.Saubert,HOU,2023,13,0,0,0.0,0,0.0,0.0
E.Saubert,HOU,2023,17,0,0,0.0,0,0.0,0.0
E.Saubert,HOU,2023,18,0,0,0.0,0,0.0,0.0
D.Moore,TB,2023,12,0,0,0.0,0,0.0,0.0
D.Moore,TB,2023,14,0,0,0.0,0,0.0,0.0
D.Moore,TB,2023,15,0,0,0.0,0,0.0,0.0
D.Moore,TB,2023,16,0,0,0.0,0,0.0,0.0
D.Moore,TB,2023,17,0,0,0.0,0,0.0,0.0
D.Moore,TB,2023,18,0,0,0.0,0,0.0,0.0
D.Moore,TB,2023,19,0,0,0.0,0,0.0,0.0
D.Moore,TB,2023,20,0,0,0.0,0,0.0,0.0
N.Brown,HOU,2023,1,0,0,0.0,0,0.0,0.0
N.Brown,HOU,2023,6,0,0,0.0,0,0.0,0.0
N.Brown,HOU,2023,8,0,0,0.0,0,0.0,0.0
N.Brown,HOU,2023,9,0,0,0.0,0,0.0,0.0
N.Brown,HOU,2023,10,0,0,0.0,0,0.0,0.0
N.Brown,HOU,2023,13,0,0,0.0,0,0.0,0.0
N.Brown,HOU,2023,14,0,0,0.0,0,0.0,0.0
N.Brown,HOU,2023,15,0,0,0.0,0,0.0,0.0
N.Brown,HOU,2023,16,0,0,0.0,0,0.0,0.0
N.Brown,HOU,2023,17,0,0,0.0,0,0.0,0.0
N.Brown,HOU,2023,19,0,0,0.0,0,0.0,0.0
C.Rush,DAL,2023,1,0,1,0.0,0,0.0,0.0
C.Rush,DAL,2023,4,2,2,20.0,0,0.0,0.0
C.Rush,DAL,2023,5,2,2,8.0,0,0.0,1.0
C.Rush,DAL,2023,8,2,3,3.0,0,0.0,0.0
C.Rush,DAL,2023,10,7,9,68.0,0,1.0,0.0
C.Rush,DAL,2023,11,2,3,15.0,0,0.0,0.0
C.Rush,DAL,2023,18,3,4,30.0,0,0.0,0.0
A.Ekeler,LAC,2023,1,0,0,0.0,0,0.0,0.0
A.Ekeler,LAC,2023,6,0,0,0.0,0,0.0,0.0
A.Ekeler,LAC,2023,7,0,0,0.0,0,0.0,0.0
A.Ekeler,LAC,2023,8,0,0,0.0,0,0.0,0.0
A.Ekeler,LAC,2023,9,0,0,0.0,0,0.0,0.0
A.Ekeler,LAC,2023,10,0,0,0.0,0,0.0,0.0
A.Ekeler,LAC,2023,11,0,0,0.0,0,0.0,0.0
A.Ekeler,LAC,2023,12,0,0,0.0,0,0.0,0.0
A.Ekeler,LAC,2023,13,0,0,0.0,0,0.0,0.0
A.Ekeler,LAC,2023,14,0,0,0.0,0,0.0,0.0
A.Ekeler,LAC,2023,15,0,0,0.0,0,0.0,0.0
A.Ekeler,LAC,2023,16,0,0,0.0,0,0.0,0.0
A.Ekeler,LAC,2023,17,0,0,0.0,0,0.0,0.0
A.Ekeler,LAC,2023,18,0,0,0.0,0,0.0,0.0
C.Johnston,HOU,2023,18,0,0,0.0,0,0.0,0.0
R.Tonyan,CHI,2023,2,0,0,0.0,0,0.0,0.0
R.Tonyan,CHI,2023,4,0,0,0.0,0,0.0,0.0
R.Tonyan,CHI,2023,5,0,0,0.0,0,0.0,0.0
R.Tonyan,CHI,2023,6,0,0,0.0,0,0.0,0.0
R.Tonyan,CHI,2023,8,0,0,0.0,0,0.0,0.0
R.Tonyan,CHI,2023,9,0,0,0.0,0,0.0,0.0
R.Tonyan,CHI,2023,12,0,0,0.0,0,0.0,0.0
R.Tonyan,CHI,2023,15,0,0,0.0,0,0.0,0.0
R.Tonyan,CHI,2023,16,0,0,0.0,0,0.0,0.0
R.Tonyan,CHI,2023,17,0,0,0.0,0,0.0,0.0
R.Tonyan,CHI,2023,18,0,0,0.0,0,0.0,0.0
D.Ogunbowale,HOU,2023,2,0,0,0.0,0,0.0,0.0
D.Ogunbowale,HOU,2023,13,0,0,0.0,0,0.0,0.0
D.Ogunbowale,HOU,2023,14,0,0,0.0,0,0.0,0.0
D.Ogunbowale,HOU,2023,15,0,0,0.0,0,0.0,0.0
D.Ogunbowale,HOU,2023,16,0,0,0.0,0,0.0,0.0
D.Ogunbowale,HOU,2023,17,0,0,0.0,0,0.0,0.0
D.Ogunbowale,HOU,2023,20,0,0,0.0,0,0.0,0.0
L.Fournette,BUF,2023,16,0,0,0.0,0,0.0,0.0
L.Fournette,BUF,2023,18,0,0,0.0,0,0.0,0.0
J.Smith-Schuster,NE,2023,1,0,0,0.0,0,0.0,0.0
J.Smith-Schuster,NE,2023,2,0,0,0.0,0,0.0,0.0
J.Smith-Schuster,NE,2023,3,0,0,0.0,0,0.0,0.0
J.Smith-Schuster,NE,2023,4,0,0,0.0,0,0.0,0.0
J.Smith-Schuster,NE,2023,5,0,0,0.0,0,0.0,0.0
J.Smith-Schuster,NE,2023,8,0,0,0.0,0,0.0,0.0
J.Smith-Schuster,NE,2023,9,0,0,0.0,0,0.0,0.0
J.Smith-Schuster,NE,2023,10,0,0,0.0,0,0.0,0.0
J.Smith-Schuster,NE,2023,12,0,0,0.0,0,0.0,0.0
J.Smith-Schuster,NE,2023,13,0,0,0.0,0,0.0,0.0
J.Smith-Schuster,NE,2023,14,0,0,0.0,0,0.0,0.0
J.Smith,ATL,2023,2,0,0,0.0,0,0.0,0.0
J.Smith,ATL,2023,3,0,0,0.0,0,0.0,0.0
J.Smith,ATL,2023,4,0,0,0.0,0,0.0,0.0
J.Smith,ATL,2023,5,0,0,0.0,0,0.0,0.0
J.Smith,ATL,2023,6,0,0,0.0,0,0.0,0.0
J.Smith,ATL,2023,7,0,0,0.0,0,0.0,0.0
J.Smith,ATL,2023,8,0,1,0.0,0,0.0,0.0
J.Smith,ATL,2023,9,0,0,0.0,0,0.0,0.0
J.Smith,ATL,2023,10,0,0,0.0,0,0.0,0.0
J.Smith,ATL,2023,13,0,0,0.0,0,0.0,0.0
J.Smith,ATL,2023,14,0,0,0.0,0,0.0,0.0
J.Smith,ATL,2023,15,0,0,0.0,0,0.0,0.0
J.Smith,ATL,2023,16,0,0,0.0,0,0.0,0.0
J.Smith,ATL,2023,17,0,0,0.0,0,0.0,0.0
J.Smith,ATL,2023,18,0,0,0.0,0,0.0,0.0
D.Skipper,DET,2023,18,0,0,0.0,0,0.0,0.0
M.Trubisky,PIT,2023,4,3,5,18.0,0,0.0,0.0
M.Trubisky,PIT,2023,8,15,27,138.0,1,2.0,2.0
M.Trubisky,PIT,2023,13,11,17,117.0,1,0.0,0.0
M.Trubisky,PIT,2023,14,22,35,190.0,1,1.0,2.0
M.Trubisky,PIT,2023,15,16,23,169.0,1,2.0,3.0
P.Mahomes,KC,2023,1,21,39,226.0,2,1.0,0.0
P.Mahomes,KC,2023,2,29,41,305.0,2,1.0,1.0
P.Mahomes,KC,2023,3,24,33,272.0,3,0.0,0.0
P.Mahomes,KC,2023,4,18,30,203.0,1,2.0,1.0
P.Mahomes,KC,2023,5,31,41,281.0,2,0.0,2.0
P.Mahomes,KC,2023,6,30,40,306.0,1,1.0,2.0
P.Mahomes,KC,2023,7,32,42,424.0,4,1.0,1.0
P.Mahomes,KC,2023,8,24,38,240.0,0,2.0,3.0
P.Mahomes,KC,2023,9,20,30,185.0,2,0.0,2.0
P.Mahomes,KC,2023,11,24,43,177.0,2,1.0,1.0
P.Mahomes,KC,2023,12,27,34,298.0,2,0.0,1.0
P.Mahomes,KC,2023,13,21,33,210.0,1,1.0,3.0
P.Mahomes,KC,2023,14,25,43,271.0,1,1.0,1.0
P.Mahomes,KC,2023,15,27,37,305.0,2,2.0,3.0
P.Mahomes,KC,2023,16,27,44,235.0,1,1.0,4.0
P.Mahomes,KC,2023,17,21,29,245.0,1,0.0,2.0
P.Mahomes,KC,2023,19,23,41,262.0,1,0.0,0.0
P.Mahomes,KC,2023,20,17,23,215.0,2,0.0,0.0
P.Mahomes,KC,2023,21,30,39,241.0,1,0.0,2.0
P.Mahomes,KC,2023,22,34,46,333.0,2,1.0,3.0
E.Engram,JAX,2023,1,0,0,0.0,0,0.0,0.0
E.Engram,JAX,2023,2,0,0,0.0,0,0.0,0.0
E.Engram,JAX,2023,3,0,0,0.0,0,0.0,0.0
E.Engram,JAX,2023,4,0,0,0.0,0,0.0,0.0
E.Engram,JAX,2023,5,0,0,0.0,0,0.0,0.0
E.Engram,JAX,2023,6,0,0,0.0,0,0.0,0.0
E.Engram,JAX,2023,7,0,0,0.0,0,0.0,0.0
E.Engram,JAX,2023,8,0,0,0.0,0,0.0,0.0
E.Engram,JAX,2023,10,0,0,0.0,0,0.0,0.0
E.Engram,JAX,2023,11,0,0,0.0,0,0.0,0.0
E.Engram,JAX,2023,12,0,0,0.0,0,0.0,0.0
E.Engram,JAX,2023,13,0,0,0.0,0,0.0,0.0
E.Engram,JAX,2023,14,0,0,0.0,0,0.0,0.0
E.Engram,JAX,2023,15,0,0,0.0,0,0.0,0.0
E.Engram,JAX,2023,16,0,0,0.0,0,0.0,0.0
E.Engram,JAX,2023,17,0,0,0.0,0,0.0,0.0
E.Engram,JAX,2023,18,0,0,0.0,0,0.0,0.0
D.Njoku,CLE,2023,1,0,0,0.0,0,0.0,0.0
D.Njoku,CLE,2023,2,0,0,0.0,0,0.0,0.0
D.Njoku,CLE,2023,3,0,0,0.0,0,0.0,0.0
D.Njoku,CLE,2023,4,0,0,0.0,0,0.0,0.0
D.Njoku,CLE,2023,6,0,0,0.0,0,0.0,0.0
D.Njoku,CLE,2023,7,0,0,0.0,0,0.0,0.0
D.Njoku,CLE,2023,8,0,0,0.0,0,0.0,0.0
D.Njoku,CLE,2023,9,0,0,0.0,0,0.0,0.0
D.Njoku,CLE,2023,10,0,0,0.0,0,0.0,0.0
D.Njoku,CLE,2023,11,0,0,0.0,0,0.0,0.0
D.Njoku,CLE,2023,12,0,0,0.0,0,0.0,0.0
D.Njoku,CLE,2023,13,0,0,0.0,0,0.0,0.0
D.Njoku,CLE,2023,14,0,0,0.0,0,0.0,0.0
D.Njoku,CLE,2023,15,0,0,0.0,0,0.0,0.0
D.Njoku,CLE,2023,16,0,0,0.0,0,0.0,0.0
D.Njoku,CLE,2023,17,0,0,0.0,0,0.0,0.0
D.Njoku,CLE,2023,19,0,0,0.0,0,0.0,0.0
Z.Jones,JAX,2023,1,0,0,0.0,0,0.0,0.0
Z.Jones,JAX,2023,2,0,0,0.0,0,0.0,0.0
Z.Jones,JAX,2023,5,0,0,0.0,0,0.0,0.0
Z.Jones,JAX,2023,11,0,0,0.0,0,0.0,0.0
Z.Jones,JAX,2023,12,0,0,0.0,0,0.0,0.0
Z.Jones,JAX,2023,13,0,0,0.0,0,0.0,0.0
Z.Jones,JAX,2023,14,0,0,0.0,0,0.0,0.0
Z.Jones,JAX,2023,15,0,0,0.0,0,0.0,0.0
Z.Jones,JAX,2023,18,0,0,0.0,0,0.0,0.0
D.Cook,NYJ,2023,1,0,0,0.0,0,0.0,0.0
D.Cook,NYJ,2023,2,0,0,0.0,0,0.0,0.0
D.Cook,NYJ,2023,3,0,0,0.0,0,0.0,0.0
D.Cook,NYJ,2023,4,0,0,0.0,0,0.0,0.0
D.Cook,NYJ,2023,5,0,0,0.0,0,0.0,0.0
D.Cook,NYJ,2023,6,0,0,0.0,0,0.0,0.0
D.Cook,NYJ,2023,8,0,0,0.0,0,0.0,0.0
D.Cook,NYJ,2023,9,0,0,0.0,0,0.0,0.0
D.Cook,NYJ,2023,10,0,0,0.0,0,0.0,0.0
D.Cook,NYJ,2023,11,0,0,0.0,0,0.0,0.0
D.Cook,NYJ,2023,12,0,0,0.0,0,0.0,0.0
D.Cook,NYJ,2023,13,0,0,0.0,0,0.0,0.0
D.Cook,NYJ,2023,14,0,0,0.0,0,0.0,0.0
D.Cook,NYJ,2023,15,0,0,0.0,0,0.0,0.0
D.Cook,BAL,2023,20,0,0,0.0,0,0.0,0.0
G.Everett,LAC,2023,1,0,0,0.0,0,0.0,0.0
G.Everett,LAC,2023,2,0,0,0.0,0,0.0,0.0
G.Everett,LAC,2023,3,0,0,0.0,0,0.0,0.0
G.Everett,LAC,2023,4,0,0,0.0,0,0.0,0.0
G.Everett,LAC,2023,6,0,0,0.0,0,0.0,0.0
G.Everett,LAC,2023,7,0,0,0.0,0,0.0,0.0
G.Everett,LAC,2023,9,0,0,0.0,0,0.0,0.0
G.Everett,LAC,2023,10,0,0,0.0,0,0.0,0.0
G.Everett,LAC,2023,12,0,0,0.0,0,0.0,0.0
G.Everett,LAC,2023,13,0,0,0.0,0,0.0,0.0
G.Everett,LAC,2023,14,0,0,0.0,0,0.0,0.0
G.Everett,LAC,2023,15,0,0,0.0,0,0.0,0.0
G.Everett,LAC,2023,16,0,0,0.0,0,0.0,0.0
G.Everett,LAC,2023,17,0,0,0.0,0,0.0,0.0
G.Everett,LAC,2023,18,0,0,0.0,0,0.0,0.0
J.Mixon,CIN,2023,1,0,0,0.0,0,0.0,0.0
J.Mixon,CIN,2023,2,0,0,0.0,0,0.0,0.0
J.Mixon,CIN,2023,3,0,0,0.0,0,0.0,0.0
J.Mixon,CIN,2023,4,0,0,0.0,0,0.0,0.0
J.Mixon,CIN,2023,5,0,0,0.0,0,0.0,0.0
J.Mixon,CIN,2023,6,0,0,0.0,0,0.0,0.0
J.Mixon,CIN,2023,8,0,0,0.0,0,0.0,0.0
J.Mixon,CIN,2023,9,0,0,0.0,0,0.0,0.0
J.Mixon,CIN,2023,10,0,0,0.0,0,0.0,0.0
J.Mixon,CIN,2023,11,0,0,0.0,0,0.0,0.0
J.Mixon,CIN,2023,12,0,0,0.0,0,0.0,0.0
J.Mixon,CIN,2023,13,0,0,0.0,0,0.0,0.0
J.Mixon,CIN,2023,14,0,0,0.0,0,0.0,0.0
J.Mixon,CIN,2023,15,0,0,0.0,0,0.0,0.0
J.Mixon,CIN,2023,16,0,0,0.0,0,0.0,0.0
J.Mixon,CIN,2023,17,0,0,0.0,0,0.0,0.0
J.Mixon,CIN,2023,18,0,0,0.0,0,0.0,0.0
A.Kamara,NO,2023,4,0,0,0.0,0,0.0,0.0
A.Kamara,NO,2023,5,0,0,0.0,0,0.0,0.0
A.Kamara,NO,2023,6,0,0,0.0,0,0.0,0.0
A.Kamara,NO,2023,7,0,0,0.0,0,0.0,0.0
A.Kamara,NO,2023,8,0,0,0.0,0,0.0,0.0
A.Kamara,NO,2023,9,0,0,0.0,0,0.0,0.0
A.Kamara,NO,2023,10,0,0,0.0,0,0.0,0.0
A.Kamara,NO,2023,12,0,0,0.0,0,0.0,0.0
A.Kamara,NO,2023,13,0,0,0.0,0,0.0,0.0
A.Kamara,NO,2023,14,0,0,0.0,0,0.0,0.0
A.Kamara,NO,2023,15,0,0,0.0,0,0.0,0.0
A.Kamara,NO,2023,16,0,0,0.0,0,0.0,0.0
A.Kamara,NO,2023,17,0,0,0.0,0,0.0,0.0
C.Kupp,LA,2023,5,0,0,0.0,0,0.0,0.0
C.Kupp,LA,2023,6,0,0,0.0,0,0.0,0.0
C.Kupp,LA,2023,7,0,0,0.0,0,0.0,0.0
C.Kupp,LA,2023,8,0,0,0.0,0,0.0,0.0
C.Kupp,LA,2023,9,0,0,0.0,0,0.0,0.0
C.Kupp,LA,2023,11,0,0,0.0,0,0.0,0.0
C.Kupp,LA,2023,12,0,0,0.0,0,0.0,0.0
C.Kupp,LA,2023,13,0,0,0.0,0,0.0,0.0
C.Kupp,LA,2023,14,0,0,0.0,0,0.0,0.0
C.Kupp,LA,2023,15,0,0,0.0,0,0.0,0.0
C.Kupp,LA,2023,16,0,0,0.0,0,0.0,0.0
C.Kupp,LA,2023,17,0,0,0.0,0,0.0,0.0
C.Kupp,LA,2023,19,0,0,0.0,0,0.0,0.0
C.Godwin,TB,2023,1,0,0,0.0,0,0.0,0.0
C.Godwin,TB,2023,2,0,0,0.0,0,0.0,0.0
C.Godwin,TB,2023,3,0,0,0.0,0,0.0,0.0
C.Godwin,TB,2023,4,0,1,0.0,0,0.0,0.0
C.Godwin,TB,2023,6,0,0,0.0,0,0.0,0.0
C.Godwin,TB,2023,7,0,0,0.0,0,0.0,0.0
C.Godwin,TB,2023,8,0,0,0.0,0,0.0,0.0
C.Godwin,TB,2023,9,0,0,0.0,0,0.0,0.0
C.Godwin,TB,2023,10,0,0,0.0,0,0.0,0.0
C.Godwin,TB,2023,11,0,0,0.0,0,0.0,0.0
C.Godwin,TB,2023,12,0,0,0.0,0,0.0,0.0
C.Godwin,TB,2023,13,0,0,0.0,0,0.0,0.0
C.Godwin,TB,2023,14,0,0,0.0,0,0.0,0.0
C.Godwin,TB,2023,15,0,0,0.0,0,0.0,0.0
C.Godwin,TB,2023,16,0,0,0.0,0,0.0,0.0
C.Godwin,TB,2023,17,0,0,0.0,0,0.0,0.0
C.Godwin,TB,2023,18,0,0,0.0,0,0.0,0.0
C.Godwin,TB,2023,19,0,0,0.0,0,0.0,0.0
C.Godwin,TB,2023,20,0,0,0.0,0,0.0,0.0
K.Hunt,CLE,2023,3,0,0,0.0,0,0.0,0.0
K.Hunt,CLE,2023,4,0,0,0.0,0,0.0,0.0
K.Hunt,CLE,2023,6,0,0,0.0,0,0.0,0.0
K.Hunt,CLE,2023,7,0,0,0.0,0,0.0,0.0
K.Hunt,CLE,2023,8,0,0,0.0,0,0.0,0.0
K.Hunt,CLE,2023,9,0,0,0.0,0,0.0,0.0
K.Hunt,CLE,2023,10,0,0,0.0,0,0.0,0.0
K.Hunt,CLE,2023,11,0,0,0.0,0,0.0,0.0
K.Hunt,CLE,2023,12,0,0,0.0,0,0.0,0.0
K.Hunt,CLE,2023,13,0,0,0.0,0,0.0,0.0
K.Hunt,CLE,2023,14,0,0,0.0,0,0.0,0.0
K.Hunt,CLE,2023,15,0,0,0.0,0,0.0,0.0
K.Hunt,CLE,2023,16,0,0,0.0,0,0.0,0.0
K.Hunt,CLE,2023,17,0,0,0.0,0,0.0,0.0
K.Hunt,CLE,2023,18,0,0,0.0,0,0.0,0.0
K.Hunt,CLE,2023,19,0,0,0.0,0,0.0,0.0
D.Foreman,CHI,2023,1,0,0,0.0,0,0.0,0.0
D.Foreman,CHI,2023,6,0,0,0.0,0,0.0,0.0
D.Foreman,CHI,2023,7,0,0,0.0,0,0.0,0.0
D.Foreman,CHI,2023,8,0,0,0.0,0,0.0,0.0
D.Foreman,CHI,2023,9,0,0,0.0,0,0.0,0.0
D.Foreman,CHI,2023,10,0,0,0.0,0,0.0,0.0
D.Foreman,CHI,2023,11,0,0,0.0,0,0.0,0.0
D.Foreman,CHI,2023,14,0,0,0.0,0,0.0,0.0
D.Foreman,CHI,2023,15,0,0,0.0,0,0.0,0.0
C.Beathard,JAX,2023,3,2,2,9.0,0,0.0,0.0
C.Beathard,JAX,2023,6,0,0,0.0,0,0.0,0.0
C.Beathard,JAX,2023,10,1,2,5.0,0,0.0,0.0
C.Beathard,JAX,2023,13,9,10,63.0,0,0.0,2.0
C.Beathard,JAX,2023,16,11,15,94.0,1,0.0,1.0
C.Beathard,JAX,2023,17,17,24,178.0,0,0.0,3.0
J.Reynolds,DET,2023,1,0,0,0.0,0,0.0,0.0
J.Reynolds,DET,2023,2,0,0,0.0,0,0.0,0.0
J.Reynolds,DET,2023,4,0,0,0.0,0,0.0,0.0
J.Reynolds,DET,2023,5,0,0,0.0,0,0.0,0.0
J.Reynolds,DET,2023,6,0,0,0.0,0,0.0,0.0
J.Reynolds,DET,2023,7,0,0,0.0,0,0.0,0.0
J.Reynolds,DET,2023,8,0,0,0.0,0,0.0,0.0
J.Reynolds,DET,2023,10,0,0,0.0,0,0.0,0.0
J.Reynolds,DET,2023,11,0,0,0.0,0,0.0,0.0
J.Reynolds,DET,2023,12,0,0,0.0,0,0.0,0.0
J.Reynolds,DET,2023,13,0,0,0.0,0,0.0,0.0
J.Reynolds,DET,2023,14,0,0,0.0,0,0.0,0.0
J.Reynolds,DET,2023,15,0,0,0.0,0,0.0,0.0
J.Reynolds,DET,2023,16,0,0,0.0,0,0.0,0.0
J.Reynolds,DET,2023,17,0,0,0.0,0,0.0,0.0
J.Reynolds,DET,2023,18,0,0,0.0,0,0.0,0.0
J.Reynolds,DET,2023,19,0,0,0.0,0,0.0,0.0
J.Reynolds,DET,2023,20,0,0,0.0,0,0.0,0.0
J.Reynolds,DET,2023,21,0,0,0.0,0,0.0,0.0
J.Williams,NO,2023,1,0,0,0.0,0,0.0,0.0
J.Williams,NO,2023,2,0,0,0.0,0,0.0,0.0
J.Williams,NO,2023,7,0,0,0.0,0,0.0,0.0
J.Williams,NO,2023,8,0,0,0.0,0,0.0,0.0
J.Williams,NO,2023,9,0,0,0.0,0,0.0,0.0
J.Williams,NO,2023,10,0,0,0.0,0,0.0,0.0
J.Williams,NO,2023,12,0,0,0.0,0,0.0,0.0
J.Williams,NO,2023,13,0,0,0.0,0,0.0,0.0
J.Williams,NO,2023,14,0,0,0.0,0,0.0,0.0
J.Williams,NO,2023,15,0,0,0.0,0,0.0,0.0
J.Williams,NO,2023,16,0,0,0.0,0,0.0,0.0
J.Williams,NO,2023,17,0,0,0.0,0,0.0,0.0
J.Williams,NO,2023,18,0,0,0.0,0,0.0,0.0
J.Dobbs,ARI,2023,1,21,30,132.0,0,0.0,3.0
J.Dobbs,ARI,2023,2,21,31,228.0,1,0.0,0.0
J.Dobbs,ARI,2023,3,17,21,189.0,1,0.0,2.0
J.Dobbs,ARI,2023,4,28,41,265.0,2,0.0,1.0
J.Dobbs,ARI,2023,5,15,32,166.0,2,2.0,3.0
J.Dobbs,ARI,2023,6,21,41,235.0,0,1.0,2.0
J.Dobbs,ARI,2023,7,19,33,146.0,0,0.0,4.0
J.Dobbs,ARI,2023,8,25,37,208.0,2,2.0,2.0
J.Dobbs,MIN,2023,9,20,30,158.0,2,0.0,3.0
J.Dobbs,MIN,2023,10,23,34,268.0,1,0.0,1.0
J.Dobbs,MIN,2023,11,20,32,221.0,1,1.0,2.0
J.Dobbs,MIN,2023,12,22,32,185.0,1,4.0,2.0
J.Dobbs,MIN,2023,14,10,23,63.0,0,0.0,5.0
N.Peterman,CHI,2023,7,0,0,0.0,0,0.0,1.0
R.Cracraft,MIA,2023,1,0,0,0.0,0,0.0,0.0
R.Cracraft,MIA,2023,2,0,0,0.0,0,0.0,0.0
R.Cracraft,MIA,2023,3,0,0,0.0,0,0.0,0.0
R.Cracraft,MIA,2023,13,0,0,0.0,0,0.0,0.0
R.Cracraft,MIA,2023,17,0,0,0.0,0,0.0,0.0
R.Cracraft,MIA,2023,18,0,0,0.0,0,0.0,0.0
R.Cracraft,MIA,2023,19,0,0,0.0,0,0.0,0.0
R.Dwelley,SF,2023,6,0,0,0.0,0,0.0,0.0
R.Dwelley,SF,2023,7,0,0,0.0,0,0.0,0.0
J.Wilson,MIA,2023,7,0,0,0.0,0,0.0,0.0
J.Wilson,MIA,2023,8,0,0,0.0,0,0.0,0.0
J.Wilson,MIA,2023,9,0,0,0.0,0,0.0,0.0
J.Wilson,MIA,2023,12,0,0,0.0,0,0.0,0.0
J.Wilson,MIA,2023,13,0,0,0.0,0,0.0,0.0
J.Wilson,MIA,2023,15,0,0,0.0,0,0.0,0.0
J.Wilson,MIA,2023,16,0,0,0.0,0,0.0,0.0
J.Wilson,MIA,2023,17,0,0,0.0,0,0.0,0.0
J.Wilson,MIA,2023,18,0,0,0.0,0,0.0,0.0
J.Wilson,MIA,2023,19,0,0,0.0,0,0.0,0.0
W.Dissly,SEA,2023,1,0,0,0.0,0,0.0,0.0
W.Dissly,SEA,2023,2,0,0,0.0,0,0.0,0.0
W.Dissly,SEA,2023,6,0,0,0.0,0,0.0,0.0
W.Dissly,SEA,2023,9,0,0,0.0,0,0.0,0.0
W.Dissly,SEA,2023,10,0,0,0.0,0,0.0,0.0
W.Dissly,SEA,2023,11,0,0,0.0,0,0.0,0.0
W.Dissly,SEA,2023,12,0,0,0.0,0,0.0,0.0
W.Dissly,SEA,2023,13,0,0,0.0,0,0.0,0.0
W.Dissly,SEA,2023,14,0,0,0.0,0,0.0,0.0
W.Dissly,SEA,2023,15,0,0,0.0,0,0.0,0.0
W.Dissly,SEA,2023,16,0,0,0.0,0,0.0,0.0
W.Dissly,SEA,2023,18,0,0,0.0,0,0.0,0.0
J.Cabinda,DET,2023,3,0,0,0.0,0,0.0,0.0
J.Cabinda,DET,2023,20,0,0,0.0,0,0.0,0.0
T.Boyle,NYJ,2023,11,7,14,33.0,0,1.0,1.0
T.Boyle,NYJ,2023,12,27,38,179.0,1,2.0,7.0
T.Boyle,NYJ,2023,13,14,25,148.0,0,1.0,1.0
G.Edwards,BAL,2023,1,0,0,0.0,0,0.0,0.0
G.Edwards,BAL,2023,2,0,0,0.0,0,0.0,0.0
G.Edwards,BAL,2023,3,0,0,0.0,0,0.0,0.0
G.Edwards,BAL,2023,4,0,0,0.0,0,0.0,0.0
G.Edwards,BAL,2023,5,0,0,0.0,0,0.0,0.0
G.Edwards,BAL,2023,6,0,0,0.0,0,0.0,0.0
G.Edwards,BAL,2023,7,0,0,0.0,0,0.0,0.0
G.Edwards,BAL,2023,8,0,0,0.0,0,0.0,0.0
G.Edwards,BAL,2023,9,0,0,0.0,0,0.0,0.0
G.Edwards,BAL,2023,10,0,0,0.0,0,0.0,0.0
G.Edwards,BAL,2023,11,0,0,0.0,0,0.0,0.0
G.Edwards,BAL,2023,12,0,0,0.0,0,0.0,0.0
G.Edwards,BAL,2023,14,0,0,0.0,0,0.0,0.0
G.Edwards,BAL,2023,15,0,0,0.0,0,0.0,0.0
G.Edwards,BAL,2023,16,0,0,0.0,0,0.0,0.0
G.Edwards,BAL,2023,17,0,0,0.0,0,0.0,0.0
G.Edwards,BAL,2023,18,0,0,0.0,0,0.0,0.0
G.Edwards,BAL,2023,20,0,0,0.0,0,0.0,0.0
G.Edwards,BAL,2023,21,0,0,0.0,0,0.0,0.0
K.Rader,TEN,2023,17,0,0,0.0,0,0.0,0.0
K.Rader,TEN,2023,18,0,0,0.0,0,0.0,0.0
M.Boone,HOU,2023,1,0,0,0.0,0,0.0,0.0
M.Boone,HOU,2023,4,0,0,0.0,0,0.0,0.0
M.Boone,HOU,2023,6,0,0,0.0,0,0.0,0.0
M.Boone,HOU,2023,8,0,0,0.0,0,0.0,0.0
M.Boone,HOU,2023,9,0,0,0.0,0,0.0,0.0
M.Boone,HOU,2023,10,0,0,0.0,0,0.0,0.0
M.Boone,HOU,2023,11,0,0,0.0,0,0.0,0.0
T.Conklin,NYJ,2023,1,0,0,0.0,0,0.0,0.0
T.Conklin,NYJ,2023,2,0,0,0.0,0,0.0,0.0
T.Conklin,NYJ,2023,3,0,0,0.0,0,0.0,0.0
T.Conklin,NYJ,2023,4,0,0,0.0,0,0.0,0.0
T.Conklin,NYJ,2023,5,0,0,0.0,0,0.0,0.0
T.Conklin,NYJ,2023,6,0,0,0.0,0,0.0,0.0
T.Conklin,NYJ,2023,8,0,0,0.0,0,0.0,0.0
T.Conklin,NYJ,2023,9,0,0,0.0,0,0.0,0.0
T.Conklin,NYJ,2023,10,0,0,0.0,0,0.0,0.0
T.Conklin,NYJ,2023,11,0,0,0.0,0,0.0,0.0
T.Conklin,NYJ,2023,12,0,0,0.0,0,0.0,0.0
T.Conklin,NYJ,2023,13,0,0,0.0,0,0.0,0.0
T.Conklin,NYJ,2023,14,0,0,0.0,0,0.0,0.0
T.Conklin,NYJ,2023,15,0,0,0.0,0,0.0,0.0
T.Conklin,NYJ,2023,16,0,0,0.0,0,0.0,0.0
T.Conklin,NYJ,2023,17,0,0,0.0,0,0.0,0.0
T.Conklin,NYJ,2023,18,0,0,0.0,0,0.0,0.0
M.Valdes-Scantling,KC,2023,1,0,0,0.0,0,0.0,0.0
M.Valdes-Scantling,KC,2023,2,0,0,0.0,0,0.0,0.0
M.Valdes-Scantling,KC,2023,3,0,0,0.0,0,0.0,0.0
M.Valdes-Scantling,KC,2023,4,0,0,0.0,0,0.0,0.0
M.Valdes-Scantling,KC,2023,5,0,0,0.0,0,0.0,0.0
M.Valdes-Scantling,KC,2023,6,0,0,0.0,0,0.0,0.0
M.Valdes-Scantling,KC,2023,7,0,0,0.0,0,0.0,0.0
M.Valdes-Scantling,KC,2023,8,0,0,0.0,0,0.0,0.0
M.Valdes-Scantling,KC,2023,9,0,0,0.0,0,0.0,0.0
M.Valdes-Scantling,KC,2023,11,0,0,0.0,0,0.0,0.0
M.Valdes-Scantling,KC,2023,12,0,0,0.0,0,0.0,0.0
M.Valdes-Scantling,KC,2023,13,0,0,0.0,0,0.0,0.0
M.Valdes-Scantling,KC,2023,14,0,0,0.0,0,0.0,0.0
M.Valdes-Scantling,KC,2023,15,0,0,0.0,0,0.0,0.0
M.Valdes-Scantling,KC,2023,16,0,0,0.0,0,0.0,0.0
M.Valdes-Scantling,KC,2023,17,0,0,0.0,0,0.0,0.0
M.Valdes-Scantling,KC,2023,19,0,0,0.0,0,0.0,0.0
M.Valdes-Scantling,KC,2023,20,0,0,0.0,0,0.0,0.0
M.Valdes-Scantling,KC,2023,21,0,0,0.0,0,0.0,0.0
M.Valdes-Scantling,KC,2023,22,0,0,0.0,0,0.0,0.0
E.St. Brown,CHI,2023,4,0,0,0.0,0,0.0,0.0
E.St. Brown,CHI,2023,5,0,0,0.0,0,0.0,0.0
E.St. Brown,CHI,2023,10,0,0,0.0,0,0.0,0.0
E.St. Brown,CHI,2023,11,0,0,0.0,0,0.0,0.0
E.St. Brown,CHI,2023,18,0,0,0.0,0,0.0,0.0
R.James,KC,2023,1,0,0,0.0,0,0.0,0.0
R.James,KC,2023,2,0,0,0.0,0,0.0,0.0
R.James,KC,2023,13,0,0,0.0,0,0.0,0.0
R.James,KC,2023,14,0,0,0.0,0,0.0,0.0
R.James,KC,2023,15,0,0,0.0,0,0.0,0.0
R.James,KC,2023,16,0,0,0.0,0,0.0,0.0
R.James,KC,2023,17,0,0,0.0,0,0.0,0.0
R.James,KC,2023,18,0,0,0.0,0,0.0,0.0
R.James,KC,2023,19,0,0,0.0,0,0.0,0.0
R.James,KC,2023,21,0,0,0.0,0,0.0,0.0
R.James,KC,2023,22,0,0,0.0,0,0.0,0.0
B.Pringle,WAS,2023,2,0,0,0.0,0,0.0,0.0
B.Pringle,WAS,2023,4,0,0,0.0,0,0.0,0.0
B.Pringle,WAS,2023,5,0,0,0.0,0,0.0,0.0
B.Pringle,WAS,2023,7,0,0,0.0,0,0.0,0.0
B.Pringle,WAS,2023,8,0,0,0.0,0,0.0,0.0
B.Pringle,WAS,2023,9,0,0,0.0,0,0.0,0.0
B.Pringle,WAS,2023,10,0,0,0.0,0,0.0,0.0
B.Pringle,WAS,2023,11,0,0,0.0,0,0.0,0.0
B.Pringle,WAS,2023,12,0,0,0.0,0,0.0,0.0
B.Pringle,WAS,2023,15,0,0,0.0,0,0.0,0.0
B.Pringle,WAS,2023,16,0,0,0.0,0,0.0,0.0
B.Pringle,WAS,2023,17,0,0,0.0,0,0.0,0.0
K.Kirkwood,NO,2023,1,0,0,0.0,0,0.0,0.0
K.Kirkwood,NO,2023,2,0,0,0.0,0,0.0,0.0
K.Kirkwood,NO,2023,3,0,0,0.0,0,0.0,0.0
K.Kirkwood,NO,2023,5,0,0,0.0,0,0.0,0.0
K.Kirkwood,NO,2023,12,0,0,0.0,0,0.0,0.0
K.Kirkwood,NO,2023,15,0,0,0.0,0,0.0,0.0
K.Kirkwood,NO,2023,16,0,0,0.0,0,0.0,0.0
C.Sutton,DEN,2023,1,0,0,0.0,0,0.0,0.0
C.Sutton,DEN,2023,2,0,0,0.0,0,0.0,0.0
C.Sutton,DEN,2023,3,0,0,0.0,0,0.0,0.0
C.Sutton,DEN,2023,4,0,0,0.0,0,0.0,0.0
C.Sutton,DEN,2023,5,0,0,0.0,0,0.0,0.0
C.Sutton,DEN,2023,6,0,0,0.0,0,0.0,0.0
C.Sutton,DEN,2023,7,0,0,0.0,0,0.0,0.0
C.Sutton,DEN,2023,8,0,0,0.0,0,0.0,0.0
C.Sutton,DEN,2023,10,0,0,0.0,0,0.0,0.0
C.Sutton,DEN,2023,11,0,0,0.0,0,0.0,0.0
C.Sutton,DEN,2023,12,0,0,0.0,0,0.0,0.0
C.Sutton,DEN,2023,13,0,0,0.0,0,0.0,0.0
C.Sutton,DEN,2023,14,0,0,0.0,0,0.0,0.0
C.Sutton,DEN,2023,15,0,0,0.0,0,0.0,0.0
C.Sutton,DEN,2023,16,0,0,0.0,0,0.0,0.0
C.Sutton,DEN,2023,18,0,0,0.0,0,0.0,0.0
D.Goedert,PHI,2023,1,0,0,0.0,0,0.0,0.0
D.Goedert,PHI,2023,2,0,0,0.0,0,0.0,0.0
D.Goedert,PHI,2023,3,0,0,0.0,0,0.0,0.0
D.Goedert,PHI,2023,4,0,0,0.0,0,0.0,0.0
D.Goedert,PHI,2023,5,0,0,0.0,0,0.0,0.0
D.Goedert,PHI,2023,6,0,0,0.0,0,0.0,0.0
D.Goedert,PHI,2023,7,0,0,0.0,0,0.0,0.0
D.Goedert,PHI,2023,8,0,0,0.0,0,0.0,0.0
D.Goedert,PHI,2023,9,0,0,0.0,0,0.0,0.0
D.Goedert,PHI,2023,14,0,0,0.0,0,0.0,0.0
D.Goedert,PHI,2023,15,0,0,0.0,0,0.0,0.0
D.Goedert,PHI,2023,16,0,0,0.0,0,0.0,0.0
D.Goedert,PHI,2023,17,0,0,0.0,0,0.0,0.0
D.Goedert,PHI,2023,18,0,0,0.0,0,0.0,0.0
D.Goedert,PHI,2023,19,0,0,0.0,0,0.0,0.0
J.Akins,CLE,2023,1,0,0,0.0,0,0.0,0.0
J.Akins,CLE,2023,2,0,0,0.0,0,0.0,0.0
J.Akins,CLE,2023,4,0,0,0.0,0,0.0,0.0
J.Akins,CLE,2023,6,0,0,0.0,0,0.0,0.0
J.Akins,CLE,2023,8,0,0,0.0,0,0.0,0.0
J.Akins,CLE,2023,9,0,0,0.0,0,0.0,0.0
J.Akins,CLE,2023,10,0,0,0.0,0,0.0,0.0
J.Akins,CLE,2023,13,0,0,0.0,0,0.0,0.0
J.Akins,CLE,2023,14,0,0,0.0,0,0.0,0.0
J.Akins,CLE,2023,15,0,0,0.0,0,0.0,0.0
J.Akins,CLE,2023,16,0,0,0.0,0,0.0,0.0
J.Akins,CLE,2023,17,0,0,0.0,0,0.0,0.0
J.Akins,CLE,2023,18,0,0,0.0,0,0.0,0.0
I.Thomas,CAR,2023,3,0,0,0.0,0,0.0,0.0
I.Thomas,CAR,2023,4,0,0,0.0,0,0.0,0.0
I.Thomas,CAR,2023,5,0,0,0.0,0,0.0,0.0
I.Thomas,CAR,2023,12,0,0,0.0,0,0.0,0.0
I.Thomas,CAR,2023,13,0,0,0.0,0,0.0,0.0
I.Thomas,CAR,2023,17,0,0,0.0,0,0.0,0.0
I.Thomas,CAR,2023,18,0,0,0.0,0,0.0,0.0
D.Schultz,HOU,2023,1,0,0,0.0,0,0.0,0.0
D.Schultz,HOU,2023,2,0,0,0.0,0,0.0,0.0
D.Schultz,HOU,2023,3,0,0,0.0,0,0.0,0.0
D.Schultz,HOU,2023,4,0,0,0.0,0,0.0,0.0
D.Schultz,HOU,2023,5,0,0,0.0,0,0.0,0.0
D.Schultz,HOU,2023,6,0,0,0.0,0,0.0,0.0
D.Schultz,HOU,2023,8,0,0,0.0,0,0.0,0.0
D.Schultz,HOU,2023,9,0,0,0.0,0,0.0,0.0
D.Schultz,HOU,2023,10,0,0,0.0,0,0.0,0.0
D.Schultz,HOU,2023,11,0,0,0.0,0,0.0,0.0
D.Schultz,HOU,2023,12,0,0,0.0,0,0.0,0.0
D.Schultz,HOU,2023,15,0,0,0.0,0,0.0,0.0
D.Schultz,HOU,2023,16,0,0,0.0,0,0.0,0.0
D.Schultz,HOU,2023,17,0,0,0.0,0,0.0,0.0
D.Schultz,HOU,2023,18,0,0,0.0,0,0.0,0.0
D.Schultz,HOU,2023,19,0,0,0.0,0,0.0,0.0
D.Schultz,HOU,2023,20,0,0,0.0,0,0.0,0.0
J.Watson,KC,2023,1,0,0,0.0,0,0.0,0.0
J.Watson,KC,2023,2,0,0,0.0,0,0.0,0.0
J.Watson,KC,2023,3,0,0,0.0,0,0.0,0.0
J.Watson,KC,2023,4,0,0,0.0,0,0.0,0.0
J.Watson,KC,2023,5,0,0,0.0,0,0.0,0.0
J.Watson,KC,2023,6,0,0,0.0,0,0.0,0.0
J.Watson,KC,2023,8,0,0,0.0,0,0.0,0.0
J.Watson,KC,2023,9,0,0,0.0,0,0.0,0.0
J.Watson,KC,2023,11,0,0,0.0,0,0.0,0.0
J.Watson,KC,2023,12,0,0,0.0,0,0.0,0.0
J.Watson,KC,2023,14,0,0,0.0,0,0.0,0.0
J.Watson,KC,2023,15,0,0,0.0,0,0.0,0.0
J.Watson,KC,2023,16,0,0,0.0,0,0.0,0.0
J.Watson,KC,2023,17,0,0,0.0,0,0.0,0.0
J.Watson,KC,2023,18,0,0,0.0,0,0.0,0.0
J.Watson,KC,2023,19,0,0,0.0,0,0.0,0.0
J.Watson,KC,2023,20,0,0,0.0,0,0.0,0.0
J.Watson,KC,2023,21,0,0,0.0,0,0.0,0.0
J.Watson,KC,2023,22,0,0,0.0,0,0.0,0.0
M.White,MIA,2023,3,2,2,67.0,1,0.0,0.0
M.White,MIA,2023,6,0,1,0.0,0,1.0,0.0
M.White,MIA,2023,12,0,0,0.0,0,0.0,0.0
M.White,MIA,2023,13,1,1,3.0,0,0.0,0.0
M.White,MIA,2023,15,2,2,4.0,0,0.0,0.0
M.White,MIA,2023,17,0,0,0.0,0,0.0,0.0
R.McCloud,SF,2023,4,0,0,0.0,0,0.0,0.0
R.McCloud,SF,2023,5,0,0,0.0,0,0.0,0.0
R.McCloud,SF,2023,6,0,0,0.0,0,0.0,0.0
R.McCloud,SF,2023,7,0,0,0.0,0,0.0,0.0
R.McCloud,SF,2023,8,0,0,0.0,0,0.0,0.0
R.McCloud,SF,2023,12,0,0,0.0,0,0.0,0.0
R.McCloud,SF,2023,18,0,0,0.0,0,0.0,0.0
R.McCloud,SF,2023,20,0,0,0.0,0,0.0,0.0
R.McCloud,SF,2023,22,0,0,0.0,0,0.0,0.0
B.Scott,PHI,2023,1,0,0,0.0,0,0.0,0.0
B.Scott,PHI,2023,2,0,0,0.0,0,0.0,0.0
B.Scott,PHI,2023,6,0,0,0.0,0,0.0,0.0
B.Scott,PHI,2023,8,0,0,0.0,0,0.0,0.0
B.Scott,PHI,2023,11,0,0,0.0,0,0.0,0.0
B.Scott,PHI,2023,12,0,0,0.0,0,0.0,0.0
B.Scott,PHI,2023,13,0,0,0.0,0,0.0,0.0
B.Scott,PHI,2023,14,0,0,0.0,0,0.0,0.0
B.Scott,PHI,2023,16,0,0,0.0,0,0.0,0.0
B.Scott,PHI,2023,18,0,0,0.0,0,0.0,0.0
C.Wilson,MIA,2023,4,0,0,0.0,0,0.0,0.0
C.Wilson,MIA,2023,5,0,0,0.0,0,0.0,0.0
C.Wilson,MIA,2023,7,0,0,0.0,0,0.0,1.0
C.Wilson,MIA,2023,8,0,0,0.0,0,0.0,0.0
C.Wilson,MIA,2023,9,0,0,0.0,0,0.0,0.0
C.Wilson,MIA,2023,11,0,0,0.0,0,0.0,0.0
C.Wilson,MIA,2023,14,0,0,0.0,0,0.0,0.0
C.Wilson,MIA,2023,15,0,0,0.0,0,0.0,0.0
C.Wilson,MIA,2023,16,0,0,0.0,0,0.0,0.0
C.Wilson,MIA,2023,17,0,0,0.0,0,0.0,0.0
C.Wilson,MIA,2023,18,0,0,0.0,0,0.0,0.0
C.Wilson,MIA,2023,19,0,0,0.0,0,0.0,0.0
B.Berrios,MIA,2023,1,0,0,0.0,0,0.0,0.0
B.Berrios,MIA,2023,2,0,0,0.0,0,0.0,0.0
B.Berrios,MIA,2023,3,0,0,0.0,0,0.0,0.0
B.Berrios,MIA,2023,4,0,0,0.0,0,0.0,0.0
B.Berrios,MIA,2023,5,0,0,0.0,0,0.0,0.0
B.Berrios,MIA,2023,6,0,0,0.0,0,0.0,0.0
B.Berrios,MIA,2023,7,0,0,0.0,0,0.0,0.0
B.Berrios,MIA,2023,8,0,0,0.0,0,0.0,0.0
B.Berrios,MIA,2023,12,0,0,0.0,0,0.0,0.0
B.Berrios,MIA,2023,14,0,0,0.0,0,0.0,0.0
B.Berrios,MIA,2023,15,0,0,0.0,0,0.0,0.0
B.Berrios,MIA,2023,17,0,0,0.0,0,0.0,0.0
B.Berrios,MIA,2023,18,0,0,0.0,0,0.0,0.0
B.Berrios,MIA,2023,19,0,0,0.0,0,0.0,0.0
N.Bawden,NYJ,2023,3,0,0,0.0,0,0.0,0.0
N.Bawden,NYJ,2023,9,0,0,0.0,0,0.0,0.0
N.Bawden,NYJ,2023,12,0,0,0.0,0,0.0,0.0
N.Bawden,NYJ,2023,14,0,0,0.0,0,0.0,0.0
N.Bawden,NYJ,2023,17,0,0,0.0,0,0.0,0.0
L.Cooke,JAX,2023,7,1,1,13.0,0,0.0,0.0
L.Woodside,ATL,2023,18,3,4,27.0,0,1.0,1.0
T.Sherfield,BUF,2023,3,0,0,0.0,0,0.0,0.0
T.Sherfield,BUF,2023,4,0,0,0.0,0,0.0,0.0
T.Sherfield,BUF,2023,5,0,0,0.0,0,0.0,0.0
T.Sherfield,BUF,2023,7,0,0,0.0,0,0.0,0.0
T.Sherfield,BUF,2023,9,0,0,0.0,0,0.0,0.0
T.Sherfield,BUF,2023,12,0,0,0.0,0,0.0,0.0
T.Sherfield,BUF,2023,14,0,0,0.0,0,0.0,0.0
T.Sherfield,BUF,2023,17,0,0,0.0,0,0.0,0.0
T.Sherfield,BUF,2023,18,0,0,0.0,0,0.0,0.0
T.Sherfield,BUF,2023,20,0,0,0.0,0,0.0,0.0
E.Turner,ARI,2023,4,0,0,0.0,0,0.0,0.0
A.Lazard,NYJ,2023,1,0,0,0.0,0,0.0,0.0
A.Lazard,NYJ,2023,2,0,0,0.0,0,0.0,0.0
A.Lazard,NYJ,2023,3,0,0,0.0,0,0.0,0.0
A.Lazard,NYJ,2023,4,0,0,0.0,0,0.0,0.0
A.Lazard,NYJ,2023,5,0,0,0.0,0,0.0,0.0
A.Lazard,NYJ,2023,6,0,0,0.0,0,0.0,0.0
A.Lazard,NYJ,2023,8,0,0,0.0,0,0.0,0.0
A.Lazard,NYJ,2023,9,0,0,0.0,0,0.0,0.0
A.Lazard,NYJ,2023,10,0,0,0.0,0,0.0,0.0
A.Lazard,NYJ,2023,11,0,0,0.0,0,0.0,0.0
A.Lazard,NYJ,2023,13,0,0,0.0,0,0.0,0.0
A.Lazard,NYJ,2023,15,0,0,0.0,0,0.0,0.0
A.Lazard,NYJ,2023,16,0,0,0.0,0,0.0,0.0
D.Wells,TB,2023,2,0,0,0.0,0,0.0,0.0
K.Allen,BUF,2023,2,0,0,0.0,0,0.0,0.0
K.Allen,BUF,2023,3,0,0,0.0,0,0.0,0.0
K.Allen,BUF,2023,4,0,0,0.0,0,0.0,0.0
K.Allen,BUF,2023,11,0,0,0.0,0,0.0,0.0
K.Allen,BUF,2023,15,0,0,0.0,0,0.0,0.0
K.Allen,BUF,2023,17,0,0,0.0,0,0.0,0.0
T.Hudson,CIN,2023,3,0,0,0.0,0,0.0,0.0
T.Hudson,CIN,2023,4,0,0,0.0,0,0.0,0.0
T.Hudson,CIN,2023,9,0,0,0.0,0,0.0,0.0
T.Hudson,CIN,2023,10,0,0,0.0,0,0.0,0.0
T.Hudson,CIN,2023,11,0,0,0.0,0,0.0,0.0
T.Hudson,CIN,2023,12,0,0,0.0,0,0.0,0.0
T.Hudson,CIN,2023,13,0,0,0.0,0,0.0,0.0
T.Hudson,CIN,2023,14,0,0,0.0,0,0.0,0.0
T.Hudson,CIN,2023,15,0,0,0.0,0,0.0,1.0
T.Hudson,CIN,2023,16,0,0,0.0,0,0.0,0.0
T.Hudson,CIN,2023,17,0,0,0.0,0,0.0,0.0
T.Hudson,CIN,2023,18,0,0,0.0,0,0.0,0.0
B.Powell,MIN,2023,3,0,0,0.0,0,0.0,0.0
B.Powell,MIN,2023,5,0,0,0.0,0,0.0,0.0
B.Powell,MIN,2023,6,0,0,0.0,0,0.0,0.0
B.Powell,MIN,2023,7,0,0,0.0,0,0.0,0.0
B.Powell,MIN,2023,8,0,0,0.0,0,0.0,0.0
B.Powell,MIN,2023,9,0,0,0.0,0,0.0,0.0
B.Powell,MIN,2023,10,0,0,0.0,0,0.0,0.0
B.Powell,MIN,2023,11,0,0,0.0,0,0.0,0.0
B.Powell,MIN,2023,12,0,0,0.0,0,0.0,0.0
B.Powell,MIN,2023,14,0,0,0.0,0,0.0,0.0
B.Powell,MIN,2023,16,0,0,0.0,0,0.0,0.0
B.Powell,MIN,2023,17,0,0,0.0,0,0.0,0.0
B.Powell,MIN,2023,18,0,0,0.0,0,0.0,0.0
C.Edmonds,TB,2023,1,0,0,0.0,0,0.0,0.0
C.Edmonds,TB,2023,2,0,0,0.0,0,0.0,0.0
C.Edmonds,TB,2023,8,0,0,0.0,0,0.0,0.0
C.Edmonds,TB,2023,9,0,0,0.0,0,0.0,0.0
C.Edmonds,TB,2023,10,0,0,0.0,0,0.0,0.0
C.Edmonds,TB,2023,11,0,0,0.0,0,0.0,0.0
C.Edmonds,TB,2023,12,0,0,0.0,0,0.0,0.0
C.Edmonds,TB,2023,13,0,0,0.0,0,0.0,0.0
C.Edmonds,TB,2023,14,0,0,0.0,0,0.0,0.0
C.Edmonds,TB,2023,15,0,0,0.0,0,0.0,0.0
C.Edmonds,TB,2023,16,0,0,0.0,0,0.0,0.0
C.Edmonds,TB,2023,17,0,0,0.0,0,0.0,0.0
C.Edmonds,TB,2023,18,0,0,0.0,0,0.0,0.0
C.Edmonds,TB,2023,19,0,0,0.0,0,0.0,0.0
C.Edmonds,TB,2023,20,0,0,0.0,0,0.0,0.0
R.Penny,PHI,2023,2,0,0,0.0,0,0.0,0.0
R.Penny,PHI,2023,9,0,0,0.0,0,0.0,0.0
R.Penny,PHI,2023,18,0,0,0.0,0,0.0,0.0
M.Andrews,BAL,2023,2,0,0,0.0,0,0.0,0.0
M.Andrews,BAL,2023,3,0,0,0.0,0,0.0,0.0
M.Andrews,BAL,2023,4,0,0,0.0,0,0.0,0.0
M.Andrews,BAL,2023,5,0,0,0.0,0,0.0,0.0
M.Andrews,BAL,2023,6,0,0,0.0,0,0.0,0.0
M.Andrews,BAL,2023,7,0,0,0.0,0,0.0,0.0
M.Andrews,BAL,2023,8,0,0,0.0,0,0.0,0.0
M.Andrews,BAL,2023,9,0,0,0.0,0,0.0,0.0
M.Andrews,BAL,2023,10,0,0,0.0,0,0.0,0.0
M.Andrews,BAL,2023,11,0,0,0.0,0,0.0,0.0
M.Andrews,BAL,2023,21,0,0,0.0,0,0.0,0.0
M.Gallup,DAL,2023,1,0,0,0.0,0,0.0,0.0
M.Gallup,DAL,2023,2,0,0,0.0,0,0.0,0.0
M.Gallup,DAL,2023,3,0,0,0.0,0,0.0,0.0
M.Gallup,DAL,2023,4,0,0,0.0,0,0.0,0.0
M.Gallup,DAL,2023,5,0,0,0.0,0,0.0,0.0
M.Gallup,DAL,2023,6,0,0,0.0,0,0.0,0.0
M.Gallup,DAL,2023,8,0,0,0.0,0,0.0,0.0
M.Gallup,DAL,2023,9,0,0,0.0,0,0.0,0.0
M.Gallup,DAL,2023,10,0,0,0.0,0,0.0,0.0
M.Gallup,DAL,2023,11,0,0,0.0,0,0.0,0.0
M.Gallup,DAL,2023,12,0,0,0.0,0,0.0,0.0
M.Gallup,DAL,2023,13,0,0,0.0,0,0.0,0.0
M.Gallup,DAL,2023,14,0,0,0.0,0,0.0,0.0
M.Gallup,DAL,2023,15,0,0,0.0,0,0.0,0.0
M.Gallup,DAL,2023,16,0,0,0.0,0,0.0,0.0
M.Gallup,DAL,2023,18,0,0,0.0,0,0.0,0.0
M.Gallup,DAL,2023,19,0,0,0.0,0,0.0,0.0
M.Rudolph,PIT,2023,15,2,3,3.0,0,0.0,1.0
M.Rudolph,PIT,2023,16,17,27,290.0,2,0.0,1.0
M.Rudolph,PIT,2023,17,18,24,274.0,0,0.0,1.0
M.Rudolph,PIT,2023,18,18,20,152.0,1,0.0,3.0
M.Rudolph,PIT,2023,19,22,39,229.0,2,1.0,1.0
C.Kirk,JAX,2023,1,0,0,0.0,0,0.0,0.0
C.Kirk,JAX,2023,2,1,1,-1.0,0,0.0,0.0
C.Kirk,JAX,2023,3,0,0,0.0,0,0.0,0.0
C.Kirk,JAX,2023,4,0,0,0.0,0,0.0,0.0
C.Kirk,JAX,2023,5,0,0,0.0,0,0.0,0.0
C.Kirk,JAX,2023,6,0,0,0.0,0,0.0,0.0
C.Kirk,JAX,2023,7,0,0,0.0,0,0.0,0.0
C.Kirk,JAX,2023,8,0,0,0.0,0,0.0,0.0
C.Kirk,JAX,2023,10,0,1,0.0,0,0.0,0.0
C.Kirk,JAX,2023,11,0,0,0.0,0,0.0,0.0
C.Kirk,JAX,2023,12,0,0,0.0,0,0.0,0.0
C.Kirk,JAX,2023,13,0,0,0.0,0,0.0,0.0
D.Chark,CAR,2023,2,0,0,0.0,0,0.0,0.0
D.Chark,CAR,2023,3,0,0,0.0,0,0.0,0.0
D.Chark,CAR,2023,4,0,0,0.0,0,0.0,0.0
D.Chark,CAR,2023,5,0,0,0.0,0,0.0,0.0
D.Chark,CAR,2023,6,0,0,0.0,0,0.0,0.0
D.Chark,CAR,2023,8,0,0,0.0,0,0.0,0.0
D.Chark,CAR,2023,9,0,0,0.0,0,0.0,0.0
D.Chark,CAR,2023,12,0,0,0.0,0,0.0,0.0
D.Chark,CAR,2023,13,0,0,0.0,0,0.0,0.0
D.Chark,CAR,2023,14,0,0,0.0,0,0.0,0.0
D.Chark,CAR,2023,15,0,0,0.0,0,0.0,0.0
D.Chark,CAR,2023,16,0,0,0.0,0,0.0,0.0
D.Chark,CAR,2023,17,0,0,0.0,0,0.0,0.0
D.Chark,CAR,2023,18,0,0,0.0,0,0.0,0.0
N.Chubb,CLE,2023,1,0,0,0.0,0,0.0,0.0
N.Chubb,CLE,2023,2,0,0,0.0,0,0.0,0.0
L.Jackson,BAL,2023,1,17,22,169.0,0,1.0,4.0
L.Jackson,BAL,2023,2,24,33,237.0,2,0.0,0.0
L.Jackson,BAL,2023,3,22,31,202.0,0,0.0,4.0
L.Jackson,BAL,2023,4,15,19,186.0,2,0.0,3.0
L.Jackson,BAL,2023,5,22,38,236.0,0,1.0,4.0
L.Jackson,BAL,2023,6,21,30,223.0,1,1.0,1.0
L.Jackson,BAL,2023,7,21,27,357.0,3,0.0,0.0
L.Jackson,BAL,2023,8,18,27,157.0,1,0.0,4.0
L.Jackson,BAL,2023,9,21,26,187.0,0,0.0,1.0
L.Jackson,BAL,2023,10,13,23,223.0,1,2.0,3.0
L.Jackson,BAL,2023,11,16,26,264.0,2,0.0,3.0
L.Jackson,BAL,2023,12,18,32,177.0,1,0.0,2.0
L.Jackson,BAL,2023,14,24,43,316.0,3,1.0,2.0
L.Jackson,BAL,2023,15,14,24,171.0,1,1.0,3.0
L.Jackson,BAL,2023,16,23,35,252.0,2,0.0,2.0
L.Jackson,BAL,2023,17,18,21,321.0,5,0.0,1.0
L.Jackson,BAL,2023,20,16,22,152.0,2,0.0,3.0
L.Jackson,BAL,2023,21,20,37,272.0,1,1.0,4.0
D.Smythe,MIA,2023,1,0,0,0.0,0,0.0,0.0
D.Smythe,MIA,2023,2,0,0,0.0,0,0.0,0.0
D.Smythe,MIA,2023,3,0,0,0.0,0,0.0,0.0
D.Smythe,MIA,2023,4,0,0,0.0,0,0.0,0.0
D.Smythe,MIA,2023,6,0,0,0.0,0,0.0,0.0
D.Smythe,MIA,2023,8,0,0,0.0,0,0.0,0.0
D.Smythe,MIA,2023,9,0,0,0.0,0,0.0,0.0
D.Smythe,MIA,2023,12,0,0,0.0,0,0.0,0.0
D.Smythe,MIA,2023,14,0,0,0.0,0,0.0,0.0
D.Smythe,MIA,2023,15,0,0,0.0,0,0.0,0.0
D.Smythe,MIA,2023,16,0,0,0.0,0,0.0,0.0
D.Smythe,MIA,2023,17,0,0,0.0,0,0.0,0.0
D.Smythe,MIA,2023,18,0,0,0.0,0,0.0,0.0
D.Smythe,MIA,2023,19,0,0,0.0,0,0.0,0.0
D.Moore,CHI,2023,1,0,0,0.0,0,0.0,0.0
D.Moore,CHI,2023,2,0,0,0.0,0,0.0,0.0
D.Moore,CHI,2023,3,0,0,0.0,0,0.0,0.0
D.Moore,CHI,2023,4,0,0,0.0,0,0.0,0.0
D.Moore,CHI,2023,5,0,0,0.0,0,0.0,0.0
D.Moore,CHI,2023,6,0,0,0.0,0,0.0,0.0
D.Moore,CHI,2023,7,0,0,0.0,0,0.0,0.0
D.Moore,CHI,2023,8,0,0,0.0,0,0.0,0.0
D.Moore,CHI,2023,9,0,0,0.0,0,0.0,0.0
D.Moore,CHI,2023,10,0,0,0.0,0,0.0,0.0
D.Moore,CHI,2023,11,0,0,0.0,0,0.0,0.0
D.Moore,CHI,2023,12,0,0,0.0,0,0.0,0.0
D.Moore,CHI,2023,14,0,0,0.0,0,0.0,0.0
D.Moore,CHI,2023,15,0,0,0.0,0,0.0,0.0
D.Moore,CHI,2023,16,0,0,0.0,0,0.0,0.0
D.Moore,CHI,2023,17,0,0,0.0,0,0.0,0.0
D.Moore,CHI,2023,18,0,0,0.0,0,0.0,0.0
M.Gesicki,NE,2023,1,0,0,0.0,0,0.0,0.0
M.Gesicki,NE,2023,2,0,0,0.0,0,0.0,0.0
M.Gesicki,NE,2023,3,0,0,0.0,0,0.0,0.0
M.Gesicki,NE,2023,4,0,0,0.0,0,0.0,0.0
M.Gesicki,NE,2023,5,0,0,0.0,0,0.0,0.0
M.Gesicki,NE,2023,6,0,0,0.0,0,0.0,0.0
M.Gesicki,NE,2023,7,0,0,0.0,0,0.0,0.0
M.Gesicki,NE,2023,8,0,0,0.0,0,0.0,0.0
M.Gesicki,NE,2023,9,0,0,0.0,0,0.0,0.0
M.Gesicki,NE,2023,10,0,0,0.0,0,0.0,0.0
M.Gesicki,NE,2023,12,0,0,0.0,0,0.0,0.0
M.Gesicki,NE,2023,15,0,0,0.0,0,0.0,0.0
M.Gesicki,NE,2023,16,0,0,0.0,0,0.0,0.0
M.Gesicki,NE,2023,17,0,0,0.0,0,0.0,0.0
M.Gesicki,NE,2023,18,0,0,0.0,0,0.0,0.0
H.Hurst,CAR,2023,1,0,0,0.0,0,0.0,0.0
H.Hurst,CAR,2023,2,0,0,0.0,0,0.0,0.0
H.Hurst,CAR,2023,3,0,0,0.0,0,0.0,0.0
H.Hurst,CAR,2023,4,0,0,0.0,0,0.0,0.0
H.Hurst,CAR,2023,5,0,0,0.0,0,0.0,0.0
H.Hurst,CAR,2023,6,0,0,0.0,0,0.0,0.0
H.Hurst,CAR,2023,8,0,0,0.0,0,0.0,0.0
H.Hurst,CAR,2023,9,0,0,0.0,0,0.0,0.0
H.Hurst,CAR,2023,10,0,0,0.0,0,0.0,0.0
C.Ridley,JAX,2023,1,0,0,0.0,0,0.0,0.0
C.Ridley,JAX,2023,2,0,0,0.0,0,0.0,0.0
C.Ridley,JAX,2023,3,0,0,0.0,0,0.0,0.0
C.Ridley,JAX,2023,4,0,0,0.0,0,0.0,0.0
C.Ridley,JAX,2023,5,0,0,0.0,0,0.0,0.0
C.Ridley,JAX,2023,6,0,0,0.0,0,0.0,0.0
C.Ridley,JAX,2023,7,0,0,0.0,0,0.0,0.0
C.Ridley,JAX,2023,8,0,0,0.0,0,0.0,0.0
C.Ridley,JAX,2023,10,0,0,0.0,0,0.0,0.0
C.Ridley,JAX,2023,11,0,0,0.0,0,0.0,0.0
C.Ridley,JAX,2023,12,0,0,0.0,0,0.0,0.0
C.Ridley,JAX,2023,13,0,0,0.0,0,0.0,0.0
C.Ridley,JAX,2023,14,0,0,0.0,0,0.0,0.0
C.Ridley,JAX,2023,15,0,0,0.0,0,0.0,0.0
C.Ridley,JAX,2023,16,0,0,0.0,0,0.0,0.0
C.Ridley,JAX,2023,17,0,0,0.0,0,0.0,0.0
C.Ridley,JAX,2023,18,0,0,0.0,0,0.0,0.0
R.Freeman,LA,2023,7,0,0,0.0,0,0.0,0.0
R.Freeman,LA,2023,8,0,0,0.0,0,0.0,0.0
R.Freeman,LA,2023,9,0,0,0.0,0,0.0,0.0
R.Freeman,LA,2023,11,0,0,0.0,0,0.0,0.0
R.Freeman,LA,2023,12,0,0,0.0,0,0.0,0.0
R.Freeman,LA,2023,13,0,0,0.0,0,0.0,0.0
R.Freeman,LA,2023,14,0,0,0.0,0,0.0,0.0
R.Freeman,LA,2023,15,0,0,0.0,0,0.0,0.0
R.Freeman,LA,2023,18,0,0,0.0,0,0.0,0.0
S.Barkley,NYG,2023,1,0,0,0.0,0,0.0,0.0
S.Barkley,NYG,2023,2,0,0,0.0,0,0.0,0.0
S.Barkley,NYG,2023,6,0,0,0.0,0,0.0,0.0
S.Barkley,NYG,2023,7,0,0,0.0,0,0.0,0.0
S.Barkley,NYG,2023,8,0,0,0.0,0,0.0,0.0
S.Barkley,NYG,2023,9,0,0,0.0,0,0.0,0.0
S.Barkley,NYG,2023,10,0,0,0.0,0,0.0,0.0
S.Barkley,NYG,2023,11,0,0,0.0,0,0.0,0.0
S.Barkley,NYG,2023,12,0,0,0.0,0,0.0,0.0
S.Barkley,NYG,2023,14,0,0,0.0,0,0.0,0.0
S.Barkley,NYG,2023,15,0,0,0.0,0,0.0,0.0
S.Barkley,NYG,2023,16,0,0,0.0,0,0.0,0.0
S.Barkley,NYG,2023,17,0,0,0.0,0,0.0,0.0
S.Barkley,NYG,2023,18,0,0,0.0,0,0.0,0.0
K.Hodge,ATL,2023,3,0,0,0.0,0,0.0,0.0
K.Hodge,ATL,2023,4,0,0,0.0,0,0.0,0.0
K.Hodge,ATL,2023,5,0,0,0.0,0,0.0,0.0
K.Hodge,ATL,2023,6,0,0,0.0,0,0.0,0.0
K.Hodge,ATL,2023,7,0,0,0.0,0,0.0,0.0
K.Hodge,ATL,2023,8,0,0,0.0,0,0.0,0.0
K.Hodge,ATL,2023,9,0,0,0.0,0,0.0,0.0
K.Hodge,ATL,2023,13,0,0,0.0,0,0.0,0.0
K.Hodge,ATL,2023,14,0,0,0.0,0,0.0,0.0
K.Hodge,ATL,2023,15,0,0,0.0,0,0.0,0.0
K.Hodge,ATL,2023,16,0,0,0.0,0,0.0,0.0
K.Hodge,ATL,2023,17,0,0,0.0,0,0.0,0.0
K.Hodge,ATL,2023,18,0,0,0.0,0,0.0,0.0
B.Mayfield,TB,2023,1,21,34,173.0,2,0.0,1.0
B.Mayfield,TB,2023,2,26,34,317.0,1,0.0,0.0
B.Mayfield,TB,2023,3,15,25,146.0,1,1.0,2.0
B.Mayfield,TB,2023,4,25,32,246.0,3,1.0,1.0
B.Mayfield,TB,2023,6,19,37,206.0,0,1.0,1.0
B.Mayfield,TB,2023,7,27,42,275.0,1,1.0,3.0
B.Mayfield,TB,2023,8,25,42,237.0,2,0.0,3.0
B.Mayfield,TB,2023,9,21,30,265.0,2,0.0,2.0
B.Mayfield,TB,2023,10,18,29,278.0,2,1.0,3.0
B.Mayfield,TB,2023,11,29,45,246.0,1,1.0,4.0
B.Mayfield,TB,2023,12,20,30,199.0,2,1.0,6.0
B.Mayfield,TB,2023,13,14,29,202.0,1,1.0,1.0
B.Mayfield,TB,2023,14,14,29,144.0,2,0.0,1.0
B.Mayfield,TB,2023,15,22,28,381.0,4,0.0,5.0
B.Mayfield,TB,2023,16,26,35,283.0,2,0.0,2.0
B.Mayfield,TB,2023,17,22,33,309.0,2,2.0,2.0
B.Mayfield,TB,2023,18,20,32,137.0,0,0.0,3.0
B.Mayfield,TB,2023,19,22,36,337.0,3,0.0,4.0
B.Mayfield,TB,2023,20,26,41,349.0,3,2.0,4.0
J.Allen,BUF,2023,1,29,41,236.0,1,3.0,5.0
J.Allen,BUF,2023,2,31,37,274.0,3,0.0,2.0
J.Allen,BUF,2023,3,20,32,218.0,1,1.0,0.0
J.Allen,BUF,2023,4,21,25,320.0,4,0.0,2.0
J.Allen,BUF,2023,5,27,40,359.0,2,1.0,0.0
J.Allen,BUF,2023,6,19,30,169.0,2,1.0,0.0
J.Allen,BUF,2023,7,27,41,265.0,2,1.0,1.0
J.Allen,BUF,2023,8,31,40,324.0,2,1.0,2.0
J.Allen,BUF,2023,9,26,38,258.0,1,1.0,1.0
J.Allen,BUF,2023,10,15,26,177.0,1,2.0,0.0
J.Allen,BUF,2023,11,20,32,275.0,3,1.0,1.0
J.Allen,BUF,2023,12,29,51,339.0,2,1.0,1.0
J.Allen,BUF,2023,14,23,42,233.0,1,1.0,3.0
J.Allen,BUF,2023,15,7,15,94.0,1,0.0,1.0
J.Allen,BUF,2023,16,15,21,237.0,1,1.0,1.0
J.Allen,BUF,2023,17,15,30,169.0,0,1.0,1.0
J.Allen,BUF,2023,18,30,38,359.0,2,2.0,3.0
J.Allen,BUF,2023,19,21,30,203.0,3,0.0,2.0
J.Allen,BUF,2023,20,26,39,186.0,1,0.0,0.0
S.Darnold,SF,2023,1,0,0,0.0,0,0.0,0.0
S.Darnold,SF,2023,3,0,0,0.0,0,0.0,0.0
S.Darnold,SF,2023,4,0,0,0.0,0,0.0,0.0
S.Darnold,SF,2023,5,1,1,1.0,0,0.0,0.0
S.Darnold,SF,2023,10,1,2,6.0,0,0.0,0.0
S.Darnold,SF,2023,13,0,0,0.0,0,0.0,0.0
S.Darnold,SF,2023,15,2,3,20.0,0,0.0,0.0
S.Darnold,SF,2023,16,8,14,81.0,1,1.0,2.0
S.Darnold,SF,2023,17,0,0,0.0,0,0.0,1.0
S.Darnold,SF,2023,18,16,26,189.0,1,0.0,3.0
S.Sims,HOU,2023,11,0,0,0.0,0,0.0,0.0
S.Sims,HOU,2023,15,0,0,0.0,0,0.0,0.0
S.Sims,HOU,2023,20,0,0,0.0,0,0.0,0.0
B.Rypien,LA,2023,8,5,10,42.0,0,0.0,1.0
B.Rypien,LA,2023,9,13,28,130.0,0,1.0,1.0
A.Beck,HOU,2023,2,0,0,0.0,0,0.0,0.0
A.Beck,HOU,2023,3,0,0,0.0,0,0.0,0.0
A.Beck,HOU,2023,4,0,0,0.0,0,0.0,0.0
A.Beck,HOU,2023,8,0,0,0.0,0,0.0,0.0
A.Beck,HOU,2023,9,0,0,0.0,0,0.0,0.0
A.Beck,HOU,2023,11,0,0,0.0,0,0.0,0.0
A.Beck,HOU,2023,12,0,0,0.0,0,0.0,0.0
A.Beck,HOU,2023,13,0,0,0.0,0,0.0,0.0
A.Beck,HOU,2023,14,0,0,0.0,0,0.0,0.0
A.Beck,HOU,2023,15,0,0,0.0,0,0.0,0.0
A.Beck,HOU,2023,16,0,0,0.0,0,0.0,0.0
A.Beck,HOU,2023,18,0,0,0.0,0,0.0,0.0
A.Beck,HOU,2023,19,0,0,0.0,0,0.0,0.0
J.Meyers,LV,2023,1,0,0,0.0,0,0.0,0.0
J.Meyers,LV,2023,3,0,0,0.0,0,0.0,0.0
J.Meyers,LV,2023,4,0,0,0.0,0,0.0,0.0
J.Meyers,LV,2023,5,0,0,0.0,0,0.0,0.0
J.Meyers,LV,2023,6,0,0,0.0,0,0.0,0.0
J.Meyers,LV,2023,7,0,0,0.0,0,0.0,0.0
J.Meyers,LV,2023,8,0,0,0.0,0,0.0,0.0
J.Meyers,LV,2023,9,0,0,0.0,0,0.0,0.0
J.Meyers,LV,2023,10,0,0,0.0,0,0.0,0.0
J.Meyers,LV,2023,11,0,0,0.0,0,0.0,0.0
J.Meyers,LV,2023,12,0,1,0.0,0,0.0,0.0
J.Meyers,LV,2023,14,0,0,0.0,0,0.0,0.0
J.Meyers,LV,2023,15,2,2,12.0,1,0.0,0.0
J.Meyers,LV,2023,16,0,0,0.0,0,0.0,0.0
J.Meyers,LV,2023,17,0,0,0.0,0,0.0,0.0
J.Meyers,LV,2023,18,0,0,0.0,0,0.0,0.0
I.Smith,CIN,2023,1,0,0,0.0,0,0.0,0.0
I.Smith,CIN,2023,2,0,0,0.0,0,0.0,0.0
I.Smith,CIN,2023,6,0,0,0.0,0,0.0,0.0
I.Smith,CIN,2023,8,0,0,0.0,0,0.0,0.0
I.Smith,CIN,2023,9,0,0,0.0,0,0.0,0.0
I.Smith,CIN,2023,10,0,0,0.0,0,0.0,0.0
I.Smith,CIN,2023,11,0,0,0.0,0,0.0,0.0
I.Smith,CIN,2023,12,0,0,0.0,0,0.0,0.0
I.Smith,CIN,2023,15,0,0,0.0,0,0.0,0.0
A.Mattison,MIN,2023,1,0,0,0.0,0,0.0,0.0
A.Mattison,MIN,2023,2,0,0,0.0,0,0.0,0.0
A.Mattison,MIN,2023,3,0,0,0.0,0,0.0,0.0
A.Mattison,MIN,2023,4,0,0,0.0,0,0.0,0.0
A.Mattison,MIN,2023,5,0,0,0.0,0,0.0,0.0
A.Mattison,MIN,2023,6,0,0,0.0,0,0.0,0.0
A.Mattison,MIN,2023,7,0,0,0.0,0,0.0,0.0
A.Mattison,MIN,2023,8,0,0,0.0,0,0.0,0.0
A.Mattison,MIN,2023,9,0,0,0.0,0,0.0,0.0
A.Mattison,MIN,2023,10,0,0,0.0,0,0.0,0.0
A.Mattison,MIN,2023,11,0,0,0.0,0,0.0,0.0
A.Mattison,MIN,2023,12,0,0,0.0,0,0.0,0.0
A.Mattison,MIN,2023,14,0,0,0.0,0,0.0,0.0
A.Mattison,MIN,2023,16,0,0,0.0,0,0.0,0.0
A.Mattison,MIN,2023,17,0,0,0.0,0,0.0,0.0
A.Mattison,MIN,2023,18,0,0,0.0,0,0.0,0.0
J.Hill,BAL,2023,1,0,0,0.0,0,0.0,0.0
J.Hill,BAL,2023,2,0,0,0.0,0,0.0,0.0
J.Hill,BAL,2023,4,0,0,0.0,0,0.0,0.0
J.Hill,BAL,2023,5,0,0,0.0,0,0.0,0.0
J.Hill,BAL,2023,6,0,0,0.0,0,0.0,0.0
J.Hill,BAL,2023,7,0,0,0.0,0,0.0,0.0
J.Hill,BAL,2023,8,0,0,0.0,0,0.0,0.0
J.Hill,BAL,2023,9,0,0,0.0,0,0.0,0.0
J.Hill,BAL,2023,10,0,0,0.0,0,0.0,0.0
J.Hill,BAL,2023,11,0,0,0.0,0,0.0,0.0
J.Hill,BAL,2023,12,0,0,0.0,0,0.0,0.0
J.Hill,BAL,2023,14,0,0,0.0,0,0.0,0.0
J.Hill,BAL,2023,15,0,0,0.0,0,0.0,0.0
J.Hill,BAL,2023,16,0,0,0.0,0,0.0,0.0
J.Hill,BAL,2023,17,0,0,0.0,0,0.0,0.0
J.Hill,BAL,2023,18,0,0,0.0,0,0.0,0.0
J.Hill,BAL,2023,20,0,0,0.0,0,0.0,0.0
J.Hill,BAL,2023,21,0,0,0.0,0,0.0,0.0
F.Moreau,NO,2023,2,0,0,0.0,0,0.0,0.0
F.Moreau,NO,2023,5,0,0,0.0,0,0.0,0.0
F.Moreau,NO,2023,6,0,0,0.0,0,0.0,0.0
F.Moreau,NO,2023,7,0,0,0.0,0,0.0,0.0
F.Moreau,NO,2023,9,0,0,0.0,0,0.0,0.0
F.Moreau,NO,2023,13,0,0,0.0,0,0.0,0.0
F.Moreau,NO,2023,14,0,0,0.0,0,0.0,0.0
F.Moreau,NO,2023,15,0,0,0.0,0,0.0,0.0
F.Moreau,NO,2023,16,0,0,0.0,0,0.0,0.0
F.Moreau,NO,2023,17,0,0,0.0,0,0.0,0.0
F.Moreau,NO,2023,18,0,0,0.0,0,0.0,0.0
H.Renfrow,LV,2023,2,0,0,0.0,0,0.0,0.0
H.Renfrow,LV,2023,3,0,0,0.0,0,0.0,0.0
H.Renfrow,LV,2023,4,0,0,0.0,0,0.0,0.0
H.Renfrow,LV,2023,5,0,0,0.0,0,0.0,0.0
H.Renfrow,LV,2023,7,0,0,0.0,0,0.0,0.0
H.Renfrow,LV,2023,8,0,0,0.0,0,0.0,0.0
H.Renfrow,LV,2023,9,0,0,0.0,0,0.0,0.0
H.Renfrow,LV,2023,10,0,0,0.0,0,0.0,0.0
H.Renfrow,LV,2023,11,0,0,0.0,0,0.0,0.0
H.Renfrow,LV,2023,12,0,0,0.0,0,0.0,0.0
H.Renfrow,LV,2023,14,0,0,0.0,0,0.0,0.0
H.Renfrow,LV,2023,15,0,0,0.0,0,0.0,0.0
H.Renfrow,LV,2023,16,0,0,0.0,0,0.0,0.0
D.Montgomery,IND,2023,15,0,0,0.0,0,0.0,0.0
D.Montgomery,IND,2023,16,0,0,0.0,0,0.0,0.0
K.Blasingame,CHI,2023,1,0,0,0.0,0,0.0,0.0
K.Blasingame,CHI,2023,5,0,0,0.0,0,0.0,0.0
K.Blasingame,CHI,2023,6,0,0,0.0,0,0.0,0.0
K.Blasingame,CHI,2023,7,0,0,0.0,0,0.0,0.0
K.Blasingame,CHI,2023,8,0,0,0.0,0,0.0,0.0
K.Blasingame,CHI,2023,14,0,0,0.0,0,0.0,0.0
K.Blasingame,CHI,2023,17,0,0,0.0,0,0.0,0.0
J.Browning,CIN,2023,1,0,1,0.0,0,0.0,0.0
J.Browning,CIN,2023,11,8,14,68.0,1,0.0,3.0
J.Browning,CIN,2023,12,19,26,227.0,1,1.0,4.0
J.Browning,CIN,2023,13,32,37,354.0,1,0.0,2.0
J.Browning,CIN,2023,14,18,24,275.0,2,1.0,0.0
J.Browning,CIN,2023,15,29,42,324.0,2,1.0,4.0
J.Browning,CIN,2023,16,28,42,335.0,1,3.0,3.0
J.Browning,CIN,2023,17,19,33,197.0,1,0.0,6.0
J.Browning,CIN,2023,18,18,24,156.0,3,1.0,2.0
K.Doss,LAC,2023,17,0,0,0.0,0,0.0,0.0
K.Doss,LAC,2023,18,0,0,0.0,0,0.0,0.0
A.Ingold,MIA,2023,1,0,0,0.0,0,0.0,0.0
A.Ingold,MIA,2023,3,0,0,0.0,0,0.0,0.0
A.Ingold,MIA,2023,4,0,0,0.0,0,0.0,0.0
A.Ingold,MIA,2023,8,0,0,0.0,0,0.0,0.0
A.Ingold,MIA,2023,9,0,0,0.0,0,0.0,0.0
A.Ingold,MIA,2023,11,0,0,0.0,0,0.0,0.0
A.Ingold,MIA,2023,13,0,0,0.0,0,0.0,0.0
A.Ingold,MIA,2023,14,0,0,0.0,0,0.0,0.0
A.Ingold,MIA,2023,16,0,0,0.0,0,0.0,0.0
A.Ingold,MIA,2023,17,0,0,0.0,0,0.0,0.0
K.Nixon,GB,2023,3,0,0,0.0,0,0.0,0.0
M.Hardman,NYJ,2023,2,0,0,0.0,0,0.0,0.0
M.Hardman,NYJ,2023,6,0,0,0.0,0,0.0,0.0
M.Hardman,KC,2023,7,0,0,0.0,0,0.0,0.0
M.Hardman,KC,2023,8,0,0,0.0,0,0.0,0.0
M.Hardman,KC,2023,9,0,0,0.0,0,0.0,0.0
M.Hardman,KC,2023,11,0,0,0.0,0,0.0,0.0
M.Hardman,KC,2023,18,0,0,0.0,0,0.0,0.0
M.Hardman,KC,2023,19,0,0,0.0,0,0.0,0.0
M.Hardman,KC,2023,20,0,0,0.0,0,0.0,0.0
M.Hardman,KC,2023,22,0,0,0.0,0,0.0,0.0
C.Thompson,SEA,2023,4,0,0,0.0,0,0.0,0.0
D.Ozigbo,DET,2023,6,0,0,0.0,0,0.0,0.0
O.Zaccheaus,PHI,2023,3,0,0,0.0,0,0.0,0.0
O.Zaccheaus,PHI,2023,4,0,0,0.0,0,0.0,0.0
O.Zaccheaus,PHI,2023,6,0,0,0.0,0,0.0,0.0
O.Zaccheaus,PHI,2023,7,0,0,0.0,0,0.0,0.0
O.Zaccheaus,PHI,2023,8,0,0,0.0,0,0.0,0.0
O.Zaccheaus,PHI,2023,9,0,0,0.0,0,0.0,0.0
O.Zaccheaus,PHI,2023,11,0,0,0.0,0,0.0,0.0
O.Zaccheaus,PHI,2023,12,0,0,0.0,0,0.0,0.0
O.Zaccheaus,PHI,2023,14,0,0,0.0,0,0.0,0.0
O.Zaccheaus,PHI,2023,16,0,0,0.0,0,0.0,0.0
O.Zaccheaus,PHI,2023,18,0,0,0.0,0,0.0,0.0
O.Zaccheaus,PHI,2023,19,0,0,0.0,0,0.0,0.0
D.Harty,BUF,2023,1,0,0,0.0,0,0.0,0.0
D.Harty,BUF,2023,2,0,0,0.0,0,0.0,0.0
D.Harty,BUF,2023,3,0,0,0.0,0,0.0,0.0
D.Harty,BUF,2023,4,0,0,0.0,0,0.0,0.0
D.Harty,BUF,2023,5,0,0,0.0,0,0.0,0.0
D.Harty,BUF,2023,6,0,0,0.0,0,0.0,0.0
D.Harty,BUF,2023,7,0,0,0.0,0,0.0,0.0
D.Harty,BUF,2023,9,0,0,0.0,0,0.0,0.0
D.Harty,BUF,2023,10,0,0,0.0,0,0.0,0.0
D.Harty,BUF,2023,11,0,0,0.0,0,0.0,0.0
D.Harty,BUF,2023,14,0,0,0.0,0,0.0,0.0
D.Harty,BUF,2023,18,0,0,0.0,0,0.0,0.0
D.Harty,BUF,2023,19,0,0,0.0,0,0.0,0.0
D.Harty,BUF,2023,20,0,0,0.0,0,0.0,0.0
D.Johnson,PIT,2023,1,0,0,0.0,0,0.0,0.0
D.Johnson,PIT,2023,7,0,0,0.0,0,0.0,0.0
D.Johnson,PIT,2023,8,0,0,0.0,0,0.0,0.0
D.Johnson,PIT,2023,9,0,0,0.0,0,0.0,0.0
D.Johnson,PIT,2023,10,0,0,0.0,0,0.0,0.0
D.Johnson,PIT,2023,11,0,0,0.0,0,0.0,0.0
D.Johnson,PIT,2023,12,0,0,0.0,0,0.0,0.0
D.Johnson,PIT,2023,13,0,0,0.0,0,0.0,0.0
D.Johnson,PIT,2023,14,0,0,0.0,0,0.0,0.0
D.Johnson,PIT,2023,15,0,0,0.0,0,0.0,0.0
D.Johnson,PIT,2023,16,0,0,0.0,0,0.0,0.0
D.Johnson,PIT,2023,17,0,0,0.0,0,0.0,0.0
D.Johnson,PIT,2023,18,0,0,0.0,0,0.0,0.0
D.Johnson,PIT,2023,19,0,0,0.0,0,0.0,0.0
K.Murray,ARI,2023,10,19,32,249.0,0,1.0,2.0
K.Murray,ARI,2023,11,20,30,214.0,1,1.0,3.0
K.Murray,ARI,2023,12,27,45,256.0,1,0.0,4.0
K.Murray,ARI,2023,13,13,23,145.0,1,0.0,2.0
K.Murray,ARI,2023,15,26,39,211.0,1,2.0,3.0
K.Murray,ARI,2023,16,24,38,230.0,2,0.0,2.0
K.Murray,ARI,2023,17,25,31,232.0,3,1.0,1.0
K.Murray,ARI,2023,18,22,30,262.0,1,0.0,1.0
T.Hockenson,MIN,2023,1,0,0,0.0,0,0.0,0.0
T.Hockenson,MIN,2023,2,0,0,0.0,0,0.0,0.0
T.Hockenson,MIN,2023,3,0,0,0.0,0,0.0,0.0
T.Hockenson,MIN,2023,4,0,0,0.0,0,0.0,0.0
T.Hockenson,MIN,2023,5,0,0,0.0,0,0.0,0.0
T.Hockenson,MIN,2023,6,0,0,0.0,0,0.0,0.0
T.Hockenson,MIN,2023,7,0,0,0.0,0,0.0,0.0
T.Hockenson,MIN,2023,8,0,0,0.0,0,0.0,0.0
T.Hockenson,MIN,2023,9,0,0,0.0,0,0.0,0.0
T.Hockenson,MIN,2023,10,0,0,0.0,0,0.0,0.0
T.Hockenson,MIN,2023,11,0,0,0.0,0,0.0,0.0
T.Hockenson,MIN,2023,12,0,0,0.0,0,0.0,0.0
T.Hockenson,MIN,2023,14,0,0,0.0,0,0.0,0.0
T.Hockenson,MIN,2023,15,0,0,0.0,0,0.0,0.0
T.Hockenson,MIN,2023,16,0,0,0.0,0,0.0,0.0
M.Sanders,CAR,2023,1,0,0,0.0,0,0.0,0.0
M.Sanders,CAR,2023,2,0,0,0.0,0,0.0,0.0
M.Sanders,CAR,2023,3,0,0,0.0,0,0.0,0.0
M.Sanders,CAR,2023,4,0,0,0.0,0,0.0,0.0
M.Sanders,CAR,2023,5,0,0,0.0,0,0.0,0.0
M.Sanders,CAR,2023,8,0,0,0.0,0,0.0,0.0
M.Sanders,CAR,2023,9,0,0,0.0,0,0.0,0.0
M.Sanders,CAR,2023,10,0,0,0.0,0,0.0,0.0
M.Sanders,CAR,2023,11,0,0,0.0,0,0.0,0.0
M.Sanders,CAR,2023,12,0,0,0.0,0,0.0,0.0
M.Sanders,CAR,2023,13,0,0,0.0,0,0.0,0.0
M.Sanders,CAR,2023,14,0,0,0.0,0,0.0,0.0
M.Sanders,CAR,2023,15,0,0,0.0,0,0.0,0.0
M.Sanders,CAR,2023,16,0,0,0.0,0,0.0,0.0
M.Sanders,CAR,2023,17,0,0,0.0,0,0.0,0.0
M.Sanders,CAR,2023,18,0,0,0.0,0,0.0,0.0
J.Oliver,MIN,2023,1,0,0,0.0,0,0.0,0.0
J.Oliver,MIN,2023,2,0,0,0.0,0,0.0,0.0
J.Oliver,MIN,2023,3,0,0,0.0,0,0.0,0.0
J.Oliver,MIN,2023,5,0,0,0.0,0,0.0,0.0
J.Oliver,MIN,2023,7,0,0,0.0,0,0.0,0.0
J.Oliver,MIN,2023,9,0,0,0.0,0,0.0,0.0
J.Oliver,MIN,2023,11,0,0,0.0,0,0.0,0.0
J.Oliver,MIN,2023,14,0,0,0.0,0,0.0,0.0
J.Oliver,MIN,2023,15,0,0,0.0,0,0.0,0.0
J.Oliver,MIN,2023,16,0,0,0.0,0,0.0,0.0
J.Oliver,MIN,2023,17,0,0,0.0,0,0.0,0.0
J.Oliver,MIN,2023,18,0,0,0.0,0,0.0,0.0
D.Singletary,HOU,2023,1,0,0,0.0,0,0.0,0.0
D.Singletary,HOU,2023,2,0,0,0.0,0,0.0,0.0
D.Singletary,HOU,2023,3,0,0,0.0,0,0.0,0.0
D.Singletary,HOU,2023,4,1,1,6.0,1,0.0,0.0
D.Singletary,HOU,2023,5,0,0,0.0,0,0.0,0.0
D.Singletary,HOU,2023,6,0,0,0.0,0,0.0,0.0
D.Singletary,HOU,2023,8,0,0,0.0,0,0.0,0.0
D.Singletary,HOU,2023,9,0,0,0.0,0,0.0,0.0
D.Singletary,HOU,2023,10,0,0,0.0,0,0.0,0.0
D.Singletary,HOU,2023,11,0,0,0.0,0,0.0,0.0
D.Singletary,HOU,2023,12,0,0,0.0,0,0.0,0.0
D.Singletary,HOU,2023,13,0,0,0.0,0,0.0,0.0
D.Singletary,HOU,2023,14,0,0,0.0,0,0.0,0.0
D.Singletary,HOU,2023,15,0,0,0.0,0,0.0,0.0
D.Singletary,HOU,2023,16,0,0,0.0,0,0.0,0.0
D.Singletary,HOU,2023,17,0,0,0.0,0,0.0,0.0
D.Singletary,HOU,2023,18,0,0,0.0,0,0.0,0.0
D.Singletary,HOU,2023,19,0,0,0.0,0,0.0,0.0
D.Singletary,HOU,2023,20,0,0,0.0,0,0.0,0.0
T.Wesco,TEN,2023,2,0,0,0.0,0,0.0,0.0
T.Wesco,TEN,2023,5,0,0,0.0,0,0.0,0.0
T.Wesco,TEN,2023,13,0,0,0.0,0,0.0,0.0
T.Pollard,DAL,2023,1,0,0,0.0,0,0.0,0.0
T.Pollard,DAL,2023,2,0,0,0.0,0,0.0,0.0
T.Pollard,DAL,2023,3,0,0,0.0,0,0.0,0.0
T.Pollard,DAL,2023,4,0,0,0.0,0,0.0,0.0
T.Pollard,DAL,2023,5,0,0,0.0,0,0.0,0.0
T.Pollard,DAL,2023,6,0,0,0.0,0,0.0,0.0
T.Pollard,DAL,2023,8,0,0,0.0,0,0.0,0.0
T.Pollard,DAL,2023,9,0,0,0.0,0,0.0,0.0
T.Pollard,DAL,2023,10,0,0,0.0,0,0.0,0.0
T.Pollard,DAL,2023,11,0,0,0.0,0,0.0,0.0
T.Pollard,DAL,2023,12,0,0,0.0,0,0.0,0.0
T.Pollard,DAL,2023,13,0,0,0.0,0,0.0,0.0
T.Pollard,DAL,2023,14,0,0,0.0,0,0.0,0.0
T.Pollard,DAL,2023,15,0,0,0.0,0,0.0,0.0
T.Pollard,DAL,2023,16,0,0,0.0,0,0.0,0.0
T.Pollard,DAL,2023,17,0,0,0.0,0,0.0,0.0
T.Pollard,DAL,2023,18,0,0,0.0,0,0.0,0.0
T.Pollard,DAL,2023,19,0,0,0.0,0,0.0,0.0
J.Stidham,DEN,2023,17,20,32,224.0,1,0.0,2.0
J.Stidham,DEN,2023,18,20,34,272.0,1,1.0,5.0
E.Stick,LAC,2023,14,13,24,179.0,0,0.0,2.0
E.Stick,LAC,2023,15,23,32,257.0,3,1.0,3.0
E.Stick,LAC,2023,16,23,33,215.0,0,0.0,5.0
E.Stick,LAC,2023,17,24,38,220.0,0,0.0,1.0
E.Stick,LAC,2023,18,28,47,258.0,0,0.0,3.0
G.Minshew,IND,2023,1,0,2,0.0,0,0.0,0.0
G.Minshew,IND,2023,2,19,23,171.0,1,0.0,0.0
G.Minshew,IND,2023,3,27,44,227.0,1,0.0,5.0
G.Minshew,IND,2023,5,11,14,155.0,0,0.0,0.0
G.Minshew,IND,2023,6,33,55,329.0,1,3.0,3.0
G.Minshew,IND,2023,7,15,23,305.0,2,1.0,4.0
G.Minshew,IND,2023,8,23,41,213.0,2,1.0,2.0
G.Minshew,IND,2023,9,17,26,127.0,1,0.0,1.0
G.Minshew,IND,2023,10,18,28,194.0,0,1.0,0.0
G.Minshew,IND,2023,12,24,41,251.0,0,1.0,2.0
G.Minshew,IND,2023,13,26,42,312.0,2,0.0,3.0
G.Minshew,IND,2023,14,26,39,240.0,1,1.0,3.0
G.Minshew,IND,2023,15,18,28,215.0,3,0.0,3.0
G.Minshew,IND,2023,16,20,37,201.0,0,1.0,6.0
G.Minshew,IND,2023,17,15,23,224.0,1,0.0,1.0
G.Minshew,IND,2023,18,13,24,141.0,0,0.0,1.0
T.Williams,CIN,2023,1,0,0,0.0,0,0.0,0.0
T.Williams,CIN,2023,2,0,0,0.0,0,0.0,0.0
T.Williams,CIN,2023,3,0,0,0.0,0,0.0,0.0
T.Williams,CIN,2023,4,0,0,0.0,0,0.0,0.0
T.Williams,CIN,2023,5,0,0,0.0,0,0.0,0.0
T.Williams,CIN,2023,6,0,0,0.0,0,0.0,0.0
T.Williams,CIN,2023,8,0,0,0.0,0,0.0,0.0
T.Williams,CIN,2023,9,0,0,0.0,0,0.0,0.0
T.Williams,CIN,2023,10,0,0,0.0,0,0.0,0.0
T.Williams,CIN,2023,11,0,0,0.0,0,0.0,0.0
T.Williams,CIN,2023,14,0,0,0.0,0,0.0,0.0
T.Williams,CIN,2023,15,0,0,0.0,0,0.0,0.0
T.Williams,CIN,2023,17,0,0,0.0,0,0.0,0.0
T.Williams,CIN,2023,18,0,0,0.0,0,0.0,0.0
S.Miller,ATL,2023,5,0,0,0.0,0,0.0,0.0
S.Miller,ATL,2023,6,0,0,0.0,0,0.0,0.0
S.Miller,ATL,2023,7,0,0,0.0,0,0.0,0.0
S.Miller,ATL,2023,8,0,0,0.0,0,0.0,0.0
S.Miller,ATL,2023,10,0,0,0.0,0,0.0,0.0
S.Miller,ATL,2023,12,0,0,0.0,0,0.0,0.0
S.Miller,ATL,2023,14,0,0,0.0,0,0.0,0.0
S.Miller,ATL,2023,16,0,0,0.0,0,0.0,0.0
S.Miller,ATL,2023,18,0,0,0.0,0,0.0,0.0
D.Parham,LAC,2023,1,0,0,0.0,0,0.0,0.0
D.Parham,LAC,2023,2,0,0,0.0,0,0.0,0.0
D.Parham,LAC,2023,3,0,0,0.0,0,0.0,0.0
D.Parham,LAC,2023,4,0,0,0.0,0,0.0,0.0
D.Parham,LAC,2023,6,0,0,0.0,0,0.0,0.0
D.Parham,LAC,2023,7,0,0,0.0,0,0.0,0.0
D.Parham,LAC,2023,8,0,0,0.0,0,0.0,0.0
D.Parham,LAC,2023,9,0,0,0.0,0,0.0,0.0
D.Parham,LAC,2023,10,0,0,0.0,0,0.0,0.0
D.Parham,LAC,2023,11,0,0,0.0,0,0.0,0.0
D.Parham,LAC,2023,13,0,0,0.0,0,0.0,0.0
D.Parham,LAC,2023,14,0,0,0.0,0,0.0,0.0
D.Parham,LAC,2023,18,0,0,0.0,0,0.0,0.0
T.Irwin,CIN,2023,4,0,0,0.0,0,0.0,0.0
T.Irwin,CIN,2023,5,0,0,0.0,0,0.0,0.0
T.Irwin,CIN,2023,8,0,0,0.0,0,0.0,0.0
T.Irwin,CIN,2023,10,0,0,0.0,0,0.0,0.0
T.Irwin,CIN,2023,11,0,0,0.0,0,0.0,0.0
T.Irwin,CIN,2023,12,0,0,0.0,0,0.0,0.0
T.Irwin,CIN,2023,13,0,0,0.0,0,0.0,0.0
T.Irwin,CIN,2023,16,0,0,0.0,0,0.0,0.0
T.Irwin,CIN,2023,17,0,0,0.0,0,0.0,0.0
T.Irwin,CIN,2023,18,0,0,0.0,0,0.0,0.0
L.Humphrey,DEN,2023,1,0,0,0.0,0,0.0,0.0
L.Humphrey,DEN,2023,2,0,0,0.0,0,0.0,0.0
L.Humphrey,DEN,2023,4,0,0,0.0,0,0.0,0.0
L.Humphrey,DEN,2023,10,0,0,0.0,0,0.0,0.0
L.Humphrey,DEN,2023,11,0,0,0.0,0,0.0,0.0
L.Humphrey,DEN,2023,12,0,0,0.0,0,0.0,0.0
L.Humphrey,DEN,2023,13,0,0,0.0,0,0.0,0.0
L.Humphrey,DEN,2023,14,0,0,0.0,0,0.0,0.0
L.Humphrey,DEN,2023,15,0,0,0.0,0,0.0,0.0
L.Humphrey,DEN,2023,17,0,0,0.0,0,0.0,0.0
L.Humphrey,DEN,2023,18,0,0,0.0,0,0.0,0.0
J.Guyton,LAC,2023,9,0,0,0.0,0,0.0,0.0
J.Guyton,LAC,2023,10,0,0,0.0,0,0.0,0.0
J.Guyton,LAC,2023,12,0,0,0.0,0,0.0,0.0
J.Guyton,LAC,2023,13,0,0,0.0,0,0.0,0.0
J.Guyton,LAC,2023,14,0,0,0.0,0,0.0,0.0
J.Guyton,LAC,2023,15,0,0,0.0,0,0.0,0.0
J.Guyton,LAC,2023,16,0,0,0.0,0,0.0,0.0
M.Taylor,NYJ,2023,9,0,0,0.0,0,0.0,0.0
M.Taylor,NYJ,2023,10,0,0,0.0,0,0.0,0.0
G.Dortch,ARI,2023,6,0,0,0.0,0,0.0,0.0
G.Dortch,ARI,2023,9,0,0,0.0,0,0.0,0.0
G.Dortch,ARI,2023,11,0,0,0.0,0,0.0,0.0
G.Dortch,ARI,2023,12,0,0,0.0,0,0.0,0.0
G.Dortch,ARI,2023,13,0,0,0.0,0,0.0,0.0
G.Dortch,ARI,2023,15,0,0,0.0,0,0.0,0.0
G.Dortch,ARI,2023,16,0,0,0.0,0,0.0,0.0
G.Dortch,ARI,2023,17,0,0,0.0,0,0.0,0.0
G.Dortch,ARI,2023,18,0,0,0.0,0,0.0,0.0
A.Isabella,BUF,2023,19,0,0,0.0,0,0.0,0.0
D.Slayton,NYG,2023,1,0,0,0.0,0,0.0,0.0
D.Slayton,NYG,2023,2,0,0,0.0,0,0.0,0.0
D.Slayton,NYG,2023,3,0,0,0.0,0,0.0,0.0
D.Slayton,NYG,2023,4,0,0,0.0,0,0.0,0.0
D.Slayton,NYG,2023,5,0,0,0.0,0,0.0,0.0
D.Slayton,NYG,2023,6,0,0,0.0,0,0.0,0.0
D.Slayton,NYG,2023,7,0,0,0.0,0,0.0,0.0
D.Slayton,NYG,2023,8,0,0,0.0,0,0.0,0.0
D.Slayton,NYG,2023,9,0,0,0.0,0,0.0,0.0
D.Slayton,NYG,2023,10,0,0,0.0,0,0.0,0.0
D.Slayton,NYG,2023,11,0,0,0.0,0,0.0,0.0
D.Slayton,NYG,2023,12,0,0,0.0,0,0.0,0.0
D.Slayton,NYG,2023,14,0,0,0.0,0,0.0,0.0
D.Slayton,NYG,2023,15,0,0,0.0,0,0.0,0.0
D.Slayton,NYG,2023,16,0,0,0.0,0,0.0,0.0
D.Slayton,NYG,2023,17,0,0,0.0,0,0.0,0.0
D.Slayton,NYG,2023,18,0,0,0.0,0,0.0,0.0
T.Johnson,BUF,2023,10,0,0,0.0,0,0.0,0.0
T.Johnson,BUF,2023,11,0,0,0.0,0,0.0,0.0
T.Johnson,BUF,2023,12,0,0,0.0,0,0.0,0.0
T.Johnson,BUF,2023,14,0,0,0.0,0,0.0,0.0
T.Johnson,BUF,2023,15,0,0,0.0,0,0.0,0.0
T.Johnson,BUF,2023,17,0,0,0.0,0,0.0,0.0
T.Johnson,BUF,2023,18,0,0,0.0,0,0.0,0.0
T.Johnson,BUF,2023,19,0,0,0.0,0,0.0,0.0
T.Johnson,BUF,2023,20,0,0,0.0,0,0.0,0.0
J.Horsted,LV,2023,7,0,0,0.0,0,0.0,0.0
C.Reynolds,DET,2023,2,0,0,0.0,0,0.0,0.0
C.Reynolds,DET,2023,3,0,0,0.0,0,0.0,0.0
C.Reynolds,DET,2023,5,0,0,0.0,0,0.0,0.0
C.Reynolds,DET,2023,6,0,0,0.0,0,0.0,0.0
C.Reynolds,DET,2023,7,0,0,0.0,0,0.0,0.0
C.Reynolds,DET,2023,8,0,0,0.0,0,0.0,0.0
C.Reynolds,DET,2023,20,0,0,0.0,0,0.0,0.0
J.Winfree,IND,2023,8,0,0,0.0,0,0.0,0.0
T.Homer,CHI,2023,7,0,0,0.0,0,0.0,0.0
D.Johnson,JAX,2023,1,0,0,0.0,0,0.0,0.0
D.Johnson,JAX,2023,2,0,0,0.0,0,0.0,0.0
D.Johnson,JAX,2023,3,0,0,0.0,0,0.0,0.0
D.Johnson,JAX,2023,4,0,0,0.0,0,0.0,0.0
D.Johnson,JAX,2023,6,0,0,0.0,0,0.0,0.0
D.Johnson,JAX,2023,8,0,0,0.0,0,0.0,0.0
D.Johnson,JAX,2023,10,0,0,0.0,0,0.0,0.0
D.Johnson,JAX,2023,11,0,0,0.0,0,0.0,0.0
D.Johnson,JAX,2023,12,0,0,0.0,0,0.0,0.0
D.Johnson,JAX,2023,13,0,0,0.0,0,0.0,0.0
D.Johnson,JAX,2023,14,0,0,0.0,0,0.0,0.0
D.Johnson,JAX,2023,15,0,0,0.0,0,0.0,0.0
D.Johnson,JAX,2023,16,0,0,0.0,0,0.0,0.0
D.Johnson,JAX,2023,17,0,0,0.0,0,0.0,0.0
D.Johnson,JAX,2023,18,0,0,0.0,0,0.0,0.0
D.Sample,CIN,2023,3,0,0,0.0,0,0.0,0.0
D.Sample,CIN,2023,4,0,0,0.0,0,0.0,0.0
D.Sample,CIN,2023,6,0,0,0.0,0,0.0,0.0
D.Sample,CIN,2023,8,0,0,0.0,0,0.0,0.0
D.Sample,CIN,2023,9,0,0,0.0,0,0.0,0.0
D.Sample,CIN,2023,10,0,0,0.0,0,0.0,0.0
D.Sample,CIN,2023,11,0,0,0.0,0,0.0,0.0
D.Sample,CIN,2023,12,0,0,0.0,0,0.0,0.0
D.Sample,CIN,2023,13,0,0,0.0,0,0.0,0.0
D.Sample,CIN,2023,14,0,0,0.0,0,0.0,0.0
D.Sample,CIN,2023,15,0,0,0.0,0,0.0,0.0
D.Sample,CIN,2023,16,0,0,0.0,0,0.0,0.0
D.Sample,CIN,2023,17,0,0,0.0,0,0.0,0.0
D.Sample,CIN,2023,18,0,0,0.0,0,0.0,0.0
A.Hooker,TEN,2023,8,0,0,0.0,0,0.0,0.0
P.Campbell,NYG,2023,1,0,0,0.0,0,0.0,0.0
P.Campbell,NYG,2023,2,0,0,0.0,0,0.0,0.0
P.Campbell,NYG,2023,3,0,0,0.0,0,0.0,0.0
P.Campbell,NYG,2023,4,0,0,0.0,0,0.0,1.0
P.Campbell,NYG,2023,5,0,0,0.0,0,0.0,0.0
P.Campbell,NYG,2023,9,0,0,0.0,0,0.0,0.0
P.Campbell,NYG,2023,10,0,0,0.0,0,0.0,0.0
P.Campbell,NYG,2023,12,0,0,0.0,0,0.0,0.0
D.Metcalf,SEA,2023,1,0,0,0.0,0,0.0,0.0
D.Metcalf,SEA,2023,2,0,0,0.0,0,0.0,0.0
D.Metcalf,SEA,2023,3,0,0,0.0,0,0.0,0.0
D.Metcalf,SEA,2023,4,0,0,0.0,0,0.0,0.0
D.Metcalf,SEA,2023,6,0,0,0.0,0,0.0,0.0
D.Metcalf,SEA,2023,8,0,0,0.0,0,0.0,0.0
D.Metcalf,SEA,2023,9,0,0,0.0,0,0.0,0.0
D.Metcalf,SEA,2023,10,0,0,0.0,0,0.0,0.0
D.Metcalf,SEA,2023,11,0,0,0.0,0,0.0,0.0
D.Metcalf,SEA,2023,12,0,0,0.0,0,0.0,0.0
D.Metcalf,SEA,2023,13,0,0,0.0,0,0.0,0.0
D.Metcalf,SEA,2023,14,0,0,0.0,0,0.0,0.0
D.Metcalf,SEA,2023,15,0,0,0.0,0,0.0,0.0
D.Metcalf,SEA,2023,16,0,0,0.0,0,0.0,0.0
D.Metcalf,SEA,2023,17,0,0,0.0,0,0.0,0.0
D.Metcalf,SEA,2023,18,0,0,0.0,0,0.0,0.0
J.Simmons,TEN,2023,11,0,0,0.0,0,0.0,0.0
N.Fant,SEA,2023,2,0,0,0.0,0,0.0,0.0
N.Fant,SEA,2023,3,0,0,0.0,0,0.0,0.0
N.Fant,SEA,2023,4,0,0,0.0,0,0.0,0.0
N.Fant,SEA,2023,6,0,0,0.0,0,0.0,0.0
N.Fant,SEA,2023,7,0,0,0.0,0,0.0,0.0
N.Fant,SEA,2023,8,0,0,0.0,0,0.0,0.0
N.Fant,SEA,2023,9,0,0,0.0,0,0.0,0.0
N.Fant,SEA,2023,10,0,0,0.0,0,0.0,0.0
N.Fant,SEA,2023,11,0,0,0.0,0,0.0,0.0
N.Fant,SEA,2023,12,0,0,0.0,0,0.0,0.0
N.Fant,SEA,2023,13,0,0,0.0,0,0.0,0.0
N.Fant,SEA,2023,14,0,0,0.0,0,0.0,0.0
N.Fant,SEA,2023,15,0,0,0.0,0,0.0,0.0
N.Fant,SEA,2023,17,0,0,0.0,0,0.0,0.0
G.Olszewski,PIT,2023,2,0,0,0.0,0,0.0,0.0
G.Olszewski,NYG,2023,17,0,0,0.0,0,0.0,0.0
D.Harris,BUF,2023,1,0,0,0.0,0,0.0,0.0
D.Harris,BUF,2023,2,0,0,0.0,0,0.0,0.0
D.Harris,BUF,2023,3,0,0,0.0,0,0.0,0.0
D.Harris,BUF,2023,4,0,0,0.0,0,0.0,0.0
D.Harris,BUF,2023,5,0,0,0.0,0,0.0,0.0
D.Harris,BUF,2023,6,0,0,0.0,0,0.0,0.0
T.McLaurin,WAS,2023,1,0,0,0.0,0,0.0,0.0
T.McLaurin,WAS,2023,2,0,0,0.0,0,0.0,0.0
T.McLaurin,WAS,2023,3,0,0,0.0,0,0.0,0.0
T.McLaurin,WAS,2023,4,0,0,0.0,0,0.0,0.0
T.McLaurin,WAS,2023,5,0,0,0.0,0,0.0,0.0
T.McLaurin,WAS,2023,6,0,0,0.0,0,0.0,0.0
T.McLaurin,WAS,2023,7,0,0,0.0,0,0.0,0.0
T.McLaurin,WAS,2023,8,0,0,0.0,0,0.0,0.0
T.McLaurin,WAS,2023,9,0,0,0.0,0,0.0,0.0
T.McLaurin,WAS,2023,10,0,0,0.0,0,0.0,0.0
T.McLaurin,WAS,2023,11,0,0,0.0,0,0.0,0.0
T.McLaurin,WAS,2023,12,0,0,0.0,0,0.0,0.0
T.McLaurin,WAS,2023,13,0,0,0.0,0,0.0,0.0
T.McLaurin,WAS,2023,15,0,0,0.0,0,0.0,0.0
T.McLaurin,WAS,2023,16,0,0,0.0,0,0.0,0.0
T.McLaurin,WAS,2023,17,0,0,0.0,0,0.0,0.0
T.McLaurin,WAS,2023,18,0,0,0.0,0,0.0,0.0
M.Brown,ARI,2023,1,0,0,0.0,0,0.0,0.0
M.Brown,ARI,2023,2,0,0,0.0,0,0.0,0.0
M.Brown,ARI,2023,3,0,0,0.0,0,0.0,0.0
M.Brown,ARI,2023,4,0,0,0.0,0,0.0,0.0
M.Brown,ARI,2023,5,0,0,0.0,0,0.0,0.0
M.Brown,ARI,2023,6,0,0,0.0,0,0.0,0.0
M.Brown,ARI,2023,7,0,0,0.0,0,0.0,0.0
M.Brown,ARI,2023,8,0,0,0.0,0,0.0,0.0
M.Brown,ARI,2023,9,0,0,0.0,0,0.0,0.0
M.Brown,ARI,2023,10,0,0,0.0,0,0.0,0.0
M.Brown,ARI,2023,11,0,0,0.0,0,0.0,0.0
M.Brown,ARI,2023,12,0,0,0.0,0,0.0,0.0
M.Brown,ARI,2023,13,0,0,0.0,0,0.0,0.0
D.Henderson,LA,2023,7,0,0,0.0,0,0.0,0.0
D.Henderson,LA,2023,8,0,0,0.0,0,0.0,0.0
D.Henderson,LA,2023,9,0,0,0.0,0,0.0,0.0
D.Henderson,LA,2023,11,0,0,0.0,0,0.0,0.0
A.Brown,PHI,2023,1,0,0,0.0,0,0.0,0.0
A.Brown,PHI,2023,2,0,0,0.0,0,0.0,0.0
A.Brown,PHI,2023,3,0,0,0.0,0,0.0,0.0
A.Brown,PHI,2023,4,0,0,0.0,0,0.0,0.0
A.Brown,PHI,2023,5,0,0,0.0,0,0.0,0.0
A.Brown,PHI,2023,6,0,0,0.0,0,0.0,0.0
A.Brown,PHI,2023,7,0,0,0.0,0,0.0,0.0
A.Brown,PHI,2023,8,0,0,0.0,0,0.0,0.0
A.Brown,PHI,2023,9,0,0,0.0,0,0.0,0.0
A.Brown,PHI,2023,11,0,0,0.0,0,0.0,0.0
A.Brown,PHI,2023,12,0,0,0.0,0,0.0,0.0
A.Brown,PHI,2023,13,0,0,0.0,0,0.0,0.0
A.Brown,PHI,2023,14,0,0,0.0,0,0.0,0.0
A.Brown,PHI,2023,15,0,0,0.0,0,0.0,0.0
A.Brown,PHI,2023,16,0,0,0.0,0,0.0,0.0
A.Brown,PHI,2023,17,0,0,0.0,0,0.0,0.0
A.Brown,PHI,2023,18,0,0,0.0,0,0.0,0.0
D.Montgomery,DET,2023,1,0,0,0.0,0,0.0,0.0
D.Montgomery,DET,2023,2,0,0,0.0,0,0.0,0.0
D.Montgomery,DET,2023,4,0,0,0.0,0,0.0,0.0
D.Montgomery,DET,2023,5,0,0,0.0,0,0.0,0.0
D.Montgomery,DET,2023,6,0,0,0.0,0,0.0,0.0
D.Montgomery,DET,2023,10,0,0,0.0,0,0.0,0.0
D.Montgomery,DET,2023,11,0,0,0.0,0,0.0,0.0
D.Montgomery,DET,2023,12,0,0,0.0,0,0.0,0.0
D.Montgomery,DET,2023,13,0,0,0.0,0,0.0,0.0
D.Montgomery,DET,2023,14,0,0,0.0,0,0.0,0.0
D.Montgomery,DET,2023,15,0,0,0.0,0,0.0,0.0
D.Montgomery,DET,2023,16,0,0,0.0,0,0.0,0.0
D.Montgomery,DET,2023,17,0,0,0.0,0,0.0,0.0
D.Montgomery,DET,2023,18,0,0,0.0,0,0.0,0.0
D.Montgomery,DET,2023,19,0,0,0.0,0,0.0,0.0
D.Montgomery,DET,2023,20,0,0,0.0,0,0.0,0.0
D.Montgomery,DET,2023,21,0,0,0.0,0,0.0,0.0
T.Pipkins,LAC,2023,2,0,0,0.0,0,0.0,0.0
D.Knox,BUF,2023,1,0,0,0.0,0,0.0,0.0
D.Knox,BUF,2023,2,0,0,0.0,0,0.0,0.0
D.Knox,BUF,2023,3,0,0,0.0,0,0.0,0.0
D.Knox,BUF,2023,4,0,0,0.0,0,0.0,0.0
D.Knox,BUF,2023,5,0,0,0.0,0,0.0,0.0
D.Knox,BUF,2023,6,0,0,0.0,0,0.0,0.0
D.Knox,BUF,2023,7,0,0,0.0,0,0.0,0.0
D.Knox,BUF,2023,14,0,0,0.0,0,0.0,0.0
D.Knox,BUF,2023,16,0,0,0.0,0,0.0,0.0
D.Knox,BUF,2023,18,0,0,0.0,0,0.0,0.0
D.Knox,BUF,2023,19,0,0,0.0,0,0.0,0.0
D.Knox,BUF,2023,20,0,0,0.0,0,0.0,0.0
J.Jacobs,LV,2023,1,0,0,0.0,0,0.0,0.0
J.Jacobs,LV,2023,2,0,0,0.0,0,0.0,0.0
J.Jacobs,LV,2023,3,0,0,0.0,0,0.0,0.0
J.Jacobs,LV,2023,4,0,0,0.0,0,0.0,0.0
J.Jacobs,LV,2023,5,0,0,0.0,0,0.0,1.0
J.Jacobs,LV,2023,6,0,0,0.0,0,0.0,0.0
J.Jacobs,LV,2023,7,0,0,0.0,0,0.0,0.0
J.Jacobs,LV,2023,8,0,0,0.0,0,0.0,0.0
J.Jacobs,LV,2023,9,0,0,0.0,0,0.0,0.0
J.Jacobs,LV,2023,10,0,0,0.0,0,0.0,0.0
J.Jacobs,LV,2023,11,0,0,0.0,0,0.0,0.0
J.Jacobs,LV,2023,12,0,0,0.0,0,0.0,0.0
J.Jacobs,LV,2023,14,0,0,0.0,0,0.0,0.0
M.Boykin,PIT,2023,2,0,0,0.0,0,0.0,0.0
M.Boykin,PIT,2023,5,0,0,0.0,0,0.0,0.0
M.Boykin,PIT,2023,9,0,0,0.0,0,0.0,0.0
M.Boykin,PIT,2023,16,0,0,0.0,0,0.0,0.0
D.Lock,SEA,2023,4,2,6,63.0,0,0.0,0.0
D.Lock,SEA,2023,11,2,6,3.0,0,1.0,0.0
D.Lock,SEA,2023,14,22,31,269.0,2,2.0,4.0
D.Lock,SEA,2023,15,22,33,208.0,1,0.0,2.0
D.Jones,NYG,2023,1,15,28,104.0,0,2.0,7.0
D.Jones,NYG,2023,2,26,37,321.0,2,1.0,3.0
D.Jones,NYG,2023,3,22,32,137.0,0,1.0,2.0
D.Jones,NYG,2023,4,27,34,203.0,0,2.0,10.0
D.Jones,NYG,2023,5,14,20,119.0,0,0.0,6.0
D.Jones,NYG,2023,9,4,9,25.0,0,0.0,2.0
D.Gore,WAS,2023,11,0,0,0.0,0,0.0,0.0
D.Gore,WAS,2023,18,0,0,0.0,0,0.0,0.0
D.Samuel,SF,2023,1,0,0,0.0,0,0.0,0.0
D.Samuel,SF,2023,2,0,0,0.0,0,0.0,0.0
D.Samuel,SF,2023,3,0,0,0.0,0,0.0,0.0
D.Samuel,SF,2023,4,0,0,0.0,0,0.0,0.0
D.Samuel,SF,2023,5,0,0,0.0,0,0.0,0.0
D.Samuel,SF,2023,6,0,0,0.0,0,0.0,0.0
D.Samuel,SF,2023,10,0,0,0.0,0,0.0,0.0
D.Samuel,SF,2023,11,0,0,0.0,0,0.0,0.0
D.Samuel,SF,2023,12,0,1,0.0,0,0.0,0.0
D.Samuel,SF,2023,13,0,0,0.0,0,0.0,0.0
D.Samuel,SF,2023,14,0,0,0.0,0,0.0,0.0
D.Samuel,SF,2023,15,0,0,0.0,0,0.0,0.0
D.Samuel,SF,2023,16,0,0,0.0,0,0.0,0.0
D.Samuel,SF,2023,17,0,0,0.0,0,0.0,0.0
D.Samuel,SF,2023,18,0,0,0.0,0,0.0,0.0
D.Samuel,SF,2023,20,0,0,0.0,0,0.0,0.0
D.Samuel,SF,2023,21,0,0,0.0,0,0.0,0.0
D.Samuel,SF,2023,22,0,0,0.0,0,0.0,0.0
J.Johnson,LV,2023,4,0,0,0.0,0,0.0,0.0
M.Wilcox,CIN,2023,3,0,0,0.0,0,0.0,0.0
M.Wilcox,CIN,2023,4,0,0,0.0,0,0.0,0.0
M.Wilcox,CIN,2023,10,0,0,0.0,0,0.0,0.0
M.Wilcox,CIN,2023,12,0,0,0.0,0,0.0,0.0
M.Wilcox,CIN,2023,13,0,0,0.0,0,0.0,0.0
M.Wilcox,CIN,2023,14,0,0,0.0,0,0.0,0.0
M.Wilcox,CIN,2023,15,0,0,0.0,0,0.0,0.0
M.Wilcox,CIN,2023,16,0,0,0.0,0,0.0,0.0
M.Wilcox,CIN,2023,17,0,0,0.0,0,0.0,0.0
J.Hasty,JAX,2023,4,0,0,0.0,0,0.0,0.0
J.Robinson,GB,2023,13,0,0,0.0,0,0.0,0.0
B.Gillikin,ARI,2023,12,0,0,0.0,0,0.0,0.0
T.Jones,NO,2023,1,0,0,0.0,0,0.0,0.0
T.Jones,NO,2023,2,0,0,0.0,0,0.0,0.0
T.Jones,NO,2023,3,0,0,0.0,0,0.0,0.0
T.Jones,ARI,2023,9,0,0,0.0,0,0.0,0.0
T.Jones,ARI,2023,10,0,0,0.0,0,0.0,0.0
T.Jones,ARI,2023,11,0,0,0.0,0,0.0,0.0
T.Townsend,KC,2023,16,1,1,11.0,0,0.0,0.0
J.Ward,TEN,2023,17,0,0,0.0,0,0.0,0.0
T.Jackson,MIN,2023,7,0,0,0.0,0,0.0,0.0
T.Jackson,MIN,2023,9,0,0,0.0,0,0.0,0.0
G.Ricci,CAR,2023,1,0,0,0.0,0,0.0,0.0
P.Taylor,GB,2023,1,0,0,0.0,0,0.0,0.0
P.Taylor,GB,2023,2,0,0,0.0,0,0.0,0.0
P.Taylor,GB,2023,3,0,0,0.0,0,0.0,0.0
P.Taylor,GB,2023,5,0,0,0.0,0,0.0,0.0
P.Taylor,GB,2023,12,0,0,0.0,0,0.0,0.0
P.Taylor,GB,2023,13,0,0,0.0,0,0.0,0.0
P.Taylor,GB,2023,14,0,0,0.0,0,0.0,0.0
P.Taylor,GB,2023,15,0,0,0.0,0,0.0,0.0
P.Taylor,GB,2023,16,0,0,0.0,0,0.0,0.0
P.Taylor,GB,2023,17,0,0,0.0,0,0.0,0.0
P.Taylor,GB,2023,19,0,0,0.0,0,0.0,0.0
T.Huntley,BAL,2023,4,0,0,0.0,0,0.0,0.0
T.Huntley,BAL,2023,7,0,1,0.0,0,0.0,0.0
T.Huntley,BAL,2023,9,5,7,38.0,1,0.0,0.0
T.Huntley,BAL,2023,17,1,1,19.0,1,0.0,0.0
T.Huntley,BAL,2023,18,15,28,146.0,1,0.0,4.0
S.Ahmed,MIA,2023,1,0,0,0.0,0,0.0,0.0
S.Ahmed,MIA,2023,2,0,0,0.0,0,0.0,0.0
S.Ahmed,MIA,2023,6,0,0,0.0,0,0.0,0.0
S.Ahmed,MIA,2023,7,0,0,0.0,0,0.0,0.0
S.Ahmed,MIA,2023,8,0,0,0.0,0,0.0,0.0
S.Ahmed,MIA,2023,9,0,0,0.0,0,0.0,0.0
S.Ahmed,MIA,2023,11,0,0,0.0,0,0.0,0.0
S.McKeon,DAL,2023,6,0,0,0.0,0,0.0,0.0
S.McKeon,DAL,2023,8,0,0,0.0,0,0.0,0.0
J.Johnson,NO,2023,1,0,0,0.0,0,0.0,0.0
J.Johnson,NO,2023,2,0,0,0.0,0,0.0,0.0
J.Johnson,NO,2023,3,0,0,0.0,0,0.0,0.0
J.Johnson,NO,2023,8,0,0,0.0,0,0.0,0.0
J.Johnson,NO,2023,9,0,0,0.0,0,0.0,0.0
J.Johnson,NO,2023,10,0,0,0.0,0,0.0,0.0
J.Johnson,NO,2023,12,0,0,0.0,0,0.0,0.0
J.Johnson,NO,2023,13,0,0,0.0,0,0.0,0.0
J.Johnson,NO,2023,14,0,0,0.0,0,0.0,0.0
J.Johnson,NO,2023,15,0,0,0.0,0,0.0,0.0
J.Johnson,NO,2023,16,0,0,0.0,0,0.0,0.0
J.Johnson,NO,2023,17,0,0,0.0,0,0.0,0.0
J.Johnson,NO,2023,18,0,0,0.0,0,0.0,0.0
K.Dorsey,DET,2023,17,0,0,0.0,0,0.0,0.0
B.Bredeson,NYG,2023,4,0,0,0.0,0,0.0,0.0
J.Proche,CLE,2023,10,0,0,0.0,0,0.0,0.0
J.Proche,CLE,2023,18,0,0,0.0,0,0.0,0.0
R.Dowdle,DAL,2023,1,0,0,0.0,0,0.0,0.0
R.Dowdle,DAL,2023,2,0,0,0.0,0,0.0,0.0
R.Dowdle,DAL,2023,3,0,0,0.0,0,0.0,0.0
R.Dowdle,DAL,2023,4,0,0,0.0,0,0.0,0.0
R.Dowdle,DAL,2023,5,0,0,0.0,0,0.0,0.0
R.Dowdle,DAL,2023,6,0,0,0.0,0,0.0,0.0
R.Dowdle,DAL,2023,8,0,0,0.0,0,0.0,0.0
R.Dowdle,DAL,2023,9,0,0,0.0,0,0.0,0.0
R.Dowdle,DAL,2023,10,0,0,0.0,0,0.0,0.0
R.Dowdle,DAL,2023,11,0,0,0.0,0,0.0,0.0
R.Dowdle,DAL,2023,12,0,0,0.0,0,0.0,0.0
R.Dowdle,DAL,2023,13,0,0,0.0,0,0.0,0.0
R.Dowdle,DAL,2023,14,0,0,0.0,0,0.0,0.0
R.Dowdle,DAL,2023,15,0,0,0.0,0,0.0,0.0
R.Dowdle,DAL,2023,16,0,0,0.0,0,0.0,0.0
R.Dowdle,DAL,2023,18,0,0,0.0,0,0.0,0.0
R.Dowdle,DAL,2023,19,0,0,0.0,0,0.0,0.0
L.Cager,NYG,2023,1,0,0,0.0,0,0.0,0.0
L.Cager,NYG,2023,10,0,0,0.0,0,0.0,0.0
L.Cager,NYG,2023,15,0,0,0.0,0,0.0,0.0
J.Dobbins,BAL,2023,1,0,0,0.0,0,0.0,0.0
I.Hodgins,NYG,2023,1,0,0,0.0,0,0.0,0.0
I.Hodgins,NYG,2023,2,0,0,0.0,0,0.0,0.0
I.Hodgins,NYG,2023,3,0,0,0.0,0,0.0,0.0
I.Hodgins,NYG,2023,4,0,0,0.0,0,0.0,0.0
I.Hodgins,NYG,2023,5,0,0,0.0,0,0.0,0.0
I.Hodgins,NYG,2023,7,0,0,0.0,0,0.0,0.0
I.Hodgins,NYG,2023,9,0,0,0.0,0,0.0,0.0
I.Hodgins,NYG,2023,10,0,0,0.0,0,0.0,0.0
I.Hodgins,NYG,2023,11,0,0,0.0,0,0.0,0.0
I.Hodgins,NYG,2023,12,0,0,0.0,0,0.0,0.0
I.Hodgins,NYG,2023,14,0,0,0.0,0,0.0,0.0
I.Hodgins,NYG,2023,15,0,0,0.0,0,0.0,0.0
I.Hodgins,NYG,2023,17,0,0,0.0,0,0.0,0.0
I.Hodgins,NYG,2023,18,0,0,0.0,0,0.0,0.0
M.Kinsey,TEN,2023,16,0,0,0.0,0,0.0,0.0
N.Westbrook-Ikhine,TEN,2023,1,0,0,0.0,0,0.0,0.0
N.Westbrook-Ikhine,TEN,2023,2,0,0,0.0,0,0.0,0.0
N.Westbrook-Ikhine,TEN,2023,4,0,0,0.0,0,0.0,0.0
N.Westbrook-Ikhine,TEN,2023,5,0,0,0.0,0,0.0,0.0
N.Westbrook-Ikhine,TEN,2023,6,0,0,0.0,0,0.0,0.0
N.Westbrook-Ikhine,TEN,2023,8,0,0,0.0,0,0.0,0.0
N.Westbrook-Ikhine,TEN,2023,9,0,0,0.0,0,0.0,0.0
N.Westbrook-Ikhine,TEN,2023,10,0,0,0.0,0,0.0,0.0
N.Westbrook-Ikhine,TEN,2023,11,0,0,0.0,0,0.0,0.0
N.Westbrook-Ikhine,TEN,2023,12,0,0,0.0,0,0.0,0.0
N.Westbrook-Ikhine,TEN,2023,13,0,0,0.0,0,0.0,0.0
N.Westbrook-Ikhine,TEN,2023,14,0,0,0.0,0,0.0,0.0
N.Westbrook-Ikhine,TEN,2023,15,0,0,0.0,0,0.0,0.0
R.Gilliam,BUF,2023,2,0,0,0.0,0,0.0,0.0
G.Davis,BUF,2023,1,0,0,0.0,0,0.0,0.0
G.Davis,BUF,2023,2,0,0,0.0,0,0.0,0.0
G.Davis,BUF,2023,3,0,0,0.0,0,0.0,0.0
G.Davis,BUF,2023,4,0,0,0.0,0,0.0,0.0
G.Davis,BUF,2023,5,0,0,0.0,0,0.0,0.0
G.Davis,BUF,2023,6,0,0,0.0,0,0.0,0.0
G.Davis,BUF,2023,7,0,0,0.0,0,0.0,0.0
G.Davis,BUF,2023,8,0,0,0.0,0,0.0,0.0
G.Davis,BUF,2023,9,0,0,0.0,0,0.0,0.0
G.Davis,BUF,2023,10,0,0,0.0,0,0.0,0.0
G.Davis,BUF,2023,12,0,0,0.0,0,0.0,0.0
G.Davis,BUF,2023,14,0,0,0.0,0,0.0,0.0
G.Davis,BUF,2023,15,0,0,0.0,0,0.0,0.0
G.Davis,BUF,2023,16,0,0,0.0,0,0.0,0.0
G.Davis,BUF,2023,17,0,0,0.0,0,0.0,0.0
G.Davis,BUF,2023,18,0,0,0.0,0,0.0,0.0
T.Tagovailoa,MIA,2023,1,28,45,466.0,3,1.0,0.0
T.Tagovailoa,MIA,2023,2,21,30,249.0,1,1.0,1.0
T.Tagovailoa,MIA,2023,3,23,26,309.0,4,0.0,0.0
T.Tagovailoa,MIA,2023,4,25,35,282.0,1,1.0,4.0
T.Tagovailoa,MIA,2023,5,22,30,308.0,2,2.0,1.0
T.Tagovailoa,MIA,2023,6,21,31,262.0,3,0.0,0.0
T.Tagovailoa,MIA,2023,7,23,32,216.0,1,1.0,3.0
T.Tagovailoa,MIA,2023,8,30,45,324.0,3,1.0,2.0
T.Tagovailoa,MIA,2023,9,21,34,193.0,1,0.0,3.0
T.Tagovailoa,MIA,2023,11,28,39,325.0,2,1.0,1.0
T.Tagovailoa,MIA,2023,12,21,30,243.0,1,2.0,2.0
T.Tagovailoa,MIA,2023,13,18,24,280.0,2,0.0,0.0
T.Tagovailoa,MIA,2023,14,23,33,240.0,0,0.0,5.0
T.Tagovailoa,MIA,2023,15,21,24,224.0,1,0.0,3.0
T.Tagovailoa,MIA,2023,16,24,37,293.0,1,0.0,1.0
T.Tagovailoa,MIA,2023,17,22,38,237.0,2,2.0,3.0
T.Tagovailoa,MIA,2023,18,17,27,173.0,1,2.0,0.0
T.Tagovailoa,MIA,2023,19,20,39,199.0,1,1.0,2.0
J.Taylor,IND,2023,5,0,0,0.0,0,0.0,0.0
J.Taylor,IND,2023,6,0,0,0.0,0,0.0,0.0
J.Taylor,IND,2023,7,0,0,0.0,0,0.0,0.0
J.Taylor,IND,2023,8,0,0,0.0,0,0.0,0.0
J.Taylor,IND,2023,9,0,0,0.0,0,0.0,0.0
J.Taylor,IND,2023,10,0,0,0.0,0,0.0,0.0
J.Taylor,IND,2023,12,0,0,0.0,0,0.0,0.0
J.Taylor,IND,2023,16,0,0,0.0,0,0.0,0.0
J.Taylor,IND,2023,17,0,0,0.0,0,0.0,0.0
J.Taylor,IND,2023,18,0,0,0.0,0,0.0,0.0
H.Bryant,CLE,2023,1,0,0,0.0,0,0.0,0.0
H.Bryant,CLE,2023,2,0,0,0.0,0,0.0,0.0
H.Bryant,CLE,2023,3,0,0,0.0,0,0.0,0.0
H.Bryant,CLE,2023,4,0,0,0.0,0,0.0,0.0
H.Bryant,CLE,2023,6,0,0,0.0,0,0.0,0.0
H.Bryant,CLE,2023,7,0,0,0.0,0,0.0,0.0
H.Bryant,CLE,2023,8,0,0,0.0,0,0.0,0.0
H.Bryant,CLE,2023,10,0,0,0.0,0,0.0,0.0
H.Bryant,CLE,2023,12,0,0,0.0,0,0.0,0.0
H.Bryant,CLE,2023,13,0,0,0.0,0,0.0,0.0
H.Bryant,CLE,2023,15,0,0,0.0,0,0.0,0.0
H.Bryant,CLE,2023,16,0,0,0.0,0,0.0,0.0
H.Bryant,CLE,2023,17,0,0,0.0,0,0.0,0.0
H.Bryant,CLE,2023,19,0,0,0.0,0,0.0,0.0
D.Peoples-Jones,CLE,2023,1,0,0,0.0,0,0.0,0.0
D.Peoples-Jones,CLE,2023,2,0,0,0.0,0,0.0,0.0
D.Peoples-Jones,CLE,2023,3,0,0,0.0,0,0.0,0.0
D.Peoples-Jones,CLE,2023,4,0,0,0.0,0,0.0,0.0
D.Peoples-Jones,CLE,2023,6,0,0,0.0,0,0.0,0.0
D.Peoples-Jones,CLE,2023,7,0,0,0.0,0,0.0,0.0
D.Peoples-Jones,DET,2023,11,0,0,0.0,0,0.0,0.0
D.Peoples-Jones,DET,2023,13,0,0,0.0,0,0.0,0.0
D.Peoples-Jones,DET,2023,14,0,0,0.0,0,0.0,0.0
D.Peoples-Jones,DET,2023,15,0,0,0.0,0,0.0,0.0
D.Peoples-Jones,DET,2023,16,0,0,0.0,0,0.0,0.0
D.Peoples-Jones,DET,2023,18,0,0,0.0,0,0.0,0.0
C.Parkinson,SEA,2023,1,0,0,0.0,0,0.0,0.0
C.Parkinson,SEA,2023,2,0,0,0.0,0,0.0,0.0
C.Parkinson,SEA,2023,3,0,0,0.0,0,0.0,0.0
C.Parkinson,SEA,2023,4,0,0,0.0,0,0.0,0.0
C.Parkinson,SEA,2023,6,0,0,0.0,0,0.0,0.0
C.Parkinson,SEA,2023,7,0,0,0.0,0,0.0,0.0
C.Parkinson,SEA,2023,9,0,0,0.0,0,0.0,0.0
C.Parkinson,SEA,2023,10,0,0,0.0,0,0.0,0.0
C.Parkinson,SEA,2023,12,0,0,0.0,0,0.0,0.0
C.Parkinson,SEA,2023,14,0,0,0.0,0,0.0,0.0
C.Parkinson,SEA,2023,15,0,0,0.0,0,0.0,0.0
C.Parkinson,SEA,2023,16,0,0,0.0,0,0.0,0.0
C.Parkinson,SEA,2023,17,0,0,0.0,0,0.0,0.0
C.Parkinson,SEA,2023,18,0,0,0.0,0,0.0,0.0
Z.Moss,IND,2023,2,0,0,0.0,0,0.0,0.0
Z.Moss,IND,2023,3,0,0,0.0,0,0.0,0.0
Z.Moss,IND,2023,4,0,0,0.0,0,0.0,0.0
Z.Moss,IND,2023,5,0,0,0.0,0,0.0,0.0
Z.Moss,IND,2023,6,0,0,0.0,0,0.0,0.0
Z.Moss,IND,2023,7,0,0,0.0,0,0.0,0.0
Z.Moss,IND,2023,8,0,0,0.0,0,0.0,0.0
Z.Moss,IND,2023,9,0,0,0.0,0,0.0,0.0
Z.Moss,IND,2023,10,0,0,0.0,0,0.0,0.0
Z.Moss,IND,2023,12,0,0,0.0,0,0.0,0.0
Z.Moss,IND,2023,13,0,0,0.0,0,0.0,0.0
Z.Moss,IND,2023,14,0,0,0.0,0,0.0,0.0
Z.Moss,IND,2023,15,0,0,0.0,0,0.0,0.0
Z.Moss,IND,2023,18,0,0,0.0,0,0.0,0.0
M.Pittman,IND,2023,1,0,0,0.0,0,0.0,0.0
M.Pittman,IND,2023,2,0,0,0.0,0,0.0,0.0
M.Pittman,IND,2023,3,0,0,0.0,0,0.0,0.0
M.Pittman,IND,2023,4,0,0,0.0,0,0.0,0.0
M.Pittman,IND,2023,5,0,0,0.0,0,0.0,0.0
M.Pittman,IND,2023,6,0,0,0.0,0,0.0,0.0
M.Pittman,IND,2023,7,0,0,0.0,0,0.0,0.0
M.Pittman,IND,2023,8,0,0,0.0,0,0.0,0.0
M.Pittman,IND,2023,9,0,0,0.0,0,0.0,0.0
M.Pittman,IND,2023,10,0,0,0.0,0,0.0,0.0
M.Pittman,IND,2023,12,0,0,0.0,0,0.0,0.0
M.Pittman,IND,2023,13,0,0,0.0,0,0.0,0.0
M.Pittman,IND,2023,14,0,0,0.0,0,0.0,0.0
M.Pittman,IND,2023,15,0,0,0.0,0,0.0,0.0
M.Pittman,IND,2023,17,0,0,0.0,0,0.0,0.0
M.Pittman,IND,2023,18,0,0,0.0,0,0.0,0.0
C.Johnson,CHI,2023,17,0,0,0.0,0,0.0,0.0
J.Jennings,SF,2023,1,0,0,0.0,0,0.0,0.0
J.Jennings,SF,2023,2,0,0,0.0,0,0.0,0.0
J.Jennings,SF,2023,3,0,0,0.0,0,0.0,0.0
J.Jennings,SF,2023,5,0,0,0.0,0,0.0,0.0
J.Jennings,SF,2023,6,0,0,0.0,0,0.0,0.0
J.Jennings,SF,2023,7,0,0,0.0,0,0.0,0.0
J.Jennings,SF,2023,10,0,0,0.0,0,0.0,0.0
J.Jennings,SF,2023,11,0,0,0.0,0,0.0,0.0
J.Jennings,SF,2023,12,0,0,0.0,0,0.0,0.0
J.Jennings,SF,2023,13,0,0,0.0,0,0.0,0.0
J.Jennings,SF,2023,14,0,0,0.0,0,0.0,0.0
J.Jennings,SF,2023,15,0,0,0.0,0,0.0,0.0
J.Jennings,SF,2023,20,0,0,0.0,0,0.0,0.0
J.Jennings,SF,2023,21,0,0,0.0,0,0.0,0.0
J.Jennings,SF,2023,22,1,1,21.0,1,0.0,0.0
B.Aiyuk,SF,2023,1,0,0,0.0,0,0.0,0.0
B.Aiyuk,SF,2023,2,0,0,0.0,0,0.0,0.0
B.Aiyuk,SF,2023,4,0,0,0.0,0,0.0,0.0
B.Aiyuk,SF,2023,5,0,0,0.0,0,0.0,0.0
B.Aiyuk,SF,2023,6,0,0,0.0,0,0.0,0.0
B.Aiyuk,SF,2023,7,0,0,0.0,0,0.0,0.0
B.Aiyuk,SF,2023,8,0,0,0.0,0,0.0,0.0
B.Aiyuk,SF,2023,10,0,0,0.0,0,0.0,0.0
B.Aiyuk,SF,2023,11,0,0,0.0,0,0.0,0.0
B.Aiyuk,SF,2023,12,0,0,0.0,0,0.0,0.0
B.Aiyuk,SF,2023,13,0,0,0.0,0,0.0,0.0
B.Aiyuk,SF,2023,14,0,0,0.0,0,0.0,0.0
B.Aiyuk,SF,2023,15,0,0,0.0,0,0.0,0.0
B.Aiyuk,SF,2023,16,0,0,0.0,0,0.0,0.0
B.Aiyuk,SF,2023,17,0,0,0.0,0,0.0,0.0
B.Aiyuk,SF,2023,18,0,0,0.0,0,0.0,0.0
B.Aiyuk,SF,2023,20,0,0,0.0,0,0.0,0.0
B.Aiyuk,SF,2023,21,0,0,0.0,0,0.0,0.0
B.Aiyuk,SF,2023,22,0,0,0.0,0,0.0,0.0
J.Love,GB,2023,1,15,27,245.0,3,0.0,1.0
J.Love,GB,2023,2,14,25,151.0,3,0.0,1.0
J.Love,GB,2023,3,22,44,259.0,1,1.0,1.0
J.Love,GB,2023,4,23,36,246.0,1,2.0,5.0
J.Love,GB,2023,5,16,30,182.0,0,3.0,2.0
J.Love,GB,2023,7,21,31,180.0,2,1.0,0.0
J.Love,GB,2023,8,24,41,229.0,1,1.0,4.0
J.Love,GB,2023,9,20,26,228.0,1,0.0,4.0
J.Love,GB,2023,10,21,40,289.0,2,2.0,1.0
J.Love,GB,2023,11,27,40,322.0,2,0.0,3.0
J.Love,GB,2023,12,22,32,268.0,3,0.0,0.0
J.Love,GB,2023,13,25,36,267.0,3,0.0,2.0
J.Love,GB,2023,14,25,39,218.0,1,1.0,2.0
J.Love,GB,2023,15,29,39,284.0,2,0.0,2.0
J.Love,GB,2023,16,17,28,219.0,2,0.0,1.0
J.Love,GB,2023,17,24,33,256.0,3,0.0,0.0
J.Love,GB,2023,18,27,32,316.0,2,0.0,1.0
J.Love,GB,2023,19,16,21,272.0,3,0.0,0.0
J.Love,GB,2023,20,21,34,194.0,2,2.0,0.0
A.Dillon,GB,2023,1,0,0,0.0,0,0.0,0.0
A.Dillon,GB,2023,2,0,0,0.0,0,0.0,0.0
A.Dillon,GB,2023,3,0,0,0.0,0,0.0,0.0
A.Dillon,GB,2023,4,0,0,0.0,0,0.0,0.0
A.Dillon,GB,2023,5,0,0,0.0,0,0.0,0.0
A.Dillon,GB,2023,7,0,0,0.0,0,0.0,0.0
A.Dillon,GB,2023,8,0,0,0.0,0,0.0,0.0
A.Dillon,GB,2023,9,0,0,0.0,0,0.0,0.0
A.Dillon,GB,2023,10,0,0,0.0,0,0.0,0.0
A.Dillon,GB,2023,11,0,0,0.0,0,0.0,0.0
A.Dillon,GB,2023,12,0,0,0.0,0,0.0,0.0
A.Dillon,GB,2023,13,0,0,0.0,0,0.0,0.0
A.Dillon,GB,2023,14,0,0,0.0,0,0.0,0.0
A.Dillon,GB,2023,16,0,0,0.0,0,0.0,0.0
A.Dillon,GB,2023,17,0,0,0.0,0,0.0,0.0
L.Shenault,CAR,2023,1,0,0,0.0,0,0.0,0.0
L.Shenault,CAR,2023,2,0,0,0.0,0,0.0,0.0
L.Shenault,CAR,2023,3,0,0,0.0,0,0.0,0.0
L.Shenault,CAR,2023,4,0,0,0.0,0,0.0,0.0
L.Shenault,CAR,2023,5,0,0,0.0,0,0.0,0.0
L.Shenault,CAR,2023,6,0,0,0.0,0,0.0,0.0
L.Shenault,CAR,2023,11,0,0,0.0,0,0.0,0.0
L.Shenault,CAR,2023,12,0,0,0.0,0,0.0,0.0
L.Perine,KC,2023,9,0,0,0.0,0,0.0,0.0
L.Perine,KC,2023,18,0,0,0.0,0,0.0,0.0
Q.Watkins,PHI,2023,1,0,0,0.0,0,0.0,0.0
Q.Watkins,PHI,2023,5,0,0,0.0,0,0.0,0.0
Q.Watkins,PHI,2023,13,0,0,0.0,0,0.0,0.0
Q.Watkins,PHI,2023,15,0,0,0.0,0,0.0,0.0
Q.Watkins,PHI,2023,18,0,0,0.0,0,0.0,0.0
Q.Watkins,PHI,2023,19,0,0,0.0,0,0.0,0.0
D.Swift,PHI,2023,1,0,0,0.0,0,0.0,0.0
D.Swift,PHI,2023,2,0,0,0.0,0,0.0,0.0
D.Swift,PHI,2023,3,0,0,0.0,0,0.0,0.0
D.Swift,PHI,2023,4,0,0,0.0,0,0.0,0.0
D.Swift,PHI,2023,5,0,0,0.0,0,0.0,0.0
D.Swift,PHI,2023,6,0,0,0.0,0,0.0,0.0
D.Swift,PHI,2023,7,0,0,0.0,0,0.0,0.0
D.Swift,PHI,2023,8,0,0,0.0,0,0.0,0.0
D.Swift,PHI,2023,9,0,0,0.0,0,0.0,0.0
D.Swift,PHI,2023,11,0,0,0.0,0,0.0,0.0
D.Swift,PHI,2023,12,0,0,0.0,0,0.0,0.0
D.Swift,PHI,2023,13,0,0,0.0,0,0.0,0.0
D.Swift,PHI,2023,14,0,0,0.0,0,0.0,0.0
D.Swift,PHI,2023,15,0,0,0.0,0,0.0,0.0
D.Swift,PHI,2023,16,0,0,0.0,0,0.0,0.0
D.Swift,PHI,2023,17,0,0,0.0,0,0.0,0.0
D.Swift,PHI,2023,19,0,0,0.0,0,0.0,0.0
N.Igbinoghene,DAL,2023,1,0,0,0.0,0,0.0,0.0
C.Kmet,CHI,2023,1,0,0,0.0,0,0.0,0.0
C.Kmet,CHI,2023,2,0,0,0.0,0,0.0,0.0
C.Kmet,CHI,2023,3,0,0,0.0,0,0.0,0.0
C.Kmet,CHI,2023,4,0,0,0.0,0,0.0,0.0
C.Kmet,CHI,2023,5,0,0,0.0,0,0.0,0.0
C.Kmet,CHI,2023,6,0,0,0.0,0,0.0,0.0
C.Kmet,CHI,2023,8,0,0,0.0,0,0.0,0.0
C.Kmet,CHI,2023,9,0,0,0.0,0,0.0,0.0
C.Kmet,CHI,2023,10,0,0,0.0,0,0.0,0.0
C.Kmet,CHI,2023,11,0,0,0.0,0,0.0,0.0
C.Kmet,CHI,2023,12,0,0,0.0,0,0.0,0.0
C.Kmet,CHI,2023,14,0,0,0.0,0,0.0,0.0
C.Kmet,CHI,2023,15,0,0,0.0,0,0.0,0.0
C.Kmet,CHI,2023,16,0,0,0.0,0,0.0,0.0
C.Kmet,CHI,2023,18,0,0,0.0,0,0.0,0.0
D.Evans,CHI,2023,6,0,0,0.0,0,0.0,0.0
D.Evans,CHI,2023,7,0,0,0.0,0,0.0,0.0
D.Evans,CHI,2023,8,0,0,0.0,0,0.0,0.0
D.Evans,CHI,2023,9,0,0,0.0,0,0.0,0.0
D.Evans,CHI,2023,10,0,0,0.0,0,0.0,0.0
D.Evans,MIA,2023,12,0,0,0.0,0,0.0,0.0
D.Mooney,CHI,2023,1,0,0,0.0,0,0.0,0.0
D.Mooney,CHI,2023,3,0,0,0.0,0,0.0,0.0
D.Mooney,CHI,2023,4,0,0,0.0,0,0.0,0.0
D.Mooney,CHI,2023,5,0,0,0.0,0,0.0,0.0
D.Mooney,CHI,2023,6,0,0,0.0,0,0.0,0.0
D.Mooney,CHI,2023,7,0,0,0.0,0,0.0,0.0
D.Mooney,CHI,2023,8,0,0,0.0,0,0.0,0.0
D.Mooney,CHI,2023,9,0,0,0.0,0,0.0,0.0
D.Mooney,CHI,2023,10,0,0,0.0,0,0.0,0.0
D.Mooney,CHI,2023,11,0,0,0.0,0,0.0,0.0
D.Mooney,CHI,2023,12,0,0,0.0,0,0.0,0.0
D.Mooney,CHI,2023,14,0,0,0.0,0,0.0,0.0
D.Mooney,CHI,2023,15,0,0,0.0,0,0.0,0.0
D.Mooney,CHI,2023,16,0,0,0.0,0,0.0,0.0
B.Mann,PHI,2023,14,1,1,28.0,0,0.0,0.0
J.Jefferson,MIN,2023,1,0,0,0.0,0,0.0,0.0
J.Jefferson,MIN,2023,2,0,0,0.0,0,0.0,0.0
J.Jefferson,MIN,2023,3,0,0,0.0,0,0.0,0.0
J.Jefferson,MIN,2023,4,0,0,0.0,0,0.0,0.0
J.Jefferson,MIN,2023,5,0,0,0.0,0,0.0,0.0
J.Jefferson,MIN,2023,14,0,0,0.0,0,0.0,0.0
J.Jefferson,MIN,2023,15,0,1,0.0,0,0.0,0.0
J.Jefferson,MIN,2023,16,0,0,0.0,0,0.0,0.0
J.Jefferson,MIN,2023,17,0,0,0.0,0,0.0,0.0
J.Jefferson,MIN,2023,18,0,0,0.0,0,0.0,0.0
C.Claypool,CHI,2023,1,0,0,0.0,0,0.0,0.0
C.Claypool,CHI,2023,2,0,0,0.0,0,0.0,0.0
C.Claypool,CHI,2023,3,0,0,0.0,0,0.0,0.0
C.Claypool,MIA,2023,8,0,0,0.0,0,0.0,0.0
C.Claypool,MIA,2023,15,0,0,0.0,0,0.0,0.0
C.Claypool,MIA,2023,17,0,0,0.0,0,0.0,0.0
C.Claypool,MIA,2023,18,0,0,0.0,0,0.0,0.0
A.Gibson,WAS,2023,1,0,0,0.0,0,0.0,0.0
A.Gibson,WAS,2023,2,0,0,0.0,0,0.0,0.0
A.Gibson,WAS,2023,3,0,0,0.0,0,0.0,0.0
A.Gibson,WAS,2023,4,0,0,0.0,0,0.0,0.0
A.Gibson,WAS,2023,5,0,0,0.0,0,0.0,0.0
A.Gibson,WAS,2023,6,0,0,0.0,0,0.0,0.0
A.Gibson,WAS,2023,7,0,0,0.0,0,0.0,0.0
A.Gibson,WAS,2023,8,0,0,0.0,0,0.0,0.0
A.Gibson,WAS,2023,9,0,0,0.0,0,0.0,0.0
A.Gibson,WAS,2023,10,0,0,0.0,0,0.0,0.0
A.Gibson,WAS,2023,12,0,0,0.0,0,0.0,0.0
A.Gibson,WAS,2023,13,0,0,0.0,0,0.0,0.0
A.Gibson,WAS,2023,15,0,0,0.0,0,0.0,0.0
A.Gibson,WAS,2023,16,0,0,0.0,0,0.0,0.0
A.Gibson,WAS,2023,17,0,0,0.0,0,0.0,0.0
A.Gibson,WAS,2023,18,0,0,0.0,0,0.0,0.0
A.Davis,NYJ,2023,2,0,0,0.0,0,0.0,0.0
A.Davis,NYJ,2023,15,0,0,0.0,0,0.0,0.0
D.Duvernay,BAL,2023,2,0,0,0.0,0,0.0,0.0
D.Duvernay,BAL,2023,3,0,0,0.0,0,0.0,0.0
D.Duvernay,BAL,2023,4,0,0,0.0,0,0.0,0.0
D.Duvernay,BAL,2023,5,0,0,0.0,0,0.0,0.0
D.Duvernay,BAL,2023,9,0,0,0.0,0,0.0,0.0
D.Duvernay,BAL,2023,12,0,0,0.0,0,0.0,0.0
J.Deguara,GB,2023,2,0,0,0.0,0,0.0,0.0
J.Deguara,GB,2023,4,0,0,0.0,0,0.0,0.0
J.Deguara,GB,2023,5,0,0,0.0,0,0.0,0.0
J.Deguara,GB,2023,9,0,0,0.0,0,0.0,0.0
A.McFarland,PIT,2023,1,0,0,0.0,0,0.0,0.0
K.Osborn,MIN,2023,1,0,0,0.0,0,0.0,0.0
K.Osborn,MIN,2023,2,0,0,0.0,0,0.0,0.0
K.Osborn,MIN,2023,3,0,0,0.0,0,0.0,0.0
K.Osborn,MIN,2023,4,0,0,0.0,0,0.0,0.0
K.Osborn,MIN,2023,5,0,0,0.0,0,0.0,0.0
K.Osborn,MIN,2023,6,0,0,0.0,0,0.0,0.0
K.Osborn,MIN,2023,7,0,0,0.0,0,0.0,0.0
K.Osborn,MIN,2023,8,0,0,0.0,0,0.0,0.0
K.Osborn,MIN,2023,9,0,0,0.0,0,0.0,0.0
K.Osborn,MIN,2023,11,0,0,0.0,0,0.0,0.0
K.Osborn,MIN,2023,12,0,0,0.0,0,0.0,0.0
K.Osborn,MIN,2023,14,0,0,0.0,0,0.0,0.0
K.Osborn,MIN,2023,15,0,0,0.0,0,0.0,0.0
K.Osborn,MIN,2023,16,0,0,0.0,0,0.0,0.0
K.Osborn,MIN,2023,18,0,0,0.0,0,0.0,0.0
J.Herbert,LAC,2023,1,23,33,229.0,1,0.0,3.0
J.Herbert,LAC,2023,2,27,41,305.0,2,0.0,3.0
J.Herbert,LAC,2023,3,40,47,405.0,3,0.0,1.0
J.Herbert,LAC,2023,4,13,24,167.0,1,1.0,2.0
J.Herbert,LAC,2023,6,22,37,227.0,2,1.0,1.0
J.Herbert,LAC,2023,7,17,30,259.0,1,2.0,5.0
J.Herbert,LAC,2023,8,31,40,298.0,3,0.0,0.0
J.Herbert,LAC,2023,9,16,30,136.0,0,0.0,5.0
J.Herbert,LAC,2023,10,27,40,323.0,4,1.0,0.0
J.Herbert,LAC,2023,11,21,36,260.0,2,0.0,2.0
J.Herbert,LAC,2023,12,29,44,217.0,1,1.0,3.0
J.Herbert,LAC,2023,13,22,37,212.0,0,0.0,0.0
J.Herbert,LAC,2023,14,9,17,96.0,0,1.0,4.0
C.Lamb,DAL,2023,1,0,0,0.0,0,0.0,0.0
C.Lamb,DAL,2023,2,0,0,0.0,0,0.0,0.0
C.Lamb,DAL,2023,3,0,0,0.0,0,0.0,0.0
C.Lamb,DAL,2023,4,0,0,0.0,0,0.0,0.0
C.Lamb,DAL,2023,5,0,0,0.0,0,0.0,0.0
C.Lamb,DAL,2023,6,0,0,0.0,0,0.0,0.0
C.Lamb,DAL,2023,8,0,0,0.0,0,0.0,0.0
C.Lamb,DAL,2023,9,0,0,0.0,0,0.0,0.0
C.Lamb,DAL,2023,10,0,0,0.0,0,0.0,0.0
C.Lamb,DAL,2023,11,0,0,0.0,0,0.0,0.0
C.Lamb,DAL,2023,12,0,0,0.0,0,0.0,0.0
C.Lamb,DAL,2023,13,0,0,0.0,0,0.0,0.0
C.Lamb,DAL,2023,14,0,0,0.0,0,0.0,0.0
C.Lamb,DAL,2023,15,0,0,0.0,0,0.0,0.0
C.Lamb,DAL,2023,16,0,0,0.0,0,0.0,0.0
C.Lamb,DAL,2023,17,0,0,0.0,0,0.0,0.0
C.Lamb,DAL,2023,18,0,0,0.0,0,0.0,0.0
C.Lamb,DAL,2023,19,0,0,0.0,0,0.0,0.0
C.Edwards-Helaire,KC,2023,1,0,0,0.0,0,0.0,0.0
C.Edwards-Helaire,KC,2023,2,0,0,0.0,0,0.0,0.0
C.Edwards-Helaire,KC,2023,3,0,0,0.0,0,0.0,0.0
C.Edwards-Helaire,KC,2023,4,0,0,0.0,0,0.0,0.0
C.Edwards-Helaire,KC,2023,5,0,0,0.0,0,0.0,0.0
C.Edwards-Helaire,KC,2023,6,0,0,0.0,0,0.0,0.0
C.Edwards-Helaire,KC,2023,7,0,0,0.0,0,0.0,0.0
C.Edwards-Helaire,KC,2023,8,0,0,0.0,0,0.0,0.0
C.Edwards-Helaire,KC,2023,11,0,0,0.0,0,0.0,0.0
C.Edwards-Helaire,KC,2023,12,0,0,0.0,0,0.0,0.0
C.Edwards-Helaire,KC,2023,13,0,0,0.0,0,0.0,0.0
C.Edwards-Helaire,KC,2023,14,0,0,0.0,0,0.0,0.0
C.Edwards-Helaire,KC,2023,15,0,0,0.0,0,0.0,0.0
C.Edwards-Helaire,KC,2023,16,0,0,0.0,0,0.0,0.0
C.Edwards-Helaire,KC,2023,18,0,0,0.0,0,0.0,0.0
C.Edwards-Helaire,KC,2023,19,0,0,0.0,0,0.0,0.0
C.Edwards-Helaire,KC,2023,20,0,0,0.0,0,0.0,0.0
C.Edwards-Helaire,KC,2023,21,0,0,0.0,0,0.0,0.0
C.Edwards-Helaire,KC,2023,22,0,0,0.0,0,0.0,0.0
L.Bowden,NO,2023,4,0,0,0.0,0,0.0,0.0
L.Bowden,NO,2023,10,0,0,0.0,0,0.0,0.0
L.Bowden,NO,2023,12,0,0,0.0,0,0.0,0.0
L.Bowden,NO,2023,13,0,0,0.0,0,0.0,0.0
L.Bowden,NO,2023,14,0,0,0.0,0,0.0,0.0
L.Bowden,NO,2023,15,0,0,0.0,0,0.0,0.0
L.Bowden,NO,2023,17,0,0,0.0,0,0.0,0.0
L.Bowden,NO,2023,18,0,0,0.0,0,0.0,0.0
J.Kelley,LAC,2023,1,0,0,0.0,0,0.0,0.0
J.Kelley,LAC,2023,2,0,0,0.0,0,0.0,0.0
J.Kelley,LAC,2023,3,0,0,0.0,0,0.0,0.0
J.Kelley,LAC,2023,4,0,0,0.0,0,0.0,0.0
J.Kelley,LAC,2023,6,0,0,0.0,0,0.0,0.0
J.Kelley,LAC,2023,7,0,0,0.0,0,0.0,0.0
J.Kelley,LAC,2023,8,0,0,0.0,0,0.0,0.0
J.Kelley,LAC,2023,9,0,0,0.0,0,0.0,0.0
J.Kelley,LAC,2023,10,0,0,0.0,0,0.0,0.0
J.Kelley,LAC,2023,11,0,0,0.0,0,0.0,0.0
J.Kelley,LAC,2023,12,0,0,0.0,0,0.0,0.0
J.Kelley,LAC,2023,13,0,0,0.0,0,0.0,0.0
J.Kelley,LAC,2023,14,0,0,0.0,0,0.0,0.0
J.Kelley,LAC,2023,15,0,0,0.0,0,0.0,0.0
J.Kelley,LAC,2023,16,0,0,0.0,0,0.0,0.0
J.Kelley,LAC,2023,17,0,0,0.0,0,0.0,0.0
J.Kelley,LAC,2023,18,0,0,0.0,0,0.0,0.0
J.Reagor,NE,2023,7,0,0,0.0,0,0.0,0.0
J.Reagor,NE,2023,8,0,0,0.0,0,0.0,0.0
J.Reagor,NE,2023,9,0,0,0.0,0,0.0,0.0
J.Reagor,NE,2023,13,0,0,0.0,0,0.0,0.0
J.Reagor,NE,2023,14,0,0,0.0,0,0.0,0.0
J.Reagor,NE,2023,15,0,0,0.0,0,0.0,0.0
J.Reagor,NE,2023,16,0,0,0.0,0,0.0,0.0
J.Reagor,NE,2023,17,0,0,0.0,0,0.0,0.0
J.Reagor,NE,2023,18,0,0,0.0,0,0.0,0.0
J.Hurts,PHI,2023,1,22,33,170.0,1,0.0,3.0
J.Hurts,PHI,2023,2,18,23,193.0,1,1.0,4.0
J.Hurts,PHI,2023,3,23,37,277.0,1,2.0,1.0
J.Hurts,PHI,2023,4,25,37,319.0,2,0.0,3.0
J.Hurts,PHI,2023,5,25,38,303.0,1,1.0,1.0
J.Hurts,PHI,2023,6,28,45,280.0,1,3.0,2.0
J.Hurts,PHI,2023,7,23,31,279.0,2,1.0,3.0
J.Hurts,PHI,2023,8,29,38,319.0,4,0.0,2.0
J.Hurts,PHI,2023,9,17,23,207.0,2,0.0,3.0
J.Hurts,PHI,2023,11,14,22,150.0,0,1.0,5.0
J.Hurts,PHI,2023,12,18,31,200.0,3,1.0,2.0
J.Hurts,PHI,2023,13,26,45,298.0,1,0.0,3.0
J.Hurts,PHI,2023,14,18,27,197.0,0,0.0,1.0
J.Hurts,PHI,2023,15,17,31,143.0,0,2.0,0.0
J.Hurts,PHI,2023,16,24,38,301.0,1,1.0,1.0
J.Hurts,PHI,2023,17,18,23,167.0,3,1.0,0.0
J.Hurts,PHI,2023,18,7,16,55.0,0,1.0,2.0
J.Hurts,PHI,2023,19,25,35,250.0,1,0.0,3.0
J.Jeudy,DEN,2023,2,0,0,0.0,0,0.0,0.0
J.Jeudy,DEN,2023,3,0,0,0.0,0,0.0,0.0
J.Jeudy,DEN,2023,4,0,0,0.0,0,0.0,0.0
J.Jeudy,DEN,2023,5,0,0,0.0,0,0.0,0.0
J.Jeudy,DEN,2023,6,0,0,0.0,0,0.0,0.0
J.Jeudy,DEN,2023,7,0,0,0.0,0,0.0,0.0
J.Jeudy,DEN,2023,8,0,0,0.0,0,0.0,0.0
J.Jeudy,DEN,2023,10,0,0,0.0,0,0.0,0.0
J.Jeudy,DEN,2023,11,0,0,0.0,0,0.0,0.0
J.Jeudy,DEN,2023,12,0,0,0.0,0,0.0,0.0
J.Jeudy,DEN,2023,13,0,0,0.0,0,0.0,0.0
J.Jeudy,DEN,2023,14,0,0,0.0,0,0.0,0.0
J.Jeudy,DEN,2023,15,0,0,0.0,0,0.0,0.0
J.Jeudy,DEN,2023,16,0,0,0.0,0,0.0,0.0
J.Jeudy,DEN,2023,17,0,0,0.0,0,0.0,0.0
J.Jeudy,DEN,2023,18,0,0,0.0,0,0.0,0.0
T.Higgins,CIN,2023,1,0,0,0.0,0,0.0,0.0
T.Higgins,CIN,2023,2,0,0,0.0,0,0.0,0.0
T.Higgins,CIN,2023,3,0,0,0.0,0,0.0,0.0
T.Higgins,CIN,2023,4,0,0,0.0,0,0.0,0.0
T.Higgins,CIN,2023,6,0,0,0.0,0,0.0,0.0
T.Higgins,CIN,2023,8,0,0,0.0,0,0.0,0.0
T.Higgins,CIN,2023,9,0,0,0.0,0,0.0,0.0
T.Higgins,CIN,2023,13,0,0,0.0,0,0.0,0.0
T.Higgins,CIN,2023,14,0,0,0.0,0,0.0,0.0
T.Higgins,CIN,2023,15,0,0,0.0,0,0.0,0.0
T.Higgins,CIN,2023,16,0,0,0.0,0,0.0,0.0
T.Higgins,CIN,2023,17,0,0,0.0,0,0.0,0.0
C.Akers,LA,2023,1,0,0,0.0,0,0.0,0.0
C.Akers,MIN,2023,4,0,0,0.0,0,0.0,0.0
C.Akers,MIN,2023,5,0,0,0.0,0,0.0,0.0
C.Akers,MIN,2023,6,0,0,0.0,0,0.0,0.0
C.Akers,MIN,2023,7,0,0,0.0,0,0.0,0.0
C.Akers,MIN,2023,8,0,0,0.0,0,0.0,0.0
C.Akers,MIN,2023,9,0,0,0.0,0,0.0,1.0
V.Jefferson,LA,2023,1,0,0,0.0,0,0.0,0.0
V.Jefferson,LA,2023,2,0,0,0.0,0,0.0,0.0
V.Jefferson,LA,2023,3,0,0,0.0,0,0.0,0.0
V.Jefferson,LA,2023,4,0,0,0.0,0,0.0,0.0
V.Jefferson,ATL,2023,6,0,0,0.0,0,0.0,0.0
V.Jefferson,ATL,2023,7,0,0,0.0,0,0.0,0.0
V.Jefferson,ATL,2023,8,0,0,0.0,0,0.0,0.0
V.Jefferson,ATL,2023,9,0,0,0.0,0,0.0,0.0
V.Jefferson,ATL,2023,10,0,0,0.0,0,0.0,0.0
V.Jefferson,ATL,2023,12,0,0,0.0,0,0.0,0.0
V.Jefferson,ATL,2023,15,0,0,0.0,0,0.0,0.0
V.Jefferson,ATL,2023,16,0,0,0.0,0,0.0,0.0
V.Jefferson,ATL,2023,17,0,0,0.0,0,0.0,0.0
V.Jefferson,ATL,2023,18,0,0,0.0,0,0.0,0.0
A.Trautman,DEN,2023,1,0,0,0.0,0,0.0,0.0
A.Trautman,DEN,2023,2,0,0,0.0,0,0.0,0.0
A.Trautman,DEN,2023,3,0,0,0.0,0,0.0,0.0
A.Trautman,DEN,2023,4,0,0,0.0,0,0.0,0.0
A.Trautman,DEN,2023,5,0,0,0.0,0,0.0,0.0
A.Trautman,DEN,2023,6,0,0,0.0,0,0.0,0.0
A.Trautman,DEN,2023,7,0,0,0.0,0,0.0,0.0
A.Trautman,DEN,2023,10,0,0,0.0,0,0.0,0.0
A.Trautman,DEN,2023,11,0,0,0.0,0,0.0,0.0
A.Trautman,DEN,2023,12,0,0,0.0,0,0.0,0.0
A.Trautman,DEN,2023,13,0,0,0.0,0,0.0,0.0
A.Trautman,DEN,2023,14,0,0,0.0,0,0.0,0.0
A.Trautman,DEN,2023,15,0,0,0.0,0,0.0,0.0
A.Trautman,DEN,2023,16,0,0,0.0,0,0.0,0.0
A.Trautman,DEN,2023,17,0,0,0.0,0,0.0,0.0
A.Trautman,DEN,2023,18,0,0,0.0,0,0.0,0.0
A.Okwuegbunam,PHI,2023,13,0,0,0.0,0,0.0,0.0
B.Hopkins,LA,2023,1,0,0,0.0,0,0.0,0.0
B.Hopkins,LA,2023,4,0,0,0.0,0,0.0,0.0
B.Hopkins,LA,2023,7,0,0,0.0,0,0.0,0.0
B.Hopkins,LA,2023,18,0,0,0.0,0,0.0,0.0
D.Dallas,SEA,2023,1,0,0,0.0,0,0.0,0.0
D.Dallas,SEA,2023,2,0,0,0.0,0,0.0,0.0
D.Dallas,SEA,2023,3,0,0,0.0,0,0.0,0.0
D.Dallas,SEA,2023,4,0,0,0.0,0,0.0,0.0
D.Dallas,SEA,2023,6,0,0,0.0,0,0.0,0.0
D.Dallas,SEA,2023,7,0,0,0.0,0,0.0,0.0
D.Dallas,SEA,2023,11,0,0,0.0,0,0.0,0.0
D.Dallas,SEA,2023,12,0,0,0.0,0,0.0,0.0
D.Dallas,SEA,2023,13,0,0,0.0,0,0.0,1.0
D.Dallas,SEA,2023,16,0,0,0.0,0,0.0,0.0
T.Johnson,LA,2023,18,0,0,0.0,0,0.0,0.0
C.Woerner,SF,2023,12,0,0,0.0,0,0.0,0.0
C.Woerner,SF,2023,14,0,0,0.0,0,0.0,0.0
C.Woerner,SF,2023,18,0,0,0.0,0,0.0,0.0
S.Sullivan,CAR,2023,8,0,0,0.0,0,0.0,0.0
S.Sullivan,CAR,2023,9,0,0,0.0,0,0.0,0.0
S.Sullivan,CAR,2023,11,0,0,0.0,0,0.0,0.0
S.Sullivan,CAR,2023,12,0,0,0.0,0,0.0,0.0
S.Sullivan,CAR,2023,13,0,0,0.0,0,0.0,0.0
S.Sullivan,CAR,2023,14,0,0,0.0,0,0.0,0.0
S.Sullivan,CAR,2023,15,0,0,0.0,0,0.0,0.0
S.Sullivan,CAR,2023,16,0,0,0.0,0,0.0,0.0
S.Sullivan,CAR,2023,17,0,0,0.0,0,0.0,0.0
S.Sullivan,CAR,2023,18,0,0,0.0,0,0.0,0.0
J.Burrow,CIN,2023,1,14,31,82.0,0,0.0,2.0
J.Burrow,CIN,2023,2,27,41,222.0,2,1.0,1.0
J.Burrow,CIN,2023,3,26,49,259.0,0,1.0,2.0
J.Burrow,CIN,2023,4,20,30,165.0,0,0.0,3.0
J.Burrow,CIN,2023,5,36,46,317.0,3,1.0,3.0
J.Burrow,CIN,2023,6,24,35,185.0,2,1.0,3.0
J.Burrow,CIN,2023,8,28,32,283.0,3,0.0,3.0
J.Burrow,CIN,2023,9,31,44,348.0,2,0.0,1.0
J.Burrow,CIN,2023,10,27,40,347.0,2,2.0,4.0
J.Burrow,CIN,2023,11,11,17,101.0,1,0.0,2.0
K.Vaughn,TB,2023,4,0,0,0.0,0,0.0,0.0
K.Vaughn,TB,2023,6,0,0,0.0,0,0.0,0.0
K.Vaughn,TB,2023,7,0,0,0.0,0,0.0,0.0
K.Vaughn,TB,2023,8,0,0,0.0,0,0.0,0.0
K.Vaughn,TB,2023,9,0,0,0.0,0,0.0,0.0
M.Strachan,CAR,2023,10,0,0,0.0,0,0.0,0.0
M.Strachan,CAR,2023,13,0,0,0.0,0,0.0,0.0
D.Jackson,IND,2023,1,0,0,0.0,0,0.0,0.0
D.Jackson,NYG,2023,9,0,0,0.0,0,0.0,0.0
T.Jones,JAX,2023,3,0,0,0.0,0,0.0,0.0
T.Jones,JAX,2023,4,0,0,0.0,0,0.0,0.0
T.Jones,JAX,2023,5,0,0,0.0,0,0.0,0.0
T.Jones,JAX,2023,7,0,0,0.0,0,0.0,0.0
T.Jones,JAX,2023,10,0,0,0.0,0,0.0,0.0
T.Jones,JAX,2023,13,0,0,0.0,0,0.0,0.0
T.Jones,JAX,2023,16,0,0,0.0,0,0.0,0.0
T.Jones,JAX,2023,17,0,0,0.0,0,0.0,0.0
T.Jones,JAX,2023,18,0,0,0.0,0,0.0,0.0
B.Echols,NYJ,2023,11,0,0,0.0,0,0.0,0.0
K.Yeboah,NYJ,2023,16,0,0,0.0,0,0.0,0.0
K.Yeboah,NYJ,2023,17,0,0,0.0,0,0.0,0.0
R.Bateman,BAL,2023,1,0,0,0.0,0,0.0,0.0
R.Bateman,BAL,2023,2,0,0,0.0,0,0.0,0.0
R.Bateman,BAL,2023,3,0,0,0.0,0,0.0,0.0
R.Bateman,BAL,2023,5,0,0,0.0,0,0.0,0.0
R.Bateman,BAL,2023,6,0,0,0.0,0,0.0,0.0
R.Bateman,BAL,2023,7,0,0,0.0,0,0.0,0.0
R.Bateman,BAL,2023,8,0,0,0.0,0,0.0,0.0
R.Bateman,BAL,2023,9,0,0,0.0,0,0.0,0.0
R.Bateman,BAL,2023,10,0,0,0.0,0,0.0,0.0
R.Bateman,BAL,2023,11,0,0,0.0,0,0.0,0.0
R.Bateman,BAL,2023,12,0,0,0.0,0,0.0,0.0
R.Bateman,BAL,2023,14,0,0,0.0,0,0.0,0.0
R.Bateman,BAL,2023,15,0,0,0.0,0,0.0,0.0
R.Bateman,BAL,2023,16,0,0,0.0,0,0.0,0.0
R.Bateman,BAL,2023,17,0,0,0.0,0,0.0,0.0
R.Bateman,BAL,2023,20,0,0,0.0,0,0.0,0.0
R.Bateman,BAL,2023,21,0,0,0.0,0,0.0,0.0
N.Collins,HOU,2023,1,0,0,0.0,0,0.0,0.0
N.Collins,HOU,2023,2,0,0,0.0,0,0.0,0.0
N.Collins,HOU,2023,3,0,0,0.0,0,0.0,0.0
N.Collins,HOU,2023,4,0,0,0.0,0,0.0,0.0
N.Collins,HOU,2023,5,0,0,0.0,0,0.0,0.0
N.Collins,HOU,2023,6,0,0,0.0,0,0.0,0.0
N.Collins,HOU,2023,8,0,0,0.0,0,0.0,0.0
N.Collins,HOU,2023,9,0,0,0.0,0,0.0,0.0
N.Collins,HOU,2023,11,0,0,0.0,0,0.0,0.0
N.Collins,HOU,2023,12,0,0,0.0,0,0.0,0.0
N.Collins,HOU,2023,13,0,0,0.0,0,0.0,0.0
N.Collins,HOU,2023,14,0,0,0.0,0,0.0,0.0
N.Collins,HOU,2023,16,0,0,0.0,0,0.0,0.0
N.Collins,HOU,2023,17,0,0,0.0,0,0.0,0.0
N.Collins,HOU,2023,18,0,0,0.0,0,0.0,0.0
N.Collins,HOU,2023,19,0,0,0.0,0,0.0,0.0
N.Collins,HOU,2023,20,0,0,0.0,0,0.0,0.0
C.Hubbard,CAR,2023,1,0,0,0.0,0,0.0,0.0
C.Hubbard,CAR,2023,2,0,0,0.0,0,0.0,0.0
C.Hubbard,CAR,2023,3,0,0,0.0,0,0.0,0.0
C.Hubbard,CAR,2023,4,0,0,0.0,0,0.0,0.0
C.Hubbard,CAR,2023,5,0,0,0.0,0,0.0,0.0
C.Hubbard,CAR,2023,6,0,0,0.0,0,0.0,0.0
C.Hubbard,CAR,2023,8,0,0,0.0,0,0.0,0.0
C.Hubbard,CAR,2023,9,0,0,0.0,0,0.0,0.0
C.Hubbard,CAR,2023,10,0,0,0.0,0,0.0,0.0
C.Hubbard,CAR,2023,11,0,0,0.0,0,0.0,0.0
C.Hubbard,CAR,2023,12,0,0,0.0,0,0.0,0.0
C.Hubbard,CAR,2023,13,0,0,0.0,0,0.0,0.0
C.Hubbard,CAR,2023,14,0,0,0.0,0,0.0,0.0
C.Hubbard,CAR,2023,15,0,0,0.0,0,0.0,0.0
C.Hubbard,CAR,2023,16,0,0,0.0,0,0.0,0.0
C.Hubbard,CAR,2023,17,0,0,0.0,0,0.0,0.0
C.Hubbard,CAR,2023,18,0,0,0.0,0,0.0,0.0
B.Jordan,HOU,2023,2,0,0,0.0,0,0.0,0.0
B.Jordan,HOU,2023,3,0,0,0.0,0,0.0,0.0
B.Jordan,HOU,2023,6,0,0,0.0,0,0.0,0.0
B.Jordan,HOU,2023,12,0,0,0.0,0,0.0,0.0
B.Jordan,HOU,2023,13,0,0,0.0,0,0.0,0.0
B.Jordan,HOU,2023,14,0,0,0.0,0,0.0,0.0
B.Jordan,HOU,2023,15,0,0,0.0,0,0.0,0.0
B.Jordan,HOU,2023,16,0,0,0.0,0,0.0,0.0
B.Jordan,HOU,2023,17,0,0,0.0,0,0.0,0.0
B.Jordan,HOU,2023,19,0,0,0.0,0,0.0,0.0
B.Jordan,HOU,2023,20,0,0,0.0,0,0.0,0.0
E.Mitchell,SF,2023,1,0,0,0.0,0,0.0,0.0
E.Mitchell,SF,2023,3,0,0,0.0,0,0.0,0.0
E.Mitchell,SF,2023,6,0,0,0.0,0,0.0,0.0
E.Mitchell,SF,2023,7,0,0,0.0,0,0.0,0.0
E.Mitchell,SF,2023,8,0,0,0.0,0,0.0,0.0
E.Mitchell,SF,2023,10,0,0,0.0,0,0.0,0.0
E.Mitchell,SF,2023,11,0,0,0.0,0,0.0,0.0
E.Mitchell,SF,2023,12,0,0,0.0,0,0.0,0.0
E.Mitchell,SF,2023,13,0,0,0.0,0,0.0,0.0
E.Mitchell,SF,2023,17,0,0,0.0,0,0.0,0.0
E.Mitchell,SF,2023,18,0,0,0.0,0,0.0,0.0
E.Mitchell,SF,2023,21,0,0,0.0,0,0.0,0.0
E.Mitchell,SF,2023,22,0,0,0.0,0,0.0,0.0
G.Brightwell,NYG,2023,1,0,0,0.0,0,0.0,0.0
G.Brightwell,NYG,2023,3,0,0,0.0,0,0.0,0.0
G.Brightwell,NYG,2023,4,0,0,0.0,0,0.0,0.0
Q.Morris,BUF,2023,6,0,0,0.0,0,0.0,0.0
Q.Morris,BUF,2023,11,0,0,0.0,0,0.0,0.0
J.Waddle,MIA,2023,1,0,0,0.0,0,0.0,0.0
J.Waddle,MIA,2023,2,0,0,0.0,0,0.0,0.0
J.Waddle,MIA,2023,4,0,0,0.0,0,0.0,0.0
J.Waddle,MIA,2023,5,0,0,0.0,0,0.0,0.0
J.Waddle,MIA,2023,6,0,0,0.0,0,0.0,0.0
J.Waddle,MIA,2023,7,0,0,0.0,0,0.0,0.0
J.Waddle,MIA,2023,8,0,0,0.0,0,0.0,0.0
J.Waddle,MIA,2023,9,0,0,0.0,0,0.0,0.0
J.Waddle,MIA,2023,11,0,0,0.0,0,0.0,0.0
J.Waddle,MIA,2023,12,0,0,0.0,0,0.0,0.0
J.Waddle,MIA,2023,13,0,0,0.0,0,0.0,0.0
J.Waddle,MIA,2023,14,0,0,0.0,0,0.0,0.0
J.Waddle,MIA,2023,15,0,0,0.0,0,0.0,0.0
J.Waddle,MIA,2023,16,0,0,0.0,0,0.0,0.0
J.Waddle,MIA,2023,19,0,0,0.0,0,0.0,0.0
D.Eskridge,SEA,2023,8,0,0,0.0,0,0.0,0.0
D.Eskridge,SEA,2023,11,0,0,0.0,0,0.0,0.0
D.Eskridge,SEA,2023,12,0,0,0.0,0,0.0,0.0
D.Brown,WAS,2023,2,0,0,0.0,0,0.0,0.0
D.Brown,WAS,2023,3,0,0,0.0,0,0.0,0.0
D.Brown,WAS,2023,4,0,0,0.0,0,0.0,0.0
D.Brown,WAS,2023,5,0,0,0.0,0,0.0,0.0
D.Brown,WAS,2023,6,0,0,0.0,0,0.0,0.0
D.Brown,WAS,2023,8,0,0,0.0,0,0.0,0.0
D.Brown,WAS,2023,9,0,0,0.0,0,0.0,0.0
D.Brown,WAS,2023,10,0,0,0.0,0,0.0,0.0
D.Brown,WAS,2023,11,0,0,0.0,0,0.0,0.0
D.Brown,WAS,2023,12,0,0,0.0,0,0.0,0.0
D.Brown,WAS,2023,13,0,0,0.0,0,0.0,0.0
D.Brown,WAS,2023,15,0,0,0.0,0,0.0,0.0
D.Brown,WAS,2023,18,1,1,4.0,0,0.0,0.0
J.Bates,WAS,2023,2,0,0,0.0,0,0.0,0.0
J.Bates,WAS,2023,3,0,0,0.0,0,0.0,0.0
J.Bates,WAS,2023,4,0,0,0.0,0,0.0,0.0
J.Bates,WAS,2023,5,0,0,0.0,0,0.0,0.0
J.Bates,WAS,2023,7,0,0,0.0,0,0.0,0.0
J.Bates,WAS,2023,8,0,0,0.0,0,0.0,0.0
J.Bates,WAS,2023,9,0,0,0.0,0,0.0,0.0
J.Bates,WAS,2023,10,0,0,0.0,0,0.0,0.0
J.Bates,WAS,2023,11,0,0,0.0,0,0.0,0.0
J.Bates,WAS,2023,13,0,0,0.0,0,0.0,0.0
J.Bates,WAS,2023,15,0,0,0.0,0,0.0,0.0
J.Bates,WAS,2023,16,0,0,0.0,0,0.0,0.0
J.Bates,WAS,2023,17,0,0,0.0,0,0.0,0.0
J.Bates,WAS,2023,18,0,0,0.0,0,0.0,0.0
T.Wallace,BAL,2023,14,0,0,0.0,0,0.0,0.0
T.Wallace,BAL,2023,18,0,0,0.0,0,0.0,0.0
I.Smith-Marsette,CAR,2023,10,0,0,0.0,0,0.0,0.0
I.Smith-Marsette,CAR,2023,12,0,0,0.0,0,0.0,0.0
I.Smith-Marsette,CAR,2023,14,0,0,0.0,0,0.0,0.0
I.Smith-Marsette,CAR,2023,15,0,0,0.0,0,0.0,0.0
I.Smith-Marsette,CAR,2023,16,0,0,0.0,0,0.0,0.0
I.Smith-Marsette,CAR,2023,17,0,0,0.0,0,0.0,0.0
I.Smith-Marsette,CAR,2023,18,0,0,0.0,0,0.0,0.0
N.Gray,KC,2023,1,0,0,0.0,0,0.0,0.0
N.Gray,KC,2023,2,0,0,0.0,0,0.0,0.0
N.Gray,KC,2023,3,0,0,0.0,0,0.0,0.0
N.Gray,KC,2023,4,0,0,0.0,0,0.0,0.0
N.Gray,KC,2023,5,0,0,0.0,0,0.0,0.0
N.Gray,KC,2023,6,0,0,0.0,0,0.0,0.0
N.Gray,KC,2023,7,0,0,0.0,0,0.0,0.0
N.Gray,KC,2023,8,0,0,0.0,0,0.0,0.0
N.Gray,KC,2023,9,0,0,0.0,0,0.0,0.0
N.Gray,KC,2023,11,0,0,0.0,0,0.0,0.0
N.Gray,KC,2023,12,0,0,0.0,0,0.0,0.0
N.Gray,KC,2023,13,0,0,0.0,0,0.0,0.0
N.Gray,KC,2023,15,0,0,0.0,0,0.0,0.0
N.Gray,KC,2023,16,0,0,0.0,0,0.0,0.0
N.Gray,KC,2023,17,0,0,0.0,0,0.0,0.0
N.Gray,KC,2023,18,0,0,0.0,0,0.0,0.0
N.Gray,KC,2023,19,0,0,0.0,0,0.0,0.0
N.Gray,KC,2023,20,0,0,0.0,0,0.0,0.0
N.Gray,KC,2023,21,0,0,0.0,0,0.0,0.0
N.Gray,KC,2023,22,0,0,0.0,0,0.0,0.0
S.Fehoko,LAC,2023,8,0,0,0.0,0,0.0,0.0
N.Niemann,LAC,2023,17,0,0,0.0,0,0.0,0.0
G.Stuard,IND,2023,13,0,0,0.0,0,0.0,0.0
A.Prentice,NO,2023,4,0,0,0.0,0,0.0,0.0
A.Prentice,NO,2023,17,0,0,0.0,0,0.0,0.0
J.Stoll,PHI,2023,3,0,0,0.0,0,0.0,0.0
J.Stoll,PHI,2023,5,0,0,0.0,0,0.0,0.0
J.Stoll,PHI,2023,11,0,0,0.0,0,0.0,0.0
J.Stoll,PHI,2023,12,0,0,0.0,0,0.0,0.0
J.Stoll,PHI,2023,18,0,0,0.0,0,0.0,0.0
B.Wright,DET,2023,1,0,0,0.0,0,0.0,0.0
B.Wright,DET,2023,5,0,0,0.0,0,0.0,0.0
B.Wright,DET,2023,6,0,0,0.0,0,0.0,0.0
B.Wright,DET,2023,8,0,0,0.0,0,0.0,0.0
B.Wright,DET,2023,10,0,0,0.0,0,0.0,0.0
B.Wright,DET,2023,12,0,0,0.0,0,0.0,0.0
B.Wright,DET,2023,13,0,0,0.0,0,0.0,0.0
B.Wright,DET,2023,14,0,0,0.0,0,0.0,0.0
B.Wright,DET,2023,20,0,0,0.0,0,0.0,0.0
A.Trammell,LA,2023,9,0,0,0.0,0,0.0,0.0
A.Trammell,LA,2023,11,0,0,0.0,0,0.0,0.0
K.Nwangwu,MIN,2023,10,0,0,0.0,0,0.0,0.0
K.Nwangwu,MIN,2023,14,0,0,0.0,0,0.0,0.0
K.Nwangwu,MIN,2023,15,0,0,0.0,0,0.0,0.0
T.Atwell,LA,2023,1,0,0,0.0,0,0.0,0.0
T.Atwell,LA,2023,2,0,0,0.0,0,0.0,0.0
T.Atwell,LA,2023,3,0,0,0.0,0,0.0,0.0
T.Atwell,LA,2023,4,0,0,0.0,0,0.0,0.0
T.Atwell,LA,2023,5,0,0,0.0,0,0.0,0.0
T.Atwell,LA,2023,6,0,0,0.0,0,0.0,0.0
T.Atwell,LA,2023,7,0,0,0.0,0,0.0,0.0
T.Atwell,LA,2023,8,0,0,0.0,0,0.0,0.0
T.Atwell,LA,2023,9,0,0,0.0,0,0.0,0.0
T.Atwell,LA,2023,11,0,0,0.0,0,0.0,0.0
T.Atwell,LA,2023,12,0,0,0.0,0,0.0,0.0
T.Atwell,LA,2023,13,0,0,0.0,0,0.0,0.0
T.Atwell,LA,2023,14,0,0,0.0,0,0.0,0.0
T.Atwell,LA,2023,18,0,0,0.0,0,0.0,0.0
T.Atwell,LA,2023,19,0,0,0.0,0,0.0,0.0
C.Evans,CIN,2023,1,0,0,0.0,0,0.0,0.0
J.Funk,IND,2023,1,0,0,0.0,0,0.0,0.0
B.Skowronek,LA,2023,1,0,0,0.0,0,0.0,0.0
B.Skowronek,LA,2023,2,0,0,0.0,0,0.0,0.0
B.Skowronek,LA,2023,3,0,0,0.0,0,0.0,0.0
B.Skowronek,LA,2023,5,0,0,0.0,0,0.0,0.0
B.Skowronek,LA,2023,8,0,0,0.0,0,0.0,0.0
B.Skowronek,LA,2023,9,0,0,0.0,0,0.0,0.0
B.Skowronek,LA,2023,12,0,0,0.0,0,0.0,0.0
B.Skowronek,LA,2023,13,0,0,0.0,0,0.0,0.0
B.Skowronek,LA,2023,18,0,0,0.0,0,0.0,0.0
B.Skowronek,LA,2023,19,0,0,0.0,0,0.0,0.0
R.Stevenson,NE,2023,1,0,0,0.0,0,0.0,0.0
R.Stevenson,NE,2023,2,0,0,0.0,0,0.0,0.0
R.Stevenson,NE,2023,3,0,0,0.0,0,0.0,0.0
R.Stevenson,NE,2023,4,0,0,0.0,0,0.0,0.0
R.Stevenson,NE,2023,5,0,0,0.0,0,0.0,0.0
R.Stevenson,NE,2023,6,0,0,0.0,0,0.0,0.0
R.Stevenson,NE,2023,7,0,0,0.0,0,0.0,0.0
R.Stevenson,NE,2023,8,0,0,0.0,0,0.0,0.0
R.Stevenson,NE,2023,9,0,0,0.0,0,0.0,0.0
R.Stevenson,NE,2023,10,0,0,0.0,0,0.0,0.0
R.Stevenson,NE,2023,12,0,0,0.0,0,0.0,0.0
R.Stevenson,NE,2023,13,0,0,0.0,0,0.0,0.0
K.Granson,IND,2023,1,0,0,0.0,0,0.0,0.0
K.Granson,IND,2023,2,0,0,0.0,0,0.0,0.0
K.Granson,IND,2023,3,0,0,0.0,0,0.0,0.0
K.Granson,IND,2023,4,0,0,0.0,0,0.0,0.0
K.Granson,IND,2023,5,0,0,0.0,0,0.0,0.0
K.Granson,IND,2023,6,0,0,0.0,0,0.0,0.0
K.Granson,IND,2023,9,0,0,0.0,0,0.0,0.0
K.Granson,IND,2023,10,0,0,0.0,0,0.0,0.0
K.Granson,IND,2023,12,0,0,0.0,0,0.0,0.0
K.Granson,IND,2023,13,0,0,0.0,0,0.0,0.0
K.Granson,IND,2023,14,0,0,0.0,0,0.0,0.0
K.Granson,IND,2023,15,0,0,0.0,0,0.0,0.0
K.Granson,IND,2023,16,0,0,0.0,0,0.0,0.0
K.Granson,IND,2023,17,0,0,0.0,0,0.0,0.0
K.Granson,IND,2023,18,0,0,0.0,0,0.0,0.0
L.Farrell,JAX,2023,3,0,0,0.0,0,0.0,0.0
L.Farrell,JAX,2023,4,0,0,0.0,0,0.0,0.0
L.Farrell,JAX,2023,5,0,0,0.0,0,0.0,0.0
L.Farrell,JAX,2023,8,0,0,0.0,0,0.0,0.0
L.Farrell,JAX,2023,11,0,0,0.0,0,0.0,0.0
L.Farrell,JAX,2023,12,0,0,0.0,0,0.0,0.0
L.Farrell,JAX,2023,13,0,0,0.0,0,0.0,0.0
L.Farrell,JAX,2023,15,0,0,0.0,0,0.0,0.0
L.Farrell,JAX,2023,17,0,0,0.0,0,0.0,0.0
D.Hamlin,BUF,2023,20,0,0,0.0,0,0.0,0.0
N.Harris,PIT,2023,1,0,0,0.0,0,0.0,0.0
N.Harris,PIT,2023,2,0,0,0.0,0,0.0,0.0
N.Harris,PIT,2023,3,0,0,0.0,0,0.0,0.0
N.Harris,PIT,2023,4,0,0,0.0,0,0.0,0.0
N.Harris,PIT,2023,5,0,0,0.0,0,0.0,0.0
N.Harris,PIT,2023,7,0,0,0.0,0,0.0,0.0
N.Harris,PIT,2023,8,0,0,0.0,0,0.0,0.0
N.Harris,PIT,2023,9,0,0,0.0,0,0.0,0.0
N.Harris,PIT,2023,10,0,0,0.0,0,0.0,0.0
N.Harris,PIT,2023,11,0,0,0.0,0,0.0,0.0
N.Harris,PIT,2023,12,0,0,0.0,0,0.0,0.0
N.Harris,PIT,2023,13,0,0,0.0,0,0.0,0.0
N.Harris,PIT,2023,14,0,0,0.0,0,0.0,0.0
N.Harris,PIT,2023,15,0,0,0.0,0,0.0,0.0
N.Harris,PIT,2023,16,0,0,0.0,0,0.0,0.0
N.Harris,PIT,2023,17,0,0,0.0,0,0.0,0.0
N.Harris,PIT,2023,18,0,0,0.0,0,0.0,0.0
N.Harris,PIT,2023,19,0,0,0.0,0,0.0,0.0
P.Freiermuth,PIT,2023,1,0,0,0.0,0,0.0,0.0
P.Freiermuth,PIT,2023,2,0,0,0.0,0,0.0,0.0
P.Freiermuth,PIT,2023,3,0,0,0.0,0,0.0,0.0
P.Freiermuth,PIT,2023,4,0,0,0.0,0,0.0,0.0
P.Freiermuth,PIT,2023,11,0,0,0.0,0,0.0,0.0
P.Freiermuth,PIT,2023,12,0,0,0.0,0,0.0,0.0
P.Freiermuth,PIT,2023,13,0,0,0.0,0,0.0,0.0
P.Freiermuth,PIT,2023,14,0,0,0.0,0,0.0,0.0
P.Freiermuth,PIT,2023,15,0,0,0.0,0,0.0,0.0
P.Freiermuth,PIT,2023,17,0,0,0.0,0,0.0,0.0
P.Freiermuth,PIT,2023,18,0,0,0.0,0,0.0,0.0
P.Freiermuth,PIT,2023,19,0,0,0.0,0,0.0,0.0
D.Mills,HOU,2023,11,1,1,2.0,0,0.0,0.0
D.Mills,HOU,2023,13,1,1,18.0,0,0.0,0.0
D.Mills,HOU,2023,14,1,5,4.0,0,0.0,1.0
D.Mills,HOU,2023,15,0,0,0.0,0,0.0,1.0
D.Mills,HOU,2023,16,15,32,149.0,2,0.0,0.0
D.Mills,HOU,2023,19,1,1,6.0,0,0.0,0.0
J.Chase,CIN,2023,1,0,0,0.0,0,0.0,0.0
J.Chase,CIN,2023,2,0,0,0.0,0,0.0,0.0
J.Chase,CIN,2023,3,0,0,0.0,0,0.0,0.0
J.Chase,CIN,2023,4,0,0,0.0,0,0.0,0.0
J.Chase,CIN,2023,5,0,0,0.0,0,0.0,0.0
J.Chase,CIN,2023,6,0,0,0.0,0,0.0,0.0
J.Chase,CIN,2023,8,0,0,0.0,0,0.0,0.0
J.Chase,CIN,2023,9,0,0,0.0,0,0.0,0.0
J.Chase,CIN,2023,10,0,0,0.0,0,0.0,0.0
J.Chase,CIN,2023,11,0,0,0.0,0,0.0,0.0
J.Chase,CIN,2023,12,0,0,0.0,0,0.0,0.0
J.Chase,CIN,2023,13,1,1,-7.0,0,0.0,0.0
J.Chase,CIN,2023,14,0,0,0.0,0,0.0,0.0
J.Chase,CIN,2023,15,0,0,0.0,0,0.0,0.0
J.Chase,CIN,2023,17,0,0,0.0,0,0.0,0.0
J.Chase,CIN,2023,18,0,0,0.0,0,0.0,0.0
K.Herbert,CHI,2023,1,0,0,0.0,0,0.0,0.0
K.Herbert,CHI,2023,2,0,0,0.0,0,0.0,0.0
K.Herbert,CHI,2023,3,0,0,0.0,0,0.0,0.0
K.Herbert,CHI,2023,4,0,0,0.0,0,0.0,0.0
K.Herbert,CHI,2023,5,0,0,0.0,0,0.0,0.0
K.Herbert,CHI,2023,11,0,0,0.0,0,0.0,0.0
K.Herbert,CHI,2023,12,0,0,0.0,0,0.0,0.0
K.Herbert,CHI,2023,14,0,0,0.0,0,0.0,0.0
K.Herbert,CHI,2023,15,0,0,0.0,0,0.0,0.0
K.Herbert,CHI,2023,16,0,0,0.0,0,0.0,0.0
K.Herbert,CHI,2023,17,0,0,0.0,0,0.0,0.0
K.Herbert,CHI,2023,18,0,0,0.0,0,0.0,0.0
D.Smith,PHI,2023,1,0,0,0.0,0,0.0,0.0
D.Smith,PHI,2023,2,0,0,0.0,0,0.0,0.0
D.Smith,PHI,2023,3,0,0,0.0,0,0.0,0.0
D.Smith,PHI,2023,4,0,0,0.0,0,0.0,0.0
D.Smith,PHI,2023,5,0,0,0.0,0,0.0,0.0
D.Smith,PHI,2023,6,0,0,0.0,0,0.0,0.0
D.Smith,PHI,2023,7,0,0,0.0,0,0.0,0.0
D.Smith,PHI,2023,8,0,0,0.0,0,0.0,0.0
D.Smith,PHI,2023,9,0,0,0.0,0,0.0,0.0
D.Smith,PHI,2023,11,0,0,0.0,0,0.0,0.0
D.Smith,PHI,2023,12,0,0,0.0,0,0.0,0.0
D.Smith,PHI,2023,13,0,0,0.0,0,0.0,0.0
D.Smith,PHI,2023,14,0,0,0.0,0,0.0,0.0
D.Smith,PHI,2023,15,0,0,0.0,0,0.0,0.0
D.Smith,PHI,2023,16,0,0,0.0,0,0.0,0.0
D.Smith,PHI,2023,17,0,0,0.0,0,0.0,0.0
D.Smith,PHI,2023,19,0,0,0.0,0,0.0,0.0
K.Toney,KC,2023,1,0,0,0.0,0,0.0,0.0
K.Toney,KC,2023,2,0,0,0.0,0,0.0,0.0
K.Toney,KC,2023,3,0,0,0.0,0,0.0,0.0
K.Toney,KC,2023,4,0,0,0.0,0,0.0,0.0
K.Toney,KC,2023,5,0,0,0.0,0,0.0,0.0
K.Toney,KC,2023,6,0,1,0.0,0,0.0,0.0
K.Toney,KC,2023,7,0,0,0.0,0,0.0,0.0
K.Toney,KC,2023,8,0,0,0.0,0,0.0,0.0
K.Toney,KC,2023,9,0,0,0.0,0,0.0,0.0
K.Toney,KC,2023,11,0,0,0.0,0,0.0,0.0
K.Toney,KC,2023,13,0,0,0.0,0,0.0,0.0
K.Toney,KC,2023,14,0,0,0.0,0,0.0,0.0
K.Toney,KC,2023,15,0,0,0.0,0,0.0,0.0
K.Gainwell,PHI,2023,1,0,0,0.0,0,0.0,0.0
K.Gainwell,PHI,2023,3,0,0,0.0,0,0.0,0.0
K.Gainwell,PHI,2023,4,0,0,0.0,0,0.0,0.0
K.Gainwell,PHI,2023,5,0,0,0.0,0,0.0,0.0
K.Gainwell,PHI,2023,6,0,0,0.0,0,0.0,0.0
K.Gainwell,PHI,2023,7,0,0,0.0,0,0.0,0.0
K.Gainwell,PHI,2023,8,0,0,0.0,0,0.0,0.0
K.Gainwell,PHI,2023,9,0,0,0.0,0,0.0,0.0
K.Gainwell,PHI,2023,11,0,0,0.0,0,0.0,0.0
K.Gainwell,PHI,2023,12,0,0,0.0,0,0.0,0.0
K.Gainwell,PHI,2023,13,0,0,0.0,0,0.0,0.0
K.Gainwell,PHI,2023,14,0,0,0.0,0,0.0,0.0
K.Gainwell,PHI,2023,15,0,0,0.0,0,0.0,0.0
K.Gainwell,PHI,2023,16,0,0,0.0,0,0.0,0.0
K.Gainwell,PHI,2023,17,1,1,17.0,0,0.0,0.0
K.Gainwell,PHI,2023,18,0,0,0.0,0,0.0,0.0
K.Gainwell,PHI,2023,19,0,0,0.0,0,0.0,0.0
M.Carter,NYJ,2023,1,0,0,0.0,0,0.0,0.0
M.Carter,NYJ,2023,2,0,0,0.0,0,0.0,0.0
M.Carter,NYJ,2023,3,0,0,0.0,0,0.0,0.0
M.Carter,NYJ,2023,4,0,0,0.0,0,0.0,0.0
M.Carter,NYJ,2023,5,0,0,0.0,0,0.0,0.0
M.Carter,NYJ,2023,6,0,0,0.0,0,0.0,0.0
M.Carter,NYJ,2023,8,0,0,0.0,0,0.0,0.0
M.Carter,NYJ,2023,9,0,0,0.0,0,0.0,0.0
M.Carter,NYJ,2023,10,0,0,0.0,0,0.0,0.0
M.Carter,ARI,2023,12,0,0,0.0,0,0.0,0.0
M.Carter,ARI,2023,13,0,0,0.0,0,0.0,0.0
M.Carter,ARI,2023,15,0,0,0.0,0,0.0,0.0
M.Carter,ARI,2023,16,0,0,0.0,0,0.0,0.0
M.Carter,ARI,2023,17,0,0,0.0,0,0.0,0.0
M.Carter,ARI,2023,18,0,0,0.0,0,0.0,0.0
K.Trask,TB,2023,10,0,0,0.0,0,0.0,0.0
K.Trask,TB,2023,12,0,1,0.0,0,0.0,0.0
R.Moore,ARI,2023,1,0,0,0.0,0,0.0,0.0
R.Moore,ARI,2023,2,0,0,0.0,0,0.0,0.0
R.Moore,ARI,2023,3,0,0,0.0,0,0.0,0.0
R.Moore,ARI,2023,4,0,0,0.0,0,0.0,0.0
R.Moore,ARI,2023,5,0,0,0.0,0,0.0,0.0
R.Moore,ARI,2023,6,0,0,0.0,0,0.0,0.0
R.Moore,ARI,2023,7,0,0,0.0,0,0.0,0.0
R.Moore,ARI,2023,8,0,0,0.0,0,0.0,0.0
R.Moore,ARI,2023,9,0,0,0.0,0,0.0,0.0
R.Moore,ARI,2023,10,0,0,0.0,0,0.0,0.0
R.Moore,ARI,2023,11,0,0,0.0,0,0.0,0.0
R.Moore,ARI,2023,12,0,0,0.0,0,0.0,0.0
R.Moore,ARI,2023,13,0,0,0.0,0,0.0,0.0
R.Moore,ARI,2023,15,0,0,0.0,0,0.0,0.0
R.Moore,ARI,2023,16,0,0,0.0,0,0.0,0.0
R.Moore,ARI,2023,17,0,0,0.0,0,0.0,0.0
R.Moore,ARI,2023,18,0,0,0.0,0,0.0,0.0
J.Fields,CHI,2023,1,24,37,216.0,1,1.0,4.0
J.Fields,CHI,2023,2,16,29,211.0,1,2.0,6.0
J.Fields,CHI,2023,3,11,22,99.0,1,1.0,3.0
J.Fields,CHI,2023,4,28,35,335.0,4,1.0,4.0
J.Fields,CHI,2023,5,15,29,282.0,4,0.0,3.0
J.Fields,CHI,2023,6,6,10,58.0,0,1.0,4.0
J.Fields,CHI,2023,11,16,23,169.0,1,0.0,2.0
J.Fields,CHI,2023,12,27,37,217.0,0,0.0,3.0
J.Fields,CHI,2023,14,19,33,223.0,1,0.0,3.0
J.Fields,CHI,2023,15,19,40,166.0,1,2.0,3.0
J.Fields,CHI,2023,16,15,27,170.0,1,1.0,1.0
J.Fields,CHI,2023,17,20,32,268.0,1,0.0,3.0
J.Fields,CHI,2023,18,11,16,148.0,0,0.0,5.0
T.Marshall,CAR,2023,1,0,0,0.0,0,0.0,0.0
T.Marshall,CAR,2023,3,0,0,0.0,0,0.0,0.0
T.Marshall,CAR,2023,4,0,0,0.0,0,0.0,0.0
T.Marshall,CAR,2023,6,0,0,0.0,0,0.0,0.0
T.Marshall,CAR,2023,8,0,0,0.0,0,0.0,0.0
T.Marshall,CAR,2023,9,0,0,0.0,0,0.0,0.0
T.Marshall,CAR,2023,10,0,0,0.0,0,0.0,0.0
T.Marshall,CAR,2023,18,0,0,0.0,0,0.0,0.0
A.St. Brown,DET,2023,1,0,0,0.0,0,0.0,0.0
A.St. Brown,DET,2023,2,0,0,0.0,0,0.0,0.0
A.St. Brown,DET,2023,3,0,0,0.0,0,0.0,0.0
A.St. Brown,DET,2023,4,0,0,0.0,0,0.0,0.0
A.St. Brown,DET,2023,6,0,0,0.0,0,0.0,0.0
A.St. Brown,DET,2023,7,0,0,0.0,0,0.0,0.0
A.St. Brown,DET,2023,8,0,0,0.0,0,0.0,1.0
A.St. Brown,DET,2023,10,0,0,0.0,0,0.0,0.0
A.St. Brown,DET,2023,11,0,0,0.0,0,0.0,0.0
A.St. Brown,DET,2023,12,0,0,0.0,0,0.0,0.0
A.St. Brown,DET,2023,13,0,0,0.0,0,0.0,0.0
A.St. Brown,DET,2023,14,0,0,0.0,0,0.0,0.0
A.St. Brown,DET,2023,15,0,0,0.0,0,0.0,0.0
A.St. Brown,DET,2023,16,0,0,0.0,0,0.0,0.0
A.St. Brown,DET,2023,17,0,0,0.0,0,0.0,0.0
A.St. Brown,DET,2023,18,0,0,0.0,0,0.0,0.0
A.St. Brown,DET,2023,19,0,0,0.0,0,0.0,0.0
A.St. Brown,DET,2023,20,0,0,0.0,0,0.0,0.0
A.St. Brown,DET,2023,21,0,0,0.0,0,0.0,0.0
K.Pitts,ATL,2023,1,0,0,0.0,0,0.0,0.0
K.Pitts,ATL,2023,2,0,0,0.0,0,0.0,0.0
K.Pitts,ATL,2023,3,0,0,0.0,0,0.0,0.0
K.Pitts,ATL,2023,4,0,0,0.0,0,0.0,0.0
K.Pitts,ATL,2023,5,0,0,0.0,0,0.0,0.0
K.Pitts,ATL,2023,6,0,0,0.0,0,0.0,0.0
K.Pitts,ATL,2023,7,0,0,0.0,0,0.0,0.0
K.Pitts,ATL,2023,8,0,0,0.0,0,0.0,0.0
K.Pitts,ATL,2023,9,0,0,0.0,0,0.0,0.0
K.Pitts,ATL,2023,10,0,0,0.0,0,0.0,0.0
K.Pitts,ATL,2023,12,0,0,0.0,0,0.0,0.0
K.Pitts,ATL,2023,13,0,0,0.0,0,0.0,0.0
K.Pitts,ATL,2023,14,0,0,0.0,0,0.0,0.0
K.Pitts,ATL,2023,15,0,0,0.0,0,0.0,0.0
K.Pitts,ATL,2023,16,0,0,0.0,0,0.0,0.0
K.Pitts,ATL,2023,17,0,0,0.0,0,0.0,0.0
K.Pitts,ATL,2023,18,0,0,0.0,0,0.0,0.0
T.Lawrence,JAX,2023,1,24,32,241.0,2,1.0,2.0
T.Lawrence,JAX,2023,2,22,41,216.0,0,0.0,4.0
T.Lawrence,JAX,2023,3,27,40,279.0,1,1.0,0.0
T.Lawrence,JAX,2023,4,23,30,207.0,1,0.0,2.0
T.Lawrence,JAX,2023,5,25,37,315.0,1,0.0,5.0
T.Lawrence,JAX,2023,6,20,30,181.0,2,1.0,3.0
T.Lawrence,JAX,2023,7,20,29,204.0,1,0.0,0.0
T.Lawrence,JAX,2023,8,24,32,292.0,1,1.0,3.0
T.Lawrence,JAX,2023,10,17,29,185.0,0,2.0,5.0
T.Lawrence,JAX,2023,11,24,32,262.0,2,0.0,1.0
T.Lawrence,JAX,2023,12,23,38,364.0,1,1.0,0.0
T.Lawrence,JAX,2023,13,22,29,258.0,2,0.0,2.0
T.Lawrence,JAX,2023,14,28,50,257.0,3,3.0,4.0
T.Lawrence,JAX,2023,15,25,43,264.0,1,0.0,1.0
T.Lawrence,JAX,2023,16,17,29,211.0,1,2.0,3.0
T.Lawrence,JAX,2023,18,29,43,280.0,2,2.0,0.0
M.Jones,NE,2023,1,35,54,316.0,3,1.0,2.0
M.Jones,NE,2023,2,31,42,231.0,1,1.0,4.0
M.Jones,NE,2023,3,15,29,201.0,1,0.0,0.0
M.Jones,NE,2023,4,12,21,150.0,0,2.0,1.0
M.Jones,NE,2023,5,12,22,110.0,0,2.0,2.0
M.Jones,NE,2023,6,24,33,200.0,0,1.0,3.0
M.Jones,NE,2023,7,25,30,272.0,2,0.0,1.0
M.Jones,NE,2023,8,19,29,161.0,2,1.0,3.0
M.Jones,NE,2023,9,24,44,220.0,1,1.0,0.0
M.Jones,NE,2023,10,15,20,170.0,0,1.0,5.0
M.Jones,NE,2023,12,12,21,89.0,0,2.0,1.0
T.Etienne,JAX,2023,1,0,0,0.0,0,0.0,0.0
T.Etienne,JAX,2023,2,0,0,0.0,0,0.0,0.0
T.Etienne,JAX,2023,3,0,0,0.0,0,0.0,0.0
T.Etienne,JAX,2023,4,0,0,0.0,0,0.0,0.0
T.Etienne,JAX,2023,5,0,0,0.0,0,0.0,0.0
T.Etienne,JAX,2023,6,0,0,0.0,0,0.0,0.0
T.Etienne,JAX,2023,7,0,0,0.0,0,0.0,0.0
T.Etienne,JAX,2023,8,0,0,0.0,0,0.0,0.0
T.Etienne,JAX,2023,10,0,0,0.0,0,0.0,0.0
T.Etienne,JAX,2023,11,0,0,0.0,0,0.0,0.0
T.Etienne,JAX,2023,12,0,0,0.0,0,0.0,0.0
T.Etienne,JAX,2023,13,0,0,0.0,0,0.0,0.0
T.Etienne,JAX,2023,14,0,0,0.0,0,0.0,0.0
T.Etienne,JAX,2023,15,0,0,0.0,0,0.0,0.0
T.Etienne,JAX,2023,16,0,0,0.0,0,0.0,0.0
T.Etienne,JAX,2023,17,0,0,0.0,0,0.0,0.0
T.Etienne,JAX,2023,18,0,0,0.0,0,0.0,0.0
E.Moore,CLE,2023,1,0,0,0.0,0,0.0,0.0
E.Moore,CLE,2023,2,0,0,0.0,0,0.0,0.0
E.Moore,CLE,2023,3,0,0,0.0,0,0.0,0.0
E.Moore,CLE,2023,4,0,0,0.0,0,0.0,0.0
E.Moore,CLE,2023,6,0,0,0.0,0,0.0,0.0
E.Moore,CLE,2023,7,0,0,0.0,0,0.0,0.0
E.Moore,CLE,2023,8,0,0,0.0,0,0.0,0.0
E.Moore,CLE,2023,9,0,0,0.0,0,0.0,0.0
E.Moore,CLE,2023,10,0,0,0.0,0,0.0,0.0
E.Moore,CLE,2023,11,0,0,0.0,0,0.0,0.0
E.Moore,CLE,2023,12,0,0,0.0,0,0.0,0.0
E.Moore,CLE,2023,13,0,0,0.0,0,0.0,0.0
E.Moore,CLE,2023,14,0,0,0.0,0,0.0,0.0
E.Moore,CLE,2023,15,0,0,0.0,0,0.0,0.0
E.Moore,CLE,2023,16,0,0,0.0,0,0.0,0.0
E.Moore,CLE,2023,17,0,0,0.0,0,0.0,0.0
E.Moore,CLE,2023,19,0,0,0.0,0,0.0,0.0
C.Golston,DAL,2023,4,0,0,0.0,0,0.0,0.0
T.Sermon,IND,2023,3,0,0,0.0,0,0.0,0.0
T.Sermon,IND,2023,4,0,0,0.0,0,0.0,0.0
T.Sermon,IND,2023,6,0,0,0.0,0,0.0,0.0
T.Sermon,IND,2023,13,0,0,0.0,0,0.0,0.0
T.Sermon,IND,2023,14,0,0,0.0,0,0.0,0.0
T.Sermon,IND,2023,15,0,0,0.0,0,0.0,0.0
T.Sermon,IND,2023,16,0,0,0.0,0,0.0,0.0
T.Sermon,IND,2023,17,0,0,0.0,0,0.0,0.0
J.Palmer,LAC,2023,1,0,0,0.0,0,0.0,0.0
J.Palmer,LAC,2023,2,0,0,0.0,0,0.0,0.0
J.Palmer,LAC,2023,3,0,0,0.0,0,0.0,0.0
J.Palmer,LAC,2023,4,0,0,0.0,0,0.0,0.0
J.Palmer,LAC,2023,6,0,0,0.0,0,0.0,0.0
J.Palmer,LAC,2023,7,0,0,0.0,0,0.0,0.0
J.Palmer,LAC,2023,8,0,0,0.0,0,0.0,0.0
J.Palmer,LAC,2023,15,0,0,0.0,0,0.0,0.0
J.Palmer,LAC,2023,16,0,0,0.0,0,0.0,0.0
J.Palmer,LAC,2023,18,0,0,0.0,0,0.0,0.0
A.Rodgers,IND,2023,6,0,0,0.0,0,0.0,0.0
J.Williams,DEN,2023,1,0,0,0.0,0,0.0,0.0
J.Williams,DEN,2023,2,0,0,0.0,0,0.0,0.0
J.Williams,DEN,2023,3,0,0,0.0,0,0.0,0.0
J.Williams,DEN,2023,4,0,0,0.0,0,0.0,0.0
J.Williams,DEN,2023,6,0,0,0.0,0,0.0,0.0
J.Williams,DEN,2023,7,0,0,0.0,0,0.0,0.0
J.Williams,DEN,2023,8,0,0,0.0,0,0.0,0.0
J.Williams,DEN,2023,10,0,0,0.0,0,0.0,0.0
J.Williams,DEN,2023,11,0,0,0.0,0,0.0,0.0
J.Williams,DEN,2023,12,0,0,0.0,0,0.0,0.0
J.Williams,DEN,2023,13,0,0,0.0,0,0.0,0.0
J.Williams,DEN,2023,14,0,0,0.0,0,0.0,0.0
J.Williams,DEN,2023,15,0,0,0.0,0,0.0,0.0
J.Williams,DEN,2023,16,0,0,0.0,0,0.0,0.0
J.Williams,DEN,2023,17,0,0,0.0,0,0.0,0.0
J.Williams,DEN,2023,18,0,0,0.0,0,0.0,0.0
T.Tremble,CAR,2023,3,0,0,0.0,0,0.0,0.0
T.Tremble,CAR,2023,5,0,0,0.0,0,0.0,0.0
T.Tremble,CAR,2023,6,0,0,0.0,0,0.0,0.0
T.Tremble,CAR,2023,8,0,0,0.0,0,0.0,0.0
T.Tremble,CAR,2023,9,0,0,0.0,0,0.0,0.0
T.Tremble,CAR,2023,10,0,0,0.0,0,0.0,0.0
T.Tremble,CAR,2023,11,0,0,0.0,0,0.0,0.0
T.Tremble,CAR,2023,12,0,0,0.0,0,0.0,0.0
T.Tremble,CAR,2023,14,0,0,0.0,0,0.0,0.0
T.Tremble,CAR,2023,15,0,0,0.0,0,0.0,0.0
T.Tremble,CAR,2023,16,0,0,0.0,0,0.0,0.0
T.Tremble,CAR,2023,17,0,0,0.0,0,0.0,0.0
T.Tremble,CAR,2023,18,0,0,0.0,0,0.0,0.0
Z.Wilson,NYJ,2023,1,14,21,140.0,1,1.0,2.0
Z.Wilson,NYJ,2023,2,12,27,170.0,1,3.0,3.0
Z.Wilson,NYJ,2023,3,18,36,157.0,0,0.0,3.0
Z.Wilson,NYJ,2023,4,28,39,245.0,2,0.0,2.0
Z.Wilson,NYJ,2023,5,19,26,199.0,0,1.0,4.0
Z.Wilson,NYJ,2023,6,19,33,186.0,0,0.0,5.0
Z.Wilson,NYJ,2023,8,17,36,240.0,1,0.0,4.0
Z.Wilson,NYJ,2023,9,33,49,263.0,0,0.0,8.0
Z.Wilson,NYJ,2023,10,23,39,263.0,0,1.0,2.0
Z.Wilson,NYJ,2023,11,7,15,81.0,1,1.0,5.0
Z.Wilson,NYJ,2023,14,27,36,301.0,2,0.0,4.0
Z.Wilson,NYJ,2023,15,4,11,26.0,0,0.0,4.0
S.Howell,WAS,2023,1,19,31,202.0,1,1.0,6.0
S.Howell,WAS,2023,2,27,39,299.0,2,0.0,4.0
S.Howell,WAS,2023,3,19,29,170.0,0,4.0,9.0
S.Howell,WAS,2023,4,29,41,290.0,1,0.0,5.0
S.Howell,WAS,2023,5,37,51,388.0,2,1.0,5.0
S.Howell,WAS,2023,6,14,23,151.0,3,0.0,5.0
S.Howell,WAS,2023,7,22,42,249.0,0,1.0,6.0
S.Howell,WAS,2023,8,39,52,397.0,4,1.0,1.0
S.Howell,WAS,2023,9,29,45,325.0,1,1.0,3.0
S.Howell,WAS,2023,10,29,44,312.0,3,0.0,3.0
S.Howell,WAS,2023,11,31,45,256.0,1,3.0,4.0
S.Howell,WAS,2023,12,28,44,300.0,0,1.0,4.0
S.Howell,WAS,2023,13,12,23,127.0,0,1.0,3.0
S.Howell,WAS,2023,15,11,26,102.0,1,1.0,1.0
S.Howell,WAS,2023,16,6,22,56.0,0,2.0,1.0
S.Howell,WAS,2023,17,17,28,169.0,1,2.0,1.0
S.Howell,WAS,2023,18,19,27,153.0,1,2.0,4.0
C.Turner,WAS,2023,1,0,0,0.0,0,0.0,0.0
C.Turner,WAS,2023,2,0,0,0.0,0,0.0,0.0
C.Turner,WAS,2023,3,0,0,0.0,0,0.0,0.0
C.Turner,WAS,2023,5,0,0,0.0,0,0.0,0.0
C.Turner,WAS,2023,11,0,0,0.0,0,0.0,0.0
C.Turner,WAS,2023,12,0,0,0.0,0,0.0,0.0
C.Turner,WAS,2023,13,0,0,0.0,0,0.0,0.0
G.Calcaterra,PHI,2023,16,0,0,0.0,0,0.0,0.0
G.Calcaterra,PHI,2023,18,0,0,0.0,0,0.0,0.0
B.Melton,GB,2023,15,0,0,0.0,0,0.0,0.0
B.Melton,GB,2023,16,0,0,0.0,0,0.0,0.0
B.Melton,GB,2023,17,0,0,0.0,0,0.0,0.0
B.Melton,GB,2023,18,0,0,0.0,0,0.0,0.0
B.Melton,GB,2023,19,0,0,0.0,0,0.0,0.0
B.Melton,GB,2023,20,0,0,0.0,0,0.0,0.0
S.Toure,GB,2023,1,0,0,0.0,0,0.0,0.0
S.Toure,GB,2023,2,0,0,0.0,0,0.0,0.0
S.Toure,GB,2023,3,0,0,0.0,0,0.0,0.0
S.Toure,GB,2023,4,0,0,0.0,0,0.0,0.0
S.Toure,GB,2023,7,0,0,0.0,0,0.0,0.0
S.Toure,GB,2023,14,0,0,0.0,0,0.0,0.0
S.Toure,GB,2023,16,0,0,0.0,0,0.0,0.0
S.Toure,GB,2023,17,0,0,0.0,0,0.0,0.0
T.Goodson,IND,2023,13,0,0,0.0,0,0.0,0.0
T.Goodson,IND,2023,14,0,0,0.0,0,0.0,0.0
T.Goodson,IND,2023,15,0,0,0.0,0,0.0,0.0
T.Goodson,IND,2023,16,0,0,0.0,0,0.0,0.0
T.Goodson,IND,2023,17,0,0,0.0,0,0.0,0.0
T.Goodson,IND,2023,18,0,0,0.0,0,0.0,0.0
B.Covey,PHI,2023,16,0,0,0.0,0,0.0,0.0
B.Covey,PHI,2023,18,0,0,0.0,0,0.0,0.0
I.Charles,NYJ,2023,18,0,0,0.0,0,0.0,0.0
Z.Knight,DET,2023,3,0,0,0.0,0,0.0,0.0
Z.Knight,DET,2023,5,0,0,0.0,0,0.0,0.0
I.Pacheco,KC,2023,1,0,0,0.0,0,0.0,0.0
I.Pacheco,KC,2023,2,0,0,0.0,0,0.0,0.0
I.Pacheco,KC,2023,3,0,0,0.0,0,0.0,0.0
I.Pacheco,KC,2023,4,0,0,0.0,0,0.0,0.0
I.Pacheco,KC,2023,5,0,0,0.0,0,0.0,0.0
I.Pacheco,KC,2023,6,0,0,0.0,0,0.0,0.0
I.Pacheco,KC,2023,7,0,0,0.0,0,0.0,0.0
I.Pacheco,KC,2023,8,0,0,0.0,0,0.0,0.0
I.Pacheco,KC,2023,9,0,0,0.0,0,0.0,0.0
I.Pacheco,KC,2023,11,0,0,0.0,0,0.0,0.0
I.Pacheco,KC,2023,12,0,0,0.0,0,0.0,0.0
I.Pacheco,KC,2023,13,0,0,0.0,0,0.0,0.0
I.Pacheco,KC,2023,16,0,0,0.0,0,0.0,0.0
I.Pacheco,KC,2023,17,0,0,0.0,0,0.0,0.0
I.Pacheco,KC,2023,19,0,0,0.0,0,0.0,0.0
I.Pacheco,KC,2023,20,0,0,0.0,0,0.0,0.0
I.Pacheco,KC,2023,21,0,0,0.0,0,0.0,0.0
I.Pacheco,KC,2023,22,0,0,0.0,0,0.0,0.0
J.Ross,KC,2023,1,0,0,0.0,0,0.0,0.0
J.Ross,KC,2023,3,0,0,0.0,0,0.0,0.0
J.Ross,KC,2023,5,0,0,0.0,0,0.0,0.0
J.Ross,KC,2023,16,0,0,0.0,0,0.0,0.0
J.Ross,KC,2023,18,0,0,0.0,0,0.0,0.0
J.Warren,PIT,2023,1,0,0,0.0,0,0.0,0.0
J.Warren,PIT,2023,2,0,0,0.0,0,0.0,0.0
J.Warren,PIT,2023,3,0,0,0.0,0,0.0,0.0
J.Warren,PIT,2023,4,0,0,0.0,0,0.0,0.0
J.Warren,PIT,2023,5,0,0,0.0,0,0.0,0.0
J.Warren,PIT,2023,7,0,0,0.0,0,0.0,0.0
J.Warren,PIT,2023,8,0,0,0.0,0,0.0,0.0
J.Warren,PIT,2023,9,0,0,0.0,0,0.0,0.0
J.Warren,PIT,2023,10,0,0,0.0,0,0.0,0.0
J.Warren,PIT,2023,11,0,0,0.0,0,0.0,0.0
J.Warren,PIT,2023,12,0,0,0.0,0,0.0,0.0
J.Warren,PIT,2023,13,0,0,0.0,0,0.0,0.0
J.Warren,PIT,2023,14,0,0,0.0,0,0.0,0.0
J.Warren,PIT,2023,15,0,0,0.0,0,0.0,0.0
J.Warren,PIT,2023,16,0,0,0.0,0,0.0,0.0
J.Warren,PIT,2023,17,0,0,0.0,0,0.0,0.0
J.Warren,PIT,2023,18,0,0,0.0,0,0.0,0.0
J.Warren,PIT,2023,19,0,0,0.0,0,0.0,0.0
D.London,ATL,2023,1,0,0,0.0,0,0.0,0.0
D.London,ATL,2023,2,0,0,0.0,0,0.0,0.0
D.London,ATL,2023,3,0,0,0.0,0,0.0,0.0
D.London,ATL,2023,4,0,0,0.0,0,0.0,0.0
D.London,ATL,2023,5,1,1,22.0,0,0.0,0.0
D.London,ATL,2023,6,0,0,0.0,0,0.0,0.0
D.London,ATL,2023,7,0,0,0.0,0,0.0,0.0
D.London,ATL,2023,8,0,0,0.0,0,0.0,0.0
D.London,ATL,2023,10,0,0,0.0,0,0.0,0.0
D.London,ATL,2023,12,0,0,0.0,0,0.0,0.0
D.London,ATL,2023,13,0,0,0.0,0,0.0,0.0
D.London,ATL,2023,14,0,0,0.0,0,0.0,0.0
D.London,ATL,2023,15,0,0,0.0,0,0.0,0.0
D.London,ATL,2023,16,0,0,0.0,0,0.0,0.0
D.London,ATL,2023,17,0,0,0.0,0,0.0,0.0
D.London,ATL,2023,18,0,0,0.0,0,0.0,0.0
C.Olave,NO,2023,1,0,0,0.0,0,0.0,0.0
C.Olave,NO,2023,2,0,0,0.0,0,0.0,0.0
C.Olave,NO,2023,3,0,0,0.0,0,0.0,0.0
C.Olave,NO,2023,4,0,0,0.0,0,0.0,0.0
C.Olave,NO,2023,5,0,0,0.0,0,0.0,0.0
C.Olave,NO,2023,6,0,0,0.0,0,0.0,0.0
C.Olave,NO,2023,7,0,0,0.0,0,0.0,0.0
C.Olave,NO,2023,8,0,0,0.0,0,0.0,0.0
C.Olave,NO,2023,9,0,0,0.0,0,0.0,0.0
C.Olave,NO,2023,10,0,0,0.0,0,0.0,0.0
C.Olave,NO,2023,12,0,0,0.0,0,0.0,0.0
C.Olave,NO,2023,13,0,0,0.0,0,0.0,0.0
C.Olave,NO,2023,14,0,0,0.0,0,0.0,0.0
C.Olave,NO,2023,16,0,0,0.0,0,0.0,0.0
C.Olave,NO,2023,17,0,0,0.0,0,0.0,0.0
C.Olave,NO,2023,18,0,0,0.0,0,0.0,0.0
J.Williams,DET,2023,5,0,0,0.0,0,0.0,0.0
J.Williams,DET,2023,6,0,0,0.0,0,0.0,0.0
J.Williams,DET,2023,7,0,0,0.0,0,0.0,0.0
J.Williams,DET,2023,8,0,0,0.0,0,0.0,0.0
J.Williams,DET,2023,10,0,0,0.0,0,0.0,0.0
J.Williams,DET,2023,11,0,0,0.0,0,0.0,0.0
J.Williams,DET,2023,12,0,0,0.0,0,0.0,0.0
J.Williams,DET,2023,13,0,0,0.0,0,0.0,0.0
J.Williams,DET,2023,14,0,0,0.0,0,0.0,0.0
J.Williams,DET,2023,15,0,0,0.0,0,0.0,0.0
J.Williams,DET,2023,16,0,0,0.0,0,0.0,0.0
J.Williams,DET,2023,17,0,0,0.0,0,0.0,0.0
J.Williams,DET,2023,19,0,0,0.0,0,0.0,0.0
J.Williams,DET,2023,20,0,0,0.0,0,0.0,0.0
J.Williams,DET,2023,21,0,0,0.0,0,0.0,0.0
G.Pickens,PIT,2023,1,0,0,0.0,0,0.0,0.0
G.Pickens,PIT,2023,2,0,0,0.0,0,0.0,0.0
G.Pickens,PIT,2023,3,0,0,0.0,0,0.0,0.0
G.Pickens,PIT,2023,4,0,0,0.0,0,0.0,0.0
G.Pickens,PIT,2023,5,0,0,0.0,0,0.0,0.0
G.Pickens,PIT,2023,7,0,0,0.0,0,0.0,0.0
G.Pickens,PIT,2023,8,0,0,0.0,0,0.0,0.0
G.Pickens,PIT,2023,9,0,0,0.0,0,0.0,0.0
G.Pickens,PIT,2023,10,0,0,0.0,0,0.0,0.0
G.Pickens,PIT,2023,11,0,0,0.0,0,0.0,0.0
G.Pickens,PIT,2023,12,0,0,0.0,0,0.0,0.0
G.Pickens,PIT,2023,13,0,0,0.0,0,0.0,0.0
G.Pickens,PIT,2023,14,0,0,0.0,0,0.0,0.0
G.Pickens,PIT,2023,15,0,0,0.0,0,0.0,0.0
G.Pickens,PIT,2023,16,0,0,0.0,0,0.0,0.0
G.Pickens,PIT,2023,17,0,0,0.0,0,0.0,0.0
G.Pickens,PIT,2023,18,0,0,0.0,0,0.0,0.0
G.Pickens,PIT,2023,19,0,0,0.0,0,0.0,0.0
J.Cook,BUF,2023,1,0,0,0.0,0,0.0,0.0
J.Cook,BUF,2023,2,0,0,0.0,0,0.0,0.0
J.Cook,BUF,2023,3,0,0,0.0,0,0.0,0.0
J.Cook,BUF,2023,4,0,0,0.0,0,0.0,0.0
J.Cook,BUF,2023,5,0,0,0.0,0,0.0,0.0
J.Cook,BUF,2023,6,0,0,0.0,0,0.0,0.0
J.Cook,BUF,2023,7,0,0,0.0,0,0.0,0.0
J.Cook,BUF,2023,8,0,0,0.0,0,0.0,0.0
J.Cook,BUF,2023,9,0,0,0.0,0,0.0,0.0
J.Cook,BUF,2023,10,0,0,0.0,0,0.0,0.0
J.Cook,BUF,2023,11,0,0,0.0,0,0.0,0.0
J.Cook,BUF,2023,12,0,0,0.0,0,0.0,0.0
J.Cook,BUF,2023,14,0,0,0.0,0,0.0,0.0
J.Cook,BUF,2023,15,0,0,0.0,0,0.0,0.0
J.Cook,BUF,2023,16,0,0,0.0,0,0.0,0.0
J.Cook,BUF,2023,17,0,0,0.0,0,0.0,0.0
J.Cook,BUF,2023,18,0,0,0.0,0,0.0,0.0
J.Cook,BUF,2023,19,0,0,0.0,0,0.0,0.0
J.Cook,BUF,2023,20,0,0,0.0,0,0.0,0.0
G.Dulcich,DEN,2023,1,0,0,0.0,0,0.0,0.0
G.Dulcich,DEN,2023,6,0,0,0.0,0,0.0,0.0
R.White,TB,2023,1,0,0,0.0,0,0.0,0.0
R.White,TB,2023,2,0,0,0.0,0,0.0,0.0
R.White,TB,2023,3,0,0,0.0,0,0.0,0.0
R.White,TB,2023,4,0,0,0.0,0,0.0,0.0
R.White,TB,2023,6,0,0,0.0,0,0.0,0.0
R.White,TB,2023,7,0,0,0.0,0,0.0,0.0
R.White,TB,2023,8,0,0,0.0,0,0.0,0.0
R.White,TB,2023,9,0,0,0.0,0,0.0,0.0
R.White,TB,2023,10,0,0,0.0,0,0.0,0.0
R.White,TB,2023,11,0,0,0.0,0,0.0,0.0
R.White,TB,2023,12,0,0,0.0,0,0.0,0.0
R.White,TB,2023,13,0,0,0.0,0,0.0,0.0
R.White,TB,2023,14,0,0,0.0,0,0.0,0.0
R.White,TB,2023,15,0,0,0.0,0,0.0,0.0
R.White,TB,2023,16,0,0,0.0,0,0.0,0.0
R.White,TB,2023,17,0,0,0.0,0,0.0,0.0
R.White,TB,2023,18,0,0,0.0,0,0.0,0.0
R.White,TB,2023,19,0,0,0.0,0,0.0,0.0
R.White,TB,2023,20,0,0,0.0,0,0.0,0.0
D.Bell,CLE,2023,1,0,0,0.0,0,0.0,0.0
D.Bell,CLE,2023,2,0,0,0.0,0,0.0,0.0
D.Bell,CLE,2023,6,0,0,0.0,0,0.0,0.0
D.Bell,CLE,2023,12,0,0,0.0,0,0.0,0.0
D.Bell,CLE,2023,13,0,0,0.0,0,0.0,0.0
D.Bell,CLE,2023,14,0,0,0.0,0,0.0,0.0
D.Bell,CLE,2023,16,0,0,0.0,0,0.0,0.0
D.Bell,CLE,2023,17,0,0,0.0,0,0.0,0.0
D.Bell,CLE,2023,18,0,0,0.0,0,0.0,0.0
D.Bell,CLE,2023,19,0,0,0.0,0,0.0,0.0
D.Pierce,HOU,2023,1,0,0,0.0,0,0.0,0.0
D.Pierce,HOU,2023,2,0,0,0.0,0,0.0,0.0
D.Pierce,HOU,2023,3,0,0,0.0,0,0.0,0.0
D.Pierce,HOU,2023,4,0,0,0.0,0,0.0,0.0
D.Pierce,HOU,2023,5,0,0,0.0,0,0.0,0.0
D.Pierce,HOU,2023,6,0,0,0.0,0,0.0,0.0
D.Pierce,HOU,2023,8,0,0,0.0,0,0.0,0.0
D.Pierce,HOU,2023,12,0,0,0.0,0,0.0,0.0
D.Pierce,HOU,2023,13,0,0,0.0,0,0.0,0.0
D.Pierce,HOU,2023,14,0,0,0.0,0,0.0,0.0
D.Pierce,HOU,2023,15,0,0,0.0,0,0.0,0.0
D.Pierce,HOU,2023,16,0,0,0.0,0,0.0,0.0
D.Pierce,HOU,2023,17,0,0,0.0,0,0.0,0.0
D.Pierce,HOU,2023,19,0,0,0.0,0,0.0,0.0
K.Shakir,BUF,2023,2,0,0,0.0,0,0.0,0.0
K.Shakir,BUF,2023,3,0,0,0.0,0,0.0,0.0
K.Shakir,BUF,2023,4,0,0,0.0,0,0.0,0.0
K.Shakir,BUF,2023,5,0,0,0.0,0,0.0,0.0
K.Shakir,BUF,2023,6,0,0,0.0,0,0.0,0.0
K.Shakir,BUF,2023,7,0,0,0.0,0,0.0,0.0
K.Shakir,BUF,2023,8,0,0,0.0,0,0.0,0.0
K.Shakir,BUF,2023,9,0,0,0.0,0,0.0,0.0
K.Shakir,BUF,2023,10,0,0,0.0,0,0.0,0.0
K.Shakir,BUF,2023,11,0,0,0.0,0,0.0,0.0
K.Shakir,BUF,2023,12,0,0,0.0,0,0.0,0.0
K.Shakir,BUF,2023,14,0,0,0.0,0,0.0,0.0
K.Shakir,BUF,2023,15,0,0,0.0,0,0.0,0.0
K.Shakir,BUF,2023,16,0,0,0.0,0,0.0,0.0
K.Shakir,BUF,2023,17,0,0,0.0,0,0.0,0.0
K.Shakir,BUF,2023,18,0,0,0.0,0,0.0,0.0
K.Shakir,BUF,2023,19,0,0,0.0,0,0.0,0.0
K.Shakir,BUF,2023,20,0,0,0.0,0,0.0,0.0
T.Allgeier,ATL,2023,1,0,0,0.0,0,0.0,0.0
T.Allgeier,ATL,2023,2,0,0,0.0,0,0.0,0.0
T.Allgeier,ATL,2023,3,0,0,0.0,0,0.0,0.0
T.Allgeier,ATL,2023,4,0,0,0.0,0,0.0,0.0
T.Allgeier,ATL,2023,5,0,0,0.0,0,0.0,0.0
T.Allgeier,ATL,2023,6,0,0,0.0,0,0.0,0.0
T.Allgeier,ATL,2023,7,0,0,0.0,0,0.0,0.0
T.Allgeier,ATL,2023,8,0,0,0.0,0,0.0,0.0
T.Allgeier,ATL,2023,9,0,0,0.0,0,0.0,0.0
T.Allgeier,ATL,2023,10,0,0,0.0,0,0.0,0.0
T.Allgeier,ATL,2023,12,0,0,0.0,0,0.0,0.0
T.Allgeier,ATL,2023,13,0,0,0.0,0,0.0,0.0
T.Allgeier,ATL,2023,14,0,0,0.0,0,0.0,0.0
T.Allgeier,ATL,2023,15,0,0,0.0,0,0.0,0.0
T.Allgeier,ATL,2023,16,0,0,0.0,0,0.0,0.0
T.Allgeier,ATL,2023,17,0,0,0.0,0,0.0,0.0
T.Allgeier,ATL,2023,18,0,0,0.0,0,0.0,0.0
J.Ford,CLE,2023,1,0,0,0.0,0,0.0,0.0
J.Ford,CLE,2023,2,0,0,0.0,0,0.0,0.0
J.Ford,CLE,2023,3,0,0,0.0,0,0.0,0.0
J.Ford,CLE,2023,4,0,0,0.0,0,0.0,0.0
J.Ford,CLE,2023,6,0,0,0.0,0,0.0,0.0
J.Ford,CLE,2023,7,0,0,0.0,0,0.0,0.0
J.Ford,CLE,2023,8,0,0,0.0,0,0.0,0.0
J.Ford,CLE,2023,9,0,0,0.0,0,0.0,0.0
J.Ford,CLE,2023,10,0,0,0.0,0,0.0,0.0
J.Ford,CLE,2023,11,0,0,0.0,0,0.0,0.0
J.Ford,CLE,2023,12,0,0,0.0,0,0.0,0.0
J.Ford,CLE,2023,13,0,0,0.0,0,0.0,0.0
J.Ford,CLE,2023,14,0,0,0.0,0,0.0,0.0
J.Ford,CLE,2023,15,0,0,0.0,0,0.0,0.0
J.Ford,CLE,2023,16,0,0,0.0,0,0.0,0.0
J.Ford,CLE,2023,17,0,0,0.0,0,0.0,0.0
J.Ford,CLE,2023,18,0,0,0.0,0,0.0,0.0
J.Ford,CLE,2023,19,0,0,0.0,0,0.0,0.0
K.Philips,TEN,2023,5,0,0,0.0,0,0.0,0.0
K.Philips,TEN,2023,6,0,0,0.0,0,0.0,0.0
K.Philips,TEN,2023,8,0,0,0.0,0,0.0,0.0
K.Philips,TEN,2023,9,0,0,0.0,0,0.0,0.0
K.Philips,TEN,2023,10,0,0,0.0,0,0.0,0.0
K.Philips,TEN,2023,11,0,0,0.0,0,0.0,0.0
K.Philips,TEN,2023,12,0,0,0.0,0,0.0,0.0
K.Philips,TEN,2023,18,0,0,0.0,0,0.0,0.0
T.Chandler,MIN,2023,1,0,0,0.0,0,0.0,0.0
T.Chandler,MIN,2023,2,0,0,0.0,0,0.0,0.0
T.Chandler,MIN,2023,3,0,0,0.0,0,0.0,0.0
T.Chandler,MIN,2023,5,0,0,0.0,0,0.0,0.0
T.Chandler,MIN,2023,7,0,0,0.0,0,0.0,0.0
T.Chandler,MIN,2023,10,0,0,0.0,0,0.0,0.0
T.Chandler,MIN,2023,11,0,0,0.0,0,0.0,0.0
T.Chandler,MIN,2023,12,0,0,0.0,0,0.0,0.0
T.Chandler,MIN,2023,14,0,0,0.0,0,0.0,0.0
T.Chandler,MIN,2023,15,0,0,0.0,0,0.0,0.0
T.Chandler,MIN,2023,16,0,0,0.0,0,0.0,0.0
T.Chandler,MIN,2023,17,0,0,0.0,0,0.0,0.0
T.Chandler,MIN,2023,18,0,0,0.0,0,0.0,0.0
T.Quitoriano,HOU,2023,1,0,0,0.0,0,0.0,0.0
T.Quitoriano,HOU,2023,3,0,0,0.0,0,0.0,0.0
T.Quitoriano,HOU,2023,5,0,0,0.0,0,0.0,0.0
J.Mitchell,DET,2023,17,0,0,0.0,0,0.0,0.0
J.Mitchell,DET,2023,18,0,0,0.0,0,0.0,0.0
K.Harris,NE,2023,15,0,0,0.0,0,0.0,0.0
K.Harris,NE,2023,16,0,0,0.0,0,0.0,0.0
K.Harris,NE,2023,17,0,0,0.0,0,0.0,0.0
K.Harris,NE,2023,18,0,0,0.0,0,0.0,0.0
M.Rodriguez,DET,2023,12,0,0,0.0,0,0.0,0.0
J.Nailor,MIN,2023,10,0,0,0.0,0,0.0,0.0
J.Nailor,MIN,2023,14,0,0,0.0,0,0.0,0.0
A.Ogletree,IND,2023,1,0,0,0.0,0,0.0,0.0
A.Ogletree,IND,2023,3,0,0,0.0,0,0.0,0.0
A.Ogletree,IND,2023,4,0,0,0.0,0,0.0,0.0
A.Ogletree,IND,2023,5,0,0,0.0,0,0.0,0.0
A.Ogletree,IND,2023,6,0,0,0.0,0,0.0,0.0
A.Ogletree,IND,2023,8,0,0,0.0,0,0.0,0.0
A.Ogletree,IND,2023,9,0,0,0.0,0,0.0,0.0
A.Ogletree,IND,2023,13,0,0,0.0,0,0.0,0.0
A.Ogletree,IND,2023,14,0,0,0.0,0,0.0,0.0
A.Ogletree,IND,2023,15,0,0,0.0,0,0.0,0.0
K.Ingram,ARI,2023,1,0,0,0.0,0,0.0,0.0
K.Ingram,ARI,2023,2,0,0,0.0,0,0.0,0.0
K.Ingram,ARI,2023,3,0,0,0.0,0,0.0,0.0
K.Ingram,ARI,2023,6,0,0,0.0,0,0.0,0.0
K.Ingram,ARI,2023,8,0,0,0.0,0,0.0,0.0
K.Ingram,ARI,2023,9,0,0,0.0,0,0.0,0.0
K.Ingram,ARI,2023,10,0,0,0.0,0,0.0,0.0
C.Heyward,PIT,2023,1,0,0,0.0,0,0.0,0.0
C.Heyward,PIT,2023,3,0,0,0.0,0,0.0,0.0
C.Heyward,PIT,2023,5,0,0,0.0,0,0.0,0.0
C.Heyward,PIT,2023,7,0,0,0.0,0,0.0,0.0
C.Heyward,PIT,2023,8,0,0,0.0,0,0.0,0.0
C.Heyward,PIT,2023,9,0,0,0.0,0,0.0,0.0
C.Heyward,PIT,2023,10,0,0,0.0,0,0.0,0.0
C.Heyward,PIT,2023,12,0,0,0.0,0,0.0,0.0
C.Heyward,PIT,2023,13,0,0,0.0,0,0.0,0.0
C.Heyward,PIT,2023,14,0,1,0.0,0,0.0,0.0
C.Heyward,PIT,2023,18,0,0,0.0,0,0.0,0.0
C.Heyward,PIT,2023,19,0,0,0.0,0,0.0,0.0
J.FitzPatrick,ATL,2023,18,0,0,0.0,0,0.0,0.0
K.Kieft,TB,2023,1,0,0,0.0,0,0.0,0.0
K.Kieft,TB,2023,14,0,0,0.0,0,0.0,0.0
K.Kieft,TB,2023,15,0,0,0.0,0,0.0,0.0
N.Muse,MIN,2023,18,0,0,0.0,0,0.0,0.0
B.Johnson,DEN,2023,1,0,0,0.0,0,0.0,0.0
B.Johnson,DEN,2023,2,0,0,0.0,0,0.0,0.0
B.Johnson,DEN,2023,3,0,0,0.0,0,0.0,0.0
B.Johnson,DEN,2023,4,0,0,0.0,0,0.0,0.0
B.Johnson,DEN,2023,5,0,0,0.0,0,0.0,0.0
B.Johnson,DEN,2023,6,0,0,0.0,0,0.0,0.0
B.Johnson,DEN,2023,15,0,0,0.0,0,0.0,0.0
B.Johnson,DEN,2023,16,0,0,0.0,0,0.0,0.0
B.Johnson,DEN,2023,17,0,0,0.0,0,0.0,0.0
B.Johnson,DEN,2023,18,0,0,0.0,0,0.0,0.0
J.Corbin,NYG,2023,10,0,0,0.0,0,0.0,0.0
K.Lassiter,CIN,2023,5,0,0,0.0,0,0.0,0.0
R.Blackshear,CAR,2023,6,0,0,0.0,0,0.0,0.0
R.Blackshear,CAR,2023,8,0,0,0.0,0,0.0,0.0
R.Blackshear,CAR,2023,9,0,0,0.0,0,0.0,0.0
R.Blackshear,CAR,2023,10,0,0,0.0,0,0.0,0.0
R.Blackshear,CAR,2023,13,0,0,0.0,0,0.0,0.0
R.Blackshear,CAR,2023,14,0,0,0.0,0,0.0,0.0
R.Blackshear,CAR,2023,16,0,0,0.0,0,0.0,0.0
R.Blackshear,CAR,2023,18,0,0,0.0,0,0.0,0.0
R.Williams,PIT,2023,8,0,0,0.0,0,0.0,0.0
S.Smartt,LAC,2023,2,0,0,0.0,0,0.0,0.0
S.Smartt,LAC,2023,4,0,0,0.0,0,0.0,0.0
S.Smartt,LAC,2023,7,0,0,0.0,0,0.0,0.0
S.Smartt,LAC,2023,9,0,0,0.0,0,0.0,0.0
S.Smartt,LAC,2023,10,0,0,0.0,0,0.0,0.0
S.Smartt,LAC,2023,11,0,0,0.0,0,0.0,0.0
S.Smartt,LAC,2023,12,0,0,0.0,0,0.0,0.0
S.Smartt,LAC,2023,13,0,0,0.0,0,0.0,0.0
S.Smartt,LAC,2023,15,0,0,0.0,0,0.0,0.0
S.Smartt,LAC,2023,16,0,0,0.0,0,0.0,0.0
S.Smartt,LAC,2023,17,0,0,0.0,0,0.0,0.0
S.Smartt,LAC,2023,18,0,0,0.0,0,0.0,0.0
D.Thompkins,TB,2023,1,0,0,0.0,0,0.0,0.0
D.Thompkins,TB,2023,2,0,0,0.0,0,0.0,0.0
D.Thompkins,TB,2023,3,0,0,0.0,0,0.0,0.0
D.Thompkins,TB,2023,4,0,0,0.0,0,0.0,0.0
D.Thompkins,TB,2023,6,0,0,0.0,0,0.0,0.0
D.Thompkins,TB,2023,7,0,0,0.0,0,0.0,0.0
D.Thompkins,TB,2023,10,0,0,0.0,0,0.0,0.0
D.Thompkins,TB,2023,11,0,0,0.0,0,0.0,0.0
D.Thompkins,TB,2023,13,0,0,0.0,0,0.0,0.0
D.Thompkins,TB,2023,15,0,0,0.0,0,0.0,0.0
D.Thompkins,TB,2023,17,0,0,0.0,0,0.0,0.0
D.Thompkins,TB,2023,18,0,0,0.0,0,0.0,0.0
D.Thompkins,TB,2023,19,0,0,0.0,0,0.0,0.0
D.Thompkins,TB,2023,20,0,0,0.0,0,0.0,0.0
C.Fotheringham,LV,2023,16,0,0,0.0,0,0.0,0.0
J.Mason,SF,2023,3,0,0,0.0,0,0.0,0.0
J.Mason,SF,2023,4,0,0,0.0,0,0.0,0.0
J.Mason,SF,2023,5,0,0,0.0,0,0.0,0.0
J.Mason,SF,2023,6,0,0,0.0,0,0.0,0.0
J.Mason,SF,2023,13,0,0,0.0,0,0.0,0.0
J.Mason,SF,2023,14,0,0,0.0,0,0.0,0.0
J.Mason,SF,2023,15,0,0,0.0,0,0.0,0.0
J.Mason,SF,2023,17,0,0,0.0,0,0.0,0.0
J.Mason,SF,2023,18,0,0,0.0,0,0.0,0.0
L.Krull,DEN,2023,10,0,0,0.0,0,0.0,0.0
L.Krull,DEN,2023,13,0,0,0.0,0,0.0,0.0
L.Krull,DEN,2023,14,0,0,0.0,0,0.0,0.0
L.Krull,DEN,2023,15,0,0,0.0,0,0.0,0.0
L.Krull,DEN,2023,16,0,0,0.0,0,0.0,0.0
L.Krull,DEN,2023,17,0,0,0.0,0,0.0,0.0
L.Krull,DEN,2023,18,0,0,0.0,0,0.0,0.0
R.Shaheed,NO,2023,1,0,0,0.0,0,0.0,0.0
R.Shaheed,NO,2023,2,0,0,0.0,0,0.0,0.0
R.Shaheed,NO,2023,3,0,0,0.0,0,0.0,0.0
R.Shaheed,NO,2023,4,0,0,0.0,0,0.0,0.0
R.Shaheed,NO,2023,5,0,0,0.0,0,0.0,0.0
R.Shaheed,NO,2023,6,0,0,0.0,0,0.0,0.0
R.Shaheed,NO,2023,7,0,0,0.0,0,0.0,0.0
R.Shaheed,NO,2023,8,0,0,0.0,0,0.0,0.0
R.Shaheed,NO,2023,9,0,0,0.0,0,0.0,0.0
R.Shaheed,NO,2023,10,0,0,0.0,0,0.0,0.0
R.Shaheed,NO,2023,12,0,0,0.0,0,0.0,0.0
R.Shaheed,NO,2023,15,0,0,0.0,0,0.0,0.0
R.Shaheed,NO,2023,16,0,0,0.0,0,0.0,0.0
R.Shaheed,NO,2023,17,0,0,0.0,0,0.0,0.0
R.Shaheed,NO,2023,18,0,0,0.0,0,0.0,0.0
R.Rivers,LA,2023,2,0,0,0.0,0,0.0,0.0
R.Rivers,LA,2023,4,0,0,0.0,0,0.0,0.0
R.Rivers,LA,2023,5,0,0,0.0,0,0.0,0.0
R.Rivers,LA,2023,6,0,0,0.0,0,0.0,0.0
R.Rivers,LA,2023,16,0,0,0.0,0,0.0,0.0
R.Rivers,LA,2023,17,0,0,0.0,0,0.0,0.0
R.Rivers,LA,2023,18,0,0,0.0,0,0.0,0.0
R.Rivers,LA,2023,19,0,0,0.0,0,0.0,0.0
P.Hendershot,DAL,2023,1,0,0,0.0,0,0.0,0.0
P.Hendershot,DAL,2023,2,0,0,0.0,0,0.0,0.0
P.Hendershot,DAL,2023,3,0,0,0.0,0,0.0,0.0
P.Hendershot,DAL,2023,15,0,0,0.0,0,0.0,0.0
P.Hendershot,DAL,2023,16,0,0,0.0,0,0.0,0.0
P.Hendershot,DAL,2023,17,0,0,0.0,0,0.0,0.0
P.Hendershot,DAL,2023,18,0,0,0.0,0,0.0,0.0
R.Stonehouse,TEN,2023,13,0,0,0.0,0,0.0,0.0
J.Metchie,HOU,2023,2,0,0,0.0,0,0.0,0.0
J.Metchie,HOU,2023,3,0,0,0.0,0,0.0,0.0
J.Metchie,HOU,2023,4,0,0,0.0,0,0.0,0.0
J.Metchie,HOU,2023,5,0,0,0.0,0,0.0,0.0
J.Metchie,HOU,2023,9,0,0,0.0,0,0.0,0.0
J.Metchie,HOU,2023,10,0,0,0.0,0,0.0,0.0
J.Metchie,HOU,2023,11,0,0,0.0,0,0.0,0.0
J.Metchie,HOU,2023,12,0,0,0.0,0,0.0,0.0
J.Metchie,HOU,2023,13,0,0,0.0,0,0.0,0.0
J.Metchie,HOU,2023,14,0,0,0.0,0,0.0,0.0
J.Metchie,HOU,2023,15,0,0,0.0,0,0.0,0.0
J.Metchie,HOU,2023,16,0,0,0.0,0,0.0,0.0
J.Metchie,HOU,2023,17,0,0,0.0,0,0.0,0.0
J.Metchie,HOU,2023,18,0,0,0.0,0,0.0,0.0
J.Metchie,HOU,2023,19,0,0,0.0,0,0.0,0.0
T.Fisk,ATL,2023,15,0,0,0.0,0,0.0,0.0
A.Pierce,IND,2023,1,0,0,0.0,0,0.0,0.0
A.Pierce,IND,2023,2,0,0,0.0,0,0.0,0.0
A.Pierce,IND,2023,3,0,0,0.0,0,0.0,0.0
A.Pierce,IND,2023,4,0,0,0.0,0,0.0,0.0
A.Pierce,IND,2023,5,0,0,0.0,0,0.0,0.0
A.Pierce,IND,2023,6,0,0,0.0,0,0.0,0.0
A.Pierce,IND,2023,7,0,0,0.0,0,0.0,0.0
A.Pierce,IND,2023,8,0,0,0.0,0,0.0,0.0
A.Pierce,IND,2023,9,0,0,0.0,0,0.0,0.0
A.Pierce,IND,2023,10,0,0,0.0,0,0.0,0.0
A.Pierce,IND,2023,12,0,0,0.0,0,0.0,0.0
A.Pierce,IND,2023,13,0,0,0.0,0,0.0,0.0
A.Pierce,IND,2023,14,0,0,0.0,0,0.0,0.0
A.Pierce,IND,2023,15,0,0,0.0,0,0.0,0.0
A.Pierce,IND,2023,16,0,0,0.0,0,0.0,0.0
A.Pierce,IND,2023,17,0,0,0.0,0,0.0,0.0
A.Pierce,IND,2023,18,0,0,0.0,0,0.0,0.0
J.Tolbert,DAL,2023,1,0,0,0.0,0,0.0,0.0
J.Tolbert,DAL,2023,2,0,0,0.0,0,0.0,0.0
J.Tolbert,DAL,2023,4,0,0,0.0,0,0.0,0.0
J.Tolbert,DAL,2023,8,0,0,0.0,0,0.0,0.0
J.Tolbert,DAL,2023,9,0,0,0.0,0,0.0,0.0
J.Tolbert,DAL,2023,10,0,0,0.0,0,0.0,0.0
J.Tolbert,DAL,2023,11,0,0,0.0,0,0.0,0.0
J.Tolbert,DAL,2023,12,0,0,0.0,0,0.0,0.0
J.Tolbert,DAL,2023,13,0,0,0.0,0,0.0,0.0
J.Tolbert,DAL,2023,14,0,0,0.0,0,0.0,0.0
J.Tolbert,DAL,2023,16,0,0,0.0,0,0.0,0.0
J.Tolbert,DAL,2023,17,0,0,0.0,0,0.0,0.0
J.Tolbert,DAL,2023,18,0,0,0.0,0,0.0,0.0
J.Tolbert,DAL,2023,19,0,0,0.0,0,0.0,0.0
G.Wilson,NYJ,2023,1,0,0,0.0,0,0.0,0.0
G.Wilson,NYJ,2023,2,0,0,0.0,0,0.0,0.0
G.Wilson,NYJ,2023,3,0,0,0.0,0,0.0,0.0
G.Wilson,NYJ,2023,4,0,0,0.0,0,0.0,0.0
G.Wilson,NYJ,2023,5,0,0,0.0,0,0.0,0.0
G.Wilson,NYJ,2023,6,0,0,0.0,0,0.0,0.0
G.Wilson,NYJ,2023,8,0,0,0.0,0,0.0,0.0
G.Wilson,NYJ,2023,9,0,0,0.0,0,0.0,0.0
G.Wilson,NYJ,2023,10,0,1,0.0,0,0.0,0.0
G.Wilson,NYJ,2023,11,0,0,0.0,0,0.0,0.0
G.Wilson,NYJ,2023,12,0,0,0.0,0,0.0,0.0
G.Wilson,NYJ,2023,13,0,0,0.0,0,0.0,0.0
G.Wilson,NYJ,2023,14,0,0,0.0,0,0.0,0.0
G.Wilson,NYJ,2023,15,0,0,0.0,0,0.0,0.0
G.Wilson,NYJ,2023,16,0,0,0.0,0,0.0,0.0
G.Wilson,NYJ,2023,17,0,0,0.0,0,0.0,0.0
G.Wilson,NYJ,2023,18,0,0,0.0,0,0.0,0.0
J.Dotson,WAS,2023,1,0,0,0.0,0,0.0,0.0
J.Dotson,WAS,2023,2,0,0,0.0,0,0.0,0.0
J.Dotson,WAS,2023,3,0,0,0.0,0,0.0,0.0
J.Dotson,WAS,2023,4,0,0,0.0,0,0.0,0.0
J.Dotson,WAS,2023,5,0,0,0.0,0,0.0,0.0
J.Dotson,WAS,2023,6,0,0,0.0,0,0.0,0.0
J.Dotson,WAS,2023,7,0,0,0.0,0,0.0,0.0
J.Dotson,WAS,2023,8,0,0,0.0,0,0.0,0.0
J.Dotson,WAS,2023,9,0,0,0.0,0,0.0,0.0
J.Dotson,WAS,2023,10,0,0,0.0,0,0.0,0.0
J.Dotson,WAS,2023,11,0,0,0.0,0,0.0,0.0
J.Dotson,WAS,2023,12,0,0,0.0,0,0.0,0.0
J.Dotson,WAS,2023,13,0,0,0.0,0,0.0,0.0
J.Dotson,WAS,2023,15,0,0,0.0,0,0.0,0.0
J.Dotson,WAS,2023,16,0,0,0.0,0,0.0,0.0
J.Dotson,WAS,2023,17,0,0,0.0,0,0.0,0.0
J.Dotson,WAS,2023,18,0,0,0.0,0,0.0,0.0
T.Burks,TEN,2023,1,0,0,0.0,0,0.0,0.0
T.Burks,TEN,2023,2,0,0,0.0,0,0.0,0.0
T.Burks,TEN,2023,3,0,0,0.0,0,0.0,0.0
T.Burks,TEN,2023,8,0,0,0.0,0,0.0,0.0
T.Burks,TEN,2023,9,0,0,0.0,0,0.0,0.0
T.Burks,TEN,2023,14,0,0,0.0,0,0.0,0.0
T.Burks,TEN,2023,15,0,0,0.0,0,0.0,0.0
T.Burks,TEN,2023,16,0,0,0.0,0,0.0,0.0
T.Burks,TEN,2023,17,0,0,0.0,0,0.0,0.0
T.McBride,ARI,2023,1,0,0,0.0,0,0.0,0.0
T.McBride,ARI,2023,2,0,0,0.0,0,0.0,0.0
T.McBride,ARI,2023,3,0,0,0.0,0,0.0,0.0
T.McBride,ARI,2023,4,0,0,0.0,0,0.0,0.0
T.McBride,ARI,2023,5,0,0,0.0,0,0.0,0.0
T.McBride,ARI,2023,6,0,0,0.0,0,0.0,0.0
T.McBride,ARI,2023,7,0,0,0.0,0,0.0,0.0
T.McBride,ARI,2023,8,0,0,0.0,0,0.0,0.0
T.McBride,ARI,2023,9,0,0,0.0,0,0.0,0.0
T.McBride,ARI,2023,10,0,0,0.0,0,0.0,0.0
T.McBride,ARI,2023,11,0,0,0.0,0,0.0,0.0
T.McBride,ARI,2023,12,0,0,0.0,0,0.0,0.0
T.McBride,ARI,2023,13,0,0,0.0,0,0.0,0.0
T.McBride,ARI,2023,15,0,0,0.0,0,0.0,0.0
T.McBride,ARI,2023,16,0,0,0.0,0,0.0,0.0
T.McBride,ARI,2023,17,0,0,0.0,0,0.0,0.0
T.McBride,ARI,2023,18,0,0,0.0,0,0.0,0.0
V.Jones,CHI,2023,2,0,0,0.0,0,0.0,0.0
V.Jones,CHI,2023,4,0,0,0.0,0,0.0,0.0
V.Jones,CHI,2023,6,0,0,0.0,0,0.0,0.0
V.Jones,CHI,2023,7,0,0,0.0,0,0.0,0.0
V.Jones,CHI,2023,8,0,0,0.0,0,0.0,0.0
V.Jones,CHI,2023,9,0,0,0.0,0,0.0,0.0
V.Jones,CHI,2023,14,0,0,0.0,0,0.0,0.0
V.Jones,CHI,2023,15,0,0,0.0,0,0.0,0.0
V.Jones,CHI,2023,16,0,0,0.0,0,0.0,0.0
V.Jones,CHI,2023,17,0,0,0.0,0,0.0,0.0
B.Robinson,WAS,2023,1,0,0,0.0,0,0.0,0.0
B.Robinson,WAS,2023,2,0,0,0.0,0,0.0,0.0
B.Robinson,WAS,2023,3,0,0,0.0,0,0.0,0.0
B.Robinson,WAS,2023,4,0,0,0.0,0,0.0,0.0
B.Robinson,WAS,2023,5,0,0,0.0,0,0.0,0.0
B.Robinson,WAS,2023,6,0,0,0.0,0,0.0,0.0
B.Robinson,WAS,2023,7,0,0,0.0,0,0.0,0.0
B.Robinson,WAS,2023,8,0,0,0.0,0,0.0,0.0
B.Robinson,WAS,2023,9,0,0,0.0,0,0.0,0.0
B.Robinson,WAS,2023,10,0,0,0.0,0,0.0,0.0
B.Robinson,WAS,2023,11,0,0,0.0,0,0.0,0.0
B.Robinson,WAS,2023,12,0,0,0.0,0,0.0,0.0
B.Robinson,WAS,2023,13,0,0,0.0,0,0.0,0.0
B.Robinson,WAS,2023,17,0,0,0.0,0,0.0,0.0
B.Robinson,WAS,2023,18,0,0,0.0,0,0.0,0.0
K.Turpin,DAL,2023,1,0,0,0.0,0,0.0,0.0
K.Turpin,DAL,2023,2,0,0,0.0,0,0.0,0.0
K.Turpin,DAL,2023,4,0,0,0.0,0,0.0,0.0
K.Turpin,DAL,2023,5,0,0,0.0,0,0.0,0.0
K.Turpin,DAL,2023,8,0,0,0.0,0,0.0,0.0
K.Turpin,DAL,2023,9,0,0,0.0,0,0.0,0.0
K.Turpin,DAL,2023,11,0,0,0.0,0,0.0,0.0
K.Turpin,DAL,2023,12,0,0,0.0,0,0.0,0.0
K.Turpin,DAL,2023,13,0,0,0.0,0,0.0,0.0
K.Turpin,DAL,2023,14,0,0,0.0,0,0.0,0.0
K.Turpin,DAL,2023,16,0,0,0.0,0,0.0,0.0
K.Turpin,DAL,2023,18,0,0,0.0,0,0.0,0.0
J.Ruckert,NYJ,2023,4,0,0,0.0,0,0.0,0.0
J.Ruckert,NYJ,2023,5,0,0,0.0,0,0.0,0.0
J.Ruckert,NYJ,2023,6,0,0,0.0,0,0.0,0.0
J.Ruckert,NYJ,2023,8,0,0,0.0,0,0.0,0.0
J.Ruckert,NYJ,2023,9,0,0,0.0,0,0.0,0.0
J.Ruckert,NYJ,2023,11,0,0,0.0,0,0.0,0.0
J.Ruckert,NYJ,2023,12,0,0,0.0,0,0.0,0.0
J.Ruckert,NYJ,2023,13,0,0,0.0,0,0.0,0.0
J.Ruckert,NYJ,2023,14,0,0,0.0,0,0.0,0.0
J.Ruckert,NYJ,2023,15,0,0,0.0,0,0.0,0.0
C.Okonkwo,TEN,2023,1,0,0,0.0,0,0.0,0.0
C.Okonkwo,TEN,2023,2,0,0,0.0,0,0.0,0.0
C.Okonkwo,TEN,2023,3,0,0,0.0,0,0.0,0.0
C.Okonkwo,TEN,2023,4,0,0,0.0,0,0.0,0.0
C.Okonkwo,TEN,2023,5,0,0,0.0,0,0.0,0.0
C.Okonkwo,TEN,2023,6,0,0,0.0,0,0.0,0.0
C.Okonkwo,TEN,2023,8,0,0,0.0,0,0.0,0.0
C.Okonkwo,TEN,2023,9,0,0,0.0,0,0.0,0.0
C.Okonkwo,TEN,2023,10,0,0,0.0,0,0.0,0.0
C.Okonkwo,TEN,2023,11,0,0,0.0,0,0.0,0.0
C.Okonkwo,TEN,2023,12,0,0,0.0,0,0.0,0.0
C.Okonkwo,TEN,2023,13,0,0,0.0,0,0.0,0.0
C.Okonkwo,TEN,2023,14,0,0,0.0,0,0.0,0.0
C.Okonkwo,TEN,2023,15,0,0,0.0,0,0.0,0.0
C.Okonkwo,TEN,2023,16,0,0,0.0,0,0.0,0.0
C.Okonkwo,TEN,2023,17,0,0,0.0,0,0.0,0.0
C.Okonkwo,TEN,2023,18,0,0,0.0,0,0.0,0.0
R.Doubs,GB,2023,1,0,0,0.0,0,0.0,0.0
R.Doubs,GB,2023,2,0,0,0.0,0,0.0,0.0
R.Doubs,GB,2023,3,0,0,0.0,0,0.0,0.0
R.Doubs,GB,2023,4,0,0,0.0,0,0.0,0.0
R.Doubs,GB,2023,5,0,0,0.0,0,0.0,0.0
R.Doubs,GB,2023,7,0,0,0.0,0,0.0,0.0
R.Doubs,GB,2023,8,0,0,0.0,0,0.0,0.0
R.Doubs,GB,2023,9,0,0,0.0,0,0.0,0.0
R.Doubs,GB,2023,10,0,0,0.0,0,0.0,0.0
R.Doubs,GB,2023,11,0,0,0.0,0,0.0,0.0
R.Doubs,GB,2023,12,0,0,0.0,0,0.0,0.0
R.Doubs,GB,2023,13,0,0,0.0,0,0.0,0.0
R.Doubs,GB,2023,14,0,0,0.0,0,0.0,0.0
R.Doubs,GB,2023,15,0,0,0.0,0,0.0,0.0
R.Doubs,GB,2023,16,0,0,0.0,0,0.0,0.0
R.Doubs,GB,2023,17,0,0,0.0,0,0.0,0.0
R.Doubs,GB,2023,18,0,0,0.0,0,0.0,0.0
R.Doubs,GB,2023,19,0,0,0.0,0,0.0,0.0
R.Doubs,GB,2023,20,0,0,0.0,0,0.0,0.0
T.Davis-Price,SF,2023,5,0,0,0.0,0,0.0,0.0
B.Purdy,SF,2023,1,19,29,220.0,2,0.0,3.0
B.Purdy,SF,2023,2,17,25,206.0,0,0.0,1.0
B.Purdy,SF,2023,3,25,37,310.0,2,0.0,2.0
B.Purdy,SF,2023,4,20,21,283.0,1,0.0,1.0
B.Purdy,SF,2023,5,17,24,252.0,4,0.0,1.0
B.Purdy,SF,2023,6,12,27,125.0,1,1.0,3.0
B.Purdy,SF,2023,7,21,30,272.0,1,2.0,1.0
B.Purdy,SF,2023,8,22,31,365.0,1,2.0,2.0
B.Purdy,SF,2023,10,19,26,296.0,3,0.0,2.0
B.Purdy,SF,2023,11,21,25,333.0,3,0.0,4.0
B.Purdy,SF,2023,12,21,30,209.0,1,1.0,1.0
B.Purdy,SF,2023,13,19,27,314.0,4,0.0,2.0
B.Purdy,SF,2023,14,19,27,368.0,2,1.0,3.0
B.Purdy,SF,2023,15,16,25,242.0,4,0.0,0.0
B.Purdy,SF,2023,16,18,32,255.0,0,4.0,2.0
B.Purdy,SF,2023,17,22,28,230.0,2,0.0,0.0
B.Purdy,SF,2023,20,23,39,252.0,1,0.0,1.0
B.Purdy,SF,2023,21,20,31,267.0,1,1.0,2.0
B.Purdy,SF,2023,22,23,38,255.0,1,0.0,1.0
C.Austin,PIT,2023,1,0,0,0.0,0,0.0,0.0
C.Austin,PIT,2023,2,0,0,0.0,0,0.0,0.0
C.Austin,PIT,2023,3,0,0,0.0,0,0.0,0.0
C.Austin,PIT,2023,4,0,0,0.0,0,0.0,0.0
C.Austin,PIT,2023,5,0,0,0.0,0,0.0,0.0
C.Austin,PIT,2023,7,0,0,0.0,0,0.0,0.0
C.Austin,PIT,2023,8,0,0,0.0,0,0.0,0.0
C.Austin,PIT,2023,9,0,0,0.0,0,0.0,0.0
C.Austin,PIT,2023,10,0,0,0.0,0,0.0,0.0
C.Austin,PIT,2023,12,0,0,0.0,0,0.0,0.0
C.Austin,PIT,2023,13,0,0,0.0,0,0.0,0.0
C.Austin,PIT,2023,14,0,0,0.0,0,0.0,0.0
C.Austin,PIT,2023,16,0,0,0.0,0,0.0,0.0
C.Austin,PIT,2023,18,0,0,0.0,0,0.0,0.0
C.Austin,PIT,2023,19,0,0,0.0,0,0.0,0.0
I.Likely,BAL,2023,1,0,0,0.0,0,0.0,0.0
I.Likely,BAL,2023,2,0,0,0.0,0,0.0,0.0
I.Likely,BAL,2023,3,0,0,0.0,0,0.0,0.0
I.Likely,BAL,2023,8,0,0,0.0,0,0.0,0.0
I.Likely,BAL,2023,9,0,0,0.0,0,0.0,0.0
I.Likely,BAL,2023,10,0,0,0.0,0,0.0,0.0
I.Likely,BAL,2023,11,0,0,0.0,0,0.0,0.0
I.Likely,BAL,2023,12,0,0,0.0,0,0.0,0.0
I.Likely,BAL,2023,14,0,0,0.0,0,0.0,0.0
I.Likely,BAL,2023,15,0,0,0.0,0,0.0,0.0
I.Likely,BAL,2023,16,0,0,0.0,0,0.0,0.0
I.Likely,BAL,2023,17,0,0,0.0,0,0.0,0.0
I.Likely,BAL,2023,18,0,0,0.0,0,0.0,0.0
I.Likely,BAL,2023,20,0,0,0.0,0,0.0,0.0
I.Likely,BAL,2023,21,0,0,0.0,0,0.0,0.0
K.Williams,LA,2023,1,0,0,0.0,0,0.0,0.0
K.Williams,LA,2023,2,0,0,0.0,0,0.0,0.0
K.Williams,LA,2023,3,0,0,0.0,0,0.0,0.0
K.Williams,LA,2023,4,0,0,0.0,0,0.0,0.0
K.Williams,LA,2023,5,0,0,0.0,0,0.0,0.0
K.Williams,LA,2023,6,0,0,0.0,0,0.0,0.0
K.Williams,LA,2023,12,0,0,0.0,0,0.0,0.0
K.Williams,LA,2023,13,0,0,0.0,0,0.0,0.0
K.Williams,LA,2023,14,0,0,0.0,0,0.0,0.0
K.Williams,LA,2023,15,0,0,0.0,0,0.0,0.0
K.Williams,LA,2023,16,0,0,0.0,0,0.0,0.0
K.Williams,LA,2023,17,0,0,0.0,0,0.0,0.0
K.Williams,LA,2023,19,0,0,0.0,0,0.0,0.0
Z.White,LV,2023,1,0,0,0.0,0,0.0,0.0
Z.White,LV,2023,2,0,0,0.0,0,0.0,0.0
Z.White,LV,2023,4,0,0,0.0,0,0.0,0.0
Z.White,LV,2023,6,0,0,0.0,0,0.0,0.0
Z.White,LV,2023,7,0,0,0.0,0,0.0,0.0
Z.White,LV,2023,9,0,0,0.0,0,0.0,0.0
Z.White,LV,2023,10,0,0,0.0,0,0.0,0.0
Z.White,LV,2023,12,0,0,0.0,0,0.0,0.0
Z.White,LV,2023,14,0,0,0.0,0,0.0,0.0
Z.White,LV,2023,15,0,0,0.0,0,0.0,0.0
Z.White,LV,2023,16,0,0,0.0,0,0.0,0.0
Z.White,LV,2023,17,0,0,0.0,0,0.0,0.0
Z.White,LV,2023,18,0,0,0.0,0,0.0,0.0
J.Ferguson,DAL,2023,1,0,0,0.0,0,0.0,0.0
J.Ferguson,DAL,2023,2,0,0,0.0,0,0.0,0.0
J.Ferguson,DAL,2023,3,0,0,0.0,0,0.0,0.0
J.Ferguson,DAL,2023,4,0,0,0.0,0,0.0,0.0
J.Ferguson,DAL,2023,5,0,0,0.0,0,0.0,0.0
J.Ferguson,DAL,2023,6,0,0,0.0,0,0.0,0.0
J.Ferguson,DAL,2023,8,0,0,0.0,0,0.0,0.0
J.Ferguson,DAL,2023,9,0,0,0.0,0,0.0,0.0
J.Ferguson,DAL,2023,10,0,0,0.0,0,0.0,0.0
J.Ferguson,DAL,2023,11,0,0,0.0,0,0.0,0.0
J.Ferguson,DAL,2023,12,0,0,0.0,0,0.0,0.0
J.Ferguson,DAL,2023,13,0,0,0.0,0,0.0,0.0
J.Ferguson,DAL,2023,14,0,0,0.0,0,0.0,0.0
J.Ferguson,DAL,2023,15,0,0,0.0,0,0.0,0.0
J.Ferguson,DAL,2023,16,0,0,0.0,0,0.0,0.0
J.Ferguson,DAL,2023,17,0,0,0.0,0,0.0,0.0
J.Ferguson,DAL,2023,18,0,0,0.0,0,0.0,0.0
J.Ferguson,DAL,2023,19,0,0,0.0,0,0.0,0.0
I.Spiller,LAC,2023,2,0,0,0.0,0,0.0,0.0
I.Spiller,LAC,2023,3,0,0,0.0,0,0.0,0.0
I.Spiller,LAC,2023,4,0,0,0.0,0,0.0,0.0
I.Spiller,LAC,2023,6,0,0,0.0,0,0.0,0.0
I.Spiller,LAC,2023,8,0,0,0.0,0,0.0,0.0
I.Spiller,LAC,2023,14,0,0,0.0,0,0.0,0.0
I.Spiller,LAC,2023,15,0,0,0.0,0,0.0,0.0
I.Spiller,LAC,2023,16,0,0,0.0,0,0.0,0.0
I.Spiller,LAC,2023,17,0,0,0.0,0,0.0,0.0
C.Kolar,BAL,2023,1,0,0,0.0,0,0.0,0.0
C.Kolar,BAL,2023,11,0,0,0.0,0,0.0,0.0
C.Kolar,BAL,2023,15,0,0,0.0,0,0.0,0.0
C.Kolar,BAL,2023,16,0,0,0.0,0,0.0,0.0
C.Kolar,BAL,2023,17,0,0,0.0,0,0.0,0.0
C.Kolar,BAL,2023,18,0,0,0.0,0,0.0,0.0
C.Kolar,BAL,2023,20,0,0,0.0,0,0.0,0.0
S.Moore,KC,2023,1,0,0,0.0,0,0.0,0.0
S.Moore,KC,2023,2,0,0,0.0,0,0.0,0.0
S.Moore,KC,2023,3,0,0,0.0,0,0.0,0.0
S.Moore,KC,2023,4,0,0,0.0,0,0.0,0.0
S.Moore,KC,2023,5,0,0,0.0,0,0.0,0.0
S.Moore,KC,2023,6,0,0,0.0,0,0.0,0.0
S.Moore,KC,2023,7,0,0,0.0,0,0.0,0.0
S.Moore,KC,2023,8,0,0,0.0,0,0.0,0.0
S.Moore,KC,2023,9,0,0,0.0,0,0.0,0.0
S.Moore,KC,2023,11,0,0,0.0,0,0.0,0.0
S.Moore,KC,2023,12,0,0,0.0,0,0.0,0.0
S.Moore,KC,2023,13,0,0,0.0,0,0.0,0.0
S.Moore,KC,2023,14,0,0,0.0,0,0.0,0.0
E.Ezukanma,MIA,2023,1,0,0,0.0,0,0.0,0.0
E.Ezukanma,MIA,2023,2,0,0,0.0,0,0.0,0.0
P.Strong,CLE,2023,2,0,0,0.0,0,0.0,0.0
P.Strong,CLE,2023,3,0,0,0.0,0,0.0,0.0
P.Strong,CLE,2023,4,0,0,0.0,0,0.0,0.0
P.Strong,CLE,2023,7,0,0,0.0,0,0.0,0.0
P.Strong,CLE,2023,8,0,0,0.0,0,0.0,0.0
P.Strong,CLE,2023,9,0,0,0.0,0,0.0,0.0
P.Strong,CLE,2023,11,0,0,0.0,0,0.0,0.0
P.Strong,CLE,2023,13,0,0,0.0,0,0.0,0.0
P.Strong,CLE,2023,14,0,0,0.0,0,0.0,0.0
P.Strong,CLE,2023,15,0,0,0.0,0,0.0,0.0
P.Strong,CLE,2023,16,0,0,0.0,0,0.0,0.0
P.Strong,CLE,2023,17,0,0,0.0,0,0.0,0.0
P.Strong,CLE,2023,18,0,0,0.0,0,0.0,0.0
K.Pickett,PIT,2023,1,31,46,232.0,1,2.0,5.0
K.Pickett,PIT,2023,2,15,30,222.0,1,1.0,2.0
K.Pickett,PIT,2023,3,16,28,235.0,2,0.0,1.0
K.Pickett,PIT,2023,4,15,23,114.0,0,1.0,3.0
K.Pickett,PIT,2023,5,18,32,224.0,1,0.0,3.0
K.Pickett,PIT,2023,7,17,25,230.0,0,0.0,2.0
K.Pickett,PIT,2023,8,10,16,73.0,0,0.0,1.0
K.Pickett,PIT,2023,9,19,30,160.0,1,0.0,0.0
K.Pickett,PIT,2023,10,14,23,126.0,0,0.0,1.0
K.Pickett,PIT,2023,11,15,28,106.0,0,0.0,3.0
K.Pickett,PIT,2023,12,24,33,278.0,0,0.0,2.0
K.Pickett,PIT,2023,13,7,10,70.0,0,0.0,0.0
T.Thornton,NE,2023,6,0,0,0.0,0,0.0,0.0
T.Thornton,NE,2023,7,0,0,0.0,0,0.0,0.0
T.Thornton,NE,2023,9,0,0,0.0,0,0.0,0.0
T.Thornton,NE,2023,12,0,0,0.0,0,0.0,0.0
T.Thornton,NE,2023,13,0,0,0.0,0,0.0,0.0
T.Thornton,NE,2023,14,0,0,0.0,0,0.0,0.0
T.Thornton,NE,2023,15,0,0,0.0,0,0.0,0.0
T.Thornton,NE,2023,16,0,0,0.0,0,0.0,0.0
T.Thornton,NE,2023,17,0,0,0.0,0,0.0,0.0
B.Zappe,NE,2023,4,4,9,57.0,0,0.0,1.0
B.Zappe,NE,2023,5,3,9,22.0,0,0.0,0.0
B.Zappe,NE,2023,10,3,7,25.0,0,1.0,0.0
B.Zappe,NE,2023,12,9,14,54.0,0,1.0,1.0
B.Zappe,NE,2023,13,13,25,141.0,0,0.0,5.0
B.Zappe,NE,2023,14,19,28,240.0,3,1.0,2.0
B.Zappe,NE,2023,15,23,31,180.0,1,1.0,4.0
B.Zappe,NE,2023,16,25,33,256.0,2,0.0,2.0
B.Zappe,NE,2023,17,16,26,209.0,0,3.0,3.0
B.Zappe,NE,2023,18,12,30,88.0,0,2.0,7.0
D.Bellinger,NYG,2023,1,0,0,0.0,0,0.0,0.0
D.Bellinger,NYG,2023,3,0,0,0.0,0,0.0,0.0
D.Bellinger,NYG,2023,4,0,0,0.0,0,0.0,0.0
D.Bellinger,NYG,2023,5,0,0,0.0,0,0.0,0.0
D.Bellinger,NYG,2023,8,0,0,0.0,0,0.0,0.0
D.Bellinger,NYG,2023,9,0,0,0.0,0,0.0,0.0
D.Bellinger,NYG,2023,10,0,0,0.0,0,0.0,0.0
D.Bellinger,NYG,2023,11,0,0,0.0,0,0.0,0.0
D.Bellinger,NYG,2023,12,0,0,0.0,0,0.0,0.0
D.Bellinger,NYG,2023,14,0,0,0.0,0,0.0,0.0
D.Bellinger,NYG,2023,15,0,0,0.0,0,0.0,0.0
D.Bellinger,NYG,2023,16,0,0,0.0,0,0.0,0.0
D.Bellinger,NYG,2023,17,0,0,0.0,0,0.0,0.0
W.Robinson,NYG,2023,3,0,0,0.0,0,0.0,0.0
W.Robinson,NYG,2023,4,0,0,0.0,0,0.0,0.0
W.Robinson,NYG,2023,5,0,0,0.0,0,0.0,0.0
W.Robinson,NYG,2023,6,0,0,0.0,0,0.0,0.0
W.Robinson,NYG,2023,7,0,0,0.0,0,0.0,0.0
W.Robinson,NYG,2023,8,0,0,0.0,0,0.0,0.0
W.Robinson,NYG,2023,9,0,0,0.0,0,0.0,0.0
W.Robinson,NYG,2023,10,0,0,0.0,0,0.0,0.0
W.Robinson,NYG,2023,11,0,0,0.0,0,0.0,0.0
W.Robinson,NYG,2023,12,0,0,0.0,0,0.0,0.0
W.Robinson,NYG,2023,14,0,0,0.0,0,0.0,0.0
W.Robinson,NYG,2023,15,0,0,0.0,0,0.0,0.0
W.Robinson,NYG,2023,16,0,0,0.0,0,0.0,0.0
W.Robinson,NYG,2023,17,0,0,0.0,0,0.0,0.0
W.Robinson,NYG,2023,18,0,0,0.0,0,0.0,0.0
B.Hall,NYJ,2023,1,0,0,0.0,0,0.0,0.0
B.Hall,NYJ,2023,2,0,0,0.0,0,0.0,0.0
B.Hall,NYJ,2023,3,0,0,0.0,0,0.0,0.0
B.Hall,NYJ,2023,4,0,0,0.0,0,0.0,0.0
B.Hall,NYJ,2023,5,0,0,0.0,0,0.0,0.0
B.Hall,NYJ,2023,6,0,0,0.0,0,0.0,0.0
B.Hall,NYJ,2023,8,0,0,0.0,0,0.0,0.0
B.Hall,NYJ,2023,9,0,0,0.0,0,0.0,0.0
B.Hall,NYJ,2023,10,0,0,0.0,0,0.0,0.0
B.Hall,NYJ,2023,11,0,0,0.0,0,0.0,0.0
B.Hall,NYJ,2023,12,0,0,0.0,0,0.0,0.0
B.Hall,NYJ,2023,13,0,0,0.0,0,0.0,0.0
B.Hall,NYJ,2023,14,0,0,0.0,0,0.0,0.0
B.Hall,NYJ,2023,15,0,0,0.0,0,0.0,0.0
B.Hall,NYJ,2023,16,0,0,0.0,0,0.0,0.0
B.Hall,NYJ,2023,17,0,0,0.0,0,0.0,0.0
B.Hall,NYJ,2023,18,0,0,0.0,0,0.0,0.0
D.Ridder,ATL,2023,1,15,18,115.0,1,0.0,4.0
D.Ridder,ATL,2023,2,19,32,237.0,1,1.0,1.0
D.Ridder,ATL,2023,3,21,38,201.0,0,0.0,7.0
D.Ridder,ATL,2023,4,19,31,191.0,1,2.0,4.0
D.Ridder,ATL,2023,5,28,37,329.0,1,0.0,0.0
D.Ridder,ATL,2023,6,28,47,307.0,2,3.0,3.0
D.Ridder,ATL,2023,7,19,25,250.0,0,0.0,1.0
D.Ridder,ATL,2023,8,8,12,71.0,0,0.0,5.0
D.Ridder,ATL,2023,10,4,6,39.0,0,0.0,0.0
D.Ridder,ATL,2023,12,13,21,168.0,1,2.0,0.0
D.Ridder,ATL,2023,13,12,27,121.0,1,0.0,3.0
D.Ridder,ATL,2023,14,26,40,347.0,1,1.0,3.0
D.Ridder,ATL,2023,15,12,20,152.0,1,1.0,0.0
D.Ridder,ATL,2023,17,3,4,17.0,0,1.0,0.0
D.Ridder,ATL,2023,18,22,30,291.0,2,1.0,0.0
C.Watson,GB,2023,4,0,0,0.0,0,0.0,0.0
C.Watson,GB,2023,5,0,0,0.0,0,0.0,0.0
C.Watson,GB,2023,7,0,0,0.0,0,0.0,0.0
C.Watson,GB,2023,8,0,0,0.0,0,0.0,0.0
C.Watson,GB,2023,9,0,0,0.0,0,0.0,0.0
C.Watson,GB,2023,10,0,0,0.0,0,0.0,0.0
C.Watson,GB,2023,11,0,0,0.0,0,0.0,0.0
C.Watson,GB,2023,12,0,0,0.0,0,0.0,0.0
C.Watson,GB,2023,13,0,0,0.0,0,0.0,0.0
C.Watson,GB,2023,19,0,0,0.0,0,0.0,0.0
C.Watson,GB,2023,20,0,0,0.0,0,0.0,0.0
M.Willis,TEN,2023,6,4,5,74.0,0,0.0,4.0
M.Willis,TEN,2023,8,0,0,0.0,0,0.0,0.0
C.Otton,TB,2023,1,0,0,0.0,0,0.0,0.0
C.Otton,TB,2023,2,0,0,0.0,0,0.0,0.0
C.Otton,TB,2023,3,0,0,0.0,0,0.0,0.0
C.Otton,TB,2023,4,0,0,0.0,0,0.0,0.0
C.Otton,TB,2023,6,0,0,0.0,0,0.0,0.0
C.Otton,TB,2023,7,0,0,0.0,0,0.0,0.0
C.Otton,TB,2023,8,0,0,0.0,0,0.0,0.0
C.Otton,TB,2023,9,0,0,0.0,0,0.0,0.0
C.Otton,TB,2023,10,0,0,0.0,0,0.0,0.0
C.Otton,TB,2023,11,0,0,0.0,0,0.0,0.0
C.Otton,TB,2023,12,0,0,0.0,0,0.0,0.0
C.Otton,TB,2023,14,0,0,0.0,0,0.0,0.0
C.Otton,TB,2023,15,0,0,0.0,0,0.0,0.0
C.Otton,TB,2023,16,0,0,0.0,0,0.0,0.0
C.Otton,TB,2023,17,0,0,0.0,0,0.0,0.0
C.Otton,TB,2023,18,0,0,0.0,0,0.0,0.0
C.Otton,TB,2023,19,0,0,0.0,0,0.0,0.0
C.Otton,TB,2023,20,0,0,0.0,0,0.0,0.0
K.Walker,SEA,2023,1,0,0,0.0,0,0.0,0.0
K.Walker,SEA,2023,2,0,0,0.0,0,0.0,0.0
K.Walker,SEA,2023,3,0,0,0.0,0,0.0,0.0
K.Walker,SEA,2023,4,0,0,0.0,0,0.0,0.0
K.Walker,SEA,2023,6,0,0,0.0,0,0.0,0.0
K.Walker,SEA,2023,7,0,0,0.0,0,0.0,0.0
K.Walker,SEA,2023,8,0,0,0.0,0,0.0,0.0
K.Walker,SEA,2023,9,0,0,0.0,0,0.0,0.0
K.Walker,SEA,2023,10,0,0,0.0,0,0.0,0.0
K.Walker,SEA,2023,11,0,0,0.0,0,0.0,0.0
K.Walker,SEA,2023,14,0,0,0.0,0,0.0,0.0
K.Walker,SEA,2023,15,0,0,0.0,0,0.0,0.0
K.Walker,SEA,2023,16,0,0,0.0,0,0.0,0.0
K.Walker,SEA,2023,17,0,0,0.0,0,0.0,0.0
K.Walker,SEA,2023,18,0,0,0.0,0,0.0,0.0
I.Abanikanda,NYJ,2023,11,0,0,0.0,0,0.0,0.0
I.Abanikanda,NYJ,2023,14,0,0,0.0,0,0.0,0.0
I.Abanikanda,NYJ,2023,15,0,0,0.0,0,0.0,0.0
I.Abanikanda,NYJ,2023,16,0,0,0.0,0,0.0,0.0
I.Abanikanda,NYJ,2023,17,0,0,0.0,0,0.0,0.0
I.Abanikanda,NYJ,2023,18,0,0,0.0,0,0.0,0.0
S.Clifford,GB,2023,1,0,0,0.0,0,0.0,0.0
S.Clifford,GB,2023,17,1,1,37.0,0,0.0,0.0
D.Wicks,GB,2023,1,0,0,0.0,0,0.0,0.0
D.Wicks,GB,2023,2,0,0,0.0,0,0.0,0.0
D.Wicks,GB,2023,3,0,0,0.0,0,0.0,0.0
D.Wicks,GB,2023,4,0,0,0.0,0,0.0,0.0
D.Wicks,GB,2023,5,0,0,0.0,0,0.0,0.0
D.Wicks,GB,2023,7,1,1,14.0,0,0.0,0.0
D.Wicks,GB,2023,8,0,0,0.0,0,0.0,0.0
D.Wicks,GB,2023,9,0,0,0.0,0,0.0,0.0
D.Wicks,GB,2023,10,0,0,0.0,0,0.0,0.0
D.Wicks,GB,2023,11,0,0,0.0,0,0.0,0.0
D.Wicks,GB,2023,13,0,0,0.0,0,0.0,0.0
D.Wicks,GB,2023,14,0,0,0.0,0,0.0,0.0
D.Wicks,GB,2023,15,0,0,0.0,0,0.0,0.0
D.Wicks,GB,2023,16,0,0,0.0,0,0.0,0.0
D.Wicks,GB,2023,18,0,0,0.0,0,0.0,0.0
D.Wicks,GB,2023,19,0,0,0.0,0,0.0,0.0
D.Wicks,GB,2023,20,0,0,0.0,0,0.0,0.0
W.Mallory,IND,2023,2,0,0,0.0,0,0.0,0.0
W.Mallory,IND,2023,6,0,0,0.0,0,0.0,0.0
W.Mallory,IND,2023,7,0,0,0.0,0,0.0,0.0
W.Mallory,IND,2023,8,0,0,0.0,0,0.0,0.0
W.Mallory,IND,2023,10,0,0,0.0,0,0.0,0.0
W.Mallory,IND,2023,12,0,0,0.0,0,0.0,0.0
W.Mallory,IND,2023,13,0,0,0.0,0,0.0,0.0
W.Mallory,IND,2023,14,0,0,0.0,0,0.0,0.0
W.Mallory,IND,2023,16,0,0,0.0,0,0.0,0.0
W.Mallory,IND,2023,17,0,0,0.0,0,0.0,0.0
W.Mallory,IND,2023,18,0,0,0.0,0,0.0,0.0
E.Gray,NYG,2023,5,0,0,0.0,0,0.0,0.0
E.Gray,NYG,2023,6,0,0,0.0,0,0.0,0.0
E.Gray,NYG,2023,15,0,0,0.0,0,0.0,0.0
E.Gray,NYG,2023,17,0,0,0.0,0,0.0,0.0
E.Gray,NYG,2023,18,0,0,0.0,0,0.0,0.0
E.Hull,IND,2023,1,0,0,0.0,0,0.0,0.0
T.Bagent,CHI,2023,6,10,14,83.0,0,1.0,1.0
T.Bagent,CHI,2023,7,21,29,162.0,1,0.0,1.0
T.Bagent,CHI,2023,8,25,37,232.0,0,2.0,1.0
T.Bagent,CHI,2023,9,18,30,220.0,2,3.0,2.0
T.Bagent,CHI,2023,10,20,33,162.0,0,0.0,0.0
K.Mitchell,BAL,2023,7,0,0,0.0,0,0.0,0.0
K.Mitchell,BAL,2023,9,0,0,0.0,0,0.0,0.0
K.Mitchell,BAL,2023,10,0,0,0.0,0,0.0,0.0
K.Mitchell,BAL,2023,11,0,0,0.0,0,0.0,0.0
K.Mitchell,BAL,2023,12,0,0,0.0,0,0.0,0.0
K.Mitchell,BAL,2023,14,0,0,0.0,0,0.0,0.0
K.Mitchell,BAL,2023,15,0,0,0.0,0,0.0,0.0
M.Heath,GB,2023,1,0,0,0.0,0,0.0,0.0
M.Heath,GB,2023,2,0,0,0.0,0,0.0,0.0
M.Heath,GB,2023,3,0,0,0.0,0,0.0,0.0
M.Heath,GB,2023,9,0,0,0.0,0,0.0,0.0
M.Heath,GB,2023,11,0,0,0.0,0,0.0,0.0
M.Heath,GB,2023,12,0,0,0.0,0,0.0,0.0
M.Heath,GB,2023,13,0,0,0.0,0,0.0,0.0
M.Heath,GB,2023,14,0,0,0.0,0,0.0,0.0
M.Heath,GB,2023,15,0,0,0.0,0,0.0,0.0
M.Heath,GB,2023,16,0,0,0.0,0,0.0,0.0
M.Heath,GB,2023,17,0,0,0.0,0,0.0,0.0
M.Heath,GB,2023,18,0,0,0.0,0,0.0,0.0
T.DeVito,NYG,2023,8,2,7,-1.0,0,0.0,2.0
T.DeVito,NYG,2023,9,15,20,175.0,1,2.0,6.0
T.DeVito,NYG,2023,10,14,27,86.0,2,1.0,5.0
T.DeVito,NYG,2023,11,18,26,246.0,3,0.0,9.0
T.DeVito,NYG,2023,12,17,25,191.0,1,0.0,6.0
T.DeVito,NYG,2023,14,17,21,158.0,1,0.0,0.0
T.DeVito,NYG,2023,15,20,34,177.0,0,0.0,7.0
T.DeVito,NYG,2023,16,9,16,55.0,0,0.0,1.0
T.DeVito,NYG,2023,18,2,2,14.0,0,0.0,1.0
T.Zentner,TEN,2023,18,0,0,0.0,0,0.0,0.0
J.Brownlee,NYJ,2023,12,0,0,0.0,0,0.0,0.0
J.Brownlee,NYJ,2023,16,0,0,0.0,0,0.0,0.0
J.Brownlee,NYJ,2023,17,0,0,0.0,0,0.0,0.0
J.Brownlee,NYJ,2023,18,0,0,0.0,0,0.0,0.0
X.Gipson,NYJ,2023,1,0,0,0.0,0,0.0,0.0
X.Gipson,NYJ,2023,4,0,0,0.0,0,0.0,0.0
X.Gipson,NYJ,2023,6,0,0,0.0,0,0.0,0.0
X.Gipson,NYJ,2023,8,0,0,0.0,0,0.0,0.0
X.Gipson,NYJ,2023,9,0,0,0.0,0,0.0,0.0
X.Gipson,NYJ,2023,10,0,0,0.0,0,0.0,0.0
X.Gipson,NYJ,2023,11,0,0,0.0,0,0.0,0.0
X.Gipson,NYJ,2023,12,0,0,0.0,0,0.0,0.0
X.Gipson,NYJ,2023,13,0,0,0.0,0,0.0,0.0
X.Gipson,NYJ,2023,14,0,0,0.0,0,0.0,0.0
X.Gipson,NYJ,2023,15,0,0,0.0,0,0.0,0.0
X.Gipson,NYJ,2023,16,0,0,0.0,0,0.0,0.0
X.Gipson,NYJ,2023,17,0,0,0.0,0,0.0,0.0
X.Gipson,NYJ,2023,18,0,0,0.0,0,0.0,0.0
B.Robinson,ATL,2023,1,0,0,0.0,0,0.0,0.0
B.Robinson,ATL,2023,2,0,0,0.0,0,0.0,0.0
B.Robinson,ATL,2023,3,0,0,0.0,0,0.0,0.0
B.Robinson,ATL,2023,4,0,0,0.0,0,0.0,0.0
B.Robinson,ATL,2023,5,0,0,0.0,0,0.0,0.0
B.Robinson,ATL,2023,6,0,0,0.0,0,0.0,0.0
B.Robinson,ATL,2023,7,0,0,0.0,0,0.0,0.0
B.Robinson,ATL,2023,8,0,0,0.0,0,0.0,0.0
B.Robinson,ATL,2023,9,0,0,0.0,0,0.0,0.0
B.Robinson,ATL,2023,10,0,0,0.0,0,0.0,0.0
B.Robinson,ATL,2023,12,0,0,0.0,0,0.0,0.0
B.Robinson,ATL,2023,13,0,0,0.0,0,0.0,0.0
B.Robinson,ATL,2023,14,0,0,0.0,0,0.0,0.0
B.Robinson,ATL,2023,15,0,0,0.0,0,0.0,0.0
B.Robinson,ATL,2023,16,0,0,0.0,0,0.0,0.0
B.Robinson,ATL,2023,17,0,0,0.0,0,0.0,0.0
B.Robinson,ATL,2023,18,0,0,0.0,0,0.0,0.0
J.Smith-Njigba,SEA,2023,1,0,0,0.0,0,0.0,0.0
J.Smith-Njigba,SEA,2023,2,0,0,0.0,0,0.0,0.0
J.Smith-Njigba,SEA,2023,3,0,0,0.0,0,0.0,0.0
J.Smith-Njigba,SEA,2023,4,0,0,0.0,0,0.0,0.0
J.Smith-Njigba,SEA,2023,6,0,0,0.0,0,0.0,0.0
J.Smith-Njigba,SEA,2023,7,0,0,0.0,0,0.0,0.0
J.Smith-Njigba,SEA,2023,8,0,0,0.0,0,0.0,0.0
J.Smith-Njigba,SEA,2023,9,0,0,0.0,0,0.0,0.0
J.Smith-Njigba,SEA,2023,10,0,0,0.0,0,0.0,0.0
J.Smith-Njigba,SEA,2023,11,0,0,0.0,0,0.0,0.0
J.Smith-Njigba,SEA,2023,12,0,0,0.0,0,0.0,0.0
J.Smith-Njigba,SEA,2023,13,0,0,0.0,0,0.0,0.0
J.Smith-Njigba,SEA,2023,14,0,0,0.0,0,0.0,0.0
J.Smith-Njigba,SEA,2023,15,0,0,0.0,0,0.0,0.0
J.Smith-Njigba,SEA,2023,16,0,0,0.0,0,0.0,0.0
J.Smith-Njigba,SEA,2023,17,0,0,0.0,0,0.0,0.0
J.Smith-Njigba,SEA,2023,18,0,0,0.0,0,0.0,0.0
Q.Johnston,LAC,2023,1,0,0,0.0,0,0.0,0.0
Q.Johnston,LAC,2023,2,0,0,0.0,0,0.0,0.0
Q.Johnston,LAC,2023,3,0,0,0.0,0,0.0,0.0
Q.Johnston,LAC,2023,4,0,0,0.0,0,0.0,0.0
Q.Johnston,LAC,2023,6,0,0,0.0,0,0.0,0.0
Q.Johnston,LAC,2023,7,0,0,0.0,0,0.0,0.0
Q.Johnston,LAC,2023,8,0,0,0.0,0,0.0,0.0
Q.Johnston,LAC,2023,9,0,0,0.0,0,0.0,0.0
Q.Johnston,LAC,2023,10,0,0,0.0,0,0.0,0.0
Q.Johnston,LAC,2023,11,0,0,0.0,0,0.0,0.0
Q.Johnston,LAC,2023,12,0,0,0.0,0,0.0,0.0
Q.Johnston,LAC,2023,13,0,0,0.0,0,0.0,0.0
Q.Johnston,LAC,2023,14,0,0,0.0,0,0.0,0.0
Q.Johnston,LAC,2023,15,0,0,0.0,0,0.0,0.0
Q.Johnston,LAC,2023,16,0,0,0.0,0,0.0,0.0
Q.Johnston,LAC,2023,17,0,0,0.0,0,0.0,0.0
Q.Johnston,LAC,2023,18,0,0,0.0,0,0.0,0.0
L.Schoonmaker,DAL,2023,2,0,0,0.0,0,0.0,0.0
L.Schoonmaker,DAL,2023,3,0,0,0.0,0,0.0,0.0
L.Schoonmaker,DAL,2023,4,0,0,0.0,0,0.0,0.0
L.Schoonmaker,DAL,2023,5,0,0,0.0,0,0.0,0.0
L.Schoonmaker,DAL,2023,8,0,0,0.0,0,0.0,0.0
L.Schoonmaker,DAL,2023,9,0,0,0.0,0,0.0,0.0
L.Schoonmaker,DAL,2023,10,0,0,0.0,0,0.0,0.0
L.Schoonmaker,DAL,2023,11,0,0,0.0,0,0.0,0.0
L.Schoonmaker,DAL,2023,12,0,0,0.0,0,0.0,0.0
L.Schoonmaker,DAL,2023,13,0,0,0.0,0,0.0,0.0
L.Schoonmaker,DAL,2023,16,0,0,0.0,0,0.0,0.0
L.Schoonmaker,DAL,2023,19,0,0,0.0,0,0.0,0.0
K.Miller,NO,2023,3,0,0,0.0,0,0.0,0.0
K.Miller,NO,2023,4,0,0,0.0,0,0.0,0.0
K.Miller,NO,2023,5,0,0,0.0,0,0.0,0.0
K.Miller,NO,2023,6,0,0,0.0,0,0.0,0.0
K.Miller,NO,2023,8,0,0,0.0,0,0.0,0.0
K.Miller,NO,2023,9,0,0,0.0,0,0.0,0.0
K.Miller,NO,2023,18,0,0,0.0,0,0.0,0.0
T.Bigsby,JAX,2023,1,0,0,0.0,0,0.0,0.0
T.Bigsby,JAX,2023,3,0,0,0.0,0,0.0,0.0
T.Bigsby,JAX,2023,4,0,0,0.0,0,0.0,0.0
T.Bigsby,JAX,2023,5,0,0,0.0,0,0.0,0.0
T.Bigsby,JAX,2023,6,0,0,0.0,0,0.0,0.0
T.Bigsby,JAX,2023,7,0,0,0.0,0,0.0,0.0
T.Bigsby,JAX,2023,8,0,0,0.0,0,0.0,0.0
T.Bigsby,JAX,2023,10,0,0,0.0,0,0.0,0.0
T.Bigsby,JAX,2023,11,0,0,0.0,0,0.0,0.0
T.Bigsby,JAX,2023,12,0,0,0.0,0,0.0,0.0
T.Bigsby,JAX,2023,15,0,0,0.0,0,0.0,0.0
T.Bigsby,JAX,2023,17,0,0,0.0,0,0.0,0.0
T.Bigsby,JAX,2023,18,0,0,0.0,0,0.0,0.0
D.Washington,PIT,2023,4,0,0,0.0,0,0.0,0.0
D.Washington,PIT,2023,5,0,0,0.0,0,0.0,0.0
D.Washington,PIT,2023,9,0,0,0.0,0,0.0,0.0
D.Washington,PIT,2023,10,0,0,0.0,0,0.0,0.0
D.Washington,PIT,2023,11,0,0,0.0,0,0.0,0.0
D.Washington,PIT,2023,12,0,0,0.0,0,0.0,0.0
D.Washington,PIT,2023,14,0,0,0.0,0,0.0,0.0
D.Washington,PIT,2023,16,0,0,0.0,0,0.0,0.0
D.Washington,PIT,2023,19,0,0,0.0,0,0.0,0.0
M.Wilson,ARI,2023,1,0,0,0.0,0,0.0,0.0
M.Wilson,ARI,2023,2,0,0,0.0,0,0.0,0.0
M.Wilson,ARI,2023,3,0,0,0.0,0,0.0,0.0
M.Wilson,ARI,2023,4,0,0,0.0,0,0.0,0.0
M.Wilson,ARI,2023,5,0,0,0.0,0,0.0,0.0
M.Wilson,ARI,2023,6,0,0,0.0,0,0.0,0.0
M.Wilson,ARI,2023,7,0,0,0.0,0,0.0,0.0
M.Wilson,ARI,2023,8,0,0,0.0,0,0.0,0.0
M.Wilson,ARI,2023,10,0,0,0.0,0,0.0,0.0
M.Wilson,ARI,2023,15,0,0,0.0,0,0.0,0.0
M.Wilson,ARI,2023,16,0,0,0.0,0,0.0,0.0
M.Wilson,ARI,2023,17,0,0,0.0,0,0.0,0.0
M.Wilson,ARI,2023,18,0,0,0.0,0,0.0,0.0
T.Tucker,LV,2023,2,0,0,0.0,0,0.0,0.0
T.Tucker,LV,2023,5,0,0,0.0,0,0.0,0.0
T.Tucker,LV,2023,6,0,0,0.0,0,0.0,0.0
T.Tucker,LV,2023,7,0,0,0.0,0,0.0,0.0
T.Tucker,LV,2023,9,0,0,0.0,0,0.0,0.0
T.Tucker,LV,2023,10,0,0,0.0,0,0.0,0.0
T.Tucker,LV,2023,11,0,0,0.0,0,0.0,0.0
T.Tucker,LV,2023,12,0,0,0.0,0,0.0,0.0
T.Tucker,LV,2023,14,0,0,0.0,0,0.0,0.0
T.Tucker,LV,2023,15,0,0,0.0,0,0.0,0.0
T.Tucker,LV,2023,16,0,0,0.0,0,0.0,0.0
T.Tucker,LV,2023,17,0,0,0.0,0,0.0,0.0
T.Tucker,LV,2023,18,0,0,0.0,0,0.0,0.0
D.Davis,LAC,2023,1,0,0,0.0,0,0.0,0.0
D.Davis,LAC,2023,2,0,0,0.0,0,0.0,0.0
D.Davis,LAC,2023,3,0,0,0.0,0,0.0,0.0
D.Davis,LAC,2023,4,0,0,0.0,0,0.0,0.0
D.Davis,LAC,2023,7,0,0,0.0,0,0.0,0.0
D.Davis,LAC,2023,8,0,0,0.0,0,0.0,0.0
D.Davis,LAC,2023,9,0,0,0.0,0,0.0,0.0
D.Davis,LAC,2023,10,0,0,0.0,0,0.0,0.0
D.Davis,LAC,2023,11,0,0,0.0,0,0.0,0.0
D.Davis,LAC,2023,12,0,0,0.0,0,0.0,0.0
D.Davis,LAC,2023,15,0,0,0.0,0,0.0,0.0
D.Davis,LAC,2023,16,0,0,0.0,0,0.0,0.0
D.Davis,LAC,2023,17,0,0,0.0,0,0.0,0.0
D.Davis,LAC,2023,18,0,0,0.0,0,0.0,0.0
C.Jones,CIN,2023,2,0,0,0.0,0,0.0,0.0
C.Jones,CIN,2023,3,0,0,0.0,0,0.0,0.0
C.Jones,CIN,2023,15,0,0,0.0,0,0.0,0.0
C.Jones,CIN,2023,16,0,0,0.0,0,0.0,0.0
C.Jones,CIN,2023,18,0,0,0.0,0,0.0,0.0
A.O'Connell,LV,2023,4,24,39,238.0,0,1.0,7.0
A.O'Connell,LV,2023,7,10,13,75.0,1,1.0,0.0
A.O'Connell,LV,2023,9,16,25,209.0,0,0.0,0.0
A.O'Connell,LV,2023,10,16,27,153.0,1,1.0,3.0
A.O'Connell,LV,2023,11,24,41,271.0,1,3.0,2.0
A.O'Connell,LV,2023,12,23,33,248.0,1,0.0,1.0
A.O'Connell,LV,2023,14,21,32,171.0,0,1.0,4.0
A.O'Connell,LV,2023,15,20,34,248.0,4,0.0,1.0
A.O'Connell,LV,2023,16,9,21,62.0,0,0.0,2.0
A.O'Connell,LV,2023,17,30,47,299.0,2,0.0,2.0
A.O'Connell,LV,2023,18,20,31,244.0,2,0.0,2.0
C.Tune,ARI,2023,7,1,1,4.0,0,0.0,0.0
C.Tune,ARI,2023,9,11,20,58.0,0,2.0,7.0
C.Tune,ARI,2023,10,0,0,0.0,0,0.0,0.0
C.Tune,ARI,2023,12,0,0,0.0,0,0.0,0.0
C.Tune,ARI,2023,15,0,0,0.0,0,0.0,0.0
C.Tune,ARI,2023,18,0,0,0.0,0,0.0,0.0
D.Thompson-Robinson,CLE,2023,4,19,36,121.0,0,3.0,4.0
D.Thompson-Robinson,CLE,2023,8,1,1,9.0,0,0.0,0.0
D.Thompson-Robinson,CLE,2023,11,24,43,165.0,0,1.0,1.0
D.Thompson-Robinson,CLE,2023,12,14,29,134.0,1,0.0,0.0
D.Thompson-Robinson,CLE,2023,14,0,0,0.0,0,0.0,0.0
D.Thompson-Robinson,CLE,2023,15,1,1,5.0,0,0.0,0.0
D.Thompson-Robinson,CLE,2023,16,1,2,6.0,0,0.0,1.0
J.Whyle,TEN,2023,4,0,0,0.0,0,0.0,0.0
J.Whyle,TEN,2023,5,0,0,0.0,0,0.0,0.0
J.Whyle,TEN,2023,6,0,0,0.0,0,0.0,0.0
J.Whyle,TEN,2023,9,0,0,0.0,0,0.0,0.0
J.Whyle,TEN,2023,10,0,0,0.0,0,0.0,0.0
J.Whyle,TEN,2023,11,0,0,0.0,0,0.0,0.0
J.Whyle,TEN,2023,12,0,0,0.0,0,0.0,0.0
J.Whyle,TEN,2023,13,0,0,0.0,0,0.0,0.0
C.Brown,CIN,2023,2,0,0,0.0,0,0.0,0.0
C.Brown,CIN,2023,4,0,0,0.0,0,0.0,0.0
C.Brown,CIN,2023,5,0,0,0.0,0,0.0,0.0
C.Brown,CIN,2023,6,0,0,0.0,0,0.0,0.0
C.Brown,CIN,2023,13,0,0,0.0,0,0.0,0.0
C.Brown,CIN,2023,14,0,0,0.0,0,0.0,0.0
C.Brown,CIN,2023,15,0,0,0.0,0,0.0,0.0
C.Brown,CIN,2023,16,0,0,0.0,0,0.0,0.0
C.Brown,CIN,2023,17,0,0,0.0,0,0.0,0.0
C.Brown,CIN,2023,18,0,0,0.0,0,0.0,0.0
J.Hall,MIN,2023,8,3,4,23.0,0,0.0,1.0
J.Hall,MIN,2023,9,5,6,78.0,0,0.0,0.0
J.Hall,MIN,2023,17,5,10,67.0,0,1.0,3.0
P.Washington,JAX,2023,13,0,0,0.0,0,0.0,0.0
P.Washington,JAX,2023,14,0,0,0.0,0,0.0,0.0
P.Washington,JAX,2023,15,0,0,0.0,0,0.0,0.0
P.Washington,JAX,2023,16,0,0,0.0,0,0.0,0.0
P.Washington,JAX,2023,17,0,0,0.0,0,0.0,0.0
P.Washington,JAX,2023,18,0,0,0.0,0,0.0,0.0
K.Boutte,NE,2023,1,0,0,0.0,0,0.0,0.0
K.Boutte,NE,2023,10,0,0,0.0,0,0.0,0.0
K.Boutte,NE,2023,12,0,0,0.0,0,0.0,0.0
C.Rodriguez,WAS,2023,1,0,0,0.0,0,0.0,0.0
C.Rodriguez,WAS,2023,6,0,0,0.0,0,0.0,0.0
C.Rodriguez,WAS,2023,7,0,0,0.0,0,0.0,0.0
C.Rodriguez,WAS,2023,11,0,0,0.0,0,0.0,0.0
C.Rodriguez,WAS,2023,12,0,0,0.0,0,0.0,0.0
C.Rodriguez,WAS,2023,13,0,0,0.0,0,0.0,0.0
C.Rodriguez,WAS,2023,15,0,0,0.0,0,0.0,0.0
C.Rodriguez,WAS,2023,16,0,0,0.0,0,0.0,0.0
A.Perry,NO,2023,10,0,0,0.0,0,0.0,0.0
A.Perry,NO,2023,12,0,0,0.0,0,0.0,0.0
A.Perry,NO,2023,13,0,0,0.0,0,0.0,0.0
A.Perry,NO,2023,14,0,0,0.0,0,0.0,0.0
A.Perry,NO,2023,15,0,0,0.0,0,0.0,0.0
A.Perry,NO,2023,16,0,0,0.0,0,0.0,0.0
A.Perry,NO,2023,17,0,0,0.0,0,0.0,0.0
A.Perry,NO,2023,18,0,0,0.0,0,0.0,0.0
X.Hutchinson,HOU,2023,1,0,0,0.0,0,0.0,0.0
X.Hutchinson,HOU,2023,2,0,0,0.0,0,0.0,0.0
X.Hutchinson,HOU,2023,6,0,0,0.0,0,0.0,0.0
X.Hutchinson,HOU,2023,9,0,0,0.0,0,0.0,0.0
X.Hutchinson,HOU,2023,10,0,0,0.0,0,0.0,0.0
X.Hutchinson,HOU,2023,12,0,0,0.0,0,0.0,0.0
X.Hutchinson,HOU,2023,14,0,0,0.0,0,0.0,0.0
X.Hutchinson,HOU,2023,15,0,0,0.0,0,0.0,0.0
X.Hutchinson,HOU,2023,16,0,0,0.0,0,0.0,0.0
X.Hutchinson,HOU,2023,17,0,0,0.0,0,0.0,0.0
X.Hutchinson,HOU,2023,18,0,0,0.0,0,0.0,0.0
X.Hutchinson,HOU,2023,19,0,0,0.0,0,0.0,0.0
X.Hutchinson,HOU,2023,20,0,0,0.0,0,0.0,0.0
A.Iosivas,CIN,2023,5,0,0,0.0,0,0.0,0.0
A.Iosivas,CIN,2023,6,0,0,0.0,0,0.0,0.0
A.Iosivas,CIN,2023,8,0,0,0.0,0,0.0,0.0
A.Iosivas,CIN,2023,9,0,0,0.0,0,0.0,0.0
A.Iosivas,CIN,2023,10,0,0,0.0,0,0.0,0.0
A.Iosivas,CIN,2023,12,0,0,0.0,0,0.0,0.0
A.Iosivas,CIN,2023,15,0,0,0.0,0,0.0,0.0
A.Iosivas,CIN,2023,16,0,0,0.0,0,0.0,0.0
A.Iosivas,CIN,2023,18,0,0,0.0,0,0.0,0.0
D.Douglas,NE,2023,1,0,0,0.0,0,0.0,0.0
D.Douglas,NE,2023,2,0,0,0.0,0,0.0,0.0
D.Douglas,NE,2023,3,0,0,0.0,0,0.0,0.0
D.Douglas,NE,2023,4,0,0,0.0,0,0.0,0.0
D.Douglas,NE,2023,5,0,0,0.0,0,0.0,0.0
D.Douglas,NE,2023,7,0,0,0.0,0,0.0,0.0
D.Douglas,NE,2023,8,0,0,0.0,0,0.0,0.0
D.Douglas,NE,2023,9,0,0,0.0,0,0.0,0.0
D.Douglas,NE,2023,10,0,0,0.0,0,0.0,0.0
D.Douglas,NE,2023,12,0,0,0.0,0,0.0,0.0
D.Douglas,NE,2023,15,0,0,0.0,0,0.0,0.0
D.Douglas,NE,2023,16,0,0,0.0,0,0.0,0.0
D.Douglas,NE,2023,17,0,0,0.0,0,0.0,0.0
D.Douglas,NE,2023,18,0,0,0.0,0,0.0,0.0
D.Vaughn,DAL,2023,1,0,0,0.0,0,0.0,0.0
D.Vaughn,DAL,2023,2,0,0,0.0,0,0.0,0.0
D.Vaughn,DAL,2023,4,0,0,0.0,0,0.0,0.0
D.Vaughn,DAL,2023,5,0,0,0.0,0,0.0,0.0
D.Vaughn,DAL,2023,10,0,0,0.0,0,0.0,0.0
D.Vaughn,DAL,2023,17,0,0,0.0,0,0.0,0.0
A.Green,DET,2023,2,0,0,0.0,0,0.0,0.0
A.Green,DET,2023,7,0,0,0.0,0,0.0,0.0
C.Dowell,TEN,2023,4,0,0,0.0,0,0.0,0.0
C.Dowell,TEN,2023,16,0,0,0.0,0,0.0,0.0
J.Brooks,DAL,2023,10,0,0,0.0,0,0.0,0.0
J.Brooks,DAL,2023,12,0,0,0.0,0,0.0,0.0
J.Brooks,DAL,2023,18,0,0,0.0,0,0.0,0.0
R.Bell,SF,2023,3,0,0,0.0,0,0.0,0.0
R.Bell,SF,2023,4,0,0,0.0,0,0.0,0.0
R.Bell,SF,2023,5,0,0,0.0,0,0.0,0.0
R.Bell,SF,2023,10,0,0,0.0,0,0.0,0.0
R.Bell,SF,2023,15,0,0,0.0,0,0.0,0.0
R.Bell,SF,2023,16,0,0,0.0,0,0.0,0.0
R.Bell,SF,2023,17,0,0,0.0,0,0.0,0.0
R.Bell,SF,2023,18,0,0,0.0,0,0.0,0.0
E.Cooks,JAX,2023,15,0,0,0.0,0,0.0,0.0
E.Cooks,JAX,2023,16,0,0,0.0,0,0.0,0.0
J.Mims,NO,2023,18,0,0,0.0,0,0.0,0.0
C.Brooks,MIA,2023,3,0,0,0.0,0,0.0,0.0
C.Brooks,MIA,2023,6,0,0,0.0,0,0.0,0.0
C.Brooks,MIA,2023,17,0,0,0.0,0,0.0,0.0
E.Demercado,ARI,2023,2,0,0,0.0,0,0.0,0.0
E.Demercado,ARI,2023,3,0,0,0.0,0,0.0,0.0
E.Demercado,ARI,2023,4,0,0,0.0,0,0.0,0.0
E.Demercado,ARI,2023,5,0,0,0.0,0,0.0,0.0
E.Demercado,ARI,2023,6,0,0,0.0,0,0.0,0.0
E.Demercado,ARI,2023,7,0,0,0.0,0,0.0,0.0
E.Demercado,ARI,2023,8,0,0,0.0,0,0.0,0.0
E.Demercado,ARI,2023,12,0,0,0.0,0,0.0,0.0
E.Demercado,ARI,2023,15,0,0,0.0,0,0.0,0.0
E.Demercado,ARI,2023,16,0,0,0.0,0,0.0,0.0
E.Demercado,ARI,2023,17,0,0,0.0,0,0.0,0.0
J.Hill,MIA,2023,3,0,0,0.0,0,0.0,0.0
J.Hill,MIA,2023,8,0,0,0.0,0,0.0,0.0
J.Hill,MIA,2023,11,0,0,0.0,0,0.0,0.0
J.Hill,MIA,2023,13,0,0,0.0,0,0.0,0.0
J.Hill,MIA,2023,17,0,0,0.0,0,0.0,0.0
J.Hill,MIA,2023,18,0,0,0.0,0,0.0,0.0
H.Luepke,DAL,2023,3,0,0,0.0,0,0.0,0.0
H.Luepke,DAL,2023,4,0,0,0.0,0,0.0,0.0
H.Luepke,DAL,2023,8,0,0,0.0,0,0.0,0.0
H.Luepke,DAL,2023,9,0,0,0.0,0,0.0,0.0
H.Luepke,DAL,2023,15,0,0,0.0,0,0.0,0.0
H.Luepke,DAL,2023,16,0,0,0.0,0,0.0,0.0
J.Bobo,SEA,2023,2,0,0,0.0,0,0.0,0.0
J.Bobo,SEA,2023,3,0,0,0.0,0,0.0,0.0
J.Bobo,SEA,2023,4,0,0,0.0,0,0.0,0.0
J.Bobo,SEA,2023,6,0,0,0.0,0,0.0,0.0
J.Bobo,SEA,2023,7,0,0,0.0,0,0.0,0.0
J.Bobo,SEA,2023,8,0,0,0.0,0,0.0,0.0
J.Bobo,SEA,2023,10,0,0,0.0,0,0.0,0.0
J.Bobo,SEA,2023,11,0,0,0.0,0,0.0,0.0
J.Bobo,SEA,2023,12,0,0,0.0,0,0.0,0.0
J.Bobo,SEA,2023,13,0,0,0.0,0,0.0,0.0
J.Bobo,SEA,2023,15,0,0,0.0,0,0.0,0.0
J.Bobo,SEA,2023,16,0,0,0.0,0,0.0,0.0
J.Bobo,SEA,2023,17,0,0,0.0,0,0.0,0.0
J.Bobo,SEA,2023,18,0,0,0.0,0,0.0,0.0
N.Adkins,DEN,2023,3,0,0,0.0,0,0.0,0.0
N.Adkins,DEN,2023,4,0,0,0.0,0,0.0,0.0
N.Adkins,DEN,2023,5,0,0,0.0,0,0.0,0.0
N.Adkins,DEN,2023,7,0,0,0.0,0,0.0,0.0
J.McLaughlin,DEN,2023,1,0,0,0.0,0,0.0,0.0
J.McLaughlin,DEN,2023,2,0,0,0.0,0,0.0,0.0
J.McLaughlin,DEN,2023,3,0,0,0.0,0,0.0,0.0
J.McLaughlin,DEN,2023,4,0,0,0.0,0,0.0,0.0
J.McLaughlin,DEN,2023,5,0,0,0.0,0,0.0,0.0
J.McLaughlin,DEN,2023,6,0,0,0.0,0,0.0,0.0
J.McLaughlin,DEN,2023,7,0,0,0.0,0,0.0,0.0
J.McLaughlin,DEN,2023,8,0,0,0.0,0,0.0,0.0
J.McLaughlin,DEN,2023,10,0,0,0.0,0,0.0,0.0
J.McLaughlin,DEN,2023,11,0,0,0.0,0,0.0,0.0
J.McLaughlin,DEN,2023,12,0,0,0.0,0,0.0,0.0
J.McLaughlin,DEN,2023,13,0,0,0.0,0,0.0,0.0
J.McLaughlin,DEN,2023,14,0,0,0.0,0,0.0,0.0
J.McLaughlin,DEN,2023,15,0,0,0.0,0,0.0,0.0
J.McLaughlin,DEN,2023,16,0,0,0.0,0,0.0,0.0
J.McLaughlin,DEN,2023,17,0,0,0.0,0,0.0,0.0
J.McLaughlin,DEN,2023,18,0,0,0.0,0,0.0,0.0
E.Wilson,GB,2023,2,0,0,0.0,0,0.0,0.0
E.Wilson,GB,2023,3,0,0,0.0,0,0.0,0.0
E.Wilson,GB,2023,7,0,0,0.0,0,0.0,0.0
E.Wilson,GB,2023,9,0,0,0.0,0,0.0,0.0
E.Wilson,GB,2023,11,0,0,0.0,0,0.0,0.0
E.Wilson,GB,2023,19,0,0,0.0,0,0.0,0.0
E.Wilson,GB,2023,20,0,0,0.0,0,0.0,0.0
B.Sims,GB,2023,5,0,0,0.0,0,0.0,0.0
B.Sims,GB,2023,7,0,0,0.0,0,0.0,0.0
B.Sims,GB,2023,12,0,0,0.0,0,0.0,0.0
B.Sims,GB,2023,13,0,0,0.0,0,0.0,0.0
B.Sims,GB,2023,15,0,0,0.0,0,0.0,0.0
B.Sims,GB,2023,17,0,0,0.0,0,0.0,0.0
B.Sims,GB,2023,20,0,0,0.0,0,0.0,0.0
R.Jarrett,TB,2023,1,0,0,0.0,0,0.0,0.0
R.Jarrett,TB,2023,2,0,0,0.0,0,0.0,0.0
R.Jarrett,TB,2023,4,0,0,0.0,0,0.0,0.0
R.Jarrett,TB,2023,7,0,0,0.0,0,0.0,0.0
R.Jarrett,TB,2023,8,0,0,0.0,0,0.0,0.0
R.Jarrett,TB,2023,11,0,0,0.0,0,0.0,0.0
E.Dotson,LAC,2023,2,0,0,0.0,0,0.0,0.0
S.Jackson,CIN,2023,11,0,0,0.0,0,0.0,0.0
M.Cunningham,NE,2023,6,0,0,0.0,0,0.0,1.0
D.Kincaid,BUF,2023,1,0,0,0.0,0,0.0,0.0
D.Kincaid,BUF,2023,2,0,0,0.0,0,0.0,0.0
D.Kincaid,BUF,2023,3,0,0,0.0,0,0.0,0.0
D.Kincaid,BUF,2023,4,0,0,0.0,0,0.0,0.0
D.Kincaid,BUF,2023,5,0,0,0.0,0,0.0,0.0
D.Kincaid,BUF,2023,7,0,0,0.0,0,0.0,0.0
D.Kincaid,BUF,2023,8,0,0,0.0,0,0.0,0.0
D.Kincaid,BUF,2023,9,0,0,0.0,0,0.0,0.0
D.Kincaid,BUF,2023,10,0,0,0.0,0,0.0,0.0
D.Kincaid,BUF,2023,11,0,0,0.0,0,0.0,0.0
D.Kincaid,BUF,2023,12,0,0,0.0,0,0.0,0.0
D.Kincaid,BUF,2023,14,0,0,0.0,0,0.0,0.0
D.Kincaid,BUF,2023,15,0,0,0.0,0,0.0,0.0
D.Kincaid,BUF,2023,16,0,0,0.0,0,0.0,0.0
D.Kincaid,BUF,2023,17,0,0,0.0,0,0.0,0.0
D.Kincaid,BUF,2023,18,0,0,0.0,0,0.0,0.0
D.Kincaid,BUF,2023,19,0,0,0.0,0,0.0,0.0
D.Kincaid,BUF,2023,20,0,0,0.0,0,0.0,0.0
B.Strange,JAX,2023,3,0,0,0.0,0,0.0,0.0
B.Strange,JAX,2023,5,0,0,0.0,0,0.0,0.0
B.Strange,JAX,2023,6,0,0,0.0,0,0.0,0.0
B.Strange,JAX,2023,10,0,0,0.0,0,0.0,0.0
B.Strange,JAX,2023,17,0,0,0.0,0,0.0,0.0
J.Hyatt,NYG,2023,1,0,0,0.0,0,0.0,0.0
J.Hyatt,NYG,2023,2,0,0,0.0,0,0.0,0.0
J.Hyatt,NYG,2023,4,0,0,0.0,0,0.0,0.0
J.Hyatt,NYG,2023,6,0,0,0.0,0,0.0,0.0
J.Hyatt,NYG,2023,7,0,0,0.0,0,0.0,0.0
J.Hyatt,NYG,2023,9,0,0,0.0,0,0.0,0.0
J.Hyatt,NYG,2023,10,0,0,0.0,0,0.0,0.0
J.Hyatt,NYG,2023,11,0,0,0.0,0,0.0,0.0
J.Hyatt,NYG,2023,12,0,0,0.0,0,0.0,0.0
J.Hyatt,NYG,2023,14,0,0,0.0,0,0.0,0.0
J.Hyatt,NYG,2023,15,0,0,0.0,0,0.0,0.0
J.Hyatt,NYG,2023,17,0,0,0.0,0,0.0,0.0
J.Hyatt,NYG,2023,18,0,0,0.0,0,0.0,0.0
T.Scott,CHI,2023,1,0,0,0.0,0,0.0,0.0
T.Scott,CHI,2023,3,0,0,0.0,0,0.0,0.0
T.Scott,CHI,2023,4,0,0,0.0,0,0.0,0.0
T.Scott,CHI,2023,6,0,0,0.0,0,0.0,0.0
T.Scott,CHI,2023,7,0,0,0.0,0,0.0,0.0
T.Scott,CHI,2023,8,0,0,0.0,0,0.0,0.0
T.Scott,CHI,2023,9,0,0,0.0,0,0.0,0.0
T.Scott,CHI,2023,10,0,0,0.0,0,0.0,0.0
T.Scott,CHI,2023,11,0,0,0.0,0,0.0,0.0
T.Scott,CHI,2023,14,0,0,0.0,0,0.0,0.0
T.Scott,CHI,2023,15,0,0,0.0,0,0.0,0.0
T.Scott,CHI,2023,17,0,0,0.0,0,0.0,0.0
T.Scott,CHI,2023,18,0,0,0.0,0,0.0,0.0
S.Tucker,TB,2023,1,0,0,0.0,0,0.0,0.0
S.Tucker,TB,2023,2,0,0,0.0,0,0.0,0.0
S.Tucker,TB,2023,3,0,0,0.0,0,0.0,0.0
M.Mims,DEN,2023,1,0,0,0.0,0,0.0,0.0
M.Mims,DEN,2023,2,0,0,0.0,0,0.0,0.0
M.Mims,DEN,2023,3,0,0,0.0,0,0.0,0.0
M.Mims,DEN,2023,4,0,0,0.0,0,0.0,0.0
M.Mims,DEN,2023,5,0,0,0.0,0,0.0,0.0
M.Mims,DEN,2023,7,0,0,0.0,0,0.0,0.0
M.Mims,DEN,2023,8,0,0,0.0,0,0.0,0.0
M.Mims,DEN,2023,10,0,0,0.0,0,0.0,0.0
M.Mims,DEN,2023,11,0,0,0.0,0,0.0,0.0
M.Mims,DEN,2023,12,0,0,0.0,0,0.0,0.0
M.Mims,DEN,2023,13,0,0,0.0,0,0.0,0.0
M.Mims,DEN,2023,14,0,0,0.0,0,0.0,0.0
M.Mims,DEN,2023,15,0,0,0.0,0,0.0,0.0
M.Mims,DEN,2023,16,0,0,0.0,0,0.0,0.0
M.Mims,DEN,2023,18,0,0,0.0,0,0.0,0.0
T.Dell,HOU,2023,1,0,0,0.0,0,0.0,0.0
T.Dell,HOU,2023,2,0,0,0.0,0,0.0,0.0
T.Dell,HOU,2023,3,0,0,0.0,0,0.0,0.0
T.Dell,HOU,2023,4,0,0,0.0,0,0.0,0.0
T.Dell,HOU,2023,5,0,0,0.0,0,0.0,0.0
T.Dell,HOU,2023,8,0,0,0.0,0,0.0,0.0
T.Dell,HOU,2023,9,0,0,0.0,0,0.0,0.0
T.Dell,HOU,2023,10,0,0,0.0,0,0.0,0.0
T.Dell,HOU,2023,11,0,0,0.0,0,0.0,1.0
T.Dell,HOU,2023,12,0,0,0.0,0,0.0,0.0
C.Tillman,CLE,2023,4,0,0,0.0,0,0.0,0.0
C.Tillman,CLE,2023,9,0,0,0.0,0,0.0,0.0
C.Tillman,CLE,2023,10,0,0,0.0,0,0.0,0.0
C.Tillman,CLE,2023,11,0,0,0.0,0,0.0,0.0
C.Tillman,CLE,2023,12,0,0,0.0,0,0.0,0.0
C.Tillman,CLE,2023,13,0,0,0.0,0,0.0,0.0
C.Tillman,CLE,2023,14,0,0,0.0,0,0.0,0.0
C.Tillman,CLE,2023,15,0,0,0.0,0,0.0,0.0
C.Tillman,CLE,2023,16,0,0,0.0,0,0.0,0.0
C.Tillman,CLE,2023,17,0,0,0.0,0,0.0,0.0
C.Tillman,CLE,2023,18,0,0,0.0,0,0.0,0.0
J.Addison,MIN,2023,1,0,0,0.0,0,0.0,0.0
J.Addison,MIN,2023,2,0,0,0.0,0,0.0,0.0
J.Addison,MIN,2023,3,0,0,0.0,0,0.0,0.0
J.Addison,MIN,2023,4,0,0,0.0,0,0.0,0.0
J.Addison,MIN,2023,5,0,0,0.0,0,0.0,0.0
J.Addison,MIN,2023,6,0,0,0.0,0,0.0,0.0
J.Addison,MIN,2023,7,0,0,0.0,0,0.0,0.0
J.Addison,MIN,2023,8,0,0,0.0,0,0.0,0.0
J.Addison,MIN,2023,9,0,0,0.0,0,0.0,0.0
J.Addison,MIN,2023,10,0,0,0.0,0,0.0,0.0
J.Addison,MIN,2023,11,0,0,0.0,0,0.0,0.0
J.Addison,MIN,2023,12,0,0,0.0,0,0.0,0.0
J.Addison,MIN,2023,14,0,0,0.0,0,0.0,0.0
J.Addison,MIN,2023,15,0,0,0.0,0,0.0,0.0
J.Addison,MIN,2023,16,0,0,0.0,0,0.0,0.0
J.Addison,MIN,2023,17,0,0,0.0,0,0.0,0.0
J.Addison,MIN,2023,18,0,0,0.0,0,0.0,0.0
T.Kraft,GB,2023,4,0,0,0.0,0,0.0,0.0
T.Kraft,GB,2023,10,0,0,0.0,0,0.0,0.0
T.Kraft,GB,2023,11,0,0,0.0,0,0.0,0.0
T.Kraft,GB,2023,12,0,0,0.0,0,0.0,0.0
T.Kraft,GB,2023,13,0,0,0.0,0,0.0,0.0
T.Kraft,GB,2023,14,0,0,0.0,0,0.0,0.0
T.Kraft,GB,2023,15,0,0,0.0,0,0.0,0.0
T.Kraft,GB,2023,16,0,0,0.0,0,0.0,0.0
T.Kraft,GB,2023,17,0,0,0.0,0,0.0,0.0
T.Kraft,GB,2023,18,0,0,0.0,0,0.0,0.0
T.Kraft,GB,2023,19,0,0,0.0,0,0.0,0.0
T.Kraft,GB,2023,20,0,0,0.0,0,0.0,0.0
J.Downs,IND,2023,1,0,0,0.0,0,0.0,0.0
J.Downs,IND,2023,2,0,0,0.0,0,0.0,0.0
J.Downs,IND,2023,3,0,0,0.0,0,0.0,0.0
J.Downs,IND,2023,4,0,0,0.0,0,0.0,0.0
J.Downs,IND,2023,5,0,0,0.0,0,0.0,0.0
J.Downs,IND,2023,6,0,0,0.0,0,0.0,0.0
J.Downs,IND,2023,7,0,0,0.0,0,0.0,0.0
J.Downs,IND,2023,8,0,0,0.0,0,0.0,0.0
J.Downs,IND,2023,9,0,0,0.0,0,0.0,0.0
J.Downs,IND,2023,10,0,0,0.0,0,0.0,0.0
J.Downs,IND,2023,12,0,0,0.0,0,0.0,0.0
J.Downs,IND,2023,13,0,0,0.0,0,0.0,0.0
J.Downs,IND,2023,14,0,0,0.0,0,0.0,0.0
J.Downs,IND,2023,15,0,0,0.0,0,0.0,0.0
J.Downs,IND,2023,16,0,0,0.0,0,0.0,0.0
J.Downs,IND,2023,17,0,0,0.0,0,0.0,0.0
J.Downs,IND,2023,18,0,0,0.0,0,0.0,0.0
R.Johnson,CHI,2023,1,0,0,0.0,0,0.0,0.0
R.Johnson,CHI,2023,2,0,0,0.0,0,0.0,0.0
R.Johnson,CHI,2023,3,0,0,0.0,0,0.0,0.0
R.Johnson,CHI,2023,4,0,0,0.0,0,0.0,0.0
R.Johnson,CHI,2023,5,0,0,0.0,0,0.0,0.0
R.Johnson,CHI,2023,8,0,0,0.0,0,0.0,0.0
R.Johnson,CHI,2023,9,0,0,0.0,0,0.0,0.0
R.Johnson,CHI,2023,10,0,0,0.0,0,0.0,0.0
R.Johnson,CHI,2023,11,0,0,0.0,0,0.0,0.0
R.Johnson,CHI,2023,12,0,0,0.0,0,0.0,0.0
R.Johnson,CHI,2023,14,0,0,0.0,0,0.0,0.0
R.Johnson,CHI,2023,15,0,0,0.0,0,0.0,0.0
R.Johnson,CHI,2023,16,0,0,0.0,0,0.0,0.0
R.Johnson,CHI,2023,17,0,0,0.0,0,0.0,0.0
R.Johnson,CHI,2023,18,0,0,0.0,0,0.0,0.0
T.Spears,TEN,2023,1,0,0,0.0,0,0.0,0.0
T.Spears,TEN,2023,2,0,0,0.0,0,0.0,0.0
T.Spears,TEN,2023,3,0,0,0.0,0,0.0,0.0
T.Spears,TEN,2023,4,0,0,0.0,0,0.0,0.0
T.Spears,TEN,2023,5,0,0,0.0,0,0.0,0.0
T.Spears,TEN,2023,6,0,0,0.0,0,0.0,0.0
T.Spears,TEN,2023,8,0,0,0.0,0,0.0,0.0
T.Spears,TEN,2023,9,0,0,0.0,0,0.0,0.0
T.Spears,TEN,2023,10,0,0,0.0,0,0.0,0.0
T.Spears,TEN,2023,11,0,0,0.0,0,0.0,0.0
T.Spears,TEN,2023,12,0,0,0.0,0,0.0,0.0
T.Spears,TEN,2023,13,0,0,0.0,0,0.0,0.0
T.Spears,TEN,2023,14,0,0,0.0,0,0.0,0.0
T.Spears,TEN,2023,15,0,0,0.0,0,0.0,0.0
T.Spears,TEN,2023,16,0,0,0.0,0,0.0,0.0
T.Spears,TEN,2023,17,0,0,0.0,0,0.0,0.0
T.Spears,TEN,2023,18,0,0,0.0,0,0.0,0.0
D.Achane,MIA,2023,2,0,0,0.0,0,0.0,0.0
D.Achane,MIA,2023,3,0,0,0.0,0,0.0,0.0
D.Achane,MIA,2023,4,0,0,0.0,0,0.0,0.0
D.Achane,MIA,2023,5,0,0,0.0,0,0.0,0.0
D.Achane,MIA,2023,11,0,0,0.0,0,0.0,0.0
D.Achane,MIA,2023,13,0,0,0.0,0,0.0,0.0
D.Achane,MIA,2023,14,0,0,0.0,0,0.0,0.0
D.Achane,MIA,2023,15,0,0,0.0,0,0.0,0.0
D.Achane,MIA,2023,16,0,0,0.0,0,0.0,0.0
D.Achane,MIA,2023,17,0,0,0.0,0,0.0,0.0
D.Achane,MIA,2023,18,0,0,0.0,0,0.0,1.0
D.Achane,MIA,2023,19,0,0,0.0,0,0.0,0.0
E.Higgins,ARI,2023,7,0,0,0.0,0,0.0,0.0
E.Higgins,ARI,2023,10,0,0,0.0,0,0.0,0.0
E.Higgins,ARI,2023,11,0,0,0.0,0,0.0,0.0
E.Higgins,ARI,2023,12,0,0,0.0,0,0.0,0.0
E.Higgins,ARI,2023,13,0,0,0.0,0,0.0,0.0
E.Higgins,ARI,2023,15,0,0,0.0,0,0.0,0.0
E.Higgins,ARI,2023,16,0,0,0.0,0,0.0,0.0
E.Higgins,ARI,2023,17,0,0,0.0,0,0.0,0.0
E.Higgins,ARI,2023,18,0,0,0.0,0,0.0,0.0
P.Durham,TB,2023,6,0,0,0.0,0,0.0,0.0
P.Durham,TB,2023,7,0,0,0.0,0,0.0,0.0
P.Durham,TB,2023,8,0,0,0.0,0,0.0,0.0
P.Durham,TB,2023,11,0,0,0.0,0,0.0,0.0
P.Durham,TB,2023,12,0,0,0.0,0,0.0,0.0
P.Durham,TB,2023,16,0,0,0.0,0,0.0,0.0
P.Durham,TB,2023,19,0,0,0.0,0,0.0,0.0
T.Palmer,TB,2023,1,0,0,0.0,0,0.0,0.0
T.Palmer,TB,2023,2,0,0,0.0,0,0.0,0.0
T.Palmer,TB,2023,3,0,0,0.0,0,0.0,0.0
T.Palmer,TB,2023,4,0,0,0.0,0,0.0,0.0
T.Palmer,TB,2023,6,0,0,0.0,0,0.0,0.0
T.Palmer,TB,2023,7,0,0,0.0,0,0.0,0.0
T.Palmer,TB,2023,8,0,0,0.0,0,0.0,0.0
T.Palmer,TB,2023,9,0,0,0.0,0,0.0,0.0
T.Palmer,TB,2023,10,0,0,0.0,0,0.0,0.0
T.Palmer,TB,2023,11,0,0,0.0,0,0.0,0.0
T.Palmer,TB,2023,12,0,0,0.0,0,0.0,0.0
T.Palmer,TB,2023,13,0,0,0.0,0,0.0,0.0
T.Palmer,TB,2023,14,0,0,0.0,0,0.0,0.0
T.Palmer,TB,2023,15,0,0,0.0,0,0.0,0.0
T.Palmer,TB,2023,16,0,0,0.0,0,0.0,0.0
T.Palmer,TB,2023,17,0,0,0.0,0,0.0,0.0
T.Palmer,TB,2023,18,0,0,0.0,0,0.0,0.0
T.Palmer,TB,2023,19,0,0,0.0,0,0.0,0.0
T.Palmer,TB,2023,20,0,0,0.0,0,0.0,0.0
J.Mingo,CAR,2023,1,0,0,0.0,0,0.0,0.0
J.Mingo,CAR,2023,2,0,0,0.0,0,0.0,0.0
J.Mingo,CAR,2023,3,0,0,0.0,0,0.0,0.0
J.Mingo,CAR,2023,5,0,0,0.0,0,0.0,0.0
J.Mingo,CAR,2023,6,0,0,0.0,0,0.0,0.0
J.Mingo,CAR,2023,8,0,0,0.0,0,0.0,0.0
J.Mingo,CAR,2023,9,0,0,0.0,0,0.0,0.0
J.Mingo,CAR,2023,10,0,0,0.0,0,0.0,0.0
J.Mingo,CAR,2023,11,0,0,0.0,0,0.0,0.0
J.Mingo,CAR,2023,12,0,0,0.0,0,0.0,0.0
J.Mingo,CAR,2023,13,0,0,0.0,0,0.0,0.0
J.Mingo,CAR,2023,14,0,0,0.0,0,0.0,0.0
J.Mingo,CAR,2023,15,0,0,0.0,0,0.0,0.0
J.Mingo,CAR,2023,16,0,0,0.0,0,0.0,0.0
J.Mingo,CAR,2023,17,0,0,0.0,0,0.0,0.0
Z.Flowers,BAL,2023,1,0,0,0.0,0,0.0,0.0
Z.Flowers,BAL,2023,2,0,0,0.0,0,0.0,0.0
Z.Flowers,BAL,2023,3,0,0,0.0,0,0.0,0.0
Z.Flowers,BAL,2023,4,0,0,0.0,0,0.0,0.0
Z.Flowers,BAL,2023,5,0,0,0.0,0,0.0,0.0
Z.Flowers,BAL,2023,6,0,0,0.0,0,0.0,0.0
Z.Flowers,BAL,2023,7,0,0,0.0,0,0.0,0.0
Z.Flowers,BAL,2023,8,0,0,0.0,0,0.0,0.0
Z.Flowers,BAL,2023,9,0,0,0.0,0,0.0,0.0
Z.Flowers,BAL,2023,10,0,0,0.0,0,0.0,0.0
Z.Flowers,BAL,2023,11,0,0,0.0,0,0.0,0.0
Z.Flowers,BAL,2023,12,0,0,0.0,0,0.0,0.0
Z.Flowers,BAL,2023,14,0,0,0.0,0,0.0,0.0
Z.Flowers,BAL,2023,15,0,0,0.0,0,0.0,0.0
Z.Flowers,BAL,2023,16,0,0,0.0,0,0.0,0.0
Z.Flowers,BAL,2023,17,0,0,0.0,0,0.0,0.0
Z.Flowers,BAL,2023,20,0,0,0.0,0,0.0,0.0
Z.Flowers,BAL,2023,21,0,0,0.0,0,0.0,0.0
S.LaPorta,DET,2023,1,0,0,0.0,0,0.0,0.0
S.LaPorta,DET,2023,2,0,0,0.0,0,0.0,0.0
S.LaPorta,DET,2023,3,0,0,0.0,0,0.0,0.0
S.LaPorta,DET,2023,4,0,0,0.0,0,0.0,0.0
S.LaPorta,DET,2023,5,0,0,0.0,0,0.0,0.0
S.LaPorta,DET,2023,6,0,0,0.0,0,0.0,0.0
S.LaPorta,DET,2023,7,0,0,0.0,0,0.0,0.0
S.LaPorta,DET,2023,8,0,0,0.0,0,0.0,0.0
S.LaPorta,DET,2023,10,0,0,0.0,0,0.0,0.0
S.LaPorta,DET,2023,11,0,0,0.0,0,0.0,0.0
S.LaPorta,DET,2023,12,0,0,0.0,0,0.0,0.0
S.LaPorta,DET,2023,13,0,0,0.0,0,0.0,0.0
S.LaPorta,DET,2023,14,0,0,0.0,0,0.0,0.0
S.LaPorta,DET,2023,15,0,0,0.0,0,0.0,0.0
S.LaPorta,DET,2023,16,0,0,0.0,0,0.0,0.0
S.LaPorta,DET,2023,17,0,0,0.0,0,0.0,0.0
S.LaPorta,DET,2023,18,0,0,0.0,0,0.0,0.0
S.LaPorta,DET,2023,19,0,0,0.0,0,0.0,0.0
S.LaPorta,DET,2023,20,0,0,0.0,0,0.0,0.0
S.LaPorta,DET,2023,21,0,0,0.0,0,0.0,0.0
M.Mayer,LV,2023,2,0,0,0.0,0,0.0,0.0
M.Mayer,LV,2023,3,0,0,0.0,0,0.0,0.0
M.Mayer,LV,2023,5,0,0,0.0,0,0.0,0.0
M.Mayer,LV,2023,6,0,0,0.0,0,0.0,0.0
M.Mayer,LV,2023,7,0,0,0.0,0,0.0,0.0
M.Mayer,LV,2023,8,0,0,0.0,0,0.0,0.0
M.Mayer,LV,2023,9,0,0,0.0,0,0.0,0.0
M.Mayer,LV,2023,10,0,0,0.0,0,0.0,0.0
M.Mayer,LV,2023,11,0,0,0.0,0,0.0,0.0
M.Mayer,LV,2023,12,0,0,0.0,0,0.0,0.0
M.Mayer,LV,2023,14,0,0,0.0,0,0.0,0.0
M.Mayer,LV,2023,15,0,0,0.0,0,0.0,0.0
R.Rice,KC,2023,1,0,0,0.0,0,0.0,0.0
R.Rice,KC,2023,2,0,0,0.0,0,0.0,0.0
R.Rice,KC,2023,3,0,0,0.0,0,0.0,0.0
R.Rice,KC,2023,4,0,0,0.0,0,0.0,0.0
R.Rice,KC,2023,5,0,0,0.0,0,0.0,0.0
R.Rice,KC,2023,6,0,0,0.0,0,0.0,0.0
R.Rice,KC,2023,7,0,0,0.0,0,0.0,0.0
R.Rice,KC,2023,8,0,0,0.0,0,0.0,0.0
R.Rice,KC,2023,9,0,0,0.0,0,0.0,0.0
R.Rice,KC,2023,11,0,0,0.0,0,0.0,0.0
R.Rice,KC,2023,12,0,0,0.0,0,0.0,0.0
R.Rice,KC,2023,13,0,0,0.0,0,0.0,0.0
R.Rice,KC,2023,14,0,0,0.0,0,0.0,0.0
R.Rice,KC,2023,15,0,0,0.0,0,0.0,0.0
R.Rice,KC,2023,16,0,0,0.0,0,0.0,0.0
R.Rice,KC,2023,17,0,0,0.0,0,0.0,0.0
R.Rice,KC,2023,19,0,0,0.0,0,0.0,0.0
R.Rice,KC,2023,20,0,0,0.0,0,0.0,0.0
R.Rice,KC,2023,21,0,0,0.0,0,0.0,0.0
R.Rice,KC,2023,22,0,0,0.0,0,0.0,0.0
D.Allen,LA,2023,12,0,0,0.0,0,0.0,0.0
D.Allen,LA,2023,14,0,0,0.0,0,0.0,0.0
D.Allen,LA,2023,15,0,0,0.0,0,0.0,0.0
D.Allen,LA,2023,18,0,0,0.0,0,0.0,0.0
D.Allen,LA,2023,19,0,0,0.0,0,0.0,0.0
P.Nacua,LA,2023,1,0,0,0.0,0,0.0,0.0
P.Nacua,LA,2023,2,0,0,0.0,0,0.0,0.0
P.Nacua,LA,2023,3,0,0,0.0,0,0.0,0.0
P.Nacua,LA,2023,4,0,0,0.0,0,0.0,0.0
P.Nacua,LA,2023,5,0,0,0.0,0,0.0,0.0
P.Nacua,LA,2023,6,0,0,0.0,0,0.0,0.0
P.Nacua,LA,2023,7,0,0,0.0,0,0.0,0.0
P.Nacua,LA,2023,8,0,0,0.0,0,0.0,0.0
P.Nacua,LA,2023,9,0,0,0.0,0,0.0,0.0
P.Nacua,LA,2023,11,0,0,0.0,0,0.0,0.0
P.Nacua,LA,2023,12,0,0,0.0,0,0.0,0.0
P.Nacua,LA,2023,13,0,0,0.0,0,0.0,0.0
P.Nacua,LA,2023,14,0,0,0.0,0,0.0,0.0
P.Nacua,LA,2023,15,0,0,0.0,0,0.0,0.0
P.Nacua,LA,2023,16,0,0,0.0,0,0.0,0.0
P.Nacua,LA,2023,17,0,0,0.0,0,0.0,0.0
P.Nacua,LA,2023,18,0,0,0.0,0,0.0,0.0
P.Nacua,LA,2023,19,0,0,0.0,0,0.0,0.0
Z.Evans,LA,2023,6,0,0,0.0,0,0.0,0.0
Z.Evans,LA,2023,11,0,0,0.0,0,0.0,0.0
Z.Evans,LA,2023,12,0,0,0.0,0,0.0,0.0
Z.Evans,LA,2023,18,0,0,0.0,0,0.0,0.0
J.Gibbs,DET,2023,1,0,0,0.0,0,0.0,0.0
J.Gibbs,DET,2023,2,0,0,0.0,0,0.0,0.0
J.Gibbs,DET,2023,3,0,0,0.0,0,0.0,0.0
J.Gibbs,DET,2023,4,0,0,0.0,0,0.0,0.0
J.Gibbs,DET,2023,7,0,0,0.0,0,0.0,0.0
J.Gibbs,DET,2023,8,0,0,0.0,0,0.0,0.0
J.Gibbs,DET,2023,10,0,0,0.0,0,0.0,0.0
J.Gibbs,DET,2023,11,0,0,0.0,0,0.0,0.0
J.Gibbs,DET,2023,12,0,0,0.0,0,0.0,0.0
J.Gibbs,DET,2023,13,0,0,0.0,0,0.0,0.0
J.Gibbs,DET,2023,14,0,0,0.0,0,0.0,0.0
J.Gibbs,DET,2023,15,0,0,0.0,0,0.0,0.0
J.Gibbs,DET,2023,16,0,0,0.0,0,0.0,0.0
J.Gibbs,DET,2023,17,0,0,0.0,0,0.0,0.0
J.Gibbs,DET,2023,18,0,0,0.0,0,0.0,0.0
J.Gibbs,DET,2023,19,0,0,0.0,0,0.0,0.0
J.Gibbs,DET,2023,20,0,0,0.0,0,0.0,0.0
J.Gibbs,DET,2023,21,0,0,0.0,0,0.0,0.0
L.Musgrave,GB,2023,1,0,0,0.0,0,0.0,0.0
L.Musgrave,GB,2023,2,0,0,0.0,0,0.0,0.0
L.Musgrave,GB,2023,3,0,0,0.0,0,0.0,0.0
L.Musgrave,GB,2023,4,0,0,0.0,0,0.0,0.0
L.Musgrave,GB,2023,5,0,0,0.0,0,0.0,0.0
L.Musgrave,GB,2023,7,0,0,0.0,0,0.0,0.0
L.Musgrave,GB,2023,8,0,0,0.0,0,0.0,0.0
L.Musgrave,GB,2023,9,0,0,0.0,0,0.0,0.0
L.Musgrave,GB,2023,10,0,0,0.0,0,0.0,0.0
L.Musgrave,GB,2023,11,0,0,0.0,0,0.0,0.0
L.Musgrave,GB,2023,18,0,0,0.0,0,0.0,0.0
L.Musgrave,GB,2023,19,0,0,0.0,0,0.0,0.0
L.Musgrave,GB,2023,20,0,0,0.0,0,0.0,0.0
J.Reed,GB,2023,1,0,0,0.0,0,0.0,0.0
J.Reed,GB,2023,2,0,0,0.0,0,0.0,0.0
J.Reed,GB,2023,3,0,0,0.0,0,0.0,0.0
J.Reed,GB,2023,4,0,0,0.0,0,0.0,0.0
J.Reed,GB,2023,5,0,0,0.0,0,0.0,0.0
J.Reed,GB,2023,7,0,0,0.0,0,0.0,0.0
J.Reed,GB,2023,8,0,0,0.0,0,0.0,0.0
J.Reed,GB,2023,9,0,0,0.0,0,0.0,0.0
J.Reed,GB,2023,10,0,0,0.0,0,0.0,0.0
J.Reed,GB,2023,11,0,0,0.0,0,0.0,0.0
J.Reed,GB,2023,12,0,0,0.0,0,0.0,0.0
J.Reed,GB,2023,13,0,0,0.0,0,0.0,0.0
J.Reed,GB,2023,14,0,0,0.0,0,0.0,0.0
J.Reed,GB,2023,15,0,0,0.0,0,0.0,0.0
J.Reed,GB,2023,17,0,0,0.0,0,0.0,0.0
J.Reed,GB,2023,18,0,0,0.0,0,0.0,0.0
J.Reed,GB,2023,19,0,0,0.0,0,0.0,0.0
J.Reed,GB,2023,20,0,0,0.0,0,0.0,0.0
B.Young,CAR,2023,1,20,38,146.0,1,2.0,2.0
B.Young,CAR,2023,2,22,33,153.0,1,0.0,4.0
B.Young,CAR,2023,4,25,32,204.0,0,0.0,5.0
B.Young,CAR,2023,5,25,41,247.0,3,2.0,1.0
B.Young,CAR,2023,6,23,38,217.0,1,0.0,4.0
B.Young,CAR,2023,8,22,31,235.0,1,0.0,6.0
B.Young,CAR,2023,9,24,39,173.0,1,3.0,4.0
B.Young,CAR,2023,10,21,38,185.0,0,0.0,3.0
B.Young,CAR,2023,11,16,29,123.0,1,1.0,7.0
B.Young,CAR,2023,12,18,31,194.0,0,0.0,4.0
B.Young,CAR,2023,13,15,31,178.0,0,1.0,4.0
B.Young,CAR,2023,14,13,36,137.0,0,0.0,4.0
B.Young,CAR,2023,15,18,24,167.0,0,0.0,3.0
B.Young,CAR,2023,16,23,36,312.0,2,0.0,2.0
B.Young,CAR,2023,17,19,32,112.0,0,1.0,6.0
B.Young,CAR,2023,18,11,18,94.0,0,0.0,3.0
W.Levis,TEN,2023,8,19,29,238.0,4,0.0,2.0
W.Levis,TEN,2023,9,22,39,262.0,0,1.0,4.0
W.Levis,TEN,2023,10,19,39,199.0,0,1.0,4.0
W.Levis,TEN,2023,11,13,17,158.0,2,0.0,2.0
W.Levis,TEN,2023,12,18,28,185.0,0,0.0,1.0
W.Levis,TEN,2023,13,16,33,224.0,1,0.0,6.0
W.Levis,TEN,2023,14,23,38,327.0,1,1.0,1.0
W.Levis,TEN,2023,15,17,26,199.0,0,1.0,7.0
W.Levis,TEN,2023,17,2,6,16.0,0,0.0,1.0
C.Stroud,HOU,2023,1,28,44,242.0,0,0.0,5.0
C.Stroud,HOU,2023,2,30,47,384.0,2,0.0,6.0
C.Stroud,HOU,2023,3,20,30,280.0,2,0.0,0.0
C.Stroud,HOU,2023,4,16,30,306.0,2,0.0,0.0
C.Stroud,HOU,2023,5,20,35,249.0,1,0.0,0.0
C.Stroud,HOU,2023,6,13,27,199.0,2,1.0,2.0
C.Stroud,HOU,2023,8,16,24,140.0,0,0.0,2.0
C.Stroud,HOU,2023,9,30,42,470.0,5,0.0,3.0
C.Stroud,HOU,2023,10,23,39,356.0,1,1.0,1.0
C.Stroud,HOU,2023,11,27,37,336.0,2,3.0,3.0
C.Stroud,HOU,2023,12,26,36,304.0,2,0.0,4.0
C.Stroud,HOU,2023,13,16,27,274.0,1,0.0,5.0
C.Stroud,HOU,2023,14,10,23,91.0,0,0.0,4.0
C.Stroud,HOU,2023,17,24,32,213.0,1,0.0,1.0
C.Stroud,HOU,2023,18,20,26,264.0,2,0.0,2.0
C.Stroud,HOU,2023,19,16,21,274.0,3,0.0,0.0
C.Stroud,HOU,2023,20,19,33,175.0,0,0.0,0.0
A.Richardson,IND,2023,1,24,37,223.0,1,1.0,4.0
A.Richardson,IND,2023,2,6,10,56.0,0,0.0,0.0
A.Richardson,IND,2023,4,11,25,200.0,2,0.0,2.0
A.Richardson,IND,2023,5,9,12,98.0,0,0.0,1.0
Z.Charbonnet,SEA,2023,1,0,0,0.0,0,0.0,0.0
Z.Charbonnet,SEA,2023,2,0,0,0.0,0,0.0,0.0
Z.Charbonnet,SEA,2023,3,0,0,0.0,0,0.0,0.0
Z.Charbonnet,SEA,2023,4,0,0,0.0,0,0.0,0.0
Z.Charbonnet,SEA,2023,6,0,0,0.0,0,0.0,0.0
Z.Charbonnet,SEA,2023,8,0,0,0.0,0,0.0,0.0
Z.Charbonnet,SEA,2023,9,0,0,0.0,0,0.0,0.0
Z.Charbonnet,SEA,2023,10,0,0,0.0,0,0.0,0.0
Z.Charbonnet,SEA,2023,11,0,0,0.0,0,0.0,0.0
Z.Charbonnet,SEA,2023,12,0,0,0.0,0,0.0,0.0
Z.Charbonnet,SEA,2023,13,0,0,0.0,0,0.0,0.0
Z.Charbonnet,SEA,2023,14,0,0,0.0,0,0.0,0.0
Z.Charbonnet,SEA,2023,15,0,0,0.0,0,0.0,0.0
Z.Charbonnet,SEA,2023,16,0,0,0.0,0,0.0,0.0
Z.Charbonnet,SEA,2023,17,0,0,0.0,0,0.0,0.0
Z.Charbonnet,SEA,2023,18,0,0,0.0,0,0.0,0.0
A.Rodgers,NYJ,2024,1,13,21,167.0,1,1.0,1.0
A.Rodgers,NYJ,2024,2,18,30,176.0,2,0.0,2.0
A.Rodgers,NYJ,2024,3,27,35,281.0,2,0.0,2.0
A.Rodgers,NYJ,2024,4,24,42,225.0,0,0.0,5.0
A.Rodgers,NYJ,2024,5,29,54,244.0,2,3.0,3.0
A.Rodgers,NYJ,2024,6,23,35,294.0,2,1.0,3.0
A.Rodgers,NYJ,2024,7,24,39,276.0,1,2.0,1.0
A.Rodgers,NYJ,2024,8,17,28,233.0,2,0.0,1.0
A.Rodgers,NYJ,2024,9,22,32,211.0,3,0.0,2.0
A.Rodgers,NYJ,2024,10,22,35,151.0,0,0.0,3.0
A.Rodgers,NYJ,2024,11,22,29,184.0,2,0.0,3.0
A.Rodgers,NYJ,2024,13,21,39,185.0,2,1.0,2.0
A.Rodgers,NYJ,2024,14,27,39,339.0,1,0.0,3.0
A.Rodgers,NYJ,2024,15,16,30,289.0,3,0.0,1.0
A.Rodgers,NYJ,2024,16,28,42,256.0,1,0.0,1.0
A.Rodgers,NYJ,2024,17,12,18,112.0,0,2.0,4.0
A.Rodgers,NYJ,2024,18,23,36,274.0,4,1.0,3.0
M.Lewis,CHI,2024,6,0,0,0.0,0,0.0,0.0
J.Flacco,IND,2024,4,16,26,168.0,2,0.0,2.0
J.Flacco,IND,2024,5,33,44,359.0,3,0.0,4.0
J.Flacco,IND,2024,6,22,38,189.0,2,1.0,0.0
J.Flacco,IND,2024,9,16,27,179.0,0,1.0,3.0
J.Flacco,IND,2024,10,26,35,272.0,2,3.0,4.0
J.Flacco,IND,2024,17,26,38,330.0,2,2.0,2.0
J.Flacco,IND,2024,18,23,40,264.0,1,0.0,3.0
J.Johnson,BAL,2024,4,1,1,1.0,0,0.0,0.0
J.Johnson,BAL,2024,9,0,0,0.0,0,0.0,0.0
J.Johnson,BAL,2024,15,0,0,0.0,0,0.0,1.0
J.Johnson,BAL,2024,17,1,2,16.0,0,0.0,0.0
M.Stafford,LA,2024,1,34,49,317.0,1,1.0,2.0
M.Stafford,LA,2024,2,19,27,216.0,0,0.0,5.0
M.Stafford,LA,2024,3,16,25,221.0,1,0.0,3.0
M.Stafford,LA,2024,4,20,29,224.0,0,1.0,3.0
M.Stafford,LA,2024,5,29,45,260.0,1,1.0,3.0
M.Stafford,LA,2024,7,14,23,154.0,0,1.0,1.0
M.Stafford,LA,2024,8,25,34,279.0,4,1.0,0.0
M.Stafford,LA,2024,9,25,44,298.0,2,1.0,0.0
M.Stafford,LA,2024,10,32,46,293.0,0,1.0,4.0
M.Stafford,LA,2024,11,18,27,295.0,4,0.0,0.0
M.Stafford,LA,2024,12,24,36,243.0,2,0.0,5.0
M.Stafford,LA,2024,13,14,24,183.0,2,0.0,2.0
M.Stafford,LA,2024,14,23,30,320.0,2,0.0,0.0
M.Stafford,LA,2024,15,16,27,160.0,0,0.0,0.0
M.Stafford,LA,2024,16,14,19,110.0,1,1.0,0.0
M.Stafford,LA,2024,17,17,32,189.0,0,0.0,0.0
M.Stafford,LA,2024,19,19,27,209.0,2,0.0,2.0
M.Stafford,LA,2024,20,26,44,324.0,2,0.0,5.0
A.Dalton,CAR,2024,1,0,1,0.0,0,0.0,0.0
A.Dalton,CAR,2024,3,26,37,319.0,3,0.0,2.0
A.Dalton,CAR,2024,4,25,40,220.0,2,1.0,0.0
A.Dalton,CAR,2024,5,18,28,136.0,0,1.0,3.0
A.Dalton,CAR,2024,6,26,38,221.0,2,2.0,0.0
A.Dalton,CAR,2024,7,11,16,93.0,0,2.0,2.0
T.Taylor,NYJ,2024,1,6,8,36.0,1,0.0,0.0
T.Taylor,NYJ,2024,17,11,14,83.0,2,0.0,0.0
J.Hekker,CAR,2024,4,0,1,0.0,0,0.0,0.0
J.Hekker,CAR,2024,8,0,1,0.0,0,0.0,0.0
R.McLeod,CLE,2024,6,0,0,0.0,0,0.0,0.0
R.Wilson,PIT,2024,7,16,29,264.0,2,0.0,1.0
R.Wilson,PIT,2024,8,20,28,278.0,1,0.0,4.0
R.Wilson,PIT,2024,10,14,28,195.0,3,1.0,3.0
R.Wilson,PIT,2024,11,23,36,205.0,0,1.0,4.0
R.Wilson,PIT,2024,12,21,28,270.0,1,0.0,4.0
R.Wilson,PIT,2024,13,29,38,414.0,3,1.0,2.0
R.Wilson,PIT,2024,14,15,26,158.0,2,0.0,1.0
R.Wilson,PIT,2024,15,14,22,128.0,1,0.0,2.0
R.Wilson,PIT,2024,16,22,33,217.0,2,1.0,3.0
R.Wilson,PIT,2024,17,23,37,205.0,0,1.0,5.0
R.Wilson,PIT,2024,18,17,31,148.0,1,0.0,4.0
R.Wilson,PIT,2024,19,20,29,270.0,2,0.0,4.0
K.Cousins,ATL,2024,1,16,26,155.0,1,2.0,2.0
K.Cousins,ATL,2024,2,20,29,241.0,2,0.0,1.0
K.Cousins,ATL,2024,3,20,29,230.0,1,1.0,2.0
K.Cousins,ATL,2024,4,21,35,238.0,0,1.0,1.0
K.Cousins,ATL,2024,5,42,58,509.0,4,1.0,4.0
K.Cousins,ATL,2024,6,19,30,225.0,1,0.0,0.0
K.Cousins,ATL,2024,7,24,35,232.0,1,2.0,3.0
K.Cousins,ATL,2024,8,23,29,276.0,4,0.0,2.0
K.Cousins,ATL,2024,9,19,24,222.0,3,0.0,2.0
K.Cousins,ATL,2024,10,23,38,306.0,0,1.0,3.0
K.Cousins,ATL,2024,11,18,27,173.0,0,1.0,3.0
K.Cousins,ATL,2024,13,24,39,245.0,0,4.0,1.0
K.Cousins,ATL,2024,14,23,37,344.0,0,2.0,1.0
K.Cousins,ATL,2024,15,11,17,112.0,1,1.0,3.0
B.Anger,DAL,2024,9,0,1,0.0,0,0.0,0.0
B.Anger,DAL,2024,11,1,1,4.0,0,0.0,0.0
K.Juszczyk,SF,2024,1,0,0,0.0,0,0.0,0.0
K.Juszczyk,SF,2024,2,0,0,0.0,0,0.0,0.0
K.Juszczyk,SF,2024,3,0,0,0.0,0,0.0,0.0
K.Juszczyk,SF,2024,4,0,0,0.0,0,0.0,0.0
K.Juszczyk,SF,2024,6,0,0,0.0,0,0.0,0.0
K.Juszczyk,SF,2024,7,0,0,0.0,0,0.0,0.0
K.Juszczyk,SF,2024,8,0,0,0.0,0,0.0,0.0
K.Juszczyk,SF,2024,11,0,0,0.0,0,0.0,0.0
K.Juszczyk,SF,2024,12,0,0,0.0,0,0.0,0.0
K.Juszczyk,SF,2024,13,0,0,0.0,0,0.0,0.0
K.Juszczyk,SF,2024,14,0,0,0.0,0,0.0,0.0
K.Juszczyk,SF,2024,16,0,0,0.0,0,0.0,0.0
K.Juszczyk,SF,2024,17,0,0,0.0,0,0.0,0.0
K.Juszczyk,SF,2024,18,0,0,0.0,0,0.0,0.0
A.Thielen,CAR,2024,1,0,0,0.0,0,0.0,0.0
A.Thielen,CAR,2024,2,0,0,0.0,0,0.0,0.0
A.Thielen,CAR,2024,3,0,0,0.0,0,0.0,0.0
A.Thielen,CAR,2024,12,0,0,0.0,0,0.0,0.0
A.Thielen,CAR,2024,13,0,0,0.0,0,0.0,0.0
A.Thielen,CAR,2024,14,0,0,0.0,0,0.0,0.0
A.Thielen,CAR,2024,15,0,0,0.0,0,0.0,0.0
A.Thielen,CAR,2024,16,0,0,0.0,0,0.0,0.0
A.Thielen,CAR,2024,17,0,0,0.0,0,0.0,0.0
A.Thielen,CAR,2024,18,0,0,0.0,0,0.0,0.0
Z.Ertz,WAS,2024,1,0,0,0.0,0,0.0,0.0
Z.Ertz,WAS,2024,2,0,0,0.0,0,0.0,0.0
Z.Ertz,WAS,2024,3,0,0,0.0,0,0.0,0.0
Z.Ertz,WAS,2024,4,0,0,0.0,0,0.0,0.0
Z.Ertz,WAS,2024,5,0,0,0.0,0,0.0,0.0
Z.Ertz,WAS,2024,6,0,0,0.0,0,0.0,0.0
Z.Ertz,WAS,2024,7,0,0,0.0,0,0.0,0.0
Z.Ertz,WAS,2024,8,0,0,0.0,0,0.0,0.0
Z.Ertz,WAS,2024,9,0,0,0.0,0,0.0,0.0
Z.Ertz,WAS,2024,10,0,0,0.0,0,0.0,0.0
Z.Ertz,WAS,2024,11,0,0,0.0,0,0.0,0.0
Z.Ertz,WAS,2024,12,0,0,0.0,0,0.0,0.0
Z.Ertz,WAS,2024,13,0,0,0.0,0,0.0,0.0
Z.Ertz,WAS,2024,15,0,0,0.0,0,0.0,0.0
Z.Ertz,WAS,2024,16,0,0,0.0,0,0.0,0.0
Z.Ertz,WAS,2024,17,0,0,0.0,0,0.0,0.0
Z.Ertz,WAS,2024,18,0,0,0.0,0,0.0,0.0
Z.Ertz,WAS,2024,19,0,0,0.0,0,0.0,0.0
Z.Ertz,WAS,2024,20,0,0,0.0,0,0.0,0.0
Z.Ertz,WAS,2024,21,0,0,0.0,0,0.0,0.0
T.Way,WAS,2024,21,1,1,23.0,0,0.0,0.0
K.Allen,CHI,2024,1,0,0,0.0,0,0.0,0.0
K.Allen,CHI,2024,4,0,0,0.0,0,0.0,0.0
K.Allen,CHI,2024,5,0,0,0.0,0,0.0,0.0
K.Allen,CHI,2024,6,0,0,0.0,0,0.0,0.0
K.Allen,CHI,2024,8,0,0,0.0,0,0.0,0.0
K.Allen,CHI,2024,9,0,0,0.0,0,0.0,0.0
K.Allen,CHI,2024,10,0,0,0.0,0,0.0,0.0
K.Allen,CHI,2024,11,0,0,0.0,0,0.0,0.0
K.Allen,CHI,2024,12,0,0,0.0,0,0.0,0.0
K.Allen,CHI,2024,13,0,0,0.0,0,0.0,0.0
K.Allen,CHI,2024,14,0,0,0.0,0,0.0,0.0
K.Allen,CHI,2024,15,0,0,0.0,0,0.0,0.0
K.Allen,CHI,2024,16,0,0,0.0,0,0.0,0.0
K.Allen,CHI,2024,17,0,0,0.0,0,0.0,0.0
K.Allen,CHI,2024,18,0,1,0.0,0,1.0,0.0
R.Woods,HOU,2024,3,0,0,0.0,0,0.0,0.0
R.Woods,HOU,2024,4,0,0,0.0,0,0.0,0.0
R.Woods,HOU,2024,8,0,0,0.0,0,0.0,0.0
R.Woods,HOU,2024,9,0,0,0.0,0,0.0,0.0
R.Woods,HOU,2024,10,0,0,0.0,0,0.0,0.0
R.Woods,HOU,2024,11,0,0,0.0,0,0.0,0.0
R.Woods,HOU,2024,12,0,0,0.0,0,0.0,0.0
R.Woods,HOU,2024,13,0,0,0.0,0,0.0,0.0
R.Woods,HOU,2024,15,0,0,0.0,0,0.0,0.0
R.Woods,HOU,2024,16,0,0,0.0,0,0.0,0.0
R.Woods,HOU,2024,17,0,0,0.0,0,0.0,0.0
R.Woods,HOU,2024,18,0,0,0.0,0,0.0,0.0
R.Woods,HOU,2024,19,0,0,0.0,0,0.0,0.0
T.Kelce,KC,2024,1,0,0,0.0,0,0.0,0.0
T.Kelce,KC,2024,2,0,0,0.0,0,0.0,0.0
T.Kelce,KC,2024,3,0,0,0.0,0,0.0,0.0
T.Kelce,KC,2024,4,0,0,0.0,0,0.0,0.0
T.Kelce,KC,2024,5,0,0,0.0,0,0.0,0.0
T.Kelce,KC,2024,7,0,0,0.0,0,0.0,0.0
T.Kelce,KC,2024,8,0,0,0.0,0,0.0,0.0
T.Kelce,KC,2024,9,0,0,0.0,0,0.0,0.0
T.Kelce,KC,2024,10,0,0,0.0,0,0.0,0.0
T.Kelce,KC,2024,11,0,0,0.0,0,0.0,0.0
T.Kelce,KC,2024,12,0,0,0.0,0,0.0,0.0
T.Kelce,KC,2024,13,0,0,0.0,0,0.0,0.0
T.Kelce,KC,2024,14,0,0,0.0,0,0.0,0.0
T.Kelce,KC,2024,15,0,0,0.0,0,0.0,0.0
T.Kelce,KC,2024,16,0,0,0.0,0,0.0,0.0
T.Kelce,KC,2024,17,0,0,0.0,0,0.0,0.0
T.Kelce,KC,2024,20,0,0,0.0,0,0.0,0.0
T.Kelce,KC,2024,21,0,0,0.0,0,0.0,0.0
T.Kelce,KC,2024,22,0,0,0.0,0,0.0,0.0
D.Hopkins,TEN,2024,1,0,0,0.0,0,0.0,0.0
D.Hopkins,TEN,2024,2,0,0,0.0,0,0.0,0.0
D.Hopkins,TEN,2024,3,0,0,0.0,0,0.0,0.0
D.Hopkins,TEN,2024,4,0,0,0.0,0,0.0,0.0
D.Hopkins,TEN,2024,6,0,0,0.0,0,0.0,0.0
D.Hopkins,TEN,2024,7,0,0,0.0,0,0.0,0.0
D.Hopkins,KC,2024,8,0,0,0.0,0,0.0,0.0
D.Hopkins,KC,2024,9,0,0,0.0,0,0.0,0.0
D.Hopkins,KC,2024,10,0,0,0.0,0,0.0,0.0
D.Hopkins,KC,2024,11,0,0,0.0,0,0.0,0.0
D.Hopkins,KC,2024,12,0,0,0.0,0,0.0,0.0
D.Hopkins,KC,2024,13,0,0,0.0,0,0.0,0.0
D.Hopkins,KC,2024,14,0,0,0.0,0,0.0,0.0
D.Hopkins,KC,2024,15,0,0,0.0,0,0.0,0.0
D.Hopkins,KC,2024,16,0,0,0.0,0,0.0,0.0
D.Hopkins,KC,2024,17,0,0,0.0,0,0.0,0.0
D.Hopkins,KC,2024,20,0,0,0.0,0,0.0,0.0
D.Hopkins,KC,2024,21,0,0,0.0,0,0.0,0.0
D.Hopkins,KC,2024,22,0,0,0.0,0,0.0,0.0
G.Smith,SEA,2024,1,18,25,171.0,1,1.0,2.0
G.Smith,SEA,2024,2,33,44,327.0,1,0.0,3.0
G.Smith,SEA,2024,3,26,34,289.0,1,2.0,3.0
G.Smith,SEA,2024,4,38,56,395.0,1,1.0,3.0
G.Smith,SEA,2024,5,28,40,284.0,1,0.0,7.0
G.Smith,SEA,2024,6,30,52,312.0,1,2.0,1.0
G.Smith,SEA,2024,7,18,28,207.0,2,0.0,1.0
G.Smith,SEA,2024,8,21,29,212.0,0,1.0,1.0
G.Smith,SEA,2024,9,21,34,363.0,3,3.0,7.0
G.Smith,SEA,2024,11,25,32,221.0,0,1.0,4.0
G.Smith,SEA,2024,12,22,31,254.0,1,1.0,5.0
G.Smith,SEA,2024,13,20,31,206.0,1,0.0,3.0
G.Smith,SEA,2024,14,24,30,233.0,1,0.0,0.0
G.Smith,SEA,2024,15,15,19,149.0,0,1.0,3.0
G.Smith,SEA,2024,16,31,43,314.0,3,2.0,2.0
G.Smith,SEA,2024,17,17,23,160.0,0,0.0,3.0
G.Smith,SEA,2024,18,20,27,223.0,4,0.0,2.0
C.Patterson,PIT,2024,1,0,0,0.0,0,0.0,0.0
C.Patterson,PIT,2024,2,0,0,0.0,0,0.0,0.0
C.Patterson,PIT,2024,3,0,0,0.0,0,0.0,0.0
C.Patterson,PIT,2024,4,0,0,0.0,0,0.0,0.0
C.Patterson,PIT,2024,10,0,0,0.0,0,0.0,0.0
C.Patterson,PIT,2024,11,0,0,0.0,0,0.0,0.0
C.Patterson,PIT,2024,12,0,0,0.0,0,0.0,0.0
C.Patterson,PIT,2024,13,0,0,0.0,0,0.0,0.0
C.Patterson,PIT,2024,14,0,0,0.0,0,0.0,0.0
C.Patterson,PIT,2024,15,0,0,0.0,0,0.0,0.0
C.Patterson,PIT,2024,16,0,0,0.0,0,0.0,0.0
C.Patterson,PIT,2024,17,0,0,0.0,0,0.0,0.0
C.Patterson,PIT,2024,18,0,0,0.0,0,0.0,0.0
O.Beckham,MIA,2024,5,0,0,0.0,0,0.0,0.0
O.Beckham,MIA,2024,7,0,0,0.0,0,0.0,0.0
O.Beckham,MIA,2024,9,0,0,0.0,0,0.0,0.0
O.Beckham,MIA,2024,10,0,0,0.0,0,0.0,0.0
O.Beckham,MIA,2024,11,0,0,0.0,0,0.0,0.0
O.Beckham,MIA,2024,12,0,0,0.0,0,0.0,0.0
O.Beckham,MIA,2024,13,0,0,0.0,0,0.0,0.0
O.Beckham,MIA,2024,14,0,0,0.0,0,0.0,0.0
B.Cooks,DAL,2024,1,0,0,0.0,0,0.0,0.0
B.Cooks,DAL,2024,2,0,0,0.0,0,0.0,0.0
B.Cooks,DAL,2024,3,0,0,0.0,0,0.0,0.0
B.Cooks,DAL,2024,4,0,0,0.0,0,0.0,0.0
B.Cooks,DAL,2024,13,0,0,0.0,0,0.0,0.0
B.Cooks,DAL,2024,14,0,0,0.0,0,0.0,0.0
B.Cooks,DAL,2024,15,0,0,0.0,0,0.0,0.0
B.Cooks,DAL,2024,16,0,0,0.0,0,0.0,0.0
B.Cooks,DAL,2024,17,0,0,0.0,0,0.0,0.0
B.Cooks,DAL,2024,18,0,0,0.0,0,0.0,0.0
T.Bridgewater,DET,2024,20,1,1,3.0,0,0.0,0.0
D.Carr,NO,2024,1,19,23,200.0,3,0.0,1.0
D.Carr,NO,2024,2,11,16,243.0,2,1.0,1.0
D.Carr,NO,2024,3,14,25,142.0,1,1.0,1.0
D.Carr,NO,2024,4,28,36,239.0,0,1.0,1.0
D.Carr,NO,2024,5,18,28,165.0,2,1.0,1.0
D.Carr,NO,2024,9,18,31,236.0,1,0.0,1.0
D.Carr,NO,2024,10,16,25,269.0,2,0.0,0.0
D.Carr,NO,2024,11,21,27,248.0,2,0.0,1.0
D.Carr,NO,2024,13,24,37,184.0,1,0.0,0.0
D.Carr,NO,2024,14,20,31,219.0,1,1.0,1.0
J.Matthews,CAR,2024,1,0,0,0.0,0,0.0,0.0
J.Garoppolo,LA,2024,18,27,41,334.0,2,1.0,3.0
C.Goodwin,DAL,2024,9,0,0,0.0,0,0.0,0.0
D.Adams,LV,2024,1,0,0,0.0,0,0.0,0.0
D.Adams,LV,2024,2,0,0,0.0,0,0.0,0.0
D.Adams,LV,2024,3,0,0,0.0,0,0.0,0.0
D.Adams,NYJ,2024,7,0,0,0.0,0,0.0,0.0
D.Adams,NYJ,2024,8,0,0,0.0,0,0.0,0.0
D.Adams,NYJ,2024,9,0,0,0.0,0,0.0,0.0
D.Adams,NYJ,2024,10,0,0,0.0,0,0.0,0.0
D.Adams,NYJ,2024,11,0,0,0.0,0,0.0,0.0
D.Adams,NYJ,2024,13,0,0,0.0,0,0.0,0.0
D.Adams,NYJ,2024,14,0,0,0.0,0,0.0,0.0
D.Adams,NYJ,2024,15,0,0,0.0,0,0.0,0.0
D.Adams,NYJ,2024,16,0,0,0.0,0,0.0,0.0
D.Adams,NYJ,2024,17,0,0,0.0,0,0.0,0.0
D.Adams,NYJ,2024,18,0,0,0.0,0,0.0,0.0
M.Evans,TB,2024,1,0,0,0.0,0,0.0,0.0
M.Evans,TB,2024,2,0,0,0.0,0,0.0,0.0
M.Evans,TB,2024,3,0,0,0.0,0,0.0,0.0
M.Evans,TB,2024,4,0,0,0.0,0,0.0,0.0
M.Evans,TB,2024,5,0,0,0.0,0,0.0,0.0
M.Evans,TB,2024,6,0,0,0.0,0,0.0,0.0
M.Evans,TB,2024,7,0,0,0.0,0,0.0,0.0
M.Evans,TB,2024,12,0,0,0.0,0,0.0,0.0
M.Evans,TB,2024,13,0,0,0.0,0,0.0,0.0
M.Evans,TB,2024,14,0,0,0.0,0,0.0,0.0
M.Evans,TB,2024,15,0,0,0.0,0,0.0,0.0
M.Evans,TB,2024,16,0,0,0.0,0,0.0,0.0
M.Evans,TB,2024,17,0,0,0.0,0,0.0,0.0
M.Evans,TB,2024,18,0,0,0.0,0,0.0,0.0
M.Evans,TB,2024,19,0,0,0.0,0,0.0,0.0
A.Robinson,DET,2024,6,0,0,0.0,0,0.0,0.0
A.Robinson,DET,2024,8,0,0,0.0,0,0.0,0.0
A.Robinson,DET,2024,9,0,0,0.0,0,0.0,0.0
A.Robinson,DET,2024,11,0,0,0.0,0,0.0,0.0
A.Robinson,DET,2024,15,0,0,0.0,0,0.0,0.0
A.Robinson,DET,2024,17,0,0,0.0,0,0.0,0.0
C.Manhertz,NYG,2024,8,0,0,0.0,0,0.0,0.0
C.Manhertz,NYG,2024,9,0,0,0.0,0,0.0,0.0
C.Manhertz,NYG,2024,17,0,0,0.0,0,0.0,0.0
C.Manhertz,NYG,2024,18,0,0,0.0,0,0.0,0.0
J.Winston,CLE,2024,2,0,0,0.0,0,0.0,0.0
J.Winston,CLE,2024,3,0,0,0.0,0,0.0,0.0
J.Winston,CLE,2024,5,1,1,16.0,0,0.0,0.0
J.Winston,CLE,2024,7,5,11,67.0,1,0.0,1.0
J.Winston,CLE,2024,8,27,41,334.0,3,0.0,2.0
J.Winston,CLE,2024,9,26,46,235.0,1,3.0,6.0
J.Winston,CLE,2024,11,30,46,395.0,2,0.0,3.0
J.Winston,CLE,2024,12,18,27,219.0,0,1.0,1.0
J.Winston,CLE,2024,13,34,58,497.0,4,3.0,3.0
J.Winston,CLE,2024,14,24,41,212.0,2,2.0,3.0
J.Winston,CLE,2024,15,16,25,146.0,0,3.0,5.0
A.Cooper,CLE,2024,1,0,0,0.0,0,0.0,0.0
A.Cooper,CLE,2024,2,0,0,0.0,0,0.0,0.0
A.Cooper,CLE,2024,3,0,0,0.0,0,0.0,0.0
A.Cooper,CLE,2024,4,0,0,0.0,0,0.0,0.0
A.Cooper,CLE,2024,5,0,0,0.0,0,0.0,0.0
A.Cooper,CLE,2024,6,0,0,0.0,0,0.0,0.0
A.Cooper,BUF,2024,7,0,0,0.0,0,0.0,0.0
A.Cooper,BUF,2024,8,0,0,0.0,0,0.0,0.0
A.Cooper,BUF,2024,11,0,0,0.0,0,0.0,0.0
A.Cooper,BUF,2024,13,0,0,0.0,0,0.0,0.0
A.Cooper,BUF,2024,14,0,0,0.0,0,0.0,0.0
A.Cooper,BUF,2024,16,0,0,0.0,0,0.0,0.0
A.Cooper,BUF,2024,17,0,0,0.0,0,0.0,0.0
A.Cooper,BUF,2024,19,0,0,0.0,0,0.0,0.0
A.Cooper,BUF,2024,20,0,0,0.0,0,0.0,0.0
A.Cooper,BUF,2024,21,0,0,0.0,0,0.0,0.0
N.Agholor,BAL,2024,1,0,0,0.0,0,0.0,0.0
N.Agholor,BAL,2024,2,0,0,0.0,0,0.0,0.0
N.Agholor,BAL,2024,3,0,0,0.0,0,0.0,0.0
N.Agholor,BAL,2024,4,0,0,0.0,0,0.0,0.0
N.Agholor,BAL,2024,5,0,0,0.0,0,0.0,0.0
N.Agholor,BAL,2024,6,0,0,0.0,0,0.0,0.0
N.Agholor,BAL,2024,7,0,0,0.0,0,0.0,0.0
N.Agholor,BAL,2024,8,0,0,0.0,0,0.0,0.0
N.Agholor,BAL,2024,9,0,0,0.0,0,0.0,0.0
N.Agholor,BAL,2024,10,0,0,0.0,0,0.0,0.0
N.Agholor,BAL,2024,11,0,0,0.0,0,0.0,0.0
N.Agholor,BAL,2024,13,0,0,0.0,0,0.0,0.0
N.Agholor,BAL,2024,15,0,0,0.0,0,0.0,0.0
N.Agholor,BAL,2024,19,0,0,0.0,0,0.0,0.0
N.Agholor,BAL,2024,20,0,0,0.0,0,0.0,0.0
M.Pruitt,PIT,2024,1,0,0,0.0,0,0.0,0.0
M.Pruitt,PIT,2024,8,0,0,0.0,0,0.0,0.0
M.Pruitt,PIT,2024,10,0,0,0.0,0,0.0,0.0
M.Pruitt,PIT,2024,13,0,0,0.0,0,0.0,0.0
M.Pruitt,PIT,2024,14,0,0,0.0,0,0.0,0.0
M.Pruitt,PIT,2024,16,0,0,0.0,0,0.0,0.0
S.Diggs,HOU,2024,1,0,0,0.0,0,0.0,0.0
S.Diggs,HOU,2024,2,0,0,0.0,0,0.0,0.0
S.Diggs,HOU,2024,3,1,1,13.0,0,0.0,0.0
S.Diggs,HOU,2024,4,0,0,0.0,0,0.0,0.0
S.Diggs,HOU,2024,5,0,0,0.0,0,0.0,0.0
S.Diggs,HOU,2024,6,0,0,0.0,0,0.0,0.0
S.Diggs,HOU,2024,7,0,0,0.0,0,0.0,0.0
S.Diggs,HOU,2024,8,0,0,0.0,0,0.0,0.0
M.Burton,DEN,2024,1,0,0,0.0,0,0.0,0.0
M.Burton,DEN,2024,2,0,0,0.0,0,0.0,0.0
M.Burton,DEN,2024,4,0,0,0.0,0,0.0,0.0
M.Burton,DEN,2024,5,0,0,0.0,0,0.0,0.0
M.Burton,DEN,2024,8,0,0,0.0,0,0.0,0.0
M.Burton,DEN,2024,9,0,0,0.0,0,0.0,0.0
M.Burton,DEN,2024,11,0,0,0.0,0,0.0,0.0
M.Burton,DEN,2024,12,0,0,0.0,0,0.0,0.0
M.Burton,DEN,2024,13,0,0,0.0,0,0.0,0.0
M.Burton,DEN,2024,16,0,0,0.0,0,0.0,0.0
M.Burton,DEN,2024,18,0,0,0.0,0,0.0,0.0
R.Mostert,MIA,2024,1,0,0,0.0,0,0.0,0.0
R.Mostert,MIA,2024,5,0,0,0.0,0,0.0,0.0
R.Mostert,MIA,2024,7,0,0,0.0,0,0.0,0.0
R.Mostert,MIA,2024,8,0,0,0.0,0,0.0,0.0
R.Mostert,MIA,2024,9,0,0,0.0,0,0.0,0.0
R.Mostert,MIA,2024,10,0,0,0.0,0,0.0,0.0
R.Mostert,MIA,2024,11,0,0,0.0,0,0.0,0.0
R.Mostert,MIA,2024,12,0,0,0.0,0,0.0,0.0
R.Mostert,MIA,2024,13,0,0,0.0,0,0.0,0.0
R.Mostert,MIA,2024,15,0,0,0.0,0,0.0,0.0
R.Mostert,MIA,2024,16,0,0,0.0,0,0.0,0.0
R.Mostert,MIA,2024,17,0,0,0.0,0,0.0,0.0
E.Tomlinson,LAC,2024,2,0,0,0.0,0,0.0,0.0
E.Tomlinson,LAC,2024,7,0,0,0.0,0,0.0,0.0
E.Tomlinson,LAC,2024,8,0,0,0.0,0,0.0,0.0
E.Tomlinson,LAC,2024,9,0,0,0.0,0,0.0,0.0
D.Carter,CHI,2024,1,0,0,0.0,0,0.0,0.0
D.Carter,CHI,2024,2,0,0,0.0,0,0.0,0.0
D.Carter,CHI,2024,3,0,0,0.0,0,0.0,0.0
D.Carter,CHI,2024,8,0,0,0.0,0,0.0,0.0
D.Carter,CHI,2024,10,0,0,0.0,0,0.0,0.0
T.Heinicke,LAC,2024,3,2,2,24.0,0,0.0,3.0
T.Heinicke,LAC,2024,14,0,0,0.0,0,0.0,0.0
T.Heinicke,LAC,2024,15,1,1,4.0,0,0.0,0.0
T.Heinicke,LAC,2024,17,0,2,0.0,0,0.0,0.0
J.Crowder,WAS,2024,1,0,0,0.0,0,0.0,0.0
J.Crowder,WAS,2024,15,0,0,0.0,0,0.0,0.0
J.Crowder,WAS,2024,16,0,0,0.0,0,0.0,0.0
J.Crowder,WAS,2024,17,0,0,0.0,0,0.0,0.0
J.Crowder,WAS,2024,20,0,0,0.0,0,0.0,0.0
J.Crowder,WAS,2024,21,0,0,0.0,0,0.0,0.0
A.Abdullah,LV,2024,2,0,0,0.0,0,0.0,0.0
A.Abdullah,LV,2024,3,0,0,0.0,0,0.0,0.0
A.Abdullah,LV,2024,5,0,0,0.0,0,0.0,0.0
A.Abdullah,LV,2024,6,0,0,0.0,0,0.0,0.0
A.Abdullah,LV,2024,8,0,0,0.0,0,0.0,0.0
A.Abdullah,LV,2024,9,0,0,0.0,0,0.0,0.0
A.Abdullah,LV,2024,11,0,0,0.0,0,0.0,0.0
A.Abdullah,LV,2024,12,0,0,0.0,0,0.0,0.0
A.Abdullah,LV,2024,13,0,0,0.0,0,0.0,0.0
A.Abdullah,LV,2024,14,0,0,0.0,0,0.0,0.0
A.Abdullah,LV,2024,15,0,0,0.0,0,0.0,0.0
A.Abdullah,LV,2024,16,0,0,0.0,0,0.0,0.0
A.Abdullah,LV,2024,17,0,0,0.0,0,0.0,0.0
C.Conley,SF,2024,2,0,0,0.0,0,0.0,0.0
C.Conley,SF,2024,4,0,0,0.0,0,0.0,0.0
C.Conley,SF,2024,7,0,0,0.0,0,0.0,0.0
C.Conley,SF,2024,8,0,0,0.0,0,0.0,0.0
C.Conley,SF,2024,12,0,0,0.0,0,0.0,0.0
C.Conley,SF,2024,17,0,0,0.0,0,0.0,0.0
C.Conley,SF,2024,18,0,0,0.0,0,0.0,0.0
G.Swaim,CLE,2024,8,0,0,0.0,0,0.0,0.0
T.Lockett,SEA,2024,1,0,0,0.0,0,0.0,0.0
T.Lockett,SEA,2024,2,0,0,0.0,0,0.0,0.0
T.Lockett,SEA,2024,3,0,0,0.0,0,0.0,0.0
T.Lockett,SEA,2024,4,0,0,0.0,0,0.0,0.0
T.Lockett,SEA,2024,5,0,0,0.0,0,0.0,0.0
T.Lockett,SEA,2024,6,0,0,0.0,0,0.0,0.0
T.Lockett,SEA,2024,7,0,0,0.0,0,0.0,0.0
T.Lockett,SEA,2024,8,0,0,0.0,0,0.0,0.0
T.Lockett,SEA,2024,9,0,0,0.0,0,0.0,0.0
T.Lockett,SEA,2024,11,0,0,0.0,0,0.0,0.0
T.Lockett,SEA,2024,12,0,0,0.0,0,0.0,0.0
T.Lockett,SEA,2024,13,0,0,0.0,0,0.0,0.0
T.Lockett,SEA,2024,14,0,0,0.0,0,0.0,0.0
T.Lockett,SEA,2024,15,0,0,0.0,0,0.0,0.0
T.Lockett,SEA,2024,16,0,0,0.0,0,0.0,0.0
T.Lockett,SEA,2024,17,0,0,0.0,0,0.0,0.0
T.Lockett,SEA,2024,18,0,0,0.0,0,0.0,0.0
M.Mariota,WAS,2024,5,1,3,-2.0,0,0.0,0.0
M.Mariota,WAS,2024,7,18,23,205.0,2,0.0,1.0
M.Mariota,WAS,2024,18,15,18,161.0,2,0.0,2.0
M.Mariota,WAS,2024,19,0,0,0.0,0,0.0,0.0
M.Mariota,WAS,2024,20,0,0,0.0,0,0.0,0.0
T.Decker,DET,2024,6,0,0,0.0,0,0.0,0.0
S.Shepard,TB,2024,4,0,0,0.0,0,0.0,0.0
S.Shepard,TB,2024,5,0,0,0.0,0,0.0,0.0
S.Shepard,TB,2024,6,0,0,0.0,0,0.0,0.0
S.Shepard,TB,2024,7,0,0,0.0,0,0.0,0.0
S.Shepard,TB,2024,8,0,0,0.0,0,0.0,0.0
S.Shepard,TB,2024,9,0,0,0.0,0,0.0,0.0
S.Shepard,TB,2024,10,0,0,0.0,0,0.0,0.0
S.Shepard,TB,2024,12,0,0,0.0,0,0.0,0.0
S.Shepard,TB,2024,13,0,0,0.0,0,0.0,0.0
S.Shepard,TB,2024,14,0,0,0.0,0,0.0,0.0
S.Shepard,TB,2024,15,0,0,0.0,0,0.0,0.0
S.Shepard,TB,2024,16,0,0,0.0,0,0.0,0.0
S.Shepard,TB,2024,18,0,0,0.0,0,0.0,0.0
A.Hooper,NE,2024,1,0,0,0.0,0,0.0,0.0
A.Hooper,NE,2024,2,0,0,0.0,0,0.0,0.0
A.Hooper,NE,2024,3,0,0,0.0,0,0.0,0.0
A.Hooper,NE,2024,4,0,0,0.0,0,0.0,0.0
A.Hooper,NE,2024,5,0,0,0.0,0,0.0,0.0
A.Hooper,NE,2024,6,0,0,0.0,0,0.0,0.0
A.Hooper,NE,2024,7,0,0,0.0,0,0.0,0.0
A.Hooper,NE,2024,8,0,0,0.0,0,0.0,0.0
A.Hooper,NE,2024,9,0,0,0.0,0,0.0,0.0
A.Hooper,NE,2024,10,0,0,0.0,0,0.0,0.0
A.Hooper,NE,2024,11,0,0,0.0,0,0.0,0.0
A.Hooper,NE,2024,12,0,0,0.0,0,0.0,0.0
A.Hooper,NE,2024,13,0,0,0.0,0,0.0,0.0
A.Hooper,NE,2024,15,0,0,0.0,0,0.0,0.0
A.Hooper,NE,2024,16,0,0,0.0,0,0.0,0.0
A.Hooper,NE,2024,17,0,0,0.0,0,0.0,0.0
A.Hooper,NE,2024,18,0,0,0.0,0,0.0,0.0
N.Vannett,TEN,2024,1,0,0,0.0,0,0.0,0.0
N.Vannett,TEN,2024,3,0,0,0.0,0,0.0,0.0
N.Vannett,TEN,2024,7,0,0,0.0,0,0.0,0.0
N.Vannett,TEN,2024,8,0,0,0.0,0,0.0,0.0
N.Vannett,TEN,2024,9,0,0,0.0,0,0.0,0.0
N.Vannett,TEN,2024,11,0,0,0.0,0,0.0,0.0
N.Vannett,TEN,2024,12,0,0,0.0,0,0.0,0.0
N.Vannett,TEN,2024,13,0,0,0.0,0,0.0,0.0
N.Vannett,TEN,2024,14,0,0,0.0,0,0.0,0.0
N.Vannett,TEN,2024,15,0,0,0.0,0,0.0,0.0
N.Vannett,TEN,2024,17,0,0,0.0,0,0.0,0.0
N.Vannett,TEN,2024,18,0,0,0.0,0,0.0,0.0
M.Killebrew,PIT,2024,10,0,1,0.0,0,0.0,0.0
B.Allen,SF,2024,1,0,0,0.0,0,0.0,0.0
B.Allen,SF,2024,12,17,29,199.0,1,1.0,2.0
B.Allen,SF,2024,14,0,1,0.0,0,1.0,0.0
K.Raymond,DET,2024,1,0,0,0.0,0,0.0,0.0
K.Raymond,DET,2024,2,0,0,0.0,0,0.0,0.0
K.Raymond,DET,2024,4,0,0,0.0,0,0.0,0.0
K.Raymond,DET,2024,6,0,0,0.0,0,0.0,0.0
K.Raymond,DET,2024,7,0,0,0.0,0,0.0,0.0
K.Raymond,DET,2024,8,0,0,0.0,0,0.0,0.0
K.Raymond,DET,2024,9,0,0,0.0,0,0.0,0.0
K.Raymond,DET,2024,11,0,0,0.0,0,0.0,0.0
K.Raymond,DET,2024,12,0,0,0.0,0,0.0,0.0
K.Raymond,DET,2024,18,0,0,0.0,0,0.0,0.0
K.Raymond,DET,2024,20,0,0,0.0,0,0.0,0.0
R.Chosen,MIA,2024,2,0,0,0.0,0,0.0,0.0
D.Henry,BAL,2024,1,0,0,0.0,0,0.0,0.0
D.Henry,BAL,2024,2,0,0,0.0,0,0.0,0.0
D.Henry,BAL,2024,3,0,0,0.0,0,0.0,0.0
D.Henry,BAL,2024,4,0,0,0.0,0,0.0,0.0
D.Henry,BAL,2024,5,0,0,0.0,0,0.0,0.0
D.Henry,BAL,2024,6,0,0,0.0,0,0.0,0.0
D.Henry,BAL,2024,7,0,0,0.0,0,0.0,0.0
D.Henry,BAL,2024,8,0,0,0.0,0,0.0,0.0
D.Henry,BAL,2024,9,0,0,0.0,0,0.0,0.0
D.Henry,BAL,2024,10,0,0,0.0,0,0.0,0.0
D.Henry,BAL,2024,11,0,0,0.0,0,0.0,0.0
D.Henry,BAL,2024,12,0,0,0.0,0,0.0,0.0
D.Henry,BAL,2024,13,0,0,0.0,0,0.0,0.0
D.Henry,BAL,2024,15,0,0,0.0,0,0.0,0.0
D.Henry,BAL,2024,16,0,0,0.0,0,0.0,0.0
D.Henry,BAL,2024,17,0,0,0.0,0,0.0,0.0
D.Henry,BAL,2024,18,0,0,0.0,0,0.0,0.0
D.Henry,BAL,2024,19,0,0,0.0,0,0.0,0.0
D.Henry,BAL,2024,20,0,0,0.0,0,0.0,0.0
D.Robinson,LA,2024,1,0,0,0.0,0,0.0,0.0
D.Robinson,LA,2024,2,0,0,0.0,0,0.0,0.0
D.Robinson,LA,2024,3,0,0,0.0,0,0.0,0.0
D.Robinson,LA,2024,4,0,0,0.0,0,0.0,0.0
D.Robinson,LA,2024,5,0,0,0.0,0,0.0,0.0
D.Robinson,LA,2024,7,0,0,0.0,0,0.0,0.0
D.Robinson,LA,2024,8,0,0,0.0,0,0.0,0.0
D.Robinson,LA,2024,9,0,0,0.0,0,0.0,0.0
D.Robinson,LA,2024,10,0,0,0.0,0,0.0,0.0
D.Robinson,LA,2024,11,0,0,0.0,0,0.0,0.0
D.Robinson,LA,2024,12,0,0,0.0,0,0.0,0.0
D.Robinson,LA,2024,13,0,0,0.0,0,0.0,0.0
D.Robinson,LA,2024,14,0,0,0.0,0,0.0,0.0
D.Robinson,LA,2024,15,0,0,0.0,0,0.0,0.0
D.Robinson,LA,2024,16,0,0,0.0,0,0.0,0.0
D.Robinson,LA,2024,17,0,0,0.0,0,0.0,0.0
D.Robinson,LA,2024,18,0,0,0.0,0,0.0,0.0
D.Robinson,LA,2024,19,0,0,0.0,0,0.0,0.0
D.Robinson,LA,2024,20,0,0,0.0,0,0.0,0.0
C.Ham,MIN,2024,1,0,0,0.0,0,0.0,0.0
C.Ham,MIN,2024,5,0,0,0.0,0,0.0,0.0
C.Ham,MIN,2024,12,0,0,0.0,0,0.0,0.0
C.Ham,MIN,2024,16,0,0,0.0,0,0.0,0.0
C.Ham,MIN,2024,17,0,0,0.0,0,0.0,0.0
C.Ham,MIN,2024,19,0,0,0.0,0,0.0,0.0
R.Dixon,DEN,2024,8,1,1,3.0,0,0.0,0.0
R.Dixon,DEN,2024,19,1,1,15.0,0,0.0,0.0
C.Wentz,KC,2024,15,2,2,20.0,0,0.0,0.0
C.Wentz,KC,2024,18,10,17,98.0,0,0.0,4.0
T.Boyd,TEN,2024,1,0,0,0.0,0,0.0,0.0
T.Boyd,TEN,2024,2,0,0,0.0,0,0.0,0.0
T.Boyd,TEN,2024,3,0,0,0.0,0,0.0,0.0
T.Boyd,TEN,2024,4,0,0,0.0,0,0.0,0.0
T.Boyd,TEN,2024,6,0,0,0.0,0,0.0,0.0
T.Boyd,TEN,2024,7,0,0,0.0,0,0.0,0.0
T.Boyd,TEN,2024,8,0,0,0.0,0,0.0,0.0
T.Boyd,TEN,2024,9,0,0,0.0,0,0.0,0.0
T.Boyd,TEN,2024,11,0,0,0.0,0,0.0,0.0
T.Boyd,TEN,2024,12,0,1,0.0,0,0.0,0.0
T.Boyd,TEN,2024,13,0,0,0.0,0,0.0,0.0
T.Boyd,TEN,2024,14,0,0,0.0,0,0.0,0.0
T.Boyd,TEN,2024,15,0,0,0.0,0,0.0,0.0
T.Boyd,TEN,2024,16,0,0,0.0,0,0.0,0.0
T.Boyd,TEN,2024,17,0,0,0.0,0,0.0,0.0
T.Hill,MIA,2024,1,0,0,0.0,0,0.0,0.0
T.Hill,MIA,2024,2,0,0,0.0,0,0.0,0.0
T.Hill,MIA,2024,3,0,0,0.0,0,0.0,0.0
T.Hill,MIA,2024,4,0,0,0.0,0,0.0,0.0
T.Hill,MIA,2024,5,0,0,0.0,0,0.0,0.0
T.Hill,MIA,2024,7,0,0,0.0,0,0.0,0.0
T.Hill,MIA,2024,8,0,0,0.0,0,0.0,0.0
T.Hill,MIA,2024,9,0,0,0.0,0,0.0,0.0
T.Hill,MIA,2024,10,0,0,0.0,0,0.0,0.0
T.Hill,MIA,2024,11,0,0,0.0,0,0.0,0.0
T.Hill,MIA,2024,12,0,0,0.0,0,0.0,0.0
T.Hill,MIA,2024,13,0,0,0.0,0,0.0,0.0
T.Hill,MIA,2024,14,0,0,0.0,0,0.0,0.0
T.Hill,MIA,2024,15,0,0,0.0,0,0.0,0.0
T.Hill,MIA,2024,16,0,0,0.0,0,0.0,0.0
T.Hill,MIA,2024,17,0,0,0.0,0,0.0,0.0
T.Hill,MIA,2024,18,0,0,0.0,0,0.0,0.0
E.Elliott,DAL,2024,1,0,0,0.0,0,0.0,0.0
E.Elliott,DAL,2024,2,0,0,0.0,0,0.0,0.0
E.Elliott,DAL,2024,3,0,0,0.0,0,0.0,0.0
E.Elliott,DAL,2024,4,0,0,0.0,0,0.0,0.0
E.Elliott,DAL,2024,5,0,0,0.0,0,0.0,0.0
E.Elliott,DAL,2024,6,0,0,0.0,0,0.0,0.0
E.Elliott,DAL,2024,8,0,0,0.0,0,0.0,0.0
E.Elliott,DAL,2024,10,0,0,0.0,0,0.0,0.0
E.Elliott,DAL,2024,11,0,0,0.0,0,0.0,0.0
E.Elliott,DAL,2024,12,0,0,0.0,0,0.0,0.0
E.Elliott,DAL,2024,13,0,0,0.0,0,0.0,0.0
E.Elliott,DAL,2024,14,0,0,0.0,0,0.0,0.0
E.Elliott,DAL,2024,15,0,0,0.0,0,0.0,0.0
E.Elliott,DAL,2024,16,0,0,0.0,0,0.0,0.0
E.Elliott,DAL,2024,17,0,0,0.0,0,0.0,0.0
D.Prescott,DAL,2024,1,19,32,179.0,1,0.0,3.0
D.Prescott,DAL,2024,2,27,39,293.0,1,2.0,3.0
D.Prescott,DAL,2024,3,28,51,379.0,2,0.0,3.0
D.Prescott,DAL,2024,4,22,27,221.0,2,0.0,1.0
D.Prescott,DAL,2024,5,29,42,352.0,2,2.0,2.0
D.Prescott,DAL,2024,6,17,33,178.0,0,2.0,4.0
D.Prescott,DAL,2024,8,25,38,243.0,2,2.0,2.0
D.Prescott,DAL,2024,9,18,24,133.0,1,0.0,3.0
H.Henry,NE,2024,1,0,0,0.0,0,0.0,0.0
H.Henry,NE,2024,2,0,0,0.0,0,0.0,0.0
H.Henry,NE,2024,3,0,0,0.0,0,0.0,0.0
H.Henry,NE,2024,4,0,0,0.0,0,0.0,0.0
H.Henry,NE,2024,5,0,0,0.0,0,0.0,0.0
H.Henry,NE,2024,6,0,0,0.0,0,0.0,0.0
H.Henry,NE,2024,7,0,0,0.0,0,0.0,0.0
H.Henry,NE,2024,8,0,0,0.0,0,0.0,0.0
H.Henry,NE,2024,9,0,0,0.0,0,0.0,0.0
H.Henry,NE,2024,10,0,0,0.0,0,0.0,0.0
H.Henry,NE,2024,11,0,0,0.0,0,0.0,0.0
H.Henry,NE,2024,12,0,0,0.0,0,0.0,0.0
H.Henry,NE,2024,13,0,0,0.0,0,0.0,0.0
H.Henry,NE,2024,15,0,0,0.0,0,0.0,0.0
H.Henry,NE,2024,16,0,0,0.0,0,0.0,0.0
H.Henry,NE,2024,17,0,0,0.0,0,0.0,0.0
J.Goff,DET,2024,1,18,28,217.0,1,1.0,2.0
J.Goff,DET,2024,2,34,55,307.0,0,2.0,0.0
J.Goff,DET,2024,3,18,23,199.0,2,1.0,2.0
J.Goff,DET,2024,4,18,18,292.0,2,0.0,3.0
J.Goff,DET,2024,6,18,25,315.0,3,0.0,2.0
J.Goff,DET,2024,7,22,25,280.0,2,0.0,4.0
J.Goff,DET,2024,8,12,15,85.0,3,0.0,4.0
J.Goff,DET,2024,9,18,22,145.0,1,0.0,1.0
J.Goff,DET,2024,10,15,30,240.0,2,5.0,0.0
J.Goff,DET,2024,11,24,29,412.0,4,0.0,0.0
J.Goff,DET,2024,12,26,36,269.0,0,0.0,3.0
J.Goff,DET,2024,13,21,34,221.0,2,0.0,1.0
J.Goff,DET,2024,14,32,41,283.0,3,1.0,1.0
J.Goff,DET,2024,15,38,59,494.0,5,0.0,3.0
J.Goff,DET,2024,16,23,32,336.0,3,0.0,1.0
J.Goff,DET,2024,17,26,34,303.0,3,0.0,2.0
J.Goff,DET,2024,18,27,33,231.0,1,2.0,2.0
J.Goff,DET,2024,20,23,40,313.0,1,3.0,2.0
T.Higbee,LA,2024,16,0,0,0.0,0,0.0,0.0
T.Higbee,LA,2024,17,0,0,0.0,0,0.0,0.0
T.Higbee,LA,2024,18,0,0,0.0,0,0.0,0.0
T.Higbee,LA,2024,19,0,0,0.0,0,0.0,0.0
T.Higbee,LA,2024,20,0,0,0.0,0,0.0,0.0
J.Brissett,NE,2024,1,15,24,121.0,0,0.0,1.0
J.Brissett,NE,2024,2,15,27,149.0,1,0.0,3.0
J.Brissett,NE,2024,3,12,18,98.0,0,0.0,5.0
J.Brissett,NE,2024,4,19,32,168.0,1,1.0,6.0
J.Brissett,NE,2024,5,18,34,160.0,0,0.0,2.0
J.Brissett,NE,2024,8,15,24,132.0,0,0.0,1.0
J.Brissett,NE,2024,17,1,2,-2.0,0,0.0,0.0
M.Alie-Cox,IND,2024,1,0,0,0.0,0,0.0,0.0
M.Alie-Cox,IND,2024,2,0,0,0.0,0,0.0,0.0
M.Alie-Cox,IND,2024,3,0,0,0.0,0,0.0,0.0
M.Alie-Cox,IND,2024,5,0,0,0.0,0,0.0,0.0
M.Alie-Cox,IND,2024,6,0,0,0.0,0,0.0,0.0
M.Alie-Cox,IND,2024,7,0,0,0.0,0,0.0,0.0
M.Alie-Cox,IND,2024,8,0,0,0.0,0,0.0,0.0
M.Alie-Cox,IND,2024,11,0,0,0.0,0,0.0,0.0
M.Alie-Cox,IND,2024,13,0,0,0.0,0,0.0,0.0
M.Alie-Cox,IND,2024,16,0,0,0.0,0,0.0,0.0
M.Alie-Cox,IND,2024,17,0,0,0.0,0,0.0,0.0
M.Alie-Cox,IND,2024,18,0,0,0.0,0,0.0,0.0
J.Mundt,MIN,2024,1,0,0,0.0,0,0.0,0.0
J.Mundt,MIN,2024,2,0,0,0.0,0,0.0,0.0
J.Mundt,MIN,2024,3,0,0,0.0,0,0.0,0.0
J.Mundt,MIN,2024,4,0,0,0.0,0,0.0,0.0
J.Mundt,MIN,2024,5,0,0,0.0,0,0.0,0.0
J.Mundt,MIN,2024,7,0,0,0.0,0,0.0,0.0
J.Mundt,MIN,2024,8,0,0,0.0,0,0.0,0.0
J.Mundt,MIN,2024,9,0,0,0.0,0,0.0,0.0
J.Mundt,MIN,2024,11,0,0,0.0,0,0.0,0.0
J.Mundt,MIN,2024,12,0,0,0.0,0,0.0,0.0
J.Mundt,MIN,2024,13,0,0,0.0,0,0.0,0.0
J.Mundt,MIN,2024,15,0,0,0.0,0,0.0,0.0
J.Mundt,MIN,2024,17,0,0,0.0,0,0.0,0.0
J.Mundt,MIN,2024,19,0,0,0.0,0,0.0,0.0
C.McCaffrey,SF,2024,10,0,0,0.0,0,0.0,0.0
C.McCaffrey,SF,2024,11,0,0,0.0,0,0.0,0.0
C.McCaffrey,SF,2024,12,0,0,0.0,0,0.0,0.0
C.McCaffrey,SF,2024,13,0,0,0.0,0,0.0,0.0
C.Samuel,BUF,2024,1,0,0,0.0,0,0.0,0.0
C.Samuel,BUF,2024,2,0,0,0.0,0,0.0,0.0
C.Samuel,BUF,2024,3,0,0,0.0,0,0.0,0.0
C.Samuel,BUF,2024,4,0,0,0.0,0,0.0,0.0
C.Samuel,BUF,2024,5,0,0,0.0,0,0.0,0.0
C.Samuel,BUF,2024,6,0,0,0.0,0,0.0,0.0
C.Samuel,BUF,2024,7,0,0,0.0,0,0.0,0.0
C.Samuel,BUF,2024,9,0,0,0.0,0,0.0,0.0
C.Samuel,BUF,2024,10,0,0,0.0,0,0.0,0.0
C.Samuel,BUF,2024,11,0,0,0.0,0,0.0,0.0
C.Samuel,BUF,2024,13,0,0,0.0,0,0.0,0.0
C.Samuel,BUF,2024,14,0,0,0.0,0,0.0,0.0
C.Samuel,BUF,2024,15,0,0,0.0,0,0.0,0.0
C.Samuel,BUF,2024,18,0,0,0.0,0,0.0,0.0
C.Samuel,BUF,2024,19,0,0,0.0,0,0.0,0.0
C.Samuel,BUF,2024,20,0,0,0.0,0,0.0,0.0
C.Samuel,BUF,2024,21,0,0,0.0,0,0.0,0.0
G.Kittle,SF,2024,1,0,0,0.0,0,0.0,0.0
G.Kittle,SF,2024,2,0,0,0.0,0,0.0,0.0
G.Kittle,SF,2024,4,0,0,0.0,0,0.0,0.0
G.Kittle,SF,2024,5,0,0,0.0,0,0.0,0.0
G.Kittle,SF,2024,6,0,0,0.0,0,0.0,0.0
G.Kittle,SF,2024,7,0,0,0.0,0,0.0,0.0
G.Kittle,SF,2024,8,0,0,0.0,0,0.0,0.0
G.Kittle,SF,2024,10,0,0,0.0,0,0.0,0.0
G.Kittle,SF,2024,12,0,0,0.0,0,0.0,0.0
G.Kittle,SF,2024,13,0,0,0.0,0,0.0,0.0
G.Kittle,SF,2024,14,0,0,0.0,0,0.0,0.0
G.Kittle,SF,2024,15,0,0,0.0,0,0.0,0.0
G.Kittle,SF,2024,16,0,0,0.0,0,0.0,0.0
G.Kittle,SF,2024,17,0,0,0.0,0,0.0,0.0
G.Kittle,SF,2024,18,0,0,0.0,0,0.0,0.0
T.Taylor,SF,2024,18,0,0,0.0,0,0.0,0.0
A.Jones,MIN,2024,1,0,0,0.0,0,0.0,0.0
A.Jones,MIN,2024,2,0,0,0.0,0,0.0,0.0
A.Jones,MIN,2024,3,0,0,0.0,0,0.0,0.0
A.Jones,MIN,2024,4,0,0,0.0,0,0.0,0.0
A.Jones,MIN,2024,5,0,0,0.0,0,0.0,0.0
A.Jones,MIN,2024,7,0,0,0.0,0,0.0,0.0
A.Jones,MIN,2024,8,0,0,0.0,0,0.0,0.0
A.Jones,MIN,2024,9,0,0,0.0,0,0.0,0.0
A.Jones,MIN,2024,10,0,0,0.0,0,0.0,0.0
A.Jones,MIN,2024,11,0,0,0.0,0,0.0,0.0
A.Jones,MIN,2024,12,0,0,0.0,0,0.0,0.0
A.Jones,MIN,2024,13,0,0,0.0,0,0.0,0.0
A.Jones,MIN,2024,14,0,0,0.0,0,0.0,0.0
A.Jones,MIN,2024,15,0,0,0.0,0,0.0,0.0
A.Jones,MIN,2024,16,0,0,0.0,0,0.0,0.0
A.Jones,MIN,2024,17,0,0,0.0,0,0.0,0.0
A.Jones,MIN,2024,18,0,0,0.0,0,0.0,0.0
A.Jones,MIN,2024,19,0,0,0.0,0,0.0,0.0
K.Bourne,NE,2024,5,0,0,0.0,0,0.0,0.0
K.Bourne,NE,2024,6,0,0,0.0,0,0.0,0.0
K.Bourne,NE,2024,7,0,0,0.0,0,0.0,0.0
K.Bourne,NE,2024,8,0,0,0.0,0,0.0,0.0
K.Bourne,NE,2024,9,0,0,0.0,0,0.0,0.0
K.Bourne,NE,2024,11,0,0,0.0,0,0.0,0.0
K.Bourne,NE,2024,12,0,1,0.0,0,0.0,0.0
K.Bourne,NE,2024,13,0,0,0.0,0,0.0,0.0
K.Bourne,NE,2024,15,0,0,0.0,0,0.0,0.0
K.Bourne,NE,2024,16,0,0,0.0,0,0.0,0.0
K.Bourne,NE,2024,17,0,0,0.0,0,0.0,0.0
K.Bourne,NE,2024,18,0,0,0.0,0,0.0,0.0
N.Mullens,MIN,2024,3,0,0,0.0,0,0.0,0.0
N.Mullens,MIN,2024,5,1,1,24.0,0,0.0,0.0
N.Mullens,MIN,2024,12,1,1,14.0,0,0.0,0.0
N.Mullens,MIN,2024,14,0,0,0.0,0,0.0,0.0
T.Hill,NO,2024,1,0,0,0.0,0,0.0,0.0
T.Hill,NO,2024,2,0,0,0.0,0,0.0,0.0
T.Hill,NO,2024,4,0,0,0.0,0,0.0,0.0
T.Hill,NO,2024,8,1,1,3.0,0,0.0,0.0
T.Hill,NO,2024,9,0,1,0.0,0,0.0,0.0
T.Hill,NO,2024,10,0,0,0.0,0,0.0,0.0
T.Hill,NO,2024,11,1,2,18.0,0,1.0,0.0
T.Hill,NO,2024,13,0,0,0.0,0,0.0,0.0
T.Patrick,DET,2024,2,0,0,0.0,0,0.0,0.0
T.Patrick,DET,2024,3,0,0,0.0,0,0.0,0.0
T.Patrick,DET,2024,4,0,0,0.0,0,0.0,0.0
T.Patrick,DET,2024,6,0,0,0.0,0,0.0,0.0
T.Patrick,DET,2024,7,0,0,0.0,0,0.0,0.0
T.Patrick,DET,2024,8,0,0,0.0,0,0.0,0.0
T.Patrick,DET,2024,9,0,0,0.0,0,0.0,0.0
T.Patrick,DET,2024,11,0,0,0.0,0,0.0,0.0
T.Patrick,DET,2024,12,0,0,0.0,0,0.0,0.0
T.Patrick,DET,2024,13,0,0,0.0,0,0.0,0.0
T.Patrick,DET,2024,14,0,0,0.0,0,0.0,0.0
T.Patrick,DET,2024,15,0,0,0.0,0,0.0,0.0
T.Patrick,DET,2024,16,0,0,0.0,0,0.0,0.0
T.Patrick,DET,2024,17,0,0,0.0,0,0.0,0.0
T.Patrick,DET,2024,18,0,0,0.0,0,0.0,0.0
T.Patrick,DET,2024,20,0,0,0.0,0,0.0,0.0
P.Ricard,BAL,2024,2,0,0,0.0,0,0.0,0.0
P.Ricard,BAL,2024,7,0,0,0.0,0,0.0,0.0
P.Ricard,BAL,2024,9,0,0,0.0,0,0.0,0.0
P.Ricard,BAL,2024,11,0,0,0.0,0,0.0,0.0
P.Ricard,BAL,2024,18,0,0,0.0,0,0.0,0.0
P.Brown,SEA,2024,3,0,0,0.0,0,0.0,0.0
P.Brown,SEA,2024,4,0,0,0.0,0,0.0,0.0
P.Brown,SEA,2024,5,0,0,0.0,0,0.0,0.0
P.Brown,SEA,2024,12,0,0,0.0,0,0.0,0.0
P.Brown,SEA,2024,13,0,0,0.0,0,0.0,0.0
P.Brown,SEA,2024,14,0,0,0.0,0,0.0,0.0
P.Brown,SEA,2024,16,0,0,0.0,0,0.0,0.0
P.Brown,SEA,2024,17,0,0,0.0,0,0.0,0.0
J.Ross,PHI,2024,4,0,0,0.0,0,0.0,0.0
S.Perine,KC,2024,1,0,0,0.0,0,0.0,0.0
S.Perine,KC,2024,2,0,0,0.0,0,0.0,0.0
S.Perine,KC,2024,3,0,0,0.0,0,0.0,0.0
S.Perine,KC,2024,4,0,0,0.0,0,0.0,0.0
S.Perine,KC,2024,5,0,0,0.0,0,0.0,0.0
S.Perine,KC,2024,7,0,0,0.0,0,0.0,0.0
S.Perine,KC,2024,8,0,0,0.0,0,0.0,0.0
S.Perine,KC,2024,9,0,0,0.0,0,0.0,0.0
S.Perine,KC,2024,10,0,0,0.0,0,0.0,0.0
S.Perine,KC,2024,11,0,0,0.0,0,0.0,0.0
S.Perine,KC,2024,12,0,0,0.0,0,0.0,0.0
S.Perine,KC,2024,13,0,0,0.0,0,0.0,0.0
S.Perine,KC,2024,14,0,0,0.0,0,0.0,0.0
S.Perine,KC,2024,15,0,0,0.0,0,0.0,0.0
S.Perine,KC,2024,16,0,0,0.0,0,0.0,0.0
S.Perine,KC,2024,17,0,0,0.0,0,0.0,0.0
S.Perine,KC,2024,18,0,0,0.0,0,0.0,0.0
S.Perine,KC,2024,20,0,0,0.0,0,0.0,0.0
S.Perine,KC,2024,21,0,0,0.0,0,0.0,0.0
S.Perine,KC,2024,22,0,0,0.0,0,0.0,0.0
M.Williams,NYJ,2024,2,0,0,0.0,0,0.0,0.0
M.Williams,NYJ,2024,3,0,0,0.0,0,0.0,0.0
M.Williams,NYJ,2024,4,0,0,0.0,0,0.0,0.0
M.Williams,NYJ,2024,5,0,0,0.0,0,0.0,0.0
M.Williams,NYJ,2024,6,0,0,0.0,0,0.0,0.0
M.Williams,NYJ,2024,7,0,0,0.0,0,0.0,0.0
M.Williams,NYJ,2024,9,0,0,0.0,0,0.0,0.0
M.Williams,PIT,2024,10,0,0,0.0,0,0.0,0.0
M.Williams,PIT,2024,14,0,0,0.0,0,0.0,0.0
M.Williams,PIT,2024,15,0,0,0.0,0,0.0,0.0
M.Williams,PIT,2024,16,0,0,0.0,0,0.0,0.0
M.Williams,PIT,2024,17,0,0,0.0,0,0.0,0.0
M.Williams,PIT,2024,18,0,0,0.0,0,0.0,0.0
M.Williams,PIT,2024,19,0,0,0.0,0,0.0,0.0
D.Watson,CLE,2024,1,24,45,169.0,1,2.0,6.0
D.Watson,CLE,2024,2,22,34,186.0,0,0.0,2.0
D.Watson,CLE,2024,3,21,37,196.0,2,0.0,8.0
D.Watson,CLE,2024,4,24,32,176.0,1,1.0,3.0
D.Watson,CLE,2024,5,15,28,125.0,1,0.0,7.0
D.Watson,CLE,2024,6,16,23,168.0,0,0.0,5.0
D.Watson,CLE,2024,7,15,17,128.0,0,0.0,2.0
J.Conner,ARI,2024,1,0,0,0.0,0,0.0,0.0
J.Conner,ARI,2024,2,0,0,0.0,0,0.0,0.0
J.Conner,ARI,2024,3,0,0,0.0,0,0.0,0.0
J.Conner,ARI,2024,4,0,0,0.0,0,0.0,0.0
J.Conner,ARI,2024,5,0,0,0.0,0,0.0,0.0
J.Conner,ARI,2024,6,0,0,0.0,0,0.0,0.0
J.Conner,ARI,2024,7,0,0,0.0,0,0.0,0.0
J.Conner,ARI,2024,8,0,0,0.0,0,0.0,0.0
J.Conner,ARI,2024,9,0,0,0.0,0,0.0,0.0
J.Conner,ARI,2024,10,0,0,0.0,0,0.0,0.0
J.Conner,ARI,2024,12,0,0,0.0,0,0.0,0.0
J.Conner,ARI,2024,13,0,0,0.0,0,0.0,0.0
J.Conner,ARI,2024,14,0,0,0.0,0,0.0,0.0
J.Conner,ARI,2024,15,0,0,0.0,0,0.0,0.0
J.Conner,ARI,2024,16,0,0,0.0,0,0.0,0.0
J.Conner,ARI,2024,17,0,0,0.0,0,0.0,0.0
M.Hollins,BUF,2024,1,0,0,0.0,0,0.0,0.0
M.Hollins,BUF,2024,2,0,0,0.0,0,0.0,0.0
M.Hollins,BUF,2024,3,0,0,0.0,0,0.0,0.0
M.Hollins,BUF,2024,4,0,0,0.0,0,0.0,0.0
M.Hollins,BUF,2024,5,0,0,0.0,0,0.0,0.0
M.Hollins,BUF,2024,6,0,0,0.0,0,0.0,0.0
M.Hollins,BUF,2024,7,0,0,0.0,0,0.0,0.0
M.Hollins,BUF,2024,9,0,0,0.0,0,0.0,0.0
M.Hollins,BUF,2024,10,0,0,0.0,0,0.0,0.0
M.Hollins,BUF,2024,11,0,0,0.0,0,0.0,0.0
M.Hollins,BUF,2024,13,0,0,0.0,0,0.0,0.0
M.Hollins,BUF,2024,14,0,0,0.0,0,0.0,0.0
M.Hollins,BUF,2024,15,0,0,0.0,0,0.0,0.0
M.Hollins,BUF,2024,16,0,0,0.0,0,0.0,0.0
M.Hollins,BUF,2024,17,0,0,0.0,0,0.0,0.0
M.Hollins,BUF,2024,18,0,0,0.0,0,0.0,0.0
M.Hollins,BUF,2024,19,0,0,0.0,0,0.0,0.0
M.Hollins,BUF,2024,20,0,0,0.0,0,0.0,0.0
M.Hollins,BUF,2024,21,0,0,0.0,0,0.0,0.0
J.Reeves-Maybin,DET,2024,7,0,0,0.0,0,0.0,0.0
E.Saubert,SF,2024,1,0,0,0.0,0,0.0,0.0
E.Saubert,SF,2024,2,0,0,0.0,0,0.0,0.0
E.Saubert,SF,2024,3,0,0,0.0,0,0.0,0.0
E.Saubert,SF,2024,11,0,0,0.0,0,0.0,0.0
E.Saubert,SF,2024,12,0,0,0.0,0,0.0,0.0
E.Saubert,SF,2024,14,0,0,0.0,0,0.0,0.0
E.Saubert,SF,2024,16,0,0,0.0,0,0.0,0.0
E.Saubert,SF,2024,18,0,0,0.0,0,0.0,0.0
D.Moore,CAR,2024,1,0,0,0.0,0,0.0,0.0
D.Moore,CAR,2024,2,0,0,0.0,0,0.0,0.0
D.Moore,CAR,2024,5,0,0,0.0,0,0.0,0.0
D.Moore,CAR,2024,6,0,0,0.0,0,0.0,0.0
D.Moore,CAR,2024,8,0,0,0.0,0,0.0,0.0
D.Moore,CAR,2024,9,0,0,0.0,0,0.0,0.0
D.Moore,CAR,2024,10,0,0,0.0,0,0.0,0.0
D.Moore,CAR,2024,12,0,0,0.0,0,0.0,0.0
D.Moore,CAR,2024,13,0,0,0.0,0,0.0,0.0
D.Moore,CAR,2024,14,0,0,0.0,0,0.0,0.0
D.Moore,CAR,2024,15,0,0,0.0,0,0.0,0.0
D.Moore,CAR,2024,16,0,0,0.0,0,0.0,0.0
D.Moore,CAR,2024,17,0,0,0.0,0,0.0,0.0
D.Moore,CAR,2024,18,0,0,0.0,0,0.0,0.0
N.Brown,WAS,2024,2,0,0,0.0,0,0.0,0.0
N.Brown,WAS,2024,3,0,0,0.0,0,0.0,0.0
N.Brown,WAS,2024,4,0,0,0.0,0,0.0,0.0
N.Brown,WAS,2024,6,0,0,0.0,0,0.0,0.0
N.Brown,WAS,2024,7,0,0,0.0,0,0.0,0.0
N.Brown,WAS,2024,8,0,0,0.0,0,0.0,0.0
N.Brown,WAS,2024,9,0,0,0.0,0,0.0,0.0
N.Brown,WAS,2024,10,0,0,0.0,0,0.0,0.0
N.Brown,WAS,2024,11,0,0,0.0,0,0.0,0.0
N.Brown,WAS,2024,12,0,0,0.0,0,0.0,0.0
N.Brown,WAS,2024,13,0,0,0.0,0,0.0,0.0
C.Rush,DAL,2024,1,0,0,0.0,0,0.0,0.0
C.Rush,DAL,2024,2,1,3,6.0,0,0.0,0.0
C.Rush,DAL,2024,6,8,11,46.0,0,1.0,0.0
C.Rush,DAL,2024,9,13,25,115.0,1,0.0,0.0
C.Rush,DAL,2024,10,13,23,45.0,0,0.0,1.0
C.Rush,DAL,2024,11,32,55,354.0,1,1.0,5.0
C.Rush,DAL,2024,12,24,32,247.0,2,0.0,1.0
C.Rush,DAL,2024,13,21,36,195.0,1,0.0,0.0
C.Rush,DAL,2024,14,16,31,183.0,2,1.0,3.0
C.Rush,DAL,2024,15,18,29,214.0,3,0.0,1.0
C.Rush,DAL,2024,16,26,35,292.0,1,0.0,1.0
C.Rush,DAL,2024,17,15,28,147.0,1,2.0,1.0
A.Ekeler,WAS,2024,1,0,0,0.0,0,0.0,0.0
A.Ekeler,WAS,2024,2,0,0,0.0,0,0.0,0.0
A.Ekeler,WAS,2024,3,0,0,0.0,0,0.0,0.0
A.Ekeler,WAS,2024,5,0,0,0.0,0,0.0,0.0
A.Ekeler,WAS,2024,6,0,0,0.0,0,0.0,0.0
A.Ekeler,WAS,2024,7,0,0,0.0,0,0.0,0.0
A.Ekeler,WAS,2024,8,0,0,0.0,0,0.0,0.0
A.Ekeler,WAS,2024,9,0,0,0.0,0,0.0,0.0
A.Ekeler,WAS,2024,10,0,0,0.0,0,0.0,0.0
A.Ekeler,WAS,2024,11,0,0,0.0,0,0.0,0.0
A.Ekeler,WAS,2024,12,0,0,0.0,0,0.0,0.0
A.Ekeler,WAS,2024,18,0,0,0.0,0,0.0,0.0
A.Ekeler,WAS,2024,19,0,0,0.0,0,0.0,0.0
A.Ekeler,WAS,2024,20,0,0,0.0,0,0.0,0.0
A.Ekeler,WAS,2024,21,0,0,0.0,0,0.0,0.0
D.Ogunbowale,HOU,2024,1,0,0,0.0,0,0.0,0.0
D.Ogunbowale,HOU,2024,2,0,0,0.0,0,0.0,0.0
D.Ogunbowale,HOU,2024,3,0,0,0.0,0,0.0,0.0
D.Ogunbowale,HOU,2024,4,0,0,0.0,0,0.0,0.0
D.Ogunbowale,HOU,2024,5,0,0,0.0,0,0.0,0.0
D.Ogunbowale,HOU,2024,6,0,0,0.0,0,0.0,0.0
D.Ogunbowale,HOU,2024,7,0,0,0.0,0,0.0,0.0
D.Ogunbowale,HOU,2024,8,0,0,0.0,0,0.0,0.0
D.Ogunbowale,HOU,2024,9,0,0,0.0,0,0.0,0.0
D.Ogunbowale,HOU,2024,10,0,0,0.0,0,0.0,0.0
D.Ogunbowale,HOU,2024,11,0,0,0.0,0,0.0,0.0
D.Ogunbowale,HOU,2024,15,0,0,0.0,0,0.0,0.0
D.Ogunbowale,HOU,2024,16,0,0,0.0,0,0.0,0.0
D.Ogunbowale,HOU,2024,17,0,0,0.0,0,0.0,0.0
D.Ogunbowale,HOU,2024,18,0,0,0.0,0,0.0,0.0
D.Ogunbowale,HOU,2024,19,0,0,0.0,0,0.0,0.0
D.Ogunbowale,HOU,2024,20,0,0,0.0,0,0.0,0.0
J.Smith-Schuster,KC,2024,1,0,0,0.0,0,0.0,0.0
J.Smith-Schuster,KC,2024,3,0,0,0.0,0,0.0,0.0
J.Smith-Schuster,KC,2024,5,0,0,0.0,0,0.0,0.0
J.Smith-Schuster,KC,2024,11,0,0,0.0,0,0.0,0.0
J.Smith-Schuster,KC,2024,12,0,0,0.0,0,0.0,0.0
J.Smith-Schuster,KC,2024,13,0,0,0.0,0,0.0,0.0
J.Smith-Schuster,KC,2024,14,0,0,0.0,0,0.0,0.0
J.Smith-Schuster,KC,2024,15,0,0,0.0,0,0.0,0.0
J.Smith-Schuster,KC,2024,16,0,0,0.0,0,0.0,0.0
J.Smith-Schuster,KC,2024,17,0,0,0.0,0,0.0,0.0
J.Smith-Schuster,KC,2024,18,0,0,0.0,0,0.0,0.0
J.Smith-Schuster,KC,2024,20,0,0,0.0,0,0.0,0.0
J.Smith-Schuster,KC,2024,21,0,0,0.0,0,0.0,0.0
J.Smith-Schuster,KC,2024,22,0,0,0.0,0,0.0,0.0
J.Smith,MIA,2024,1,0,0,0.0,0,0.0,0.0
J.Smith,MIA,2024,2,0,0,0.0,0,0.0,0.0
J.Smith,MIA,2024,3,0,0,0.0,0,0.0,0.0
J.Smith,MIA,2024,4,0,0,0.0,0,0.0,0.0
J.Smith,MIA,2024,5,0,0,0.0,0,0.0,0.0
J.Smith,MIA,2024,7,0,0,0.0,0,0.0,0.0
J.Smith,MIA,2024,8,0,0,0.0,0,0.0,0.0
J.Smith,MIA,2024,9,0,0,0.0,0,0.0,0.0
J.Smith,MIA,2024,10,0,0,0.0,0,0.0,0.0
J.Smith,MIA,2024,11,0,0,0.0,0,0.0,0.0
J.Smith,MIA,2024,12,0,0,0.0,0,0.0,0.0
J.Smith,MIA,2024,13,0,0,0.0,0,0.0,0.0
J.Smith,MIA,2024,14,0,0,0.0,0,0.0,0.0
J.Smith,MIA,2024,15,0,0,0.0,0,0.0,0.0
J.Smith,MIA,2024,16,0,0,0.0,0,0.0,0.0
J.Smith,MIA,2024,17,0,0,0.0,0,0.0,0.0
J.Smith,MIA,2024,18,0,0,0.0,0,0.0,0.0
D.Skipper,DET,2024,15,0,0,0.0,0,0.0,0.0
M.Trubisky,BUF,2024,2,0,0,0.0,0,0.0,0.0
M.Trubisky,BUF,2024,3,1,1,3.0,0,0.0,0.0
M.Trubisky,BUF,2024,4,1,2,2.0,0,0.0,0.0
M.Trubisky,BUF,2024,8,0,0,0.0,0,0.0,0.0
M.Trubisky,BUF,2024,10,0,0,0.0,0,0.0,0.0
M.Trubisky,BUF,2024,13,1,1,4.0,0,0.0,0.0
M.Trubisky,BUF,2024,17,1,1,69.0,1,0.0,0.0
M.Trubisky,BUF,2024,18,15,21,101.0,1,0.0,0.0
M.Trubisky,BUF,2024,19,0,0,0.0,0,0.0,0.0
P.Mahomes,KC,2024,1,20,28,291.0,1,1.0,2.0
P.Mahomes,KC,2024,2,18,25,151.0,2,2.0,2.0
P.Mahomes,KC,2024,3,26,39,217.0,2,1.0,0.0
P.Mahomes,KC,2024,4,19,29,245.0,1,1.0,3.0
P.Mahomes,KC,2024,5,28,39,331.0,0,1.0,2.0
P.Mahomes,KC,2024,7,16,27,154.0,0,2.0,2.0
P.Mahomes,KC,2024,8,27,38,262.0,2,1.0,1.0
P.Mahomes,KC,2024,9,34,44,291.0,3,0.0,4.0
P.Mahomes,KC,2024,10,28,42,266.0,1,0.0,4.0
P.Mahomes,KC,2024,11,23,33,196.0,3,2.0,2.0
P.Mahomes,KC,2024,12,27,37,269.0,3,0.0,5.0
P.Mahomes,KC,2024,13,26,46,306.0,1,0.0,5.0
P.Mahomes,KC,2024,14,24,37,210.0,1,0.0,3.0
P.Mahomes,KC,2024,15,19,38,159.0,2,0.0,0.0
P.Mahomes,KC,2024,16,28,41,260.0,1,0.0,1.0
P.Mahomes,KC,2024,17,29,38,320.0,3,0.0,0.0
P.Mahomes,KC,2024,20,16,25,177.0,1,0.0,3.0
P.Mahomes,KC,2024,21,18,26,245.0,1,0.0,2.0
P.Mahomes,KC,2024,22,21,32,257.0,3,2.0,6.0
E.Engram,JAX,2024,1,0,0,0.0,0,0.0,0.0
E.Engram,JAX,2024,6,0,0,0.0,0,0.0,0.0
E.Engram,JAX,2024,7,0,0,0.0,0,0.0,0.0
E.Engram,JAX,2024,8,0,0,0.0,0,0.0,0.0
E.Engram,JAX,2024,9,0,0,0.0,0,0.0,0.0
E.Engram,JAX,2024,10,0,0,0.0,0,0.0,0.0
E.Engram,JAX,2024,11,0,0,0.0,0,0.0,0.0
E.Engram,JAX,2024,13,0,0,0.0,0,0.0,0.0
E.Engram,JAX,2024,14,0,0,0.0,0,0.0,0.0
D.Njoku,CLE,2024,1,0,0,0.0,0,0.0,0.0
D.Njoku,CLE,2024,5,0,0,0.0,0,0.0,0.0
D.Njoku,CLE,2024,6,0,0,0.0,0,0.0,0.0
D.Njoku,CLE,2024,7,0,0,0.0,0,0.0,0.0
D.Njoku,CLE,2024,8,0,0,0.0,0,0.0,0.0
D.Njoku,CLE,2024,9,0,0,0.0,0,0.0,0.0
D.Njoku,CLE,2024,11,0,0,0.0,0,0.0,0.0
D.Njoku,CLE,2024,12,0,0,0.0,0,0.0,0.0
D.Njoku,CLE,2024,13,0,0,0.0,0,0.0,0.0
D.Njoku,CLE,2024,14,0,0,0.0,0,0.0,0.0
D.Njoku,CLE,2024,16,0,0,0.0,0,0.0,0.0
Z.Jones,ARI,2024,7,0,0,0.0,0,0.0,0.0
Z.Jones,ARI,2024,8,0,0,0.0,0,0.0,0.0
Z.Jones,ARI,2024,14,0,0,0.0,0,0.0,0.0
Z.Jones,ARI,2024,15,0,0,0.0,0,0.0,0.0
Z.Jones,ARI,2024,17,0,0,0.0,0,0.0,0.0
Z.Jones,ARI,2024,18,0,0,0.0,0,0.0,0.0
D.Cook,DAL,2024,8,0,0,0.0,0,0.0,0.0
D.Cook,DAL,2024,9,0,0,0.0,0,0.0,0.0
G.Everett,CHI,2024,1,0,0,0.0,0,0.0,0.0
G.Everett,CHI,2024,2,0,0,0.0,0,0.0,0.0
G.Everett,CHI,2024,3,0,0,0.0,0,0.0,0.0
G.Everett,CHI,2024,5,0,0,0.0,0,0.0,0.0
G.Everett,CHI,2024,6,0,0,0.0,0,0.0,0.0
G.Everett,CHI,2024,8,0,0,0.0,0,0.0,0.0
G.Everett,CHI,2024,9,0,0,0.0,0,0.0,0.0
G.Everett,CHI,2024,16,0,0,0.0,0,0.0,0.0
G.Everett,CHI,2024,17,0,0,0.0,0,0.0,0.0
J.Mixon,HOU,2024,1,0,0,0.0,0,0.0,0.0
J.Mixon,HOU,2024,2,0,0,0.0,0,0.0,0.0
J.Mixon,HOU,2024,6,0,0,0.0,0,0.0,0.0
J.Mixon,HOU,2024,7,0,0,0.0,0,0.0,0.0
J.Mixon,HOU,2024,8,0,0,0.0,0,0.0,0.0
J.Mixon,HOU,2024,9,0,1,0.0,0,0.0,0.0
J.Mixon,HOU,2024,10,0,0,0.0,0,0.0,0.0
J.Mixon,HOU,2024,11,0,0,0.0,0,0.0,0.0
J.Mixon,HOU,2024,12,0,0,0.0,0,0.0,0.0
J.Mixon,HOU,2024,13,0,0,0.0,0,0.0,0.0
J.Mixon,HOU,2024,15,0,0,0.0,0,0.0,0.0
J.Mixon,HOU,2024,16,0,0,0.0,0,0.0,0.0
J.Mixon,HOU,2024,17,0,0,0.0,0,0.0,0.0
J.Mixon,HOU,2024,18,0,0,0.0,0,0.0,0.0
J.Mixon,HOU,2024,19,0,0,0.0,0,0.0,0.0
J.Mixon,HOU,2024,20,0,0,0.0,0,0.0,0.0
A.Kamara,NO,2024,1,0,0,0.0,0,0.0,0.0
A.Kamara,NO,2024,2,0,0,0.0,0,0.0,0.0
A.Kamara,NO,2024,3,0,0,0.0,0,0.0,0.0
A.Kamara,NO,2024,4,0,0,0.0,0,0.0,0.0
A.Kamara,NO,2024,5,0,0,0.0,0,0.0,0.0
A.Kamara,NO,2024,6,0,0,0.0,0,0.0,0.0
A.Kamara,NO,2024,7,0,0,0.0,0,0.0,0.0
A.Kamara,NO,2024,8,0,0,0.0,0,0.0,0.0
A.Kamara,NO,2024,9,0,0,0.0,0,0.0,0.0
A.Kamara,NO,2024,10,0,0,0.0,0,0.0,0.0
A.Kamara,NO,2024,11,0,0,0.0,0,0.0,0.0
A.Kamara,NO,2024,13,0,0,0.0,0,0.0,0.0
A.Kamara,NO,2024,14,0,0,0.0,0,0.0,0.0
A.Kamara,NO,2024,15,0,0,0.0,0,0.0,0.0
C.Kupp,LA,2024,1,0,0,0.0,0,0.0,0.0
C.Kupp,LA,2024,2,0,0,0.0,0,0.0,0.0
C.Kupp,LA,2024,8,0,0,0.0,0,0.0,0.0
C.Kupp,LA,2024,9,0,0,0.0,0,0.0,0.0
C.Kupp,LA,2024,10,0,0,0.0,0,0.0,0.0
C.Kupp,LA,2024,11,0,0,0.0,0,0.0,0.0
C.Kupp,LA,2024,12,0,0,0.0,0,0.0,0.0
C.Kupp,LA,2024,13,0,0,0.0,0,0.0,0.0
C.Kupp,LA,2024,14,0,0,0.0,0,0.0,0.0
C.Kupp,LA,2024,15,0,0,0.0,0,0.0,0.0
C.Kupp,LA,2024,16,0,0,0.0,0,0.0,0.0
C.Kupp,LA,2024,17,0,0,0.0,0,0.0,0.0
C.Kupp,LA,2024,19,0,0,0.0,0,0.0,0.0
C.Kupp,LA,2024,20,0,0,0.0,0,0.0,0.0
C.Godwin,TB,2024,1,0,0,0.0,0,0.0,0.0
C.Godwin,TB,2024,2,0,0,0.0,0,0.0,0.0
C.Godwin,TB,2024,3,0,0,0.0,0,0.0,0.0
C.Godwin,TB,2024,4,0,0,0.0,0,0.0,0.0
C.Godwin,TB,2024,5,0,0,0.0,0,0.0,0.0
C.Godwin,TB,2024,6,0,0,0.0,0,0.0,0.0
C.Godwin,TB,2024,7,0,0,0.0,0,0.0,0.0
K.Hunt,KC,2024,4,0,0,0.0,0,0.0,0.0
K.Hunt,KC,2024,5,0,0,0.0,0,0.0,0.0
K.Hunt,KC,2024,7,0,0,0.0,0,0.0,0.0
K.Hunt,KC,2024,8,0,0,0.0,0,0.0,0.0
K.Hunt,KC,2024,9,0,0,0.0,0,0.0,0.0
K.Hunt,KC,2024,10,0,0,0.0,0,0.0,0.0
K.Hunt,KC,2024,11,0,0,0.0,0,0.0,0.0
K.Hunt,KC,2024,12,0,0,0.0,0,0.0,0.0
K.Hunt,KC,2024,13,0,0,0.0,0,0.0,0.0
K.Hunt,KC,2024,14,0,0,0.0,0,0.0,0.0
K.Hunt,KC,2024,15,0,0,0.0,0,0.0,0.0
K.Hunt,KC,2024,16,0,0,0.0,0,0.0,0.0
K.Hunt,KC,2024,17,0,0,0.0,0,0.0,0.0
K.Hunt,KC,2024,20,0,0,0.0,0,0.0,0.0
K.Hunt,KC,2024,21,0,0,0.0,0,0.0,0.0
K.Hunt,KC,2024,22,0,0,0.0,0,0.0,0.0
D.Foreman,CLE,2024,2,0,0,0.0,0,0.0,0.0
D.Foreman,CLE,2024,3,0,0,0.0,0,0.0,0.0
D.Foreman,CLE,2024,4,0,0,0.0,0,0.0,0.0
D.Foreman,CLE,2024,5,0,0,0.0,0,0.0,0.0
D.Foreman,CLE,2024,6,0,0,0.0,0,0.0,0.0
D.Foreman,CLE,2024,7,0,0,0.0,0,0.0,0.0
D.Foreman,CLE,2024,8,0,0,0.0,0,0.0,0.0
D.Foreman,CLE,2024,16,0,0,0.0,0,0.0,0.0
D.Foreman,CLE,2024,17,0,0,0.0,0,0.0,0.0
D.Foreman,CLE,2024,18,0,0,0.0,0,0.0,0.0
J.Reynolds,DEN,2024,1,0,0,0.0,0,0.0,0.0
J.Reynolds,DEN,2024,2,0,0,0.0,0,0.0,0.0
J.Reynolds,DEN,2024,3,0,0,0.0,0,0.0,0.0
J.Reynolds,DEN,2024,4,0,0,0.0,0,0.0,0.0
J.Reynolds,DEN,2024,5,0,0,0.0,0,0.0,0.0
J.Reynolds,JAX,2024,15,0,0,0.0,0,0.0,0.0
J.Reynolds,JAX,2024,16,0,0,0.0,0,0.0,0.0
J.Reynolds,JAX,2024,18,0,0,0.0,0,0.0,0.0
J.Williams,NO,2024,1,0,0,0.0,0,0.0,0.0
J.Williams,NO,2024,2,0,0,0.0,0,0.0,0.0
J.Williams,NO,2024,3,0,0,0.0,0,0.0,0.0
J.Williams,NO,2024,4,0,0,0.0,0,0.0,0.0
J.Williams,NO,2024,5,0,0,0.0,0,0.0,0.0
J.Williams,NO,2024,6,0,0,0.0,0,0.0,0.0
J.Williams,NO,2024,7,0,0,0.0,0,0.0,0.0
J.Williams,NO,2024,8,0,0,0.0,0,0.0,0.0
J.Williams,NO,2024,13,0,0,0.0,0,0.0,0.0
J.Williams,NO,2024,14,0,0,0.0,0,0.0,0.0
J.Williams,NO,2024,16,0,0,0.0,0,0.0,0.0
J.Williams,NO,2024,17,0,0,0.0,0,0.0,0.0
J.Williams,NO,2024,18,0,0,0.0,0,0.0,0.0
J.Dobbs,SF,2024,17,3,4,35.0,0,0.0,0.0
J.Dobbs,SF,2024,18,29,43,326.0,2,2.0,2.0
J.McNichols,WAS,2024,3,0,0,0.0,0,0.0,0.0
J.McNichols,WAS,2024,4,0,0,0.0,0,0.0,0.0
J.McNichols,WAS,2024,5,0,0,0.0,0,0.0,0.0
J.McNichols,WAS,2024,6,0,0,0.0,0,0.0,0.0
J.McNichols,WAS,2024,7,0,0,0.0,0,0.0,0.0
J.McNichols,WAS,2024,8,0,0,0.0,0,0.0,0.0
J.McNichols,WAS,2024,9,0,0,0.0,0,0.0,0.0
J.McNichols,WAS,2024,10,0,0,0.0,0,0.0,0.0
J.McNichols,WAS,2024,11,0,0,0.0,0,0.0,0.0
J.McNichols,WAS,2024,12,0,0,0.0,0,0.0,0.0
J.McNichols,WAS,2024,13,0,0,0.0,0,0.0,0.0
J.McNichols,WAS,2024,15,0,0,0.0,0,0.0,0.0
J.McNichols,WAS,2024,16,0,0,0.0,0,0.0,0.0
J.McNichols,WAS,2024,17,0,0,0.0,0,0.0,0.0
J.McNichols,WAS,2024,19,0,0,0.0,0,0.0,0.0
J.McNichols,WAS,2024,20,0,0,0.0,0,0.0,0.0
R.Cracraft,MIA,2024,15,0,0,0.0,0,0.0,0.0
R.Cracraft,MIA,2024,16,0,0,0.0,0,0.0,0.0
R.Cracraft,MIA,2024,17,0,0,0.0,0,0.0,0.0
R.Cracraft,MIA,2024,18,0,0,0.0,0,0.0,0.0
R.Dwelley,ATL,2024,11,0,0,0.0,0,0.0,0.0
J.Wilson,MIA,2024,1,0,0,0.0,0,0.0,0.0
J.Wilson,MIA,2024,2,0,0,0.0,0,0.0,0.0
J.Wilson,MIA,2024,3,0,0,0.0,0,0.0,0.0
J.Wilson,MIA,2024,14,0,0,0.0,0,0.0,0.0
J.Wilson,MIA,2024,16,0,0,0.0,0,0.0,0.0
J.Wilson,MIA,2024,17,0,0,0.0,0,0.0,0.0
J.Wilson,MIA,2024,18,0,0,0.0,0,0.0,0.0
W.Dissly,LAC,2024,1,0,0,0.0,0,0.0,0.0
W.Dissly,LAC,2024,2,0,0,0.0,0,0.0,0.0
W.Dissly,LAC,2024,3,0,0,0.0,0,0.0,0.0
W.Dissly,LAC,2024,4,0,0,0.0,0,0.0,0.0
W.Dissly,LAC,2024,6,0,0,0.0,0,0.0,0.0
W.Dissly,LAC,2024,7,0,0,0.0,0,0.0,0.0
W.Dissly,LAC,2024,8,0,0,0.0,0,0.0,0.0
W.Dissly,LAC,2024,9,0,0,0.0,0,0.0,0.0
W.Dissly,LAC,2024,10,0,0,0.0,0,0.0,0.0
W.Dissly,LAC,2024,11,0,0,0.0,0,0.0,0.0
W.Dissly,LAC,2024,12,0,0,0.0,0,0.0,0.0
W.Dissly,LAC,2024,13,0,0,0.0,0,0.0,0.0
W.Dissly,LAC,2024,14,0,0,0.0,0,0.0,0.0
W.Dissly,LAC,2024,17,0,0,0.0,0,0.0,0.0
W.Dissly,LAC,2024,18,0,0,0.0,0,0.0,0.0
W.Dissly,LAC,2024,19,0,0,0.0,0,0.0,0.0
J.Scott,LAC,2024,8,0,0,0.0,0,0.0,0.0
J.Scott,LAC,2024,13,1,1,3.0,0,0.0,0.0
T.Boyle,MIA,2024,3,7,13,79.0,0,0.0,1.0
T.Boyle,MIA,2024,7,8,13,74.0,0,0.0,0.0
T.Boyle,NYG,2024,15,12,24,123.0,1,1.0,1.0
G.Edwards,LAC,2024,1,0,0,0.0,0,0.0,0.0
G.Edwards,LAC,2024,2,0,0,0.0,0,0.0,0.0
G.Edwards,LAC,2024,3,0,0,0.0,0,0.0,0.0
G.Edwards,LAC,2024,4,0,0,0.0,0,0.0,0.0
G.Edwards,LAC,2024,10,0,0,0.0,0,0.0,0.0
G.Edwards,LAC,2024,11,0,0,0.0,0,0.0,0.0
G.Edwards,LAC,2024,12,0,0,0.0,0,0.0,0.0
G.Edwards,LAC,2024,13,0,0,0.0,0,0.0,0.0
G.Edwards,LAC,2024,14,0,0,0.0,0,0.0,0.0
G.Edwards,LAC,2024,15,0,0,0.0,0,0.0,0.0
G.Edwards,LAC,2024,16,0,0,0.0,0,0.0,0.0
G.Edwards,LAC,2024,19,0,0,0.0,0,0.0,0.0
M.Boone,CAR,2024,1,0,0,0.0,0,0.0,0.0
M.Boone,CAR,2024,15,0,0,0.0,0,0.0,0.0
M.Boone,CAR,2024,16,0,0,0.0,0,0.0,0.0
M.Boone,CAR,2024,17,0,0,0.0,0,0.0,0.0
M.Boone,CAR,2024,18,0,0,0.0,0,0.0,0.0
T.Conklin,NYJ,2024,1,0,0,0.0,0,0.0,0.0
T.Conklin,NYJ,2024,2,0,0,0.0,0,0.0,0.0
T.Conklin,NYJ,2024,3,0,0,0.0,0,0.0,0.0
T.Conklin,NYJ,2024,4,0,0,0.0,0,0.0,0.0
T.Conklin,NYJ,2024,5,0,0,0.0,0,0.0,0.0
T.Conklin,NYJ,2024,6,0,0,0.0,0,0.0,0.0
T.Conklin,NYJ,2024,7,0,0,0.0,0,0.0,0.0
T.Conklin,NYJ,2024,8,0,0,0.0,0,0.0,0.0
T.Conklin,NYJ,2024,9,0,0,0.0,0,0.0,0.0
T.Conklin,NYJ,2024,10,0,0,0.0,0,0.0,0.0
T.Conklin,NYJ,2024,11,0,0,0.0,0,0.0,0.0
T.Conklin,NYJ,2024,13,0,0,0.0,0,0.0,0.0
T.Conklin,NYJ,2024,14,0,0,0.0,0,0.0,0.0
T.Conklin,NYJ,2024,16,0,0,0.0,0,0.0,0.0
T.Conklin,NYJ,2024,17,0,0,0.0,0,0.0,0.0
T.Conklin,NYJ,2024,18,0,0,0.0,0,0.0,0.0
M.Valdes-Scantling,BUF,2024,1,0,0,0.0,0,0.0,0.0
M.Valdes-Scantling,BUF,2024,2,0,0,0.0,0,0.0,0.0
M.Valdes-Scantling,BUF,2024,3,0,0,0.0,0,0.0,0.0
M.Valdes-Scantling,BUF,2024,4,0,0,0.0,0,0.0,0.0
M.Valdes-Scantling,BUF,2024,5,0,0,0.0,0,0.0,0.0
M.Valdes-Scantling,NO,2024,9,0,0,0.0,0,0.0,0.0
M.Valdes-Scantling,NO,2024,10,0,0,0.0,0,0.0,0.0
M.Valdes-Scantling,NO,2024,11,0,0,0.0,0,0.0,0.0
M.Valdes-Scantling,NO,2024,13,0,0,0.0,0,0.0,0.0
M.Valdes-Scantling,NO,2024,14,0,0,0.0,0,0.0,0.0
M.Valdes-Scantling,NO,2024,15,0,0,0.0,0,0.0,0.0
M.Valdes-Scantling,NO,2024,17,0,0,0.0,0,0.0,0.0
M.Valdes-Scantling,NO,2024,18,0,0,0.0,0,0.0,0.0
C.Sutton,DEN,2024,1,0,0,0.0,0,0.0,0.0
C.Sutton,DEN,2024,2,0,0,0.0,0,0.0,0.0
C.Sutton,DEN,2024,3,0,0,0.0,0,0.0,0.0
C.Sutton,DEN,2024,4,0,0,0.0,0,0.0,0.0
C.Sutton,DEN,2024,5,0,0,0.0,0,0.0,0.0
C.Sutton,DEN,2024,6,0,0,0.0,0,0.0,0.0
C.Sutton,DEN,2024,8,1,1,28.0,0,0.0,0.0
C.Sutton,DEN,2024,9,1,1,2.0,1,0.0,0.0
C.Sutton,DEN,2024,10,0,0,0.0,0,0.0,0.0
C.Sutton,DEN,2024,11,0,0,0.0,0,0.0,0.0
C.Sutton,DEN,2024,12,0,0,0.0,0,0.0,0.0
C.Sutton,DEN,2024,13,0,0,0.0,0,0.0,0.0
C.Sutton,DEN,2024,15,0,0,0.0,0,0.0,0.0
C.Sutton,DEN,2024,16,0,0,0.0,0,0.0,0.0
C.Sutton,DEN,2024,17,0,0,0.0,0,0.0,0.0
C.Sutton,DEN,2024,18,0,0,0.0,0,0.0,0.0
C.Sutton,DEN,2024,19,0,0,0.0,0,0.0,0.0
D.Goedert,PHI,2024,1,0,0,0.0,0,0.0,0.0
D.Goedert,PHI,2024,2,0,0,0.0,0,0.0,0.0
D.Goedert,PHI,2024,3,0,0,0.0,0,0.0,0.0
D.Goedert,PHI,2024,4,0,0,0.0,0,0.0,0.0
D.Goedert,PHI,2024,6,0,0,0.0,0,0.0,0.0
D.Goedert,PHI,2024,10,0,0,0.0,0,0.0,0.0
D.Goedert,PHI,2024,11,0,0,0.0,0,0.0,0.0
D.Goedert,PHI,2024,12,0,0,0.0,0,0.0,0.0
D.Goedert,PHI,2024,13,0,0,0.0,0,0.0,0.0
D.Goedert,PHI,2024,18,0,0,0.0,0,0.0,0.0
D.Goedert,PHI,2024,19,0,0,0.0,0,0.0,0.0
D.Goedert,PHI,2024,20,0,0,0.0,0,0.0,0.0
D.Goedert,PHI,2024,21,0,0,0.0,0,0.0,0.0
D.Goedert,PHI,2024,22,0,0,0.0,0,0.0,0.0
A.Miller,BAL,2024,17,0,0,0.0,0,0.0,0.0
A.Miller,BAL,2024,19,0,0,0.0,0,0.0,0.0
A.Miller,BAL,2024,20,0,0,0.0,0,0.0,0.0
J.Akins,CLE,2024,1,0,0,0.0,0,0.0,0.0
J.Akins,CLE,2024,2,0,0,0.0,0,0.0,0.0
J.Akins,CLE,2024,3,0,0,0.0,0,0.0,0.0
J.Akins,CLE,2024,4,0,0,0.0,0,0.0,0.0
J.Akins,CLE,2024,5,0,0,0.0,0,0.0,0.0
J.Akins,CLE,2024,7,0,0,0.0,0,0.0,0.0
J.Akins,CLE,2024,8,0,0,0.0,0,0.0,0.0
J.Akins,CLE,2024,9,0,0,0.0,0,0.0,0.0
J.Akins,CLE,2024,11,0,0,0.0,0,0.0,0.0
J.Akins,CLE,2024,12,0,0,0.0,0,0.0,0.0
J.Akins,CLE,2024,13,0,0,0.0,0,0.0,0.0
J.Akins,CLE,2024,14,0,0,0.0,0,0.0,0.0
J.Akins,CLE,2024,15,0,0,0.0,0,0.0,0.0
J.Akins,CLE,2024,16,0,0,0.0,0,0.0,0.0
J.Akins,CLE,2024,17,0,0,0.0,0,0.0,0.0
J.Akins,CLE,2024,18,0,0,0.0,0,0.0,0.0
I.Thomas,CAR,2024,6,0,0,0.0,0,0.0,0.0
I.Thomas,CAR,2024,7,0,0,0.0,0,0.0,0.0
I.Thomas,CAR,2024,10,0,0,0.0,0,0.0,0.0
D.Schultz,HOU,2024,1,0,0,0.0,0,0.0,0.0
D.Schultz,HOU,2024,2,0,0,0.0,0,0.0,0.0
D.Schultz,HOU,2024,3,0,0,0.0,0,0.0,0.0
D.Schultz,HOU,2024,4,0,0,0.0,0,0.0,0.0
D.Schultz,HOU,2024,5,0,0,0.0,0,0.0,0.0
D.Schultz,HOU,2024,6,0,0,0.0,0,0.0,0.0
D.Schultz,HOU,2024,7,0,0,0.0,0,0.0,0.0
D.Schultz,HOU,2024,8,0,0,0.0,0,0.0,0.0
D.Schultz,HOU,2024,9,0,0,0.0,0,0.0,0.0
D.Schultz,HOU,2024,10,0,0,0.0,0,0.0,0.0
D.Schultz,HOU,2024,11,0,0,0.0,0,0.0,0.0
D.Schultz,HOU,2024,12,0,0,0.0,0,0.0,0.0
D.Schultz,HOU,2024,13,0,0,0.0,0,0.0,0.0
D.Schultz,HOU,2024,15,0,0,0.0,0,0.0,0.0
D.Schultz,HOU,2024,16,0,0,0.0,0,0.0,0.0
D.Schultz,HOU,2024,17,0,0,0.0,0,0.0,0.0
D.Schultz,HOU,2024,18,0,0,0.0,0,0.0,0.0
D.Schultz,HOU,2024,19,0,0,0.0,0,0.0,0.0
D.Schultz,HOU,2024,20,0,0,0.0,0,0.0,0.0
J.Watson,KC,2024,1,0,0,0.0,0,0.0,0.0
J.Watson,KC,2024,2,0,0,0.0,0,0.0,0.0
J.Watson,KC,2024,3,0,0,0.0,0,0.0,0.0
J.Watson,KC,2024,4,0,0,0.0,0,0.0,0.0
J.Watson,KC,2024,7,0,0,0.0,0,0.0,0.0
J.Watson,KC,2024,8,0,0,0.0,0,0.0,0.0
J.Watson,KC,2024,9,0,0,0.0,0,0.0,0.0
J.Watson,KC,2024,10,0,0,0.0,0,0.0,0.0
J.Watson,KC,2024,11,0,0,0.0,0,0.0,0.0
J.Watson,KC,2024,12,0,0,0.0,0,0.0,0.0
J.Watson,KC,2024,13,0,0,0.0,0,0.0,0.0
J.Watson,KC,2024,15,0,0,0.0,0,0.0,0.0
J.Watson,KC,2024,16,0,0,0.0,0,0.0,0.0
J.Watson,KC,2024,17,0,0,0.0,0,0.0,0.0
J.Watson,KC,2024,18,0,0,0.0,0,0.0,0.0
J.Watson,KC,2024,21,0,0,0.0,0,0.0,0.0
J.Watson,KC,2024,22,0,0,0.0,0,0.0,0.0
M.White,BUF,2024,18,3,11,28.0,0,0.0,0.0
R.McCloud,ATL,2024,1,0,0,0.0,0,0.0,0.0
R.McCloud,ATL,2024,2,0,0,0.0,0,0.0,0.0
R.McCloud,ATL,2024,3,0,0,0.0,0,0.0,0.0
R.McCloud,ATL,2024,4,0,0,0.0,0,0.0,0.0
R.McCloud,ATL,2024,5,0,0,0.0,0,0.0,0.0
R.McCloud,ATL,2024,6,0,0,0.0,0,0.0,0.0
R.McCloud,ATL,2024,7,0,0,0.0,0,0.0,0.0
R.McCloud,ATL,2024,8,0,0,0.0,0,0.0,0.0
R.McCloud,ATL,2024,9,0,0,0.0,0,0.0,0.0
R.McCloud,ATL,2024,10,0,0,0.0,0,0.0,0.0
R.McCloud,ATL,2024,11,0,0,0.0,0,0.0,0.0
R.McCloud,ATL,2024,13,0,0,0.0,0,0.0,0.0
R.McCloud,ATL,2024,14,0,0,0.0,0,0.0,0.0
R.McCloud,ATL,2024,15,0,0,0.0,0,0.0,0.0
R.McCloud,ATL,2024,16,0,0,0.0,0,0.0,0.0
R.McCloud,ATL,2024,17,0,0,0.0,0,0.0,0.0
R.McCloud,ATL,2024,18,0,0,0.0,0,0.0,0.0
C.Wilson,NO,2024,3,0,0,0.0,0,0.0,0.0
C.Wilson,NO,2024,6,0,0,0.0,0,0.0,0.0
C.Wilson,NO,2024,7,0,0,0.0,0,0.0,0.0
C.Wilson,NO,2024,9,0,0,0.0,0,0.0,0.0
C.Wilson,NO,2024,13,0,0,0.0,0,0.0,0.0
C.Wilson,NO,2024,14,0,0,0.0,0,0.0,0.0
C.Wilson,NO,2024,15,1,1,21.0,1,0.0,0.0
C.Wilson,NO,2024,16,0,0,0.0,0,0.0,0.0
C.Wilson,NO,2024,17,0,0,0.0,0,0.0,1.0
C.Wilson,NO,2024,18,0,0,0.0,0,0.0,0.0
B.Berrios,MIA,2024,1,0,0,0.0,0,0.0,0.0
B.Berrios,MIA,2024,2,0,0,0.0,0,0.0,0.0
B.Berrios,MIA,2024,3,0,0,0.0,0,0.0,0.0
J.Owens,CHI,2024,1,0,0,0.0,0,0.0,0.0
T.Sherfield,MIN,2024,2,0,0,0.0,0,0.0,0.0
T.Sherfield,MIN,2024,3,0,0,0.0,0,0.0,0.0
T.Sherfield,MIN,2024,4,0,0,0.0,0,0.0,0.0
T.Sherfield,MIN,2024,8,0,0,0.0,0,0.0,0.0
T.Sherfield,MIN,2024,9,0,0,0.0,0,0.0,0.0
T.Sherfield,MIN,2024,10,0,0,0.0,0,0.0,0.0
T.Sherfield,MIN,2024,11,0,0,0.0,0,0.0,0.0
T.Sherfield,MIN,2024,15,0,0,0.0,0,0.0,0.0
T.Sherfield,MIN,2024,19,0,0,0.0,0,0.0,0.0
T.Thomas,TB,2024,8,0,0,0.0,0,0.0,0.0
A.Lazard,NYJ,2024,1,0,0,0.0,0,0.0,0.0
A.Lazard,NYJ,2024,2,0,0,0.0,0,0.0,0.0
A.Lazard,NYJ,2024,3,0,0,0.0,0,0.0,0.0
A.Lazard,NYJ,2024,4,0,0,0.0,0,0.0,0.0
A.Lazard,NYJ,2024,5,0,0,0.0,0,0.0,0.0
A.Lazard,NYJ,2024,6,0,0,0.0,0,0.0,0.0
A.Lazard,NYJ,2024,7,0,0,0.0,0,0.0,0.0
A.Lazard,NYJ,2024,14,0,0,0.0,0,0.0,0.0
A.Lazard,NYJ,2024,15,0,0,0.0,0,0.0,0.0
A.Lazard,NYJ,2024,16,0,0,0.0,0,0.0,0.0
A.Lazard,NYJ,2024,17,0,0,0.0,0,0.0,0.0
A.Lazard,NYJ,2024,18,0,1,0.0,0,0.0,0.0
T.Scott,WAS,2024,3,0,0,0.0,0,0.0,0.0
K.Allen,PIT,2024,5,1,1,19.0,0,0.0,0.0
T.Hudson,CIN,2024,1,0,0,0.0,0,0.0,0.0
T.Hudson,CIN,2024,7,0,0,0.0,0,0.0,0.0
T.Hudson,CIN,2024,9,0,0,0.0,0,0.0,0.0
T.Hudson,CIN,2024,10,0,0,0.0,0,0.0,0.0
T.Hudson,CIN,2024,11,0,0,0.0,0,0.0,0.0
T.Hudson,CIN,2024,13,0,0,0.0,0,0.0,0.0
T.Hudson,CIN,2024,14,0,0,0.0,0,0.0,0.0
T.Hudson,CIN,2024,15,0,0,0.0,0,0.0,0.0
T.Hudson,CIN,2024,18,0,0,0.0,0,0.0,0.0
B.Powell,MIN,2024,2,0,0,0.0,0,0.0,0.0
B.Powell,MIN,2024,3,0,0,0.0,0,0.0,0.0
B.Powell,MIN,2024,4,0,0,0.0,0,0.0,0.0
B.Powell,MIN,2024,9,0,0,0.0,0,0.0,0.0
B.Powell,MIN,2024,11,0,0,0.0,0,0.0,0.0
B.Powell,MIN,2024,13,0,0,0.0,0,0.0,0.0
B.Powell,MIN,2024,15,0,0,0.0,0,0.0,0.0
M.Andrews,BAL,2024,1,0,0,0.0,0,0.0,0.0
M.Andrews,BAL,2024,2,0,0,0.0,0,0.0,0.0
M.Andrews,BAL,2024,3,0,0,0.0,0,0.0,0.0
M.Andrews,BAL,2024,4,0,0,0.0,0,0.0,0.0
M.Andrews,BAL,2024,5,0,0,0.0,0,0.0,0.0
M.Andrews,BAL,2024,6,0,0,0.0,0,0.0,0.0
M.Andrews,BAL,2024,7,0,0,0.0,0,0.0,0.0
M.Andrews,BAL,2024,8,0,0,0.0,0,0.0,0.0
M.Andrews,BAL,2024,9,0,0,0.0,0,0.0,0.0
M.Andrews,BAL,2024,10,0,0,0.0,0,0.0,0.0
M.Andrews,BAL,2024,11,0,0,0.0,0,0.0,0.0
M.Andrews,BAL,2024,12,0,0,0.0,0,0.0,0.0
M.Andrews,BAL,2024,13,0,0,0.0,0,0.0,0.0
M.Andrews,BAL,2024,15,0,0,0.0,0,0.0,0.0
M.Andrews,BAL,2024,16,0,0,0.0,0,0.0,0.0
M.Andrews,BAL,2024,17,0,0,0.0,0,0.0,0.0
M.Andrews,BAL,2024,18,0,0,0.0,0,0.0,0.0
M.Andrews,BAL,2024,19,0,0,0.0,0,0.0,0.0
M.Andrews,BAL,2024,20,0,0,0.0,0,0.0,0.0
M.Rudolph,TEN,2024,4,9,17,85.0,0,0.0,1.0
M.Rudolph,TEN,2024,7,25,40,215.0,1,1.0,3.0
M.Rudolph,TEN,2024,8,22,38,266.0,1,2.0,1.0
M.Rudolph,TEN,2024,9,20,33,240.0,2,1.0,1.0
M.Rudolph,TEN,2024,15,21,26,209.0,2,1.0,0.0
M.Rudolph,TEN,2024,16,23,34,252.0,2,3.0,1.0
M.Rudolph,TEN,2024,17,19,31,193.0,1,1.0,3.0
M.Rudolph,TEN,2024,18,7,9,70.0,0,0.0,1.0
C.Kirk,JAX,2024,1,0,0,0.0,0,0.0,0.0
C.Kirk,JAX,2024,2,0,0,0.0,0,0.0,0.0
C.Kirk,JAX,2024,3,0,0,0.0,0,0.0,0.0
C.Kirk,JAX,2024,4,0,0,0.0,0,0.0,0.0
C.Kirk,JAX,2024,5,0,0,0.0,0,0.0,0.0
C.Kirk,JAX,2024,6,0,0,0.0,0,0.0,0.0
C.Kirk,JAX,2024,7,0,0,0.0,0,0.0,0.0
C.Kirk,JAX,2024,8,0,0,0.0,0,0.0,0.0
D.Chark,LAC,2024,14,0,0,0.0,0,0.0,0.0
D.Chark,LAC,2024,15,0,0,0.0,0,0.0,0.0
D.Chark,LAC,2024,17,0,0,0.0,0,0.0,0.0
D.Chark,LAC,2024,18,0,0,0.0,0,0.0,0.0
D.Chark,LAC,2024,19,0,0,0.0,0,0.0,0.0
N.Chubb,CLE,2024,7,0,0,0.0,0,0.0,0.0
N.Chubb,CLE,2024,8,0,0,0.0,0,0.0,0.0
N.Chubb,CLE,2024,9,0,0,0.0,0,0.0,0.0
N.Chubb,CLE,2024,11,0,0,0.0,0,0.0,0.0
N.Chubb,CLE,2024,12,0,0,0.0,0,0.0,0.0
N.Chubb,CLE,2024,13,0,0,0.0,0,0.0,0.0
N.Chubb,CLE,2024,14,0,0,0.0,0,0.0,0.0
N.Chubb,CLE,2024,15,0,0,0.0,0,0.0,0.0
L.Jackson,BAL,2024,1,26,41,273.0,1,0.0,1.0
L.Jackson,BAL,2024,2,21,34,247.0,1,1.0,2.0
L.Jackson,BAL,2024,3,12,15,182.0,1,0.0,0.0
L.Jackson,BAL,2024,4,13,18,156.0,2,0.0,1.0
L.Jackson,BAL,2024,5,26,42,348.0,4,0.0,1.0
L.Jackson,BAL,2024,6,20,26,323.0,1,1.0,2.0
L.Jackson,BAL,2024,7,17,22,281.0,5,0.0,2.0
L.Jackson,BAL,2024,8,23,38,289.0,2,0.0,3.0
L.Jackson,BAL,2024,9,16,19,280.0,3,0.0,1.0
L.Jackson,BAL,2024,10,25,33,290.0,4,0.0,0.0
L.Jackson,BAL,2024,11,16,33,207.0,1,1.0,2.0
L.Jackson,BAL,2024,12,16,22,177.0,2,0.0,1.0
L.Jackson,BAL,2024,13,23,36,237.0,2,0.0,3.0
L.Jackson,BAL,2024,15,21,25,290.0,5,0.0,2.0
L.Jackson,BAL,2024,16,15,23,207.0,3,1.0,1.0
L.Jackson,BAL,2024,17,10,15,168.0,2,0.0,1.0
L.Jackson,BAL,2024,18,16,32,217.0,2,0.0,0.0
L.Jackson,BAL,2024,19,16,21,175.0,2,0.0,1.0
L.Jackson,BAL,2024,20,18,25,254.0,2,1.0,2.0
D.Smythe,MIA,2024,1,0,0,0.0,0,0.0,0.0
D.Smythe,MIA,2024,2,0,0,0.0,0,0.0,0.0
D.Smythe,MIA,2024,3,0,0,0.0,0,0.0,0.0
D.Smythe,MIA,2024,5,0,0,0.0,0,0.0,0.0
D.Smythe,MIA,2024,9,0,0,0.0,0,0.0,0.0
D.Smythe,MIA,2024,10,0,0,0.0,0,0.0,0.0
D.Smythe,MIA,2024,11,0,0,0.0,0,0.0,0.0
D.Smythe,MIA,2024,12,0,0,0.0,0,0.0,0.0
D.Smythe,MIA,2024,13,0,0,0.0,0,0.0,0.0
D.Smythe,MIA,2024,14,0,0,0.0,0,0.0,0.0
D.Smythe,MIA,2024,15,0,0,0.0,0,0.0,0.0
D.Smythe,MIA,2024,16,0,0,0.0,0,0.0,0.0
D.Smythe,MIA,2024,18,0,0,0.0,0,0.0,0.0
D.Moore,CHI,2024,1,0,0,0.0,0,0.0,0.0
D.Moore,CHI,2024,2,0,0,0.0,0,0.0,0.0
D.Moore,CHI,2024,3,0,0,0.0,0,0.0,0.0
D.Moore,CHI,2024,4,0,0,0.0,0,0.0,0.0
D.Moore,CHI,2024,5,0,0,0.0,0,0.0,0.0
D.Moore,CHI,2024,6,0,0,0.0,0,0.0,0.0
D.Moore,CHI,2024,8,0,0,0.0,0,0.0,0.0
D.Moore,CHI,2024,9,0,0,0.0,0,0.0,0.0
D.Moore,CHI,2024,10,0,0,0.0,0,0.0,0.0
D.Moore,CHI,2024,11,0,0,0.0,0,0.0,0.0
D.Moore,CHI,2024,12,0,1,0.0,0,0.0,0.0
D.Moore,CHI,2024,13,0,0,0.0,0,0.0,0.0
D.Moore,CHI,2024,14,0,0,0.0,0,0.0,0.0
D.Moore,CHI,2024,15,0,0,0.0,0,0.0,0.0
D.Moore,CHI,2024,16,0,0,0.0,0,0.0,0.0
D.Moore,CHI,2024,17,0,0,0.0,0,0.0,0.0
D.Moore,CHI,2024,18,0,0,0.0,0,0.0,0.0
M.Gesicki,CIN,2024,1,0,0,0.0,0,0.0,0.0
M.Gesicki,CIN,2024,2,0,0,0.0,0,0.0,0.0
M.Gesicki,CIN,2024,3,0,0,0.0,0,0.0,0.0
M.Gesicki,CIN,2024,4,0,0,0.0,0,0.0,0.0
M.Gesicki,CIN,2024,5,0,0,0.0,0,0.0,0.0
M.Gesicki,CIN,2024,7,0,0,0.0,0,0.0,0.0
M.Gesicki,CIN,2024,8,0,0,0.0,0,0.0,0.0
M.Gesicki,CIN,2024,9,0,0,0.0,0,0.0,0.0
M.Gesicki,CIN,2024,10,0,0,0.0,0,0.0,0.0
M.Gesicki,CIN,2024,11,0,0,0.0,0,0.0,0.0
M.Gesicki,CIN,2024,13,0,0,0.0,0,0.0,0.0
M.Gesicki,CIN,2024,14,0,0,0.0,0,0.0,0.0
M.Gesicki,CIN,2024,15,0,0,0.0,0,0.0,0.0
M.Gesicki,CIN,2024,16,0,0,0.0,0,0.0,0.0
M.Gesicki,CIN,2024,17,0,0,0.0,0,0.0,0.0
M.Gesicki,CIN,2024,18,0,0,0.0,0,0.0,0.0
H.Hurst,LAC,2024,1,0,0,0.0,0,0.0,0.0
H.Hurst,LAC,2024,2,0,0,0.0,0,0.0,0.0
H.Hurst,LAC,2024,3,0,0,0.0,0,0.0,0.0
H.Hurst,LAC,2024,4,0,0,0.0,0,0.0,0.0
H.Hurst,LAC,2024,9,0,0,0.0,0,0.0,0.0
H.Hurst,LAC,2024,10,0,0,0.0,0,0.0,0.0
H.Hurst,LAC,2024,16,0,0,0.0,0,0.0,0.0
S.Hubbard,CIN,2024,15,0,0,0.0,0,0.0,0.0
C.Ridley,TEN,2024,1,0,0,0.0,0,0.0,0.0
C.Ridley,TEN,2024,2,0,0,0.0,0,0.0,0.0
C.Ridley,TEN,2024,3,0,0,0.0,0,0.0,0.0
C.Ridley,TEN,2024,4,0,0,0.0,0,0.0,0.0
C.Ridley,TEN,2024,6,0,0,0.0,0,0.0,0.0
C.Ridley,TEN,2024,7,0,0,0.0,0,0.0,0.0
C.Ridley,TEN,2024,8,0,0,0.0,0,0.0,0.0
C.Ridley,TEN,2024,9,0,0,0.0,0,0.0,0.0
C.Ridley,TEN,2024,10,0,0,0.0,0,0.0,0.0
C.Ridley,TEN,2024,11,0,0,0.0,0,0.0,0.0
C.Ridley,TEN,2024,12,0,0,0.0,0,0.0,0.0
C.Ridley,TEN,2024,13,0,0,0.0,0,0.0,0.0
C.Ridley,TEN,2024,14,0,0,0.0,0,0.0,0.0
C.Ridley,TEN,2024,15,0,0,0.0,0,0.0,0.0
C.Ridley,TEN,2024,16,0,0,0.0,0,0.0,0.0
C.Ridley,TEN,2024,17,0,0,0.0,0,0.0,0.0
C.Ridley,TEN,2024,18,0,0,0.0,0,0.0,0.0
S.Barkley,PHI,2024,1,0,0,0.0,0,0.0,0.0
S.Barkley,PHI,2024,2,0,0,0.0,0,0.0,0.0
S.Barkley,PHI,2024,3,0,0,0.0,0,0.0,0.0
S.Barkley,PHI,2024,4,0,0,0.0,0,0.0,0.0
S.Barkley,PHI,2024,6,0,0,0.0,0,0.0,0.0
S.Barkley,PHI,2024,7,0,0,0.0,0,0.0,0.0
S.Barkley,PHI,2024,8,0,0,0.0,0,0.0,0.0
S.Barkley,PHI,2024,9,0,0,0.0,0,0.0,0.0
S.Barkley,PHI,2024,10,0,0,0.0,0,0.0,0.0
S.Barkley,PHI,2024,11,0,0,0.0,0,0.0,0.0
S.Barkley,PHI,2024,12,0,0,0.0,0,0.0,0.0
S.Barkley,PHI,2024,13,0,0,0.0,0,0.0,0.0
S.Barkley,PHI,2024,14,0,0,0.0,0,0.0,0.0
S.Barkley,PHI,2024,15,0,0,0.0,0,0.0,0.0
S.Barkley,PHI,2024,16,0,0,0.0,0,0.0,1.0
S.Barkley,PHI,2024,17,0,0,0.0,0,0.0,0.0
S.Barkley,PHI,2024,19,0,0,0.0,0,0.0,0.0
S.Barkley,PHI,2024,20,0,0,0.0,0,0.0,0.0
S.Barkley,PHI,2024,21,0,0,0.0,0,0.0,0.0
S.Barkley,PHI,2024,22,0,0,0.0,0,0.0,0.0
K.Hodge,ATL,2024,4,0,0,0.0,0,0.0,0.0
K.Hodge,ATL,2024,5,0,0,0.0,0,0.0,0.0
K.Hodge,ATL,2024,9,0,0,0.0,0,0.0,0.0
K.Hodge,ATL,2024,11,0,0,0.0,0,0.0,0.0
K.Hodge,ATL,2024,17,0,0,0.0,0,0.0,0.0
K.Hodge,ATL,2024,18,0,0,0.0,0,0.0,0.0
B.Mayfield,TB,2024,1,24,30,289.0,4,0.0,1.0
B.Mayfield,TB,2024,2,12,19,185.0,1,1.0,5.0
B.Mayfield,TB,2024,3,25,33,163.0,1,1.0,7.0
B.Mayfield,TB,2024,4,30,47,347.0,2,0.0,2.0
B.Mayfield,TB,2024,5,19,24,180.0,3,0.0,1.0
B.Mayfield,TB,2024,6,24,36,325.0,4,3.0,1.0
B.Mayfield,TB,2024,7,31,45,370.0,3,2.0,3.0
B.Mayfield,TB,2024,8,37,50,330.0,3,2.0,0.0
B.Mayfield,TB,2024,9,23,31,200.0,2,0.0,2.0
B.Mayfield,TB,2024,10,18,29,116.0,1,0.0,2.0
B.Mayfield,TB,2024,12,24,30,294.0,0,0.0,0.0
B.Mayfield,TB,2024,13,21,33,235.0,1,2.0,4.0
B.Mayfield,TB,2024,14,18,29,295.0,3,2.0,4.0
B.Mayfield,TB,2024,15,22,27,288.0,4,1.0,1.0
B.Mayfield,TB,2024,16,31,43,303.0,2,1.0,4.0
B.Mayfield,TB,2024,17,27,32,359.0,5,0.0,2.0
B.Mayfield,TB,2024,18,21,32,221.0,2,1.0,1.0
B.Mayfield,TB,2024,19,15,18,185.0,2,0.0,1.0
J.Allen,BUF,2024,1,18,23,232.0,2,0.0,2.0
J.Allen,BUF,2024,2,13,19,139.0,1,0.0,0.0
J.Allen,BUF,2024,3,23,30,263.0,4,0.0,0.0
J.Allen,BUF,2024,4,16,29,180.0,0,0.0,3.0
J.Allen,BUF,2024,5,9,30,131.0,1,0.0,1.0
J.Allen,BUF,2024,6,19,25,215.0,2,0.0,2.0
J.Allen,BUF,2024,7,21,33,323.0,2,0.0,1.0
J.Allen,BUF,2024,8,24,34,283.0,2,1.0,1.0
J.Allen,BUF,2024,9,25,39,235.0,3,1.0,1.0
J.Allen,BUF,2024,10,22,37,280.0,0,2.0,2.0
J.Allen,BUF,2024,11,27,40,262.0,1,1.0,0.0
J.Allen,BUF,2024,13,13,17,148.0,2,0.0,0.0
J.Allen,BUF,2024,14,22,37,342.0,3,0.0,0.0
J.Allen,BUF,2024,15,23,34,362.0,2,0.0,0.0
J.Allen,BUF,2024,16,16,29,154.0,1,1.0,1.0
J.Allen,BUF,2024,17,16,27,182.0,2,0.0,0.0
J.Allen,BUF,2024,19,20,26,272.0,2,0.0,2.0
J.Allen,BUF,2024,20,16,22,127.0,0,0.0,1.0
J.Allen,BUF,2024,21,22,34,237.0,2,0.0,2.0
D.Pettis,NO,2024,10,0,0,0.0,0,0.0,0.0
D.Pettis,NO,2024,11,0,0,0.0,0,0.0,0.0
D.Pettis,NO,2024,13,0,0,0.0,0,0.0,0.0
D.Pettis,NO,2024,14,0,0,0.0,0,0.0,0.0
D.Pettis,NO,2024,15,0,0,0.0,0,0.0,0.0
D.Pettis,NO,2024,16,0,0,0.0,0,0.0,0.0
D.Pettis,NO,2024,17,0,0,0.0,0,0.0,0.0
D.Pettis,NO,2024,18,0,0,0.0,0,0.0,0.0
S.Darnold,MIN,2024,1,19,24,208.0,2,1.0,1.0
S.Darnold,MIN,2024,2,17,26,268.0,2,1.0,3.0
S.Darnold,MIN,2024,3,17,28,181.0,4,0.0,4.0
S.Darnold,MIN,2024,4,20,28,275.0,3,1.0,2.0
S.Darnold,MIN,2024,5,14,31,179.0,0,1.0,4.0
S.Darnold,MIN,2024,7,22,27,259.0,1,1.0,4.0
S.Darnold,MIN,2024,8,18,25,240.0,2,0.0,3.0
S.Darnold,MIN,2024,9,28,34,290.0,3,2.0,4.0
S.Darnold,MIN,2024,10,24,38,241.0,0,3.0,1.0
S.Darnold,MIN,2024,11,20,32,246.0,2,0.0,2.0
S.Darnold,MIN,2024,12,22,34,330.0,2,0.0,3.0
S.Darnold,MIN,2024,13,21,31,235.0,2,0.0,5.0
S.Darnold,MIN,2024,14,22,28,347.0,5,0.0,4.0
S.Darnold,MIN,2024,15,24,40,231.0,1,1.0,2.0
S.Darnold,MIN,2024,16,22,35,246.0,3,0.0,3.0
S.Darnold,MIN,2024,17,33,43,377.0,3,1.0,1.0
S.Darnold,MIN,2024,18,18,41,166.0,0,0.0,2.0
S.Darnold,MIN,2024,19,25,40,245.0,1,1.0,9.0
S.Sims,HOU,2024,4,0,0,0.0,0,0.0,0.0
S.Sims,BAL,2024,19,0,0,0.0,0,0.0,0.0
S.Sims,BAL,2024,20,0,0,0.0,0,0.0,0.0
A.Beck,GB,2024,6,0,0,0.0,0,0.0,0.0
A.Beck,HOU,2024,16,0,0,0.0,0,0.0,0.0
J.Meyers,LV,2024,1,0,0,0.0,0,0.0,0.0
J.Meyers,LV,2024,2,0,0,0.0,0,0.0,0.0
J.Meyers,LV,2024,3,0,0,0.0,0,0.0,0.0
J.Meyers,LV,2024,4,0,0,0.0,0,0.0,0.0
J.Meyers,LV,2024,5,0,0,0.0,0,0.0,0.0
J.Meyers,LV,2024,8,0,0,0.0,0,0.0,0.0
J.Meyers,LV,2024,9,0,0,0.0,0,0.0,0.0
J.Meyers,LV,2024,11,0,0,0.0,0,0.0,0.0
J.Meyers,LV,2024,12,0,0,0.0,0,0.0,0.0
J.Meyers,LV,2024,13,0,0,0.0,0,0.0,0.0
J.Meyers,LV,2024,14,0,0,0.0,0,0.0,0.0
J.Meyers,LV,2024,15,0,0,0.0,0,0.0,1.0
J.Meyers,LV,2024,16,0,0,0.0,0,0.0,0.0
J.Meyers,LV,2024,17,0,0,0.0,0,0.0,0.0
J.Meyers,LV,2024,18,0,0,0.0,0,0.0,0.0
I.Smith,HOU,2024,20,0,0,0.0,0,0.0,0.0
A.Mattison,LV,2024,1,0,0,0.0,0,0.0,0.0
A.Mattison,LV,2024,2,0,0,0.0,0,0.0,0.0
A.Mattison,LV,2024,3,0,0,0.0,0,0.0,0.0
A.Mattison,LV,2024,4,0,0,0.0,0,0.0,0.0
A.Mattison,LV,2024,5,0,0,0.0,0,0.0,0.0
A.Mattison,LV,2024,6,0,0,0.0,0,0.0,0.0
A.Mattison,LV,2024,7,0,0,0.0,0,0.0,0.0
A.Mattison,LV,2024,8,0,0,0.0,0,0.0,0.0
A.Mattison,LV,2024,9,0,0,0.0,0,0.0,0.0
A.Mattison,LV,2024,11,0,0,0.0,0,0.0,0.0
A.Mattison,LV,2024,15,0,0,0.0,0,0.0,0.0
A.Mattison,LV,2024,16,0,0,0.0,0,0.0,0.0
A.Mattison,LV,2024,17,0,0,0.0,0,0.0,0.0
A.Mattison,LV,2024,18,0,0,0.0,0,0.0,0.0
J.Love,SEA,2024,16,0,0,0.0,0,0.0,0.0
J.Hill,BAL,2024,1,0,0,0.0,0,0.0,0.0
J.Hill,BAL,2024,2,0,0,0.0,0,0.0,0.0
J.Hill,BAL,2024,3,0,0,0.0,0,0.0,0.0
J.Hill,BAL,2024,4,0,0,0.0,0,0.0,0.0
J.Hill,BAL,2024,5,0,0,0.0,0,0.0,0.0
J.Hill,BAL,2024,6,0,0,0.0,0,0.0,0.0
J.Hill,BAL,2024,7,0,0,0.0,0,0.0,0.0
J.Hill,BAL,2024,8,0,0,0.0,0,0.0,0.0
J.Hill,BAL,2024,9,0,0,0.0,0,0.0,0.0
J.Hill,BAL,2024,10,0,0,0.0,0,0.0,0.0
J.Hill,BAL,2024,11,0,0,0.0,0,0.0,0.0
J.Hill,BAL,2024,12,0,0,0.0,0,0.0,0.0
J.Hill,BAL,2024,13,0,0,0.0,0,0.0,0.0
J.Hill,BAL,2024,15,0,0,0.0,0,0.0,0.0
J.Hill,BAL,2024,16,0,0,0.0,0,0.0,0.0
J.Hill,BAL,2024,19,0,0,0.0,0,0.0,0.0
J.Hill,BAL,2024,20,0,0,0.0,0,0.0,0.0
F.Moreau,NO,2024,1,0,0,0.0,0,0.0,0.0
F.Moreau,NO,2024,3,0,0,0.0,0,0.0,0.0
F.Moreau,NO,2024,5,0,0,0.0,0,0.0,0.0
F.Moreau,NO,2024,6,0,0,0.0,0,0.0,0.0
F.Moreau,NO,2024,7,0,0,0.0,0,0.0,0.0
F.Moreau,NO,2024,8,0,0,0.0,0,0.0,0.0
F.Moreau,NO,2024,9,0,0,0.0,0,0.0,0.0
F.Moreau,NO,2024,10,0,0,0.0,0,0.0,0.0
F.Moreau,NO,2024,11,0,0,0.0,0,0.0,0.0
F.Moreau,NO,2024,13,0,0,0.0,0,0.0,0.0
F.Moreau,NO,2024,14,0,0,0.0,0,0.0,0.0
F.Moreau,NO,2024,15,0,0,0.0,0,0.0,0.0
F.Moreau,NO,2024,16,0,0,0.0,0,0.0,0.0
F.Moreau,NO,2024,17,0,0,0.0,0,0.0,0.0
F.Moreau,NO,2024,18,0,0,0.0,0,0.0,0.0
A.Dulin,IND,2024,1,0,0,0.0,0,0.0,0.0
A.Dulin,IND,2024,2,0,0,0.0,0,0.0,0.0
A.Dulin,IND,2024,3,0,0,0.0,0,0.0,0.0
A.Dulin,IND,2024,5,0,0,0.0,0,0.0,0.0
A.Dulin,IND,2024,6,0,0,0.0,0,0.0,0.0
A.Dulin,IND,2024,7,0,0,0.0,0,0.0,0.0
A.Dulin,IND,2024,9,0,0,0.0,0,0.0,0.0
A.Dulin,IND,2024,10,0,0,0.0,0,0.0,0.0
A.Dulin,IND,2024,12,0,0,0.0,0,0.0,0.0
J.Browning,CIN,2024,9,0,0,0.0,0,0.0,0.0
J.Browning,CIN,2024,16,0,0,0.0,0,0.0,0.0
A.Ingold,MIA,2024,1,0,0,0.0,0,0.0,0.0
A.Ingold,MIA,2024,2,0,0,0.0,0,0.0,0.0
A.Ingold,MIA,2024,3,0,0,0.0,0,0.0,0.0
A.Ingold,MIA,2024,5,0,0,0.0,0,0.0,0.0
A.Ingold,MIA,2024,7,0,0,0.0,0,0.0,0.0
A.Ingold,MIA,2024,8,0,0,0.0,0,0.0,0.0
A.Ingold,MIA,2024,13,0,0,0.0,0,0.0,0.0
A.Ingold,MIA,2024,16,0,0,0.0,0,0.0,0.0
A.Ingold,MIA,2024,18,0,0,0.0,0,0.0,0.0
M.Hardman,KC,2024,5,0,0,0.0,0,0.0,0.0
M.Hardman,KC,2024,7,0,0,0.0,0,0.0,0.0
M.Hardman,KC,2024,8,0,0,0.0,0,0.0,0.0
M.Hardman,KC,2024,9,0,0,0.0,0,0.0,0.0
M.Hardman,KC,2024,10,0,0,0.0,0,0.0,0.0
M.Hardman,KC,2024,11,0,0,0.0,0,0.0,0.0
M.Hardman,KC,2024,12,0,0,0.0,0,0.0,0.0
J.Fox,DET,2024,2,1,1,17.0,0,0.0,0.0
A.Cole,LV,2024,12,1,1,34.0,0,0.0,0.0
O.Zaccheaus,WAS,2024,1,0,0,0.0,0,0.0,0.0
O.Zaccheaus,WAS,2024,2,0,0,0.0,0,0.0,0.0
O.Zaccheaus,WAS,2024,4,0,0,0.0,0,0.0,0.0
O.Zaccheaus,WAS,2024,5,0,0,0.0,0,0.0,0.0
O.Zaccheaus,WAS,2024,6,0,0,0.0,0,0.0,0.0
O.Zaccheaus,WAS,2024,7,0,0,0.0,0,0.0,0.0
O.Zaccheaus,WAS,2024,9,0,0,0.0,0,0.0,0.0
O.Zaccheaus,WAS,2024,10,0,0,0.0,0,0.0,0.0
O.Zaccheaus,WAS,2024,11,0,0,0.0,0,0.0,0.0
O.Zaccheaus,WAS,2024,12,0,0,0.0,0,0.0,0.0
O.Zaccheaus,WAS,2024,13,0,0,0.0,0,0.0,0.0
O.Zaccheaus,WAS,2024,15,0,0,0.0,0,0.0,0.0
O.Zaccheaus,WAS,2024,16,0,0,0.0,0,0.0,0.0
O.Zaccheaus,WAS,2024,17,0,0,0.0,0,0.0,0.0
O.Zaccheaus,WAS,2024,18,0,0,0.0,0,0.0,0.0
O.Zaccheaus,WAS,2024,19,0,0,0.0,0,0.0,0.0
O.Zaccheaus,WAS,2024,20,0,0,0.0,0,0.0,0.0
O.Zaccheaus,WAS,2024,21,0,0,0.0,0,0.0,0.0
D.Johnson,CAR,2024,1,0,0,0.0,0,0.0,0.0
D.Johnson,CAR,2024,2,0,0,0.0,0,0.0,0.0
D.Johnson,CAR,2024,3,0,0,0.0,0,0.0,0.0
D.Johnson,CAR,2024,4,0,0,0.0,0,0.0,0.0
D.Johnson,CAR,2024,5,0,0,0.0,0,0.0,0.0
D.Johnson,CAR,2024,6,0,0,0.0,0,0.0,0.0
D.Johnson,CAR,2024,7,0,0,0.0,0,0.0,0.0
D.Johnson,BAL,2024,10,0,0,0.0,0,0.0,0.0
D.Johnson,BAL,2024,11,0,0,0.0,0,0.0,0.0
D.Johnson,BAL,2024,12,0,0,0.0,0,0.0,0.0
D.Johnson,HOU,2024,18,0,0,0.0,0,0.0,0.0
D.Johnson,HOU,2024,19,0,0,0.0,0,0.0,0.0
K.Murray,ARI,2024,1,21,31,162.0,1,0.0,4.0
K.Murray,ARI,2024,2,17,21,266.0,3,0.0,1.0
K.Murray,ARI,2024,3,21,34,207.0,1,1.0,1.0
K.Murray,ARI,2024,4,16,22,142.0,1,0.0,4.0
K.Murray,ARI,2024,5,19,30,195.0,1,1.0,1.0
K.Murray,ARI,2024,6,22,32,214.0,1,0.0,0.0
K.Murray,ARI,2024,7,14,26,145.0,1,1.0,0.0
K.Murray,ARI,2024,8,26,36,307.0,2,0.0,0.0
K.Murray,ARI,2024,9,13,20,154.0,0,0.0,3.0
K.Murray,ARI,2024,10,22,24,266.0,1,0.0,1.0
K.Murray,ARI,2024,12,24,37,285.0,0,1.0,5.0
K.Murray,ARI,2024,13,31,45,260.0,1,2.0,1.0
K.Murray,ARI,2024,14,25,38,259.0,2,2.0,2.0
K.Murray,ARI,2024,15,23,30,224.0,0,0.0,0.0
K.Murray,ARI,2024,16,20,32,202.0,1,1.0,3.0
K.Murray,ARI,2024,17,33,48,321.0,1,2.0,4.0
K.Murray,ARI,2024,18,25,35,242.0,4,0.0,0.0
T.Hockenson,MIN,2024,9,0,0,0.0,0,0.0,0.0
T.Hockenson,MIN,2024,10,0,0,0.0,0,0.0,0.0
T.Hockenson,MIN,2024,11,0,0,0.0,0,0.0,0.0
T.Hockenson,MIN,2024,12,0,0,0.0,0,0.0,0.0
T.Hockenson,MIN,2024,13,0,0,0.0,0,0.0,0.0
T.Hockenson,MIN,2024,14,0,0,0.0,0,0.0,0.0
T.Hockenson,MIN,2024,15,0,0,0.0,0,0.0,0.0
T.Hockenson,MIN,2024,16,0,0,0.0,0,0.0,0.0
T.Hockenson,MIN,2024,17,0,0,0.0,0,0.0,0.0
T.Hockenson,MIN,2024,18,0,0,0.0,0,0.0,0.0
T.Hockenson,MIN,2024,19,0,0,0.0,0,0.0,0.0
M.Sanders,CAR,2024,1,0,0,0.0,0,0.0,0.0
M.Sanders,CAR,2024,2,0,0,0.0,0,0.0,0.0
M.Sanders,CAR,2024,3,0,0,0.0,0,0.0,0.0
M.Sanders,CAR,2024,4,0,0,0.0,0,0.0,0.0
M.Sanders,CAR,2024,5,0,0,0.0,0,0.0,0.0
M.Sanders,CAR,2024,6,0,0,0.0,0,0.0,0.0
M.Sanders,CAR,2024,7,0,0,0.0,0,0.0,0.0
M.Sanders,CAR,2024,8,0,0,0.0,0,0.0,0.0
M.Sanders,CAR,2024,9,0,0,0.0,0,0.0,0.0
M.Sanders,CAR,2024,10,0,0,0.0,0,0.0,0.0
M.Sanders,CAR,2024,18,0,0,0.0,0,0.0,0.0
J.Oliver,MIN,2024,1,0,0,0.0,0,0.0,0.0
J.Oliver,MIN,2024,3,0,0,0.0,0,0.0,0.0
J.Oliver,MIN,2024,4,0,0,0.0,0,0.0,0.0
J.Oliver,MIN,2024,7,0,0,0.0,0,0.0,0.0
J.Oliver,MIN,2024,8,0,0,0.0,0,0.0,0.0
J.Oliver,MIN,2024,9,0,0,0.0,0,0.0,0.0
J.Oliver,MIN,2024,10,0,0,0.0,0,0.0,0.0
J.Oliver,MIN,2024,11,0,0,0.0,0,0.0,0.0
J.Oliver,MIN,2024,14,0,0,0.0,0,0.0,0.0
J.Oliver,MIN,2024,16,0,0,0.0,0,0.0,0.0
J.Oliver,MIN,2024,18,0,0,0.0,0,0.0,0.0
J.Oliver,MIN,2024,19,0,0,0.0,0,0.0,0.0
D.Singletary,NYG,2024,1,0,0,0.0,0,0.0,0.0
D.Singletary,NYG,2024,2,0,0,0.0,0,0.0,0.0
D.Singletary,NYG,2024,3,0,0,0.0,0,0.0,0.0
D.Singletary,NYG,2024,4,0,0,0.0,0,0.0,0.0
D.Singletary,NYG,2024,7,0,0,0.0,0,0.0,0.0
D.Singletary,NYG,2024,8,0,0,0.0,0,0.0,0.0
D.Singletary,NYG,2024,9,0,0,0.0,0,0.0,0.0
D.Singletary,NYG,2024,10,0,0,0.0,0,0.0,0.0
D.Singletary,NYG,2024,12,0,0,0.0,0,0.0,0.0
D.Singletary,NYG,2024,13,0,0,0.0,0,0.0,0.0
D.Singletary,NYG,2024,14,0,0,0.0,0,0.0,0.0
D.Singletary,NYG,2024,15,0,0,0.0,0,0.0,0.0
D.Singletary,NYG,2024,16,0,0,0.0,0,0.0,0.0
D.Singletary,NYG,2024,17,0,0,0.0,0,0.0,0.0
D.Singletary,NYG,2024,18,0,0,0.0,0,0.0,0.0
T.Pollard,TEN,2024,1,0,0,0.0,0,0.0,0.0
T.Pollard,TEN,2024,2,0,0,0.0,0,0.0,0.0
T.Pollard,TEN,2024,3,0,0,0.0,0,0.0,0.0
T.Pollard,TEN,2024,4,0,0,0.0,0,0.0,0.0
T.Pollard,TEN,2024,6,0,0,0.0,0,0.0,0.0
T.Pollard,TEN,2024,7,0,0,0.0,0,0.0,0.0
T.Pollard,TEN,2024,8,0,0,0.0,0,0.0,0.0
T.Pollard,TEN,2024,9,0,0,0.0,0,0.0,0.0
T.Pollard,TEN,2024,10,0,0,0.0,0,0.0,0.0
T.Pollard,TEN,2024,11,0,0,0.0,0,0.0,0.0
T.Pollard,TEN,2024,12,0,0,0.0,0,0.0,0.0
T.Pollard,TEN,2024,13,0,0,0.0,0,0.0,0.0
T.Pollard,TEN,2024,14,0,0,0.0,0,0.0,0.0
T.Pollard,TEN,2024,15,0,0,0.0,0,0.0,0.0
T.Pollard,TEN,2024,16,0,0,0.0,0,0.0,0.0
T.Pollard,TEN,2024,18,0,0,0.0,0,0.0,0.0
J.Stidham,DEN,2024,7,0,0,0.0,0,0.0,0.0
J.Stidham,DEN,2024,18,0,0,0.0,0,0.0,0.0
J.Bailey,MIA,2024,5,0,0,0.0,0,0.0,0.0
G.Minshew,LV,2024,1,25,33,257.0,1,1.0,4.0
G.Minshew,LV,2024,2,30,38,276.0,1,1.0,5.0
G.Minshew,LV,2024,3,18,28,214.0,1,1.0,2.0
G.Minshew,LV,2024,4,14,24,130.0,0,0.0,2.0
G.Minshew,LV,2024,5,12,17,137.0,1,2.0,2.0
G.Minshew,LV,2024,7,15,34,154.0,0,3.0,2.0
G.Minshew,LV,2024,8,24,30,209.0,2,0.0,5.0
G.Minshew,LV,2024,9,10,17,124.0,0,0.0,1.0
G.Minshew,LV,2024,11,30,43,282.0,2,1.0,3.0
G.Minshew,LV,2024,12,25,42,230.0,1,1.0,3.0
S.Miller,PIT,2024,3,0,0,0.0,0,0.0,0.0
S.Miller,PIT,2024,8,0,0,0.0,0,0.0,0.0
S.Miller,PIT,2024,14,0,0,0.0,0,0.0,0.0
S.Miller,PIT,2024,15,0,0,0.0,0,0.0,0.0
M.Gaskin,MIN,2024,1,0,0,0.0,0,0.0,0.0
M.Gaskin,MIN,2024,5,0,0,0.0,0,0.0,0.0
T.Irwin,CIN,2024,1,0,0,0.0,0,0.0,0.0
T.Irwin,CIN,2024,2,0,0,0.0,0,0.0,0.0
T.Irwin,CIN,2024,8,0,0,0.0,0,0.0,0.0
T.Irwin,CIN,2024,9,0,0,0.0,0,0.0,0.0
L.Humphrey,DEN,2024,1,0,0,0.0,0,0.0,0.0
L.Humphrey,DEN,2024,2,0,0,0.0,0,0.0,0.0
L.Humphrey,DEN,2024,3,0,0,0.0,0,0.0,0.0
L.Humphrey,DEN,2024,4,0,0,0.0,0,0.0,0.0
L.Humphrey,DEN,2024,5,0,0,0.0,0,0.0,0.0
L.Humphrey,DEN,2024,6,0,0,0.0,0,0.0,0.0
L.Humphrey,DEN,2024,7,0,0,0.0,0,0.0,0.0
L.Humphrey,DEN,2024,8,0,0,0.0,0,0.0,0.0
L.Humphrey,DEN,2024,9,0,0,0.0,0,0.0,0.0
L.Humphrey,DEN,2024,10,0,0,0.0,0,0.0,0.0
L.Humphrey,DEN,2024,11,0,0,0.0,0,0.0,0.0
L.Humphrey,DEN,2024,12,0,0,0.0,0,0.0,0.0
L.Humphrey,DEN,2024,15,0,0,0.0,0,0.0,0.0
L.Humphrey,DEN,2024,18,0,0,0.0,0,0.0,0.0
G.Dortch,ARI,2024,1,0,0,0.0,0,0.0,0.0
G.Dortch,ARI,2024,2,0,0,0.0,0,0.0,0.0
G.Dortch,ARI,2024,3,0,0,0.0,0,0.0,0.0
G.Dortch,ARI,2024,4,0,0,0.0,0,0.0,0.0
G.Dortch,ARI,2024,5,0,0,0.0,0,0.0,0.0
G.Dortch,ARI,2024,6,0,0,0.0,0,0.0,0.0
G.Dortch,ARI,2024,7,0,0,0.0,0,0.0,0.0
G.Dortch,ARI,2024,8,0,0,0.0,0,0.0,0.0
G.Dortch,ARI,2024,9,0,0,0.0,0,0.0,0.0
G.Dortch,ARI,2024,10,0,0,0.0,0,0.0,0.0
G.Dortch,ARI,2024,12,0,0,0.0,0,0.0,0.0
G.Dortch,ARI,2024,13,0,0,0.0,0,0.0,0.0
G.Dortch,ARI,2024,14,0,0,0.0,0,0.0,0.0
G.Dortch,ARI,2024,15,0,0,0.0,0,0.0,0.0
G.Dortch,ARI,2024,16,0,0,0.0,0,0.0,0.0
G.Dortch,ARI,2024,17,0,0,0.0,0,0.0,0.0
G.Dortch,ARI,2024,18,0,0,0.0,0,0.0,0.0
D.Slayton,NYG,2024,1,0,0,0.0,0,0.0,0.0
D.Slayton,NYG,2024,2,0,0,0.0,0,0.0,0.0
D.Slayton,NYG,2024,3,0,0,0.0,0,0.0,0.0
D.Slayton,NYG,2024,4,0,0,0.0,0,0.0,0.0
D.Slayton,NYG,2024,5,0,0,0.0,0,0.0,0.0
D.Slayton,NYG,2024,6,0,0,0.0,0,0.0,0.0
D.Slayton,NYG,2024,7,0,0,0.0,0,0.0,0.0
D.Slayton,NYG,2024,8,0,0,0.0,0,0.0,0.0
D.Slayton,NYG,2024,9,0,0,0.0,0,0.0,0.0
D.Slayton,NYG,2024,12,0,0,0.0,0,0.0,0.0
D.Slayton,NYG,2024,13,0,0,0.0,0,0.0,0.0
D.Slayton,NYG,2024,14,0,0,0.0,0,0.0,0.0
D.Slayton,NYG,2024,15,0,0,0.0,0,0.0,0.0
D.Slayton,NYG,2024,16,0,0,0.0,0,0.0,0.0
D.Slayton,NYG,2024,17,0,0,0.0,0,0.0,0.0
D.Slayton,NYG,2024,18,0,0,0.0,0,0.0,0.0
T.Johnson,BUF,2024,1,0,0,0.0,0,0.0,0.0
T.Johnson,BUF,2024,2,0,0,0.0,0,0.0,0.0
T.Johnson,BUF,2024,3,0,0,0.0,0,0.0,0.0
T.Johnson,BUF,2024,4,0,0,0.0,0,0.0,0.0
T.Johnson,BUF,2024,5,0,0,0.0,0,0.0,0.0
T.Johnson,BUF,2024,6,0,0,0.0,0,0.0,0.0
T.Johnson,BUF,2024,7,0,0,0.0,0,0.0,0.0
T.Johnson,BUF,2024,8,0,0,0.0,0,0.0,0.0
T.Johnson,BUF,2024,9,0,0,0.0,0,0.0,0.0
T.Johnson,BUF,2024,10,0,0,0.0,0,0.0,0.0
T.Johnson,BUF,2024,11,0,0,0.0,0,0.0,0.0
T.Johnson,BUF,2024,13,0,0,0.0,0,0.0,0.0
T.Johnson,BUF,2024,14,0,0,0.0,0,0.0,0.0
T.Johnson,BUF,2024,15,0,0,0.0,0,0.0,0.0
T.Johnson,BUF,2024,16,0,0,0.0,0,0.0,0.0
T.Johnson,BUF,2024,17,0,0,0.0,0,0.0,0.0
T.Johnson,BUF,2024,18,0,0,0.0,0,0.0,0.0
T.Johnson,BUF,2024,19,0,0,0.0,0,0.0,0.0
T.Johnson,BUF,2024,20,0,0,0.0,0,0.0,0.0
T.Johnson,BUF,2024,21,0,0,0.0,0,0.0,0.0
T.Kennedy,DET,2024,2,0,0,0.0,0,0.0,0.0
J.Fortson,KC,2024,5,0,0,0.0,0,0.0,0.0
J.Fortson,KC,2024,7,0,0,0.0,0,0.0,0.0
J.Fortson,KC,2024,8,0,0,0.0,0,0.0,0.0
C.Reynolds,DET,2024,6,0,0,0.0,0,0.0,0.0
C.Reynolds,DET,2024,8,0,0,0.0,0,0.0,0.0
C.Reynolds,DET,2024,11,0,0,0.0,0,0.0,0.0
C.Reynolds,DET,2024,12,0,0,0.0,0,0.0,0.0
C.Reynolds,DET,2024,16,0,0,0.0,0,0.0,0.0
C.Reynolds,DET,2024,17,0,0,0.0,0,0.0,0.0
C.Reynolds,DET,2024,18,0,0,0.0,0,0.0,0.0
T.Homer,CHI,2024,1,0,0,0.0,0,0.0,0.0
T.Homer,CHI,2024,2,0,0,0.0,0,0.0,0.0
T.Homer,CHI,2024,14,0,0,0.0,0,0.0,0.0
T.Homer,CHI,2024,15,0,0,0.0,0,0.0,0.0
A.Bachman,LV,2024,6,0,0,0.0,0,0.0,0.0
D.Johnson,JAX,2024,2,0,0,0.0,0,0.0,0.0
D.Johnson,JAX,2024,3,0,0,0.0,0,0.0,0.0
D.Johnson,JAX,2024,4,0,0,0.0,0,0.0,0.0
D.Johnson,JAX,2024,5,0,0,0.0,0,0.0,0.0
D.Johnson,JAX,2024,6,0,0,0.0,0,0.0,0.0
D.Johnson,JAX,2024,7,0,0,0.0,0,0.0,0.0
D.Johnson,JAX,2024,8,0,0,0.0,0,0.0,0.0
D.Johnson,JAX,2024,9,0,0,0.0,0,0.0,0.0
D.Johnson,JAX,2024,11,0,0,0.0,0,0.0,0.0
D.Johnson,JAX,2024,16,0,0,0.0,0,0.0,0.0
D.Johnson,JAX,2024,17,0,0,0.0,0,0.0,0.0
D.Johnson,JAX,2024,18,0,0,0.0,0,0.0,0.0
D.Sample,CIN,2024,2,0,0,0.0,0,0.0,0.0
D.Sample,CIN,2024,4,0,0,0.0,0,0.0,0.0
D.Sample,CIN,2024,7,0,0,0.0,0,0.0,0.0
D.Sample,CIN,2024,9,0,0,0.0,0,0.0,0.0
D.Sample,CIN,2024,11,0,0,0.0,0,0.0,0.0
D.Sample,CIN,2024,13,0,0,0.0,0,0.0,0.0
D.Sample,CIN,2024,14,0,0,0.0,0,0.0,0.0
D.Sample,CIN,2024,15,0,0,0.0,0,0.0,0.0
D.Sample,CIN,2024,16,0,0,0.0,0,0.0,0.0
D.Sample,CIN,2024,17,0,0,0.0,0,0.0,0.0
D.Sample,CIN,2024,18,0,0,0.0,0,0.0,0.0
P.Campbell,PHI,2024,3,0,0,0.0,0,0.0,0.0
P.Campbell,PHI,2024,4,0,0,0.0,0,0.0,0.0
P.Campbell,PHI,2024,7,0,0,0.0,0,0.0,0.0
P.Campbell,PHI,2024,13,0,0,0.0,0,0.0,0.0
D.Metcalf,SEA,2024,1,0,0,0.0,0,0.0,0.0
D.Metcalf,SEA,2024,2,0,0,0.0,0,0.0,0.0
D.Metcalf,SEA,2024,3,0,0,0.0,0,0.0,0.0
D.Metcalf,SEA,2024,4,0,0,0.0,0,0.0,0.0
D.Metcalf,SEA,2024,5,0,0,0.0,0,0.0,0.0
D.Metcalf,SEA,2024,6,0,0,0.0,0,0.0,0.0
D.Metcalf,SEA,2024,7,0,0,0.0,0,0.0,0.0
D.Metcalf,SEA,2024,11,0,0,0.0,0,0.0,0.0
D.Metcalf,SEA,2024,12,0,0,0.0,0,0.0,0.0
D.Metcalf,SEA,2024,13,0,0,0.0,0,0.0,0.0
D.Metcalf,SEA,2024,14,0,0,0.0,0,0.0,0.0
D.Metcalf,SEA,2024,15,0,0,0.0,0,0.0,0.0
D.Metcalf,SEA,2024,16,0,0,0.0,0,0.0,0.0
D.Metcalf,SEA,2024,17,0,0,0.0,0,0.0,0.0
D.Metcalf,SEA,2024,18,0,0,0.0,0,0.0,0.0
N.Fant,SEA,2024,1,0,0,0.0,0,0.0,0.0
N.Fant,SEA,2024,2,0,0,0.0,0,0.0,0.0
N.Fant,SEA,2024,3,0,0,0.0,0,0.0,0.0
N.Fant,SEA,2024,4,0,0,0.0,0,0.0,0.0
N.Fant,SEA,2024,5,0,0,0.0,0,0.0,0.0
N.Fant,SEA,2024,6,0,0,0.0,0,0.0,0.0
N.Fant,SEA,2024,7,0,0,0.0,0,0.0,0.0
N.Fant,SEA,2024,8,0,0,0.0,0,0.0,0.0
N.Fant,SEA,2024,13,0,0,0.0,0,0.0,0.0
N.Fant,SEA,2024,14,0,0,0.0,0,0.0,0.0
N.Fant,SEA,2024,15,0,0,0.0,0,0.0,0.0
N.Fant,SEA,2024,16,0,0,0.0,0,0.0,0.0
N.Fant,SEA,2024,17,0,0,0.0,0,0.0,0.0
N.Fant,SEA,2024,18,0,0,0.0,0,0.0,0.0
T.McLaurin,WAS,2024,1,0,0,0.0,0,0.0,0.0
T.McLaurin,WAS,2024,2,0,0,0.0,0,0.0,0.0
T.McLaurin,WAS,2024,3,0,0,0.0,0,0.0,0.0
T.McLaurin,WAS,2024,4,0,0,0.0,0,0.0,0.0
T.McLaurin,WAS,2024,5,0,0,0.0,0,0.0,0.0
T.McLaurin,WAS,2024,6,0,0,0.0,0,0.0,0.0
T.McLaurin,WAS,2024,7,0,0,0.0,0,0.0,0.0
T.McLaurin,WAS,2024,8,0,0,0.0,0,0.0,0.0
T.McLaurin,WAS,2024,9,0,0,0.0,0,0.0,0.0
T.McLaurin,WAS,2024,10,0,0,0.0,0,0.0,0.0
T.McLaurin,WAS,2024,11,0,0,0.0,0,0.0,0.0
T.McLaurin,WAS,2024,12,0,0,0.0,0,0.0,0.0
T.McLaurin,WAS,2024,13,0,0,0.0,0,0.0,0.0
T.McLaurin,WAS,2024,15,0,0,0.0,0,0.0,0.0
T.McLaurin,WAS,2024,16,0,0,0.0,0,0.0,0.0
T.McLaurin,WAS,2024,17,0,0,0.0,0,0.0,0.0
T.McLaurin,WAS,2024,18,0,0,0.0,0,0.0,0.0
T.McLaurin,WAS,2024,19,0,0,0.0,0,0.0,0.0
T.McLaurin,WAS,2024,20,0,0,0.0,0,0.0,0.0
T.McLaurin,WAS,2024,21,0,0,0.0,0,0.0,0.0
M.Brown,KC,2024,16,0,0,0.0,0,0.0,0.0
M.Brown,KC,2024,17,0,0,0.0,0,0.0,0.0
M.Brown,KC,2024,20,0,0,0.0,0,0.0,0.0
M.Brown,KC,2024,21,0,0,0.0,0,0.0,0.0
M.Brown,KC,2024,22,0,0,0.0,0,0.0,0.0
A.Brown,PHI,2024,1,0,0,0.0,0,0.0,0.0
A.Brown,PHI,2024,6,0,0,0.0,0,0.0,0.0
A.Brown,PHI,2024,7,0,0,0.0,0,0.0,0.0
A.Brown,PHI,2024,8,0,0,0.0,0,0.0,0.0
A.Brown,PHI,2024,9,0,0,0.0,0,0.0,0.0
A.Brown,PHI,2024,10,0,0,0.0,0,0.0,0.0
A.Brown,PHI,2024,11,0,0,0.0,0,0.0,0.0
A.Brown,PHI,2024,12,0,0,0.0,0,0.0,0.0
A.Brown,PHI,2024,13,0,0,0.0,0,0.0,0.0
A.Brown,PHI,2024,14,0,0,0.0,0,0.0,0.0
A.Brown,PHI,2024,15,0,0,0.0,0,0.0,0.0
A.Brown,PHI,2024,16,0,0,0.0,0,0.0,0.0
A.Brown,PHI,2024,17,0,0,0.0,0,0.0,0.0
A.Brown,PHI,2024,19,0,0,0.0,0,0.0,0.0
A.Brown,PHI,2024,20,0,0,0.0,0,0.0,0.0
A.Brown,PHI,2024,21,0,0,0.0,0,0.0,0.0
A.Brown,PHI,2024,22,0,0,0.0,0,0.0,0.0
D.Montgomery,DET,2024,1,0,0,0.0,0,0.0,0.0
D.Montgomery,DET,2024,2,0,0,0.0,0,0.0,0.0
D.Montgomery,DET,2024,3,0,0,0.0,0,0.0,0.0
D.Montgomery,DET,2024,4,0,0,0.0,0,0.0,0.0
D.Montgomery,DET,2024,6,0,0,0.0,0,0.0,0.0
D.Montgomery,DET,2024,7,0,0,0.0,0,0.0,0.0
D.Montgomery,DET,2024,8,1,1,3.0,1,0.0,0.0
D.Montgomery,DET,2024,9,0,0,0.0,0,0.0,0.0
D.Montgomery,DET,2024,10,0,0,0.0,0,0.0,0.0
D.Montgomery,DET,2024,11,0,0,0.0,0,0.0,0.0
D.Montgomery,DET,2024,12,0,0,0.0,0,0.0,0.0
D.Montgomery,DET,2024,13,0,0,0.0,0,0.0,0.0
D.Montgomery,DET,2024,14,0,0,0.0,0,0.0,0.0
D.Montgomery,DET,2024,15,0,0,0.0,0,0.0,0.0
D.Montgomery,DET,2024,20,1,1,20.0,0,0.0,0.0
D.Knox,BUF,2024,1,0,0,0.0,0,0.0,0.0
D.Knox,BUF,2024,3,0,0,0.0,0,0.0,0.0
D.Knox,BUF,2024,4,0,0,0.0,0,0.0,0.0
D.Knox,BUF,2024,6,0,0,0.0,0,0.0,0.0
D.Knox,BUF,2024,7,0,0,0.0,0,0.0,0.0
D.Knox,BUF,2024,8,0,0,0.0,0,0.0,0.0
D.Knox,BUF,2024,9,0,0,0.0,0,0.0,0.0
D.Knox,BUF,2024,10,0,0,0.0,0,0.0,0.0
D.Knox,BUF,2024,11,0,0,0.0,0,0.0,0.0
D.Knox,BUF,2024,13,0,0,0.0,0,0.0,0.0
D.Knox,BUF,2024,14,0,0,0.0,0,0.0,0.0
D.Knox,BUF,2024,15,0,0,0.0,0,0.0,0.0
D.Knox,BUF,2024,16,0,0,0.0,0,0.0,0.0
D.Knox,BUF,2024,17,0,0,0.0,0,0.0,0.0
D.Knox,BUF,2024,19,0,0,0.0,0,0.0,0.0
D.Knox,BUF,2024,20,0,0,0.0,0,0.0,0.0
D.Knox,BUF,2024,21,0,0,0.0,0,0.0,0.0
J.Jacobs,GB,2024,1,0,0,0.0,0,0.0,0.0
J.Jacobs,GB,2024,2,0,0,0.0,0,0.0,0.0
J.Jacobs,GB,2024,3,0,0,0.0,0,0.0,0.0
J.Jacobs,GB,2024,4,0,0,0.0,0,0.0,0.0
J.Jacobs,GB,2024,5,0,0,0.0,0,0.0,0.0
J.Jacobs,GB,2024,6,0,0,0.0,0,0.0,0.0
J.Jacobs,GB,2024,7,0,0,0.0,0,0.0,0.0
J.Jacobs,GB,2024,8,0,0,0.0,0,0.0,0.0
J.Jacobs,GB,2024,9,0,0,0.0,0,0.0,0.0
J.Jacobs,GB,2024,11,0,0,0.0,0,0.0,0.0
J.Jacobs,GB,2024,12,0,0,0.0,0,0.0,0.0
J.Jacobs,GB,2024,13,0,0,0.0,0,0.0,0.0
J.Jacobs,GB,2024,14,0,0,0.0,0,0.0,0.0
J.Jacobs,GB,2024,15,0,0,0.0,0,0.0,0.0
J.Jacobs,GB,2024,16,0,0,0.0,0,0.0,0.0
J.Jacobs,GB,2024,17,0,0,0.0,0,0.0,0.0
J.Jacobs,GB,2024,18,0,0,0.0,0,0.0,0.0
J.Jacobs,GB,2024,19,0,0,0.0,0,0.0,0.0
D.Lock,NYG,2024,7,3,8,6.0,0,0.0,1.0
D.Lock,NYG,2024,12,1,1,3.0,0,0.0,0.0
D.Lock,NYG,2024,13,21,32,178.0,0,1.0,6.0
D.Lock,NYG,2024,14,21,49,227.0,0,1.0,2.0
D.Lock,NYG,2024,16,22,39,210.0,1,2.0,3.0
D.Lock,NYG,2024,17,17,23,309.0,4,0.0,0.0
D.Lock,NYG,2024,18,22,29,138.0,1,1.0,0.0
D.Jones,NYG,2024,1,22,42,186.0,0,2.0,5.0
D.Jones,NYG,2024,2,16,28,178.0,2,0.0,1.0
D.Jones,NYG,2024,3,24,34,236.0,2,0.0,2.0
D.Jones,NYG,2024,4,29,40,281.0,0,1.0,1.0
D.Jones,NYG,2024,5,23,34,257.0,2,0.0,3.0
D.Jones,NYG,2024,6,22,41,205.0,0,1.0,2.0
D.Jones,NYG,2024,7,14,21,99.0,0,0.0,7.0
D.Jones,NYG,2024,8,24,38,264.0,0,1.0,4.0
D.Jones,NYG,2024,9,20,26,174.0,2,0.0,2.0
D.Jones,NYG,2024,10,22,37,190.0,0,2.0,2.0
D.Samuel,SF,2024,1,0,0,0.0,0,0.0,1.0
D.Samuel,SF,2024,2,0,0,0.0,0,0.0,0.0
D.Samuel,SF,2024,4,0,0,0.0,0,0.0,0.0
D.Samuel,SF,2024,5,0,0,0.0,0,0.0,0.0
D.Samuel,SF,2024,6,0,0,0.0,0,0.0,0.0
D.Samuel,SF,2024,8,0,0,0.0,0,0.0,0.0
D.Samuel,SF,2024,10,0,0,0.0,0,0.0,0.0
D.Samuel,SF,2024,11,0,0,0.0,0,0.0,0.0
D.Samuel,SF,2024,12,0,0,0.0,0,0.0,0.0
D.Samuel,SF,2024,13,0,0,0.0,0,0.0,0.0
D.Samuel,SF,2024,14,0,0,0.0,0,0.0,0.0
D.Samuel,SF,2024,15,0,0,0.0,0,0.0,0.0
D.Samuel,SF,2024,16,0,0,0.0,0,0.0,0.0
D.Samuel,SF,2024,17,0,0,0.0,0,0.0,0.0
J.Pierre,PIT,2024,10,0,0,0.0,0,0.0,0.0
J.Hasty,NE,2024,2,0,0,0.0,0,0.0,0.0
J.Hasty,NE,2024,3,0,0,0.0,0,0.0,0.0
J.Hasty,NE,2024,4,0,0,0.0,0,0.0,0.0
J.Hasty,NE,2024,6,0,0,0.0,0,0.0,0.0
J.Hasty,NE,2024,7,0,0,0.0,0,0.0,0.0
J.Hasty,NE,2024,9,0,0,0.0,0,0.0,0.0
J.Hasty,NE,2024,10,0,0,0.0,0,0.0,0.0
J.Hasty,NE,2024,11,0,0,0.0,0,0.0,0.0
J.Hasty,NE,2024,12,0,0,0.0,0,0.0,0.0
T.Jones,ARI,2024,18,0,0,0.0,0,0.0,0.0
C.White,SEA,2024,9,0,0,0.0,0,0.0,0.0
J.Ward,PIT,2024,5,0,0,0.0,0,0.0,0.0
J.Ward,PIT,2024,6,0,0,0.0,0,0.0,0.0
P.Taylor,SF,2024,6,0,0,0.0,0,0.0,0.0
P.Taylor,SF,2024,8,0,0,0.0,0,0.0,0.0
P.Taylor,SF,2024,14,0,0,0.0,0,0.0,0.0
P.Taylor,SF,2024,16,0,0,0.0,0,0.0,0.0
P.Taylor,SF,2024,18,0,0,0.0,0,0.0,0.0
D.Chisena,CAR,2024,13,0,0,0.0,0,0.0,0.0
D.Chisena,CAR,2024,16,0,0,0.0,0,0.0,0.0
D.Chisena,CAR,2024,17,0,0,0.0,0,0.0,0.0
T.Huntley,MIA,2024,4,14,22,96.0,0,0.0,2.0
T.Huntley,MIA,2024,5,18,31,194.0,0,1.0,3.0
T.Huntley,MIA,2024,7,7,13,87.0,1,0.0,2.0
T.Huntley,MIA,2024,17,22,26,225.0,1,0.0,4.0
T.Huntley,MIA,2024,18,25,41,227.0,1,2.0,4.0
S.Franklin,CAR,2024,8,0,0,0.0,0,0.0,0.0
J.Johnson,NO,2024,1,0,0,0.0,0,0.0,0.0
J.Johnson,NO,2024,4,0,0,0.0,0,0.0,0.0
J.Johnson,NO,2024,5,0,0,0.0,0,0.0,0.0
J.Johnson,NO,2024,6,0,0,0.0,0,0.0,0.0
J.Johnson,NO,2024,7,0,0,0.0,0,0.0,0.0
J.Johnson,NO,2024,8,0,0,0.0,0,0.0,0.0
J.Johnson,NO,2024,9,0,0,0.0,0,0.0,0.0
J.Johnson,NO,2024,10,0,0,0.0,0,0.0,0.0
J.Johnson,NO,2024,11,0,0,0.0,0,0.0,0.0
J.Johnson,NO,2024,13,0,0,0.0,0,0.0,0.0
J.Johnson,NO,2024,14,0,0,0.0,0,0.0,0.0
J.Johnson,NO,2024,15,0,0,0.0,0,0.0,0.0
J.Johnson,NO,2024,16,0,0,0.0,0,0.0,0.0
J.Johnson,NO,2024,17,0,0,0.0,0,0.0,0.0
J.Johnson,NO,2024,18,0,0,0.0,0,0.0,0.0
J.Taylor,HOU,2024,3,0,0,0.0,0,0.0,0.0
J.Taylor,HOU,2024,4,0,0,0.0,0,0.0,0.0
J.Taylor,HOU,2024,9,0,0,0.0,0,0.0,0.0
J.Proche,CLE,2024,4,0,0,0.0,0,0.0,0.0
J.Proche,CLE,2024,14,0,0,0.0,0,0.0,0.0
R.Dowdle,DAL,2024,1,0,0,0.0,0,0.0,0.0
R.Dowdle,DAL,2024,2,0,0,0.0,0,0.0,0.0
R.Dowdle,DAL,2024,3,0,0,0.0,0,0.0,0.0
R.Dowdle,DAL,2024,4,0,0,0.0,0,0.0,0.0
R.Dowdle,DAL,2024,5,0,0,0.0,0,0.0,0.0
R.Dowdle,DAL,2024,6,0,0,0.0,0,0.0,0.0
R.Dowdle,DAL,2024,9,0,0,0.0,0,0.0,0.0
R.Dowdle,DAL,2024,10,0,0,0.0,0,0.0,0.0
R.Dowdle,DAL,2024,11,0,0,0.0,0,0.0,0.0
R.Dowdle,DAL,2024,12,0,0,0.0,0,0.0,0.0
R.Dowdle,DAL,2024,13,0,0,0.0,0,0.0,0.0
R.Dowdle,DAL,2024,14,0,0,0.0,0,0.0,0.0
R.Dowdle,DAL,2024,15,0,0,0.0,0,0.0,0.0
R.Dowdle,DAL,2024,16,0,0,0.0,0,0.0,0.0
R.Dowdle,DAL,2024,17,0,0,0.0,0,0.0,0.0
R.Dowdle,DAL,2024,18,0,0,0.0,0,0.0,0.0
J.Dobbins,LAC,2024,1,0,0,0.0,0,0.0,0.0
J.Dobbins,LAC,2024,2,0,0,0.0,0,0.0,0.0
J.Dobbins,LAC,2024,3,0,0,0.0,0,0.0,0.0
J.Dobbins,LAC,2024,4,0,0,0.0,0,0.0,0.0
J.Dobbins,LAC,2024,6,0,0,0.0,0,0.0,0.0
J.Dobbins,LAC,2024,7,0,0,0.0,0,0.0,0.0
J.Dobbins,LAC,2024,8,0,0,0.0,0,0.0,0.0
J.Dobbins,LAC,2024,9,0,0,0.0,0,0.0,0.0
J.Dobbins,LAC,2024,10,0,0,0.0,0,0.0,0.0
J.Dobbins,LAC,2024,11,0,0,0.0,0,0.0,0.0
J.Dobbins,LAC,2024,12,0,0,0.0,0,0.0,0.0
J.Dobbins,LAC,2024,17,0,0,0.0,0,0.0,0.0
J.Dobbins,LAC,2024,18,0,0,0.0,0,0.0,0.0
J.Dobbins,LAC,2024,19,0,0,0.0,0,0.0,0.0
I.Hodgins,NYG,2024,6,0,0,0.0,0,0.0,0.0
I.Hodgins,NYG,2024,10,0,0,0.0,0,0.0,0.0
M.Kinsey,TEN,2024,15,0,0,0.0,0,0.0,0.0
M.Kinsey,TEN,2024,16,0,0,0.0,0,0.0,0.0
N.Westbrook-Ikhine,TEN,2024,6,0,0,0.0,0,0.0,0.0
N.Westbrook-Ikhine,TEN,2024,7,0,0,0.0,0,0.0,0.0
N.Westbrook-Ikhine,TEN,2024,8,0,0,0.0,0,0.0,0.0
N.Westbrook-Ikhine,TEN,2024,9,0,0,0.0,0,0.0,0.0
N.Westbrook-Ikhine,TEN,2024,10,0,0,0.0,0,0.0,0.0
N.Westbrook-Ikhine,TEN,2024,11,0,0,0.0,0,0.0,0.0
N.Westbrook-Ikhine,TEN,2024,12,0,0,0.0,0,0.0,0.0
N.Westbrook-Ikhine,TEN,2024,13,0,0,0.0,0,0.0,0.0
N.Westbrook-Ikhine,TEN,2024,14,0,0,0.0,0,0.0,0.0
N.Westbrook-Ikhine,TEN,2024,15,0,0,0.0,0,0.0,0.0
N.Westbrook-Ikhine,TEN,2024,16,0,0,0.0,0,0.0,0.0
N.Westbrook-Ikhine,TEN,2024,17,0,0,0.0,0,0.0,0.0
N.Westbrook-Ikhine,TEN,2024,18,0,0,0.0,0,0.0,0.0
K.Wilkerson,LV,2024,6,0,0,0.0,0,0.0,0.0
R.Gilliam,BUF,2024,17,0,0,0.0,0,0.0,0.0
R.Gilliam,BUF,2024,18,0,0,0.0,0,0.0,0.0
G.Davis,JAX,2024,1,0,0,0.0,0,0.0,0.0
G.Davis,JAX,2024,2,0,0,0.0,0,0.0,0.0
G.Davis,JAX,2024,3,0,0,0.0,0,0.0,0.0
G.Davis,JAX,2024,4,0,0,0.0,0,0.0,0.0
G.Davis,JAX,2024,5,0,0,0.0,0,0.0,0.0
G.Davis,JAX,2024,6,0,0,0.0,0,0.0,0.0
G.Davis,JAX,2024,7,0,0,0.0,0,0.0,0.0
G.Davis,JAX,2024,10,0,0,0.0,0,0.0,0.0
G.Davis,JAX,2024,11,0,0,0.0,0,0.0,0.0
T.Tagovailoa,MIA,2024,1,23,37,338.0,1,0.0,3.0
T.Tagovailoa,MIA,2024,2,17,25,145.0,1,3.0,1.0
T.Tagovailoa,MIA,2024,8,28,38,234.0,1,0.0,1.0
T.Tagovailoa,MIA,2024,9,25,28,231.0,2,0.0,1.0
T.Tagovailoa,MIA,2024,10,20,28,207.0,1,1.0,3.0
T.Tagovailoa,MIA,2024,11,28,36,288.0,3,0.0,2.0
T.Tagovailoa,MIA,2024,12,29,40,317.0,4,0.0,2.0
T.Tagovailoa,MIA,2024,13,37,46,365.0,2,0.0,5.0
T.Tagovailoa,MIA,2024,14,33,47,331.0,2,0.0,0.0
T.Tagovailoa,MIA,2024,15,29,40,196.0,1,3.0,3.0
T.Tagovailoa,MIA,2024,16,22,34,215.0,1,0.0,0.0
J.Taylor,IND,2024,1,0,0,0.0,0,0.0,0.0
J.Taylor,IND,2024,2,0,0,0.0,0,0.0,0.0
J.Taylor,IND,2024,3,0,0,0.0,0,0.0,0.0
J.Taylor,IND,2024,4,0,0,0.0,0,0.0,0.0
J.Taylor,IND,2024,8,0,0,0.0,0,0.0,0.0
J.Taylor,IND,2024,9,0,0,0.0,0,0.0,0.0
J.Taylor,IND,2024,10,0,0,0.0,0,0.0,0.0
J.Taylor,IND,2024,11,0,0,0.0,0,0.0,0.0
J.Taylor,IND,2024,12,0,0,0.0,0,0.0,0.0
J.Taylor,IND,2024,13,0,0,0.0,0,0.0,0.0
J.Taylor,IND,2024,15,0,0,0.0,0,0.0,0.0
J.Taylor,IND,2024,16,0,0,0.0,0,0.0,0.0
J.Taylor,IND,2024,17,0,0,0.0,0,0.0,0.0
J.Taylor,IND,2024,18,0,0,0.0,0,0.0,0.0
H.Bryant,LV,2024,2,0,0,0.0,0,0.0,0.0
H.Bryant,LV,2024,4,0,0,0.0,0,0.0,0.0
H.Bryant,LV,2024,6,0,0,0.0,0,0.0,0.0
H.Bryant,LV,2024,7,0,0,0.0,0,0.0,0.0
H.Bryant,LV,2024,9,0,0,0.0,0,0.0,0.0
C.Parkinson,LA,2024,1,0,0,0.0,0,0.0,0.0
C.Parkinson,LA,2024,2,0,0,0.0,0,0.0,0.0
C.Parkinson,LA,2024,3,0,0,0.0,0,0.0,0.0
C.Parkinson,LA,2024,4,0,0,0.0,0,0.0,0.0
C.Parkinson,LA,2024,5,0,0,0.0,0,0.0,0.0
C.Parkinson,LA,2024,7,0,0,0.0,0,0.0,0.0
C.Parkinson,LA,2024,8,0,0,0.0,0,0.0,0.0
C.Parkinson,LA,2024,11,0,0,0.0,0,0.0,0.0
C.Parkinson,LA,2024,12,0,0,0.0,0,0.0,0.0
C.Parkinson,LA,2024,13,0,0,0.0,0,0.0,0.0
C.Parkinson,LA,2024,14,0,0,0.0,0,0.0,0.0
C.Parkinson,LA,2024,15,0,0,0.0,0,0.0,0.0
C.Parkinson,LA,2024,16,0,0,0.0,0,0.0,0.0
C.Parkinson,LA,2024,17,0,0,0.0,0,0.0,0.0
C.Parkinson,LA,2024,18,0,0,0.0,0,0.0,0.0
C.Parkinson,LA,2024,19,0,0,0.0,0,0.0,0.0
C.Parkinson,LA,2024,20,0,0,0.0,0,0.0,0.0
Z.Moss,CIN,2024,1,0,0,0.0,0,0.0,0.0
Z.Moss,CIN,2024,2,0,0,0.0,0,0.0,0.0
Z.Moss,CIN,2024,3,0,0,0.0,0,0.0,0.0
Z.Moss,CIN,2024,4,0,0,0.0,0,0.0,0.0
Z.Moss,CIN,2024,5,0,0,0.0,0,0.0,0.0
Z.Moss,CIN,2024,6,0,0,0.0,0,0.0,0.0
Z.Moss,CIN,2024,7,0,0,0.0,0,0.0,0.0
Z.Moss,CIN,2024,8,0,0,0.0,0,0.0,0.0
M.Pittman,IND,2024,1,0,0,0.0,0,0.0,0.0
M.Pittman,IND,2024,2,0,0,0.0,0,0.0,0.0
M.Pittman,IND,2024,3,0,0,0.0,0,0.0,0.0
M.Pittman,IND,2024,4,0,0,0.0,0,0.0,0.0
M.Pittman,IND,2024,5,0,0,0.0,0,0.0,0.0
M.Pittman,IND,2024,6,0,0,0.0,0,0.0,0.0
M.Pittman,IND,2024,7,0,0,0.0,0,0.0,0.0
M.Pittman,IND,2024,8,0,0,0.0,0,0.0,0.0
M.Pittman,IND,2024,9,0,0,0.0,0,0.0,0.0
M.Pittman,IND,2024,11,0,0,0.0,0,0.0,0.0
M.Pittman,IND,2024,12,0,0,0.0,0,0.0,0.0
M.Pittman,IND,2024,13,0,0,0.0,0,0.0,0.0
M.Pittman,IND,2024,15,0,0,0.0,0,0.0,0.0
M.Pittman,IND,2024,16,0,0,0.0,0,0.0,0.0
M.Pittman,IND,2024,17,0,0,0.0,0,0.0,0.0
M.Pittman,IND,2024,18,0,0,0.0,0,0.0,0.0
C.Johnson,CHI,2024,14,0,0,0.0,0,0.0,0.0
C.Johnson,CHI,2024,16,0,0,0.0,0,0.0,0.0
J.Jennings,SF,2024,1,0,0,0.0,0,0.0,0.0
J.Jennings,SF,2024,2,0,0,0.0,0,0.0,0.0
J.Jennings,SF,2024,3,0,0,0.0,0,0.0,0.0
J.Jennings,SF,2024,4,0,0,0.0,0,0.0,0.0
J.Jennings,SF,2024,5,0,0,0.0,0,0.0,0.0
J.Jennings,SF,2024,6,0,0,0.0,0,0.0,0.0
J.Jennings,SF,2024,10,0,0,0.0,0,0.0,0.0
J.Jennings,SF,2024,11,0,0,0.0,0,0.0,0.0
J.Jennings,SF,2024,12,0,0,0.0,0,0.0,0.0
J.Jennings,SF,2024,13,0,0,0.0,0,0.0,0.0
J.Jennings,SF,2024,14,0,0,0.0,0,0.0,0.0
J.Jennings,SF,2024,15,0,0,0.0,0,0.0,0.0
J.Jennings,SF,2024,16,0,0,0.0,0,0.0,0.0
J.Jennings,SF,2024,17,0,0,0.0,0,0.0,0.0
J.Jennings,SF,2024,18,0,0,0.0,0,0.0,0.0
B.Aiyuk,SF,2024,1,0,0,0.0,0,0.0,0.0
B.Aiyuk,SF,2024,2,0,0,0.0,0,0.0,0.0
B.Aiyuk,SF,2024,3,0,0,0.0,0,0.0,0.0
B.Aiyuk,SF,2024,4,0,0,0.0,0,0.0,0.0
B.Aiyuk,SF,2024,5,0,0,0.0,0,0.0,0.0
B.Aiyuk,SF,2024,6,0,0,0.0,0,0.0,0.0
B.Aiyuk,SF,2024,7,0,0,0.0,0,0.0,0.0
J.Love,GB,2024,1,17,34,260.0,2,1.0,1.0
J.Love,GB,2024,4,32,54,389.0,4,3.0,1.0
J.Love,GB,2024,5,15,26,224.0,2,1.0,2.0
J.Love,GB,2024,6,22,32,258.0,4,1.0,0.0
J.Love,GB,2024,7,24,33,220.0,3,2.0,3.0
J.Love,GB,2024,8,14,22,196.0,0,1.0,0.0
J.Love,GB,2024,9,23,39,273.0,0,1.0,0.0
J.Love,GB,2024,11,13,17,261.0,1,1.0,1.0
J.Love,GB,2024,12,13,23,163.0,2,0.0,2.0
J.Love,GB,2024,13,21,28,274.0,2,0.0,0.0
J.Love,GB,2024,14,12,20,206.0,1,0.0,1.0
J.Love,GB,2024,15,20,27,229.0,2,0.0,0.0
J.Love,GB,2024,16,16,28,182.0,1,0.0,0.0
J.Love,GB,2024,17,19,30,185.0,1,0.0,3.0
J.Love,GB,2024,18,7,12,69.0,0,0.0,0.0
J.Love,GB,2024,19,20,33,212.0,0,3.0,2.0
L.Shenault,SEA,2024,1,0,0,0.0,0,0.0,0.0
L.Shenault,SEA,2024,2,0,0,0.0,0,0.0,0.0
L.Shenault,SEA,2024,3,0,0,0.0,0,0.0,0.0
L.Shenault,SEA,2024,4,0,0,0.0,0,0.0,0.0
L.Shenault,SEA,2024,6,0,0,0.0,0,0.0,0.0
L.Shenault,SEA,2024,8,0,0,0.0,0,0.0,0.0
D.Swift,CHI,2024,1,0,0,0.0,0,0.0,0.0
D.Swift,CHI,2024,2,0,0,0.0,0,0.0,0.0
D.Swift,CHI,2024,3,0,0,0.0,0,0.0,0.0
D.Swift,CHI,2024,4,0,0,0.0,0,0.0,0.0
D.Swift,CHI,2024,5,0,0,0.0,0,0.0,0.0
D.Swift,CHI,2024,6,0,0,0.0,0,0.0,0.0
D.Swift,CHI,2024,8,0,0,0.0,0,0.0,0.0
D.Swift,CHI,2024,9,0,0,0.0,0,0.0,0.0
D.Swift,CHI,2024,10,0,0,0.0,0,0.0,0.0
D.Swift,CHI,2024,11,0,0,0.0,0,0.0,0.0
D.Swift,CHI,2024,12,0,0,0.0,0,0.0,0.0
D.Swift,CHI,2024,13,0,0,0.0,0,0.0,0.0
D.Swift,CHI,2024,14,0,0,0.0,0,0.0,0.0
D.Swift,CHI,2024,15,0,0,0.0,0,0.0,0.0
D.Swift,CHI,2024,16,0,0,0.0,0,0.0,0.0
D.Swift,CHI,2024,17,0,0,0.0,0,0.0,0.0
D.Swift,CHI,2024,18,0,0,0.0,0,0.0,0.0
C.Kmet,CHI,2024,1,0,0,0.0,0,0.0,0.0
C.Kmet,CHI,2024,2,0,0,0.0,0,0.0,0.0
C.Kmet,CHI,2024,3,0,0,0.0,0,0.0,0.0
C.Kmet,CHI,2024,4,0,0,0.0,0,0.0,0.0
C.Kmet,CHI,2024,5,0,0,0.0,0,0.0,0.0
C.Kmet,CHI,2024,6,0,0,0.0,0,0.0,0.0
C.Kmet,CHI,2024,8,0,0,0.0,0,0.0,0.0
C.Kmet,CHI,2024,10,0,0,0.0,0,0.0,0.0
C.Kmet,CHI,2024,11,0,0,0.0,0,0.0,0.0
C.Kmet,CHI,2024,12,0,0,0.0,0,0.0,0.0
C.Kmet,CHI,2024,13,0,0,0.0,0,0.0,0.0
C.Kmet,CHI,2024,15,0,0,0.0,0,0.0,0.0
C.Kmet,CHI,2024,16,0,0,0.0,0,0.0,0.0
C.Kmet,CHI,2024,18,0,0,0.0,0,0.0,0.0
D.Evans,CHI,2024,14,0,0,0.0,0,0.0,0.0
D.Mooney,ATL,2024,1,0,0,0.0,0,0.0,0.0
D.Mooney,ATL,2024,2,0,0,0.0,0,0.0,0.0
D.Mooney,ATL,2024,3,0,0,0.0,0,0.0,0.0
D.Mooney,ATL,2024,4,0,0,0.0,0,0.0,0.0
D.Mooney,ATL,2024,5,0,1,0.0,0,0.0,0.0
D.Mooney,ATL,2024,6,0,0,0.0,0,0.0,0.0
D.Mooney,ATL,2024,7,0,0,0.0,0,0.0,0.0
D.Mooney,ATL,2024,8,0,0,0.0,0,0.0,0.0
D.Mooney,ATL,2024,9,0,0,0.0,0,0.0,0.0
D.Mooney,ATL,2024,10,0,0,0.0,0,0.0,0.0
D.Mooney,ATL,2024,11,0,0,0.0,0,0.0,0.0
D.Mooney,ATL,2024,13,0,0,0.0,0,0.0,0.0
D.Mooney,ATL,2024,14,0,0,0.0,0,0.0,0.0
D.Mooney,ATL,2024,15,0,0,0.0,0,0.0,0.0
D.Mooney,ATL,2024,16,0,0,0.0,0,0.0,0.0
D.Mooney,ATL,2024,17,0,0,0.0,0,0.0,0.0
J.Jefferson,MIN,2024,1,0,0,0.0,0,0.0,0.0
J.Jefferson,MIN,2024,2,0,0,0.0,0,0.0,0.0
J.Jefferson,MIN,2024,3,0,0,0.0,0,0.0,0.0
J.Jefferson,MIN,2024,4,0,0,0.0,0,0.0,0.0
J.Jefferson,MIN,2024,5,0,0,0.0,0,0.0,0.0
J.Jefferson,MIN,2024,7,0,0,0.0,0,0.0,0.0
J.Jefferson,MIN,2024,8,0,0,0.0,0,0.0,0.0
J.Jefferson,MIN,2024,9,1,1,22.0,0,0.0,0.0
J.Jefferson,MIN,2024,10,0,0,0.0,0,0.0,0.0
J.Jefferson,MIN,2024,11,0,0,0.0,0,0.0,0.0
J.Jefferson,MIN,2024,12,0,0,0.0,0,0.0,0.0
J.Jefferson,MIN,2024,13,0,0,0.0,0,0.0,0.0
J.Jefferson,MIN,2024,14,0,0,0.0,0,0.0,0.0
J.Jefferson,MIN,2024,15,0,0,0.0,0,0.0,0.0
J.Jefferson,MIN,2024,16,0,0,0.0,0,0.0,0.0
J.Jefferson,MIN,2024,17,0,0,0.0,0,0.0,0.0
J.Jefferson,MIN,2024,18,0,0,0.0,0,0.0,0.0
J.Jefferson,MIN,2024,19,0,0,0.0,0,0.0,0.0
A.Gibson,NE,2024,1,0,0,0.0,0,0.0,0.0
A.Gibson,NE,2024,2,0,0,0.0,0,0.0,0.0
A.Gibson,NE,2024,3,0,0,0.0,0,0.0,0.0
A.Gibson,NE,2024,4,0,0,0.0,0,0.0,0.0
A.Gibson,NE,2024,5,0,0,0.0,0,0.0,0.0
A.Gibson,NE,2024,6,0,0,0.0,0,0.0,0.0
A.Gibson,NE,2024,7,0,0,0.0,0,0.0,0.0
A.Gibson,NE,2024,8,0,0,0.0,0,0.0,0.0
A.Gibson,NE,2024,9,0,0,0.0,0,0.0,0.0
A.Gibson,NE,2024,10,0,0,0.0,0,0.0,0.0
A.Gibson,NE,2024,11,0,0,0.0,0,0.0,0.0
A.Gibson,NE,2024,12,0,0,0.0,0,0.0,0.0
A.Gibson,NE,2024,13,0,0,0.0,0,0.0,0.0
A.Gibson,NE,2024,15,0,0,0.0,0,0.0,0.0
A.Gibson,NE,2024,16,0,0,0.0,0,0.0,0.0
A.Gibson,NE,2024,17,0,0,0.0,0,0.0,0.0
A.Gibson,NE,2024,18,0,0,0.0,0,0.0,0.0
A.Davis,NYJ,2024,15,0,0,0.0,0,0.0,0.0
D.Duvernay,JAX,2024,1,0,0,0.0,0,0.0,0.0
D.Duvernay,JAX,2024,2,0,0,0.0,0,0.0,0.0
D.Duvernay,JAX,2024,3,0,0,0.0,0,0.0,0.0
D.Duvernay,JAX,2024,5,0,0,0.0,0,0.0,0.0
D.Duvernay,JAX,2024,11,0,0,0.0,0,0.0,0.0
D.Duvernay,JAX,2024,13,0,0,0.0,0,0.0,0.0
D.Duvernay,JAX,2024,14,0,0,0.0,0,0.0,0.0
D.Duvernay,JAX,2024,15,0,0,0.0,0,0.0,0.0
D.Duvernay,JAX,2024,16,0,0,0.0,0,0.0,0.0
D.Duvernay,JAX,2024,17,0,0,0.0,0,0.0,0.0
J.Deguara,JAX,2024,3,0,0,0.0,0,0.0,0.0
J.Deguara,JAX,2024,5,0,0,0.0,0,0.0,0.0
J.Deguara,JAX,2024,16,0,0,0.0,0,0.0,0.0
K.Osborn,NE,2024,1,0,0,0.0,0,0.0,0.0
K.Osborn,NE,2024,2,0,0,0.0,0,0.0,0.0
K.Osborn,NE,2024,4,0,0,0.0,0,0.0,0.0
K.Osborn,NE,2024,7,0,0,0.0,0,0.0,0.0
K.Osborn,NE,2024,8,0,0,0.0,0,0.0,0.0
K.Osborn,NE,2024,10,0,0,0.0,0,0.0,0.0
J.Herbert,LAC,2024,1,17,26,144.0,1,0.0,1.0
J.Herbert,LAC,2024,2,14,20,130.0,2,1.0,1.0
J.Herbert,LAC,2024,3,12,18,125.0,1,0.0,2.0
J.Herbert,LAC,2024,4,16,27,179.0,1,0.0,2.0
J.Herbert,LAC,2024,6,21,34,237.0,1,0.0,3.0
J.Herbert,LAC,2024,7,27,39,349.0,0,0.0,3.0
J.Herbert,LAC,2024,8,20,32,279.0,2,0.0,3.0
J.Herbert,LAC,2024,9,18,27,282.0,2,0.0,6.0
J.Herbert,LAC,2024,10,14,18,164.0,1,0.0,0.0
J.Herbert,LAC,2024,11,17,36,297.0,2,0.0,2.0
J.Herbert,LAC,2024,12,21,36,218.0,0,0.0,4.0
J.Herbert,LAC,2024,13,16,23,147.0,0,0.0,5.0
J.Herbert,LAC,2024,14,21,30,213.0,1,0.0,3.0
J.Herbert,LAC,2024,15,21,33,195.0,2,1.0,3.0
J.Herbert,LAC,2024,16,23,31,284.0,2,1.0,2.0
J.Herbert,LAC,2024,17,26,38,281.0,3,0.0,0.0
J.Herbert,LAC,2024,18,28,36,346.0,2,0.0,1.0
J.Herbert,LAC,2024,19,14,32,242.0,1,4.0,4.0
C.Lamb,DAL,2024,1,0,0,0.0,0,0.0,0.0
C.Lamb,DAL,2024,2,0,0,0.0,0,0.0,0.0
C.Lamb,DAL,2024,3,0,0,0.0,0,0.0,0.0
C.Lamb,DAL,2024,4,0,0,0.0,0,0.0,0.0
C.Lamb,DAL,2024,5,0,0,0.0,0,0.0,0.0
C.Lamb,DAL,2024,6,0,0,0.0,0,0.0,0.0
C.Lamb,DAL,2024,8,0,0,0.0,0,0.0,0.0
C.Lamb,DAL,2024,9,0,0,0.0,0,0.0,0.0
C.Lamb,DAL,2024,10,0,0,0.0,0,0.0,0.0
C.Lamb,DAL,2024,11,0,0,0.0,0,0.0,0.0
C.Lamb,DAL,2024,12,0,0,0.0,0,0.0,0.0
C.Lamb,DAL,2024,13,0,0,0.0,0,0.0,0.0
C.Lamb,DAL,2024,14,0,0,0.0,0,0.0,0.0
C.Lamb,DAL,2024,15,0,0,0.0,0,0.0,0.0
C.Lamb,DAL,2024,16,0,0,0.0,0,0.0,0.0
C.Edwards-Helaire,NO,2024,17,0,0,0.0,0,0.0,0.0
C.Edwards-Helaire,NO,2024,18,0,0,0.0,0,0.0,0.0
J.Kelley,TEN,2024,18,0,0,0.0,0,0.0,0.0
J.Reagor,LAC,2024,7,0,0,0.0,0,0.0,0.0
J.Reagor,LAC,2024,8,0,0,0.0,0,0.0,0.0
J.Reagor,LAC,2024,9,0,0,0.0,0,0.0,0.0
J.Reagor,LAC,2024,10,0,0,0.0,0,0.0,0.0
J.Reagor,LAC,2024,11,0,0,0.0,0,0.0,0.0
J.Reagor,LAC,2024,12,0,0,0.0,0,0.0,0.0
J.Reagor,LAC,2024,14,0,0,0.0,0,0.0,0.0
J.Hurts,PHI,2024,1,20,34,278.0,2,2.0,2.0
J.Hurts,PHI,2024,2,23,30,183.0,1,1.0,1.0
J.Hurts,PHI,2024,3,29,38,311.0,0,1.0,4.0
J.Hurts,PHI,2024,4,18,30,158.0,1,0.0,6.0
J.Hurts,PHI,2024,6,16,25,264.0,2,0.0,1.0
J.Hurts,PHI,2024,7,10,14,114.0,1,0.0,4.0
J.Hurts,PHI,2024,8,16,20,236.0,1,0.0,0.0
J.Hurts,PHI,2024,9,18,24,230.0,2,0.0,3.0
J.Hurts,PHI,2024,10,14,20,202.0,2,1.0,5.0
J.Hurts,PHI,2024,11,18,28,221.0,0,0.0,2.0
J.Hurts,PHI,2024,12,15,22,179.0,1,0.0,1.0
J.Hurts,PHI,2024,13,11,19,118.0,1,0.0,2.0
J.Hurts,PHI,2024,14,14,21,108.0,2,0.0,4.0
J.Hurts,PHI,2024,15,25,32,290.0,2,0.0,3.0
J.Hurts,PHI,2024,16,1,4,11.0,0,0.0,0.0
J.Hurts,PHI,2024,19,13,21,131.0,2,0.0,2.0
J.Hurts,PHI,2024,20,15,20,128.0,0,0.0,7.0
J.Hurts,PHI,2024,21,20,28,246.0,1,0.0,2.0
J.Hurts,PHI,2024,22,17,22,221.0,2,1.0,2.0
J.Jeudy,CLE,2024,1,0,0,0.0,0,0.0,0.0
J.Jeudy,CLE,2024,2,0,0,0.0,0,0.0,0.0
J.Jeudy,CLE,2024,3,0,0,0.0,0,0.0,0.0
J.Jeudy,CLE,2024,4,0,0,0.0,0,0.0,0.0
J.Jeudy,CLE,2024,5,0,0,0.0,0,0.0,0.0
J.Jeudy,CLE,2024,6,0,0,0.0,0,0.0,0.0
J.Jeudy,CLE,2024,7,0,0,0.0,0,0.0,0.0
J.Jeudy,CLE,2024,8,0,0,0.0,0,0.0,0.0
J.Jeudy,CLE,2024,9,0,0,0.0,0,0.0,0.0
J.Jeudy,CLE,2024,11,0,0,0.0,0,0.0,0.0
J.Jeudy,CLE,2024,12,0,0,0.0,0,0.0,0.0
J.Jeudy,CLE,2024,13,0,0,0.0,0,0.0,0.0
J.Jeudy,CLE,2024,14,0,0,0.0,0,0.0,0.0
J.Jeudy,CLE,2024,15,0,0,0.0,0,0.0,0.0
J.Jeudy,CLE,2024,16,0,0,0.0,0,0.0,0.0
J.Jeudy,CLE,2024,17,0,0,0.0,0,0.0,0.0
J.Jeudy,CLE,2024,18,0,0,0.0,0,0.0,0.0
T.Higgins,CIN,2024,3,0,0,0.0,0,0.0,0.0
T.Higgins,CIN,2024,4,0,0,0.0,0,0.0,0.0
T.Higgins,CIN,2024,5,0,0,0.0,0,0.0,0.0
T.Higgins,CIN,2024,6,0,0,0.0,0,0.0,0.0
T.Higgins,CIN,2024,7,0,0,0.0,0,0.0,0.0
T.Higgins,CIN,2024,11,0,0,0.0,0,0.0,0.0
T.Higgins,CIN,2024,13,0,0,0.0,0,0.0,0.0
T.Higgins,CIN,2024,14,0,0,0.0,0,0.0,0.0
T.Higgins,CIN,2024,15,0,0,0.0,0,0.0,0.0
T.Higgins,CIN,2024,16,0,0,0.0,0,0.0,0.0
T.Higgins,CIN,2024,17,0,0,0.0,0,0.0,0.0
T.Higgins,CIN,2024,18,0,0,0.0,0,0.0,0.0
C.Akers,HOU,2024,2,0,0,0.0,0,0.0,0.0
C.Akers,HOU,2024,3,0,0,0.0,0,0.0,0.0
C.Akers,HOU,2024,4,0,0,0.0,0,0.0,0.0
C.Akers,HOU,2024,5,0,0,0.0,0,0.0,0.0
C.Akers,HOU,2024,6,0,0,0.0,0,0.0,0.0
C.Akers,MIN,2024,9,0,0,0.0,0,0.0,0.0
C.Akers,MIN,2024,10,0,0,0.0,0,0.0,0.0
C.Akers,MIN,2024,11,0,0,0.0,0,0.0,0.0
C.Akers,MIN,2024,12,0,0,0.0,0,0.0,0.0
C.Akers,MIN,2024,13,0,0,0.0,0,0.0,0.0
C.Akers,MIN,2024,14,0,0,0.0,0,0.0,0.0
C.Akers,MIN,2024,15,0,0,0.0,0,0.0,0.0
C.Akers,MIN,2024,16,0,0,0.0,0,0.0,0.0
C.Akers,MIN,2024,17,0,0,0.0,0,0.0,0.0
C.Akers,MIN,2024,18,0,0,0.0,0,0.0,0.0
C.Akers,MIN,2024,19,0,0,0.0,0,0.0,0.0
V.Jefferson,PIT,2024,1,0,0,0.0,0,0.0,0.0
V.Jefferson,PIT,2024,2,0,0,0.0,0,0.0,0.0
V.Jefferson,PIT,2024,4,0,0,0.0,0,0.0,0.0
V.Jefferson,PIT,2024,5,0,0,0.0,0,0.0,0.0
V.Jefferson,PIT,2024,7,0,0,0.0,0,0.0,0.0
V.Jefferson,PIT,2024,8,0,0,0.0,0,0.0,0.0
V.Jefferson,PIT,2024,10,0,0,0.0,0,0.0,0.0
V.Jefferson,PIT,2024,11,0,0,0.0,0,0.0,0.0
V.Jefferson,PIT,2024,12,0,0,0.0,0,0.0,0.0
V.Jefferson,PIT,2024,13,0,0,0.0,0,0.0,0.0
V.Jefferson,PIT,2024,14,0,0,0.0,0,0.0,0.0
V.Jefferson,PIT,2024,15,0,0,0.0,0,0.0,0.0
V.Jefferson,PIT,2024,16,0,0,0.0,0,0.0,0.0
V.Jefferson,PIT,2024,17,0,0,0.0,0,0.0,0.0
V.Jefferson,PIT,2024,18,0,0,0.0,0,0.0,0.0
V.Jefferson,PIT,2024,19,0,0,0.0,0,0.0,0.0
A.Trautman,DEN,2024,1,0,0,0.0,0,0.0,0.0
A.Trautman,DEN,2024,3,0,0,0.0,0,0.0,0.0
A.Trautman,DEN,2024,5,0,0,0.0,0,0.0,0.0
A.Trautman,DEN,2024,7,0,0,0.0,0,0.0,0.0
A.Trautman,DEN,2024,8,0,0,0.0,0,0.0,0.0
A.Trautman,DEN,2024,9,0,0,0.0,0,0.0,0.0
A.Trautman,DEN,2024,10,0,0,0.0,0,0.0,0.0
A.Trautman,DEN,2024,11,0,0,0.0,0,0.0,0.0
A.Trautman,DEN,2024,12,0,0,0.0,0,0.0,0.0
A.Trautman,DEN,2024,13,0,0,0.0,0,0.0,0.0
A.Trautman,DEN,2024,15,0,0,0.0,0,0.0,0.0
A.Trautman,DEN,2024,16,0,0,0.0,0,0.0,0.0
A.Trautman,DEN,2024,17,0,0,0.0,0,0.0,0.0
A.Trautman,DEN,2024,19,0,0,0.0,0,0.0,0.0
D.Dallas,ARI,2024,1,0,0,0.0,0,0.0,0.0
D.Dallas,ARI,2024,9,0,0,0.0,0,0.0,0.0
D.Dallas,ARI,2024,10,0,0,0.0,0,0.0,0.0
D.Dallas,ARI,2024,15,0,0,0.0,0,0.0,0.0
D.Dallas,ARI,2024,16,0,0,0.0,0,0.0,0.0
D.Dallas,ARI,2024,17,0,0,0.0,0,0.0,0.0
D.Dallas,ARI,2024,18,0,0,0.0,0,0.0,0.0
T.Johnson,LA,2024,1,0,0,0.0,0,0.0,0.0
T.Johnson,LA,2024,2,0,0,0.0,0,0.0,0.0
T.Johnson,LA,2024,3,0,0,0.0,0,0.0,0.0
T.Johnson,LA,2024,4,0,0,0.0,0,0.0,0.0
T.Johnson,LA,2024,7,0,0,0.0,0,0.0,0.0
T.Johnson,LA,2024,8,0,0,0.0,0,0.0,0.0
T.Johnson,LA,2024,9,0,0,0.0,0,0.0,0.0
T.Johnson,LA,2024,10,0,0,0.0,0,0.0,0.0
T.Johnson,LA,2024,12,0,0,0.0,0,0.0,0.0
T.Johnson,LA,2024,13,0,0,0.0,0,0.0,0.0
T.Johnson,LA,2024,18,0,0,0.0,0,0.0,0.0
C.Woerner,ATL,2024,1,0,0,0.0,0,0.0,0.0
C.Woerner,ATL,2024,8,0,0,0.0,0,0.0,0.0
C.Woerner,ATL,2024,10,0,0,0.0,0,0.0,0.0
C.Woerner,ATL,2024,13,0,0,0.0,0,0.0,0.0
C.Woerner,ATL,2024,14,0,0,0.0,0,0.0,0.0
C.Woerner,ATL,2024,15,0,0,0.0,0,0.0,0.0
C.Woerner,ATL,2024,16,0,0,0.0,0,0.0,0.0
C.Woerner,ATL,2024,17,0,0,0.0,0,0.0,0.0
S.Sullivan,CAR,2024,13,0,0,0.0,0,0.0,0.0
J.Burrow,CIN,2024,1,21,29,164.0,0,0.0,3.0
J.Burrow,CIN,2024,2,23,36,258.0,2,0.0,3.0
J.Burrow,CIN,2024,3,29,38,324.0,3,0.0,2.0
J.Burrow,CIN,2024,4,22,31,232.0,2,1.0,0.0
J.Burrow,CIN,2024,5,30,39,392.0,5,1.0,3.0
J.Burrow,CIN,2024,6,19,28,208.0,0,0.0,4.0
J.Burrow,CIN,2024,7,15,25,181.0,2,0.0,3.0
J.Burrow,CIN,2024,8,26,37,234.0,1,1.0,1.0
J.Burrow,CIN,2024,9,27,39,251.0,5,1.0,1.0
J.Burrow,CIN,2024,10,34,56,428.0,4,0.0,3.0
J.Burrow,CIN,2024,11,28,50,356.0,3,0.0,3.0
J.Burrow,CIN,2024,13,28,38,309.0,3,1.0,4.0
J.Burrow,CIN,2024,14,33,44,369.0,3,1.0,2.0
J.Burrow,CIN,2024,15,26,37,271.0,3,2.0,1.0
J.Burrow,CIN,2024,16,23,30,252.0,3,0.0,4.0
J.Burrow,CIN,2024,17,39,49,412.0,3,0.0,7.0
J.Burrow,CIN,2024,18,37,46,277.0,1,1.0,4.0
K.Vaughn,SF,2024,14,0,0,0.0,0,0.0,0.0
C.Blair,ATL,2024,16,0,0,0.0,0,0.0,0.0
C.Blair,ATL,2024,17,0,0,0.0,0,0.0,0.0
T.Jones,JAX,2024,8,0,0,0.0,0,0.0,0.0
T.Jones,JAX,2024,9,0,0,0.0,0,0.0,0.0
T.Jones,JAX,2024,17,0,0,0.0,0,0.0,0.0
K.Yeboah,NYJ,2024,9,0,0,0.0,0,0.0,0.0
K.Yeboah,NYJ,2024,10,0,0,0.0,0,0.0,0.0
K.Yeboah,NYJ,2024,11,0,0,0.0,0,0.0,0.0
K.Yeboah,NYJ,2024,16,0,0,0.0,0,0.0,0.0
K.Yeboah,NYJ,2024,17,0,0,0.0,0,0.0,0.0
K.Yeboah,NYJ,2024,18,0,0,0.0,0,0.0,0.0
D.Turner,LV,2024,1,0,0,0.0,0,0.0,0.0
D.Turner,LV,2024,2,0,0,0.0,0,0.0,0.0
D.Turner,LV,2024,4,0,0,0.0,0,0.0,0.0
D.Turner,LV,2024,5,0,0,0.0,0,0.0,0.0
D.Turner,LV,2024,6,0,0,0.0,0,0.0,0.0
D.Turner,LV,2024,7,0,0,0.0,0,0.0,0.0
D.Turner,LV,2024,8,0,0,0.0,0,0.0,0.0
D.Turner,LV,2024,11,0,0,0.0,0,0.0,0.0
D.Turner,LV,2024,12,0,0,0.0,0,0.0,0.0
D.Turner,LV,2024,13,0,0,0.0,0,0.0,0.0
S.Zylstra,DET,2024,11,0,0,0.0,0,0.0,0.0
R.Bateman,BAL,2024,1,0,0,0.0,0,0.0,0.0
R.Bateman,BAL,2024,2,0,0,0.0,0,0.0,0.0
R.Bateman,BAL,2024,3,0,0,0.0,0,0.0,0.0
R.Bateman,BAL,2024,4,0,0,0.0,0,0.0,0.0
R.Bateman,BAL,2024,5,0,0,0.0,0,0.0,0.0
R.Bateman,BAL,2024,6,0,0,0.0,0,0.0,0.0
R.Bateman,BAL,2024,7,0,0,0.0,0,0.0,0.0
R.Bateman,BAL,2024,8,0,0,0.0,0,0.0,0.0
R.Bateman,BAL,2024,9,0,0,0.0,0,0.0,0.0
R.Bateman,BAL,2024,10,0,0,0.0,0,0.0,0.0
R.Bateman,BAL,2024,11,0,0,0.0,0,0.0,0.0
R.Bateman,BAL,2024,12,0,0,0.0,0,0.0,0.0
R.Bateman,BAL,2024,15,0,0,0.0,0,0.0,0.0
R.Bateman,BAL,2024,16,0,0,0.0,0,0.0,0.0
R.Bateman,BAL,2024,17,0,0,0.0,0,0.0,0.0
R.Bateman,BAL,2024,18,0,0,0.0,0,0.0,0.0
R.Bateman,BAL,2024,19,0,0,0.0,0,0.0,0.0
R.Bateman,BAL,2024,20,0,0,0.0,0,0.0,0.0
N.Collins,HOU,2024,1,0,0,0.0,0,0.0,0.0
N.Collins,HOU,2024,2,0,0,0.0,0,0.0,0.0
N.Collins,HOU,2024,3,0,0,0.0,0,0.0,0.0
N.Collins,HOU,2024,4,0,0,0.0,0,0.0,0.0
N.Collins,HOU,2024,5,0,0,0.0,0,0.0,0.0
N.Collins,HOU,2024,11,0,0,0.0,0,0.0,0.0
N.Collins,HOU,2024,12,0,0,0.0,0,0.0,0.0
N.Collins,HOU,2024,13,0,0,0.0,0,0.0,0.0
N.Collins,HOU,2024,15,0,0,0.0,0,0.0,0.0
N.Collins,HOU,2024,16,0,0,0.0,0,0.0,0.0
N.Collins,HOU,2024,17,0,0,0.0,0,0.0,0.0
N.Collins,HOU,2024,18,0,0,0.0,0,0.0,0.0
N.Collins,HOU,2024,19,0,0,0.0,0,0.0,0.0
N.Collins,HOU,2024,20,0,0,0.0,0,0.0,0.0
C.Hubbard,CAR,2024,1,0,0,0.0,0,0.0,0.0
C.Hubbard,CAR,2024,2,0,0,0.0,0,0.0,0.0
C.Hubbard,CAR,2024,3,0,0,0.0,0,0.0,0.0
C.Hubbard,CAR,2024,4,0,0,0.0,0,0.0,0.0
C.Hubbard,CAR,2024,5,0,0,0.0,0,0.0,0.0
C.Hubbard,CAR,2024,6,0,0,0.0,0,0.0,0.0
C.Hubbard,CAR,2024,7,0,0,0.0,0,0.0,0.0
C.Hubbard,CAR,2024,8,0,0,0.0,0,0.0,0.0
C.Hubbard,CAR,2024,9,0,0,0.0,0,0.0,0.0
C.Hubbard,CAR,2024,10,0,0,0.0,0,0.0,0.0
C.Hubbard,CAR,2024,12,0,0,0.0,0,0.0,0.0
C.Hubbard,CAR,2024,13,0,0,0.0,0,0.0,0.0
C.Hubbard,CAR,2024,14,0,0,0.0,0,0.0,0.0
C.Hubbard,CAR,2024,15,0,0,0.0,0,0.0,0.0
C.Hubbard,CAR,2024,16,0,0,0.0,0,0.0,0.0
B.Jordan,HOU,2024,1,0,0,0.0,0,0.0,0.0
B.Jordan,HOU,2024,2,0,0,0.0,0,0.0,0.0
D.Lenoir,SF,2024,5,0,0,0.0,0,0.0,0.0
Q.Morris,BUF,2024,9,0,0,0.0,0,0.0,0.0
Q.Morris,BUF,2024,11,0,0,0.0,0,0.0,0.0
Q.Morris,BUF,2024,13,0,0,0.0,0,0.0,0.0
Q.Morris,BUF,2024,17,0,0,0.0,0,0.0,0.0
Q.Morris,BUF,2024,18,0,0,0.0,0,0.0,0.0
J.Waddle,MIA,2024,1,0,0,0.0,0,0.0,0.0
J.Waddle,MIA,2024,2,0,0,0.0,0,0.0,0.0
J.Waddle,MIA,2024,3,0,0,0.0,0,0.0,0.0
J.Waddle,MIA,2024,4,0,0,0.0,0,0.0,0.0
J.Waddle,MIA,2024,5,0,0,0.0,0,0.0,0.0
J.Waddle,MIA,2024,7,0,0,0.0,0,0.0,0.0
J.Waddle,MIA,2024,8,0,0,0.0,0,0.0,0.0
J.Waddle,MIA,2024,9,0,0,0.0,0,0.0,0.0
J.Waddle,MIA,2024,10,0,0,0.0,0,0.0,0.0
J.Waddle,MIA,2024,11,0,0,0.0,0,0.0,0.0
J.Waddle,MIA,2024,12,0,0,0.0,0,0.0,0.0
J.Waddle,MIA,2024,13,0,0,0.0,0,0.0,0.0
J.Waddle,MIA,2024,14,0,0,0.0,0,0.0,0.0
J.Waddle,MIA,2024,15,0,0,0.0,0,0.0,0.0
J.Waddle,MIA,2024,18,0,0,0.0,0,0.0,0.0
D.Eskridge,MIA,2024,3,0,0,0.0,0,0.0,0.0
D.Eskridge,MIA,2024,8,0,0,0.0,0,0.0,0.0
D.Eskridge,MIA,2024,17,0,0,0.0,0,0.0,0.0
D.Brown,WAS,2024,2,0,0,0.0,0,0.0,0.0
D.Brown,WAS,2024,3,0,0,0.0,0,0.0,0.0
D.Brown,WAS,2024,4,0,0,0.0,0,0.0,0.0
D.Brown,WAS,2024,5,0,0,0.0,0,0.0,0.0
D.Brown,WAS,2024,6,0,0,0.0,0,0.0,0.0
D.Brown,WAS,2024,7,0,0,0.0,0,0.0,0.0
D.Brown,WAS,2024,8,0,0,0.0,0,0.0,0.0
D.Brown,WAS,2024,9,0,0,0.0,0,0.0,0.0
D.Brown,WAS,2024,10,0,0,0.0,0,0.0,0.0
D.Brown,WAS,2024,11,0,0,0.0,0,0.0,0.0
D.Brown,WAS,2024,12,0,0,0.0,0,0.0,0.0
D.Brown,WAS,2024,13,0,0,0.0,0,0.0,0.0
D.Brown,WAS,2024,15,0,0,0.0,0,0.0,0.0
D.Brown,WAS,2024,16,0,0,0.0,0,0.0,0.0
D.Brown,WAS,2024,18,0,1,0.0,0,0.0,0.0
D.Brown,WAS,2024,19,0,0,0.0,0,0.0,0.0
D.Brown,WAS,2024,20,0,0,0.0,0,0.0,0.0
D.Brown,WAS,2024,21,0,0,0.0,0,0.0,0.0
J.Bates,WAS,2024,1,0,0,0.0,0,0.0,0.0
J.Bates,WAS,2024,2,0,0,0.0,0,0.0,0.0
J.Bates,WAS,2024,4,0,0,0.0,0,0.0,0.0
J.Bates,WAS,2024,8,0,0,0.0,0,0.0,0.0
J.Bates,WAS,2024,11,0,0,0.0,0,0.0,0.0
J.Bates,WAS,2024,12,0,0,0.0,0,0.0,0.0
J.Bates,WAS,2024,15,0,0,0.0,0,0.0,0.0
J.Bates,WAS,2024,16,0,0,0.0,0,0.0,0.0
J.Bates,WAS,2024,17,0,0,0.0,0,0.0,0.0
J.Bates,WAS,2024,18,0,0,0.0,0,0.0,0.0
J.Bates,WAS,2024,19,0,0,0.0,0,0.0,0.0
J.Bates,WAS,2024,20,0,0,0.0,0,0.0,0.0
J.Bates,WAS,2024,21,0,0,0.0,0,0.0,0.0
T.Wallace,BAL,2024,5,0,0,0.0,0,0.0,0.0
T.Wallace,BAL,2024,10,0,0,0.0,0,0.0,0.0
T.Wallace,BAL,2024,11,0,0,0.0,0,0.0,0.0
T.Wallace,BAL,2024,12,0,0,0.0,0,0.0,0.0
T.Wallace,BAL,2024,13,0,0,0.0,0,0.0,0.0
T.Wallace,BAL,2024,15,0,0,0.0,0,0.0,0.0
T.Wallace,BAL,2024,17,0,0,0.0,0,0.0,0.0
T.Wallace,BAL,2024,18,0,0,0.0,0,0.0,0.0
T.Wallace,BAL,2024,19,0,0,0.0,0,0.0,0.0
T.Wallace,BAL,2024,20,0,0,0.0,0,0.0,0.0
I.Smith-Marsette,NYG,2024,17,0,0,0.0,0,0.0,0.0
N.Gray,KC,2024,1,0,0,0.0,0,0.0,0.0
N.Gray,KC,2024,3,0,0,0.0,0,0.0,0.0
N.Gray,KC,2024,4,0,0,0.0,0,0.0,0.0
N.Gray,KC,2024,5,0,0,0.0,0,0.0,0.0
N.Gray,KC,2024,7,0,0,0.0,0,0.0,0.0
N.Gray,KC,2024,8,0,0,0.0,0,0.0,0.0
N.Gray,KC,2024,9,0,0,0.0,0,0.0,0.0
N.Gray,KC,2024,10,0,0,0.0,0,0.0,0.0
N.Gray,KC,2024,11,0,0,0.0,0,0.0,0.0
N.Gray,KC,2024,12,0,0,0.0,0,0.0,0.0
N.Gray,KC,2024,13,0,0,0.0,0,0.0,0.0
N.Gray,KC,2024,14,0,0,0.0,0,0.0,0.0
N.Gray,KC,2024,15,0,0,0.0,0,0.0,0.0
N.Gray,KC,2024,16,0,0,0.0,0,0.0,0.0
N.Gray,KC,2024,17,0,0,0.0,0,0.0,0.0
N.Gray,KC,2024,18,0,0,0.0,0,0.0,0.0
N.Gray,KC,2024,20,0,0,0.0,0,0.0,0.0
N.Gray,KC,2024,22,0,0,0.0,0,0.0,0.0
Z.Davidson,BUF,2024,11,0,0,0.0,0,0.0,0.0
Z.Davidson,BUF,2024,13,0,0,0.0,0,0.0,0.0
S.Fehoko,LAC,2024,3,0,0,0.0,0,0.0,0.0
S.Fehoko,LAC,2024,6,0,0,0.0,0,0.0,0.0
S.Fehoko,LAC,2024,7,0,0,0.0,0,0.0,0.0
S.Fehoko,LAC,2024,8,0,0,0.0,0,0.0,0.0
S.Fehoko,LAC,2024,9,0,0,0.0,0,0.0,0.0
J.Jefferson,DET,2024,16,0,0,0.0,0,0.0,0.0
J.Jefferson,DET,2024,17,0,0,0.0,0,0.0,0.0
A.Prentice,NO,2024,2,0,0,0.0,0,0.0,0.0
A.Prentice,NO,2024,8,0,0,0.0,0,0.0,0.0
A.Prentice,NO,2024,9,0,0,0.0,0,0.0,0.0
A.Prentice,NO,2024,17,0,0,0.0,0,0.0,0.0
J.Stoll,PHI,2024,4,0,0,0.0,0,0.0,0.0
J.Stoll,PHI,2024,8,0,0,0.0,0,0.0,0.0
B.Wright,DET,2024,1,0,0,0.0,0,0.0,0.0
B.Wright,DET,2024,3,0,0,0.0,0,0.0,0.0
B.Wright,DET,2024,4,0,0,0.0,0,0.0,0.0
B.Wright,DET,2024,6,0,0,0.0,0,0.0,0.0
B.Wright,DET,2024,8,0,0,0.0,0,0.0,0.0
B.Wright,DET,2024,9,0,0,0.0,0,0.0,0.0
B.Wright,DET,2024,11,0,0,0.0,0,0.0,0.0
B.Wright,DET,2024,12,0,0,0.0,0,0.0,0.0
B.Wright,DET,2024,13,0,0,0.0,0,0.0,0.0
B.Wright,DET,2024,14,0,0,0.0,0,0.0,0.0
F.Franks,CAR,2024,4,0,0,0.0,0,0.0,0.0
F.Franks,CAR,2024,13,0,0,0.0,0,0.0,0.0
F.Franks,CAR,2024,18,0,0,0.0,0,0.0,0.0
A.Trammell,JAX,2024,9,0,0,0.0,0,0.0,0.0
K.Nwangwu,NYJ,2024,13,0,0,0.0,0,0.0,0.0
T.Atwell,LA,2024,2,0,0,0.0,0,0.0,0.0
T.Atwell,LA,2024,3,0,1,0.0,0,0.0,0.0
T.Atwell,LA,2024,4,0,0,0.0,0,0.0,0.0
T.Atwell,LA,2024,5,0,0,0.0,0,0.0,0.0
T.Atwell,LA,2024,7,0,0,0.0,0,0.0,0.0
T.Atwell,LA,2024,8,0,0,0.0,0,0.0,0.0
T.Atwell,LA,2024,9,0,0,0.0,0,0.0,0.0
T.Atwell,LA,2024,10,0,0,0.0,0,0.0,0.0
T.Atwell,LA,2024,11,0,0,0.0,0,0.0,0.0
T.Atwell,LA,2024,12,0,0,0.0,0,0.0,0.0
T.Atwell,LA,2024,13,0,0,0.0,0,0.0,0.0
T.Atwell,LA,2024,14,0,0,0.0,0,0.0,0.0
T.Atwell,LA,2024,15,0,0,0.0,0,0.0,0.0
T.Atwell,LA,2024,16,0,0,0.0,0,0.0,0.0
T.Atwell,LA,2024,18,0,0,0.0,0,0.0,0.0
T.Atwell,LA,2024,20,0,0,0.0,0,0.0,0.0
B.Skowronek,PIT,2024,11,0,0,0.0,0,0.0,0.0
B.Skowronek,PIT,2024,13,0,0,0.0,0,0.0,0.0
B.Skowronek,PIT,2024,15,0,0,0.0,0,0.0,0.0
B.Skowronek,PIT,2024,16,0,0,0.0,0,0.0,0.0
R.Stevenson,NE,2024,1,0,0,0.0,0,0.0,0.0
R.Stevenson,NE,2024,2,0,0,0.0,0,0.0,0.0
R.Stevenson,NE,2024,3,0,0,0.0,0,0.0,0.0
R.Stevenson,NE,2024,4,0,0,0.0,0,0.0,0.0
R.Stevenson,NE,2024,5,0,0,0.0,0,0.0,0.0
R.Stevenson,NE,2024,7,0,0,0.0,0,0.0,0.0
R.Stevenson,NE,2024,8,0,0,0.0,0,0.0,0.0
R.Stevenson,NE,2024,9,0,0,0.0,0,0.0,0.0
R.Stevenson,NE,2024,10,0,0,0.0,0,0.0,0.0
R.Stevenson,NE,2024,11,0,0,0.0,0,0.0,0.0
R.Stevenson,NE,2024,12,0,0,0.0,0,0.0,0.0
R.Stevenson,NE,2024,13,0,0,0.0,0,0.0,0.0
R.Stevenson,NE,2024,15,0,0,0.0,0,0.0,0.0
R.Stevenson,NE,2024,16,0,0,0.0,0,0.0,0.0
R.Stevenson,NE,2024,17,0,0,0.0,0,0.0,0.0
K.Granson,IND,2024,1,0,0,0.0,0,0.0,0.0
K.Granson,IND,2024,2,0,0,0.0,0,0.0,0.0
K.Granson,IND,2024,3,0,0,0.0,0,0.0,0.0
K.Granson,IND,2024,6,0,0,0.0,0,0.0,0.0
K.Granson,IND,2024,7,0,0,0.0,0,0.0,0.0
K.Granson,IND,2024,8,0,0,0.0,0,0.0,0.0
K.Granson,IND,2024,9,0,0,0.0,0,0.0,0.0
K.Granson,IND,2024,10,0,0,0.0,0,0.0,0.0
K.Granson,IND,2024,11,0,0,0.0,0,0.0,0.0
K.Granson,IND,2024,12,0,0,0.0,0,0.0,0.0
K.Granson,IND,2024,13,0,0,0.0,0,0.0,0.0
K.Granson,IND,2024,15,0,0,0.0,0,0.0,0.0
K.Granson,IND,2024,17,0,0,0.0,0,0.0,0.0
K.Granson,IND,2024,18,0,0,0.0,0,0.0,0.0
J.Darden,CLE,2024,6,0,0,0.0,0,0.0,0.0
P.Sewell,DET,2024,13,0,0,0.0,0,0.0,1.0
L.Farrell,JAX,2024,2,0,0,0.0,0,0.0,0.0
L.Farrell,JAX,2024,3,0,0,0.0,0,0.0,0.0
L.Farrell,JAX,2024,4,0,0,0.0,0,0.0,0.0
L.Farrell,JAX,2024,5,0,0,0.0,0,0.0,0.0
L.Farrell,JAX,2024,9,0,0,0.0,0,0.0,0.0
L.Farrell,JAX,2024,10,0,0,0.0,0,0.0,0.0
L.Farrell,JAX,2024,11,0,0,0.0,0,0.0,0.0
L.Farrell,JAX,2024,13,0,0,0.0,0,0.0,0.0
L.Farrell,JAX,2024,16,0,0,0.0,0,0.0,0.0
L.Farrell,JAX,2024,18,0,0,0.0,0,0.0,0.0
N.Harris,PIT,2024,1,0,0,0.0,0,0.0,0.0
N.Harris,PIT,2024,2,0,0,0.0,0,0.0,0.0
N.Harris,PIT,2024,3,0,0,0.0,0,0.0,0.0
N.Harris,PIT,2024,4,0,0,0.0,0,0.0,0.0
N.Harris,PIT,2024,5,0,0,0.0,0,0.0,0.0
N.Harris,PIT,2024,6,0,0,0.0,0,0.0,0.0
N.Harris,PIT,2024,7,0,0,0.0,0,0.0,0.0
N.Harris,PIT,2024,8,0,0,0.0,0,0.0,0.0
N.Harris,PIT,2024,10,0,0,0.0,0,0.0,0.0
N.Harris,PIT,2024,11,0,0,0.0,0,0.0,0.0
N.Harris,PIT,2024,12,0,0,0.0,0,0.0,0.0
N.Harris,PIT,2024,13,0,0,0.0,0,0.0,0.0
N.Harris,PIT,2024,14,0,0,0.0,0,0.0,0.0
N.Harris,PIT,2024,15,0,0,0.0,0,0.0,0.0
N.Harris,PIT,2024,16,0,0,0.0,0,0.0,0.0
N.Harris,PIT,2024,17,0,0,0.0,0,0.0,0.0
N.Harris,PIT,2024,18,0,0,0.0,0,0.0,0.0
N.Harris,PIT,2024,19,0,0,0.0,0,0.0,0.0
P.Freiermuth,PIT,2024,1,0,0,0.0,0,0.0,0.0
P.Freiermuth,PIT,2024,2,0,0,0.0,0,0.0,0.0
P.Freiermuth,PIT,2024,3,0,0,0.0,0,0.0,0.0
P.Freiermuth,PIT,2024,4,0,0,0.0,0,0.0,0.0
P.Freiermuth,PIT,2024,5,0,0,0.0,0,0.0,0.0
P.Freiermuth,PIT,2024,6,0,0,0.0,0,0.0,0.0
P.Freiermuth,PIT,2024,7,0,0,0.0,0,0.0,0.0
P.Freiermuth,PIT,2024,8,0,0,0.0,0,0.0,0.0
P.Freiermuth,PIT,2024,10,0,0,0.0,0,0.0,0.0
P.Freiermuth,PIT,2024,11,0,0,0.0,0,0.0,0.0
P.Freiermuth,PIT,2024,12,0,0,0.0,0,0.0,0.0
P.Freiermuth,PIT,2024,13,0,0,0.0,0,0.0,0.0
P.Freiermuth,PIT,2024,14,0,0,0.0,0,0.0,0.0
P.Freiermuth,PIT,2024,15,0,0,0.0,0,0.0,0.0
P.Freiermuth,PIT,2024,16,0,0,0.0,0,0.0,0.0
P.Freiermuth,PIT,2024,17,0,0,0.0,0,0.0,0.0
P.Freiermuth,PIT,2024,18,0,0,0.0,0,0.0,0.0
P.Freiermuth,PIT,2024,19,0,0,0.0,0,0.0,0.0
D.Mills,HOU,2024,3,7,12,79.0,0,0.0,1.0
D.Mills,HOU,2024,6,0,1,0.0,0,0.0,0.0
D.Mills,HOU,2024,17,1,1,5.0,0,0.0,0.0
D.Mills,HOU,2024,18,12,22,128.0,0,0.0,1.0
J.Chase,CIN,2024,1,0,0,0.0,0,0.0,0.0
J.Chase,CIN,2024,2,0,0,0.0,0,0.0,0.0
J.Chase,CIN,2024,3,0,0,0.0,0,0.0,0.0
J.Chase,CIN,2024,4,0,0,0.0,0,0.0,0.0
J.Chase,CIN,2024,5,0,0,0.0,0,0.0,0.0
J.Chase,CIN,2024,6,0,0,0.0,0,0.0,0.0
J.Chase,CIN,2024,7,0,0,0.0,0,0.0,0.0
J.Chase,CIN,2024,8,0,0,0.0,0,0.0,0.0
J.Chase,CIN,2024,9,0,0,0.0,0,0.0,0.0
J.Chase,CIN,2024,10,0,0,0.0,0,0.0,0.0
J.Chase,CIN,2024,11,0,0,0.0,0,0.0,0.0
J.Chase,CIN,2024,13,0,0,0.0,0,0.0,0.0
J.Chase,CIN,2024,14,0,0,0.0,0,0.0,0.0
J.Chase,CIN,2024,15,0,0,0.0,0,0.0,0.0
J.Chase,CIN,2024,16,0,0,0.0,0,0.0,0.0
J.Chase,CIN,2024,17,0,0,0.0,0,0.0,0.0
J.Chase,CIN,2024,18,0,0,0.0,0,0.0,0.0
K.Herbert,CHI,2024,1,0,0,0.0,0,0.0,0.0
K.Herbert,CHI,2024,2,0,0,0.0,0,0.0,0.0
K.Herbert,CHI,2024,3,0,0,0.0,0,0.0,0.0
K.Herbert,CIN,2024,13,0,0,0.0,0,0.0,0.0
K.Herbert,CIN,2024,14,0,0,0.0,0,0.0,0.0
K.Herbert,CIN,2024,15,0,0,0.0,0,0.0,0.0
K.Herbert,CIN,2024,17,0,0,0.0,0,0.0,0.0
K.Herbert,CIN,2024,18,0,0,0.0,0,0.0,0.0
D.Smith,PHI,2024,1,0,0,0.0,0,0.0,0.0
D.Smith,PHI,2024,2,0,0,0.0,0,0.0,0.0
D.Smith,PHI,2024,3,0,0,0.0,0,0.0,0.0
D.Smith,PHI,2024,6,0,0,0.0,0,0.0,0.0
D.Smith,PHI,2024,7,0,0,0.0,0,0.0,0.0
D.Smith,PHI,2024,8,0,0,0.0,0,0.0,0.0
D.Smith,PHI,2024,9,0,0,0.0,0,0.0,0.0
D.Smith,PHI,2024,10,0,0,0.0,0,0.0,0.0
D.Smith,PHI,2024,11,0,0,0.0,0,0.0,0.0
D.Smith,PHI,2024,14,0,0,0.0,0,0.0,0.0
D.Smith,PHI,2024,15,0,0,0.0,0,0.0,0.0
D.Smith,PHI,2024,16,0,0,0.0,0,0.0,0.0
D.Smith,PHI,2024,17,0,0,0.0,0,0.0,0.0
D.Smith,PHI,2024,19,0,0,0.0,0,0.0,0.0
D.Smith,PHI,2024,20,0,0,0.0,0,0.0,0.0
D.Smith,PHI,2024,21,0,0,0.0,0,0.0,0.0
D.Smith,PHI,2024,22,0,0,0.0,0,0.0,0.0
K.Toney,CLE,2024,11,0,0,0.0,0,0.0,0.0
K.Toney,CLE,2024,13,0,0,0.0,0,0.0,0.0
K.Gainwell,PHI,2024,1,0,0,0.0,0,0.0,0.0
K.Gainwell,PHI,2024,2,0,0,0.0,0,0.0,0.0
K.Gainwell,PHI,2024,3,0,0,0.0,0,0.0,0.0
K.Gainwell,PHI,2024,4,0,0,0.0,0,0.0,0.0
K.Gainwell,PHI,2024,6,0,0,0.0,0,0.0,0.0
K.Gainwell,PHI,2024,7,0,0,0.0,0,0.0,0.0
K.Gainwell,PHI,2024,8,0,0,0.0,0,0.0,0.0
K.Gainwell,PHI,2024,9,0,0,0.0,0,0.0,0.0
K.Gainwell,PHI,2024,10,0,0,0.0,0,0.0,0.0
K.Gainwell,PHI,2024,11,0,0,0.0,0,0.0,0.0
K.Gainwell,PHI,2024,12,0,0,0.0,0,0.0,0.0
K.Gainwell,PHI,2024,14,0,0,0.0,0,0.0,0.0
K.Gainwell,PHI,2024,15,0,0,0.0,0,0.0,0.0
K.Gainwell,PHI,2024,16,0,0,0.0,0,0.0,0.0
K.Gainwell,PHI,2024,17,0,0,0.0,0,0.0,0.0
K.Gainwell,PHI,2024,18,0,0,0.0,0,0.0,0.0
K.Gainwell,PHI,2024,19,0,0,0.0,0,0.0,0.0
K.Gainwell,PHI,2024,20,0,0,0.0,0,0.0,0.0
K.Gainwell,PHI,2024,21,0,0,0.0,0,0.0,0.0
K.Gainwell,PHI,2024,22,0,0,0.0,0,0.0,0.0
M.Carter,ARI,2024,16,0,0,0.0,0,0.0,0.0
M.Carter,ARI,2024,17,0,0,0.0,0,0.0,0.0
M.Carter,ARI,2024,18,0,0,0.0,0,0.0,0.0
K.Trask,TB,2024,1,0,0,0.0,0,0.0,0.0
K.Trask,TB,2024,13,1,1,5.0,0,0.0,0.0
K.Trask,TB,2024,17,0,0,0.0,0,0.0,0.0
J.Fields,PIT,2024,1,17,23,156.0,0,0.0,2.0
J.Fields,PIT,2024,2,13,20,117.0,1,0.0,2.0
J.Fields,PIT,2024,3,25,32,245.0,1,1.0,2.0
J.Fields,PIT,2024,4,22,34,312.0,1,0.0,4.0
J.Fields,PIT,2024,5,15,27,131.0,2,0.0,3.0
J.Fields,PIT,2024,6,14,24,145.0,0,0.0,3.0
J.Fields,PIT,2024,11,0,0,0.0,0,0.0,0.0
J.Fields,PIT,2024,12,0,1,0.0,0,0.0,0.0
J.Fields,PIT,2024,13,0,0,0.0,0,0.0,0.0
J.Fields,PIT,2024,15,0,0,0.0,0,0.0,0.0
J.Fields,PIT,2024,19,0,1,0.0,0,0.0,0.0
T.Marshall,LV,2024,13,0,0,0.0,0,0.0,0.0
T.Marshall,LV,2024,14,0,0,0.0,0,0.0,0.0
T.Marshall,LV,2024,15,0,0,0.0,0,0.0,0.0
T.Marshall,LV,2024,16,0,0,0.0,0,0.0,0.0
T.Marshall,LV,2024,17,0,0,0.0,0,0.0,0.0
A.St. Brown,DET,2024,1,0,0,0.0,0,0.0,0.0
A.St. Brown,DET,2024,2,0,0,0.0,0,0.0,0.0
A.St. Brown,DET,2024,3,0,0,0.0,0,0.0,0.0
A.St. Brown,DET,2024,4,1,1,7.0,1,0.0,0.0
A.St. Brown,DET,2024,6,0,0,0.0,0,0.0,0.0
A.St. Brown,DET,2024,7,0,0,0.0,0,0.0,0.0
A.St. Brown,DET,2024,8,0,0,0.0,0,0.0,0.0
A.St. Brown,DET,2024,9,0,0,0.0,0,0.0,0.0
A.St. Brown,DET,2024,10,0,0,0.0,0,0.0,0.0
A.St. Brown,DET,2024,11,0,0,0.0,0,0.0,0.0
A.St. Brown,DET,2024,12,0,0,0.0,0,0.0,0.0
A.St. Brown,DET,2024,13,0,0,0.0,0,0.0,0.0
A.St. Brown,DET,2024,14,0,0,0.0,0,0.0,0.0
A.St. Brown,DET,2024,15,0,0,0.0,0,0.0,0.0
A.St. Brown,DET,2024,16,0,0,0.0,0,0.0,0.0
A.St. Brown,DET,2024,17,0,0,0.0,0,0.0,0.0
A.St. Brown,DET,2024,18,0,0,0.0,0,0.0,0.0
A.St. Brown,DET,2024,20,0,0,0.0,0,0.0,0.0
K.Pitts,ATL,2024,1,0,0,0.0,0,0.0,0.0
K.Pitts,ATL,2024,2,0,0,0.0,0,0.0,0.0
K.Pitts,ATL,2024,3,0,0,0.0,0,0.0,0.0
K.Pitts,ATL,2024,4,0,0,0.0,0,0.0,0.0
K.Pitts,ATL,2024,5,0,0,0.0,0,0.0,0.0
K.Pitts,ATL,2024,6,0,0,0.0,0,0.0,0.0
K.Pitts,ATL,2024,7,0,0,0.0,0,0.0,0.0
K.Pitts,ATL,2024,8,0,0,0.0,0,0.0,0.0
K.Pitts,ATL,2024,9,0,0,0.0,0,0.0,0.0
K.Pitts,ATL,2024,10,0,0,0.0,0,0.0,0.0
K.Pitts,ATL,2024,11,0,0,0.0,0,0.0,0.0
K.Pitts,ATL,2024,13,0,0,0.0,0,0.0,0.0
K.Pitts,ATL,2024,14,0,0,0.0,0,0.0,0.0
K.Pitts,ATL,2024,15,0,0,0.0,0,0.0,0.0
K.Pitts,ATL,2024,16,0,0,0.0,0,0.0,0.0
K.Pitts,ATL,2024,17,0,0,0.0,0,0.0,0.0
K.Pitts,ATL,2024,18,0,0,0.0,0,0.0,0.0
T.Lawrence,JAX,2024,1,12,21,162.0,1,0.0,3.0
T.Lawrence,JAX,2024,2,14,30,220.0,0,0.0,4.0
T.Lawrence,JAX,2024,3,21,38,178.0,1,1.0,4.0
T.Lawrence,JAX,2024,4,18,33,169.0,2,0.0,1.0
T.Lawrence,JAX,2024,5,28,34,371.0,2,1.0,0.0
T.Lawrence,JAX,2024,6,23,35,234.0,2,1.0,3.0
T.Lawrence,JAX,2024,7,15,20,193.0,1,0.0,0.0
T.Lawrence,JAX,2024,8,21,32,308.0,2,1.0,1.0
T.Lawrence,JAX,2024,9,16,31,169.0,0,2.0,2.0
T.Lawrence,JAX,2024,13,4,10,41.0,0,1.0,0.0
M.Jones,JAX,2024,3,5,8,22.0,0,0.0,1.0
M.Jones,JAX,2024,6,1,1,6.0,0,0.0,1.0
M.Jones,JAX,2024,10,14,22,111.0,0,2.0,3.0
M.Jones,JAX,2024,11,17,29,138.0,0,1.0,1.0
M.Jones,JAX,2024,13,20,32,235.0,2,0.0,0.0
M.Jones,JAX,2024,14,23,31,220.0,0,2.0,1.0
M.Jones,JAX,2024,15,31,46,294.0,2,2.0,2.0
M.Jones,JAX,2024,16,25,39,247.0,1,0.0,1.0
M.Jones,JAX,2024,17,15,22,174.0,2,0.0,2.0
M.Jones,JAX,2024,18,20,32,225.0,1,1.0,2.0
T.Etienne,JAX,2024,1,0,0,0.0,0,0.0,0.0
T.Etienne,JAX,2024,2,0,0,0.0,0,0.0,0.0
T.Etienne,JAX,2024,3,0,0,0.0,0,0.0,0.0
T.Etienne,JAX,2024,4,0,0,0.0,0,0.0,0.0
T.Etienne,JAX,2024,5,0,0,0.0,0,0.0,0.0
T.Etienne,JAX,2024,6,0,0,0.0,0,0.0,0.0
T.Etienne,JAX,2024,9,0,0,0.0,0,0.0,0.0
T.Etienne,JAX,2024,10,0,0,0.0,0,0.0,0.0
T.Etienne,JAX,2024,11,0,0,0.0,0,0.0,0.0
T.Etienne,JAX,2024,13,0,0,0.0,0,0.0,0.0
T.Etienne,JAX,2024,14,0,0,0.0,0,0.0,0.0
T.Etienne,JAX,2024,15,0,0,0.0,0,0.0,0.0
T.Etienne,JAX,2024,16,0,0,0.0,0,0.0,0.0
T.Etienne,JAX,2024,17,0,0,0.0,0,0.0,0.0
T.Etienne,JAX,2024,18,0,0,0.0,0,0.0,0.0
E.Moore,CLE,2024,1,0,0,0.0,0,0.0,0.0
E.Moore,CLE,2024,2,0,0,0.0,0,0.0,0.0
E.Moore,CLE,2024,3,0,0,0.0,0,0.0,0.0
E.Moore,CLE,2024,4,0,0,0.0,0,0.0,0.0
E.Moore,CLE,2024,5,0,0,0.0,0,0.0,0.0
E.Moore,CLE,2024,6,0,0,0.0,0,0.0,0.0
E.Moore,CLE,2024,7,0,0,0.0,0,0.0,0.0
E.Moore,CLE,2024,8,0,0,0.0,0,0.0,0.0
E.Moore,CLE,2024,9,0,0,0.0,0,0.0,0.0
E.Moore,CLE,2024,11,0,0,0.0,0,0.0,0.0
E.Moore,CLE,2024,12,0,0,0.0,0,0.0,0.0
E.Moore,CLE,2024,13,0,0,0.0,0,0.0,0.0
E.Moore,CLE,2024,14,0,0,0.0,0,0.0,0.0
E.Moore,CLE,2024,15,0,0,0.0,0,0.0,0.0
E.Moore,CLE,2024,16,0,0,0.0,0,0.0,0.0
E.Moore,CLE,2024,17,0,0,0.0,0,0.0,0.0
E.Moore,CLE,2024,18,0,0,0.0,0,0.0,0.0
T.Sermon,IND,2024,2,0,0,0.0,0,0.0,0.0
T.Sermon,IND,2024,3,0,0,0.0,0,0.0,0.0
T.Sermon,IND,2024,4,0,0,0.0,0,0.0,0.0
T.Sermon,IND,2024,5,0,0,0.0,0,0.0,0.0
T.Sermon,IND,2024,6,0,0,0.0,0,0.0,0.0
T.Sermon,IND,2024,7,0,0,0.0,0,0.0,0.0
T.Sermon,IND,2024,8,0,0,0.0,0,0.0,0.0
T.Sermon,IND,2024,9,0,0,0.0,0,0.0,0.0
T.Sermon,IND,2024,10,0,0,0.0,0,0.0,0.0
T.Sermon,IND,2024,11,0,0,0.0,0,0.0,0.0
T.Sermon,IND,2024,15,0,0,0.0,0,0.0,0.0
T.Sermon,IND,2024,16,0,0,0.0,0,0.0,0.0
T.Sermon,IND,2024,17,0,0,0.0,0,0.0,0.0
T.Sermon,IND,2024,18,0,0,0.0,0,0.0,0.0
J.Palmer,LAC,2024,1,0,0,0.0,0,0.0,0.0
J.Palmer,LAC,2024,2,0,0,0.0,0,0.0,0.0
J.Palmer,LAC,2024,4,0,0,0.0,0,0.0,0.0
J.Palmer,LAC,2024,6,0,0,0.0,0,0.0,0.0
J.Palmer,LAC,2024,7,0,0,0.0,0,0.0,0.0
J.Palmer,LAC,2024,8,0,0,0.0,0,0.0,0.0
J.Palmer,LAC,2024,9,0,0,0.0,0,0.0,0.0
J.Palmer,LAC,2024,10,0,0,0.0,0,0.0,0.0
J.Palmer,LAC,2024,11,0,0,0.0,0,0.0,0.0
J.Palmer,LAC,2024,12,0,0,0.0,0,0.0,0.0
J.Palmer,LAC,2024,13,0,0,0.0,0,0.0,0.0
J.Palmer,LAC,2024,14,0,0,0.0,0,0.0,0.0
J.Palmer,LAC,2024,15,0,0,0.0,0,0.0,0.0
J.Palmer,LAC,2024,16,0,0,0.0,0,0.0,0.0
J.Palmer,LAC,2024,17,0,0,0.0,0,0.0,0.0
D.Deablo,LV,2024,12,0,0,0.0,0,0.0,0.0
J.Williams,DEN,2024,1,0,0,0.0,0,0.0,0.0
J.Williams,DEN,2024,2,0,0,0.0,0,0.0,0.0
J.Williams,DEN,2024,3,0,0,0.0,0,0.0,0.0
J.Williams,DEN,2024,4,0,0,0.0,0,0.0,0.0
J.Williams,DEN,2024,5,0,0,0.0,0,0.0,0.0
J.Williams,DEN,2024,6,0,0,0.0,0,0.0,0.0
J.Williams,DEN,2024,7,0,0,0.0,0,0.0,0.0
J.Williams,DEN,2024,8,0,0,0.0,0,0.0,0.0
J.Williams,DEN,2024,9,0,0,0.0,0,0.0,0.0
J.Williams,DEN,2024,10,0,0,0.0,0,0.0,0.0
J.Williams,DEN,2024,11,0,0,0.0,0,0.0,0.0
J.Williams,DEN,2024,12,0,0,0.0,0,0.0,0.0
J.Williams,DEN,2024,13,0,0,0.0,0,0.0,0.0
J.Williams,DEN,2024,15,0,0,0.0,0,0.0,0.0
J.Williams,DEN,2024,16,0,0,0.0,0,0.0,0.0
J.Williams,DEN,2024,17,0,0,0.0,0,0.0,0.0
J.Williams,DEN,2024,18,0,0,0.0,0,0.0,0.0
J.Williams,DEN,2024,19,0,0,0.0,0,0.0,0.0
H.Long,LA,2024,5,0,0,0.0,0,0.0,0.0
H.Long,LA,2024,7,0,0,0.0,0,0.0,0.0
H.Long,LA,2024,8,0,0,0.0,0,0.0,0.0
H.Long,LA,2024,9,0,0,0.0,0,0.0,0.0
H.Long,LA,2024,13,0,0,0.0,0,0.0,0.0
H.Long,LA,2024,14,0,0,0.0,0,0.0,0.0
H.Long,LA,2024,15,0,0,0.0,0,0.0,0.0
H.Long,LA,2024,19,0,0,0.0,0,0.0,0.0
T.Tremble,CAR,2024,2,0,0,0.0,0,0.0,0.0
T.Tremble,CAR,2024,3,0,0,0.0,0,0.0,0.0
T.Tremble,CAR,2024,5,0,0,0.0,0,0.0,0.0
T.Tremble,CAR,2024,8,0,0,0.0,0,0.0,0.0
T.Tremble,CAR,2024,12,0,0,0.0,0,0.0,0.0
T.Tremble,CAR,2024,13,0,0,0.0,0,0.0,0.0
T.Tremble,CAR,2024,14,0,0,0.0,0,0.0,0.0
T.Tremble,CAR,2024,15,0,0,0.0,0,0.0,0.0
T.Tremble,CAR,2024,16,0,0,0.0,0,0.0,0.0
T.Tremble,CAR,2024,18,0,0,0.0,0,0.0,0.0
T.Lance,DAL,2024,10,4,6,21.0,0,1.0,2.0
T.Lance,DAL,2024,12,0,0,0.0,0,0.0,0.0
T.Lance,DAL,2024,17,1,1,1.0,0,0.0,0.0
T.Lance,DAL,2024,18,20,34,244.0,0,0.0,2.0
S.Howell,SEA,2024,15,5,14,24.0,0,1.0,4.0
T.Badie,DEN,2024,2,0,0,0.0,0,0.0,0.0
T.Badie,DEN,2024,3,0,0,0.0,0,0.0,0.0
T.Badie,DEN,2024,4,0,0,0.0,0,0.0,0.0
T.Badie,DEN,2024,19,0,0,0.0,0,0.0,0.0
G.Calcaterra,PHI,2024,1,0,0,0.0,0,0.0,0.0
G.Calcaterra,PHI,2024,2,0,0,0.0,0,0.0,0.0
G.Calcaterra,PHI,2024,4,0,0,0.0,0,0.0,0.0
G.Calcaterra,PHI,2024,6,0,0,0.0,0,0.0,0.0
G.Calcaterra,PHI,2024,7,0,0,0.0,0,0.0,0.0
G.Calcaterra,PHI,2024,8,0,0,0.0,0,0.0,0.0
G.Calcaterra,PHI,2024,9,0,0,0.0,0,0.0,0.0
G.Calcaterra,PHI,2024,10,0,0,0.0,0,0.0,0.0
G.Calcaterra,PHI,2024,12,0,0,0.0,0,0.0,0.0
G.Calcaterra,PHI,2024,14,0,0,0.0,0,0.0,0.0
G.Calcaterra,PHI,2024,15,0,0,0.0,0,0.0,0.0
G.Calcaterra,PHI,2024,17,0,0,0.0,0,0.0,0.0
G.Calcaterra,PHI,2024,18,0,0,0.0,0,0.0,0.0
G.Calcaterra,PHI,2024,19,0,0,0.0,0,0.0,0.0
B.Melton,GB,2024,2,0,0,0.0,0,0.0,0.0
B.Melton,GB,2024,4,0,0,0.0,0,0.0,0.0
B.Melton,GB,2024,5,0,0,0.0,0,0.0,0.0
B.Melton,GB,2024,6,0,0,0.0,0,0.0,0.0
B.Melton,GB,2024,7,0,0,0.0,0,0.0,0.0
B.Melton,GB,2024,8,0,0,0.0,0,0.0,0.0
B.Melton,GB,2024,9,0,0,0.0,0,0.0,0.0
B.Melton,GB,2024,12,0,0,0.0,0,0.0,0.0
B.Melton,GB,2024,16,0,0,0.0,0,0.0,0.0
B.Melton,GB,2024,17,0,0,0.0,0,0.0,0.0
B.Melton,GB,2024,18,0,0,0.0,0,0.0,0.0
B.Melton,GB,2024,19,0,0,0.0,0,0.0,0.0
D.Young,SEA,2024,1,0,0,0.0,0,0.0,0.0
T.Goodson,IND,2024,2,0,0,0.0,0,0.0,0.0
T.Goodson,IND,2024,5,0,0,0.0,0,0.0,0.0
T.Goodson,IND,2024,6,0,0,0.0,0,0.0,0.0
T.Goodson,IND,2024,7,0,0,0.0,0,0.0,0.0
T.Goodson,IND,2024,8,0,0,0.0,0,0.0,0.0
T.Goodson,IND,2024,10,0,0,0.0,0,0.0,0.0
T.Goodson,IND,2024,15,0,0,0.0,0,0.0,0.0
T.Goodson,IND,2024,16,0,0,0.0,0,0.0,0.0
T.Goodson,IND,2024,18,0,0,0.0,0,0.0,0.0
J.Blackwell,CHI,2024,18,0,0,0.0,0,0.0,0.0
B.Covey,PHI,2024,2,0,0,0.0,0,0.0,0.0
B.Covey,PHI,2024,3,0,0,0.0,0,0.0,0.0
B.Covey,PHI,2024,13,0,0,0.0,0,0.0,0.0
I.Charles,NYJ,2024,7,0,0,0.0,0,0.0,0.0
I.Pacheco,KC,2024,1,0,0,0.0,0,0.0,0.0
I.Pacheco,KC,2024,2,0,0,0.0,0,0.0,0.0
I.Pacheco,KC,2024,13,0,0,0.0,0,0.0,0.0
I.Pacheco,KC,2024,14,0,0,0.0,0,0.0,0.0
I.Pacheco,KC,2024,15,0,0,0.0,0,0.0,0.0
I.Pacheco,KC,2024,16,0,0,0.0,0,0.0,0.0
I.Pacheco,KC,2024,17,0,0,0.0,0,0.0,0.0
I.Pacheco,KC,2024,20,0,0,0.0,0,0.0,0.0
I.Pacheco,KC,2024,21,0,0,0.0,0,0.0,0.0
I.Pacheco,KC,2024,22,0,0,0.0,0,0.0,0.0
M.Caliendo,KC,2024,11,0,0,0.0,0,0.0,0.0
J.Ross,KC,2024,10,0,0,0.0,0,0.0,0.0
J.Warren,PIT,2024,1,0,0,0.0,0,0.0,0.0
J.Warren,PIT,2024,2,0,0,0.0,0,0.0,0.0
J.Warren,PIT,2024,3,0,0,0.0,0,0.0,0.0
J.Warren,PIT,2024,6,0,0,0.0,0,0.0,0.0
J.Warren,PIT,2024,7,0,0,0.0,0,0.0,0.0
J.Warren,PIT,2024,8,0,0,0.0,0,0.0,0.0
J.Warren,PIT,2024,10,0,0,0.0,0,0.0,0.0
J.Warren,PIT,2024,11,0,0,0.0,0,0.0,0.0
J.Warren,PIT,2024,12,0,0,0.0,0,0.0,0.0
J.Warren,PIT,2024,13,0,0,0.0,0,0.0,0.0
J.Warren,PIT,2024,14,0,0,0.0,0,0.0,0.0
J.Warren,PIT,2024,15,0,0,0.0,0,0.0,0.0
J.Warren,PIT,2024,16,0,0,0.0,0,0.0,0.0
J.Warren,PIT,2024,17,0,0,0.0,0,0.0,0.0
J.Warren,PIT,2024,18,0,0,0.0,0,0.0,0.0
J.Warren,PIT,2024,19,0,0,0.0,0,0.0,0.0
K.Austin,NO,2024,10,0,0,0.0,0,0.0,0.0
K.Austin,NO,2024,11,0,0,0.0,0,0.0,0.0
K.Austin,NO,2024,13,0,0,0.0,0,0.0,0.0
K.Austin,NO,2024,14,0,0,0.0,0,0.0,0.0
K.Austin,NO,2024,15,0,0,0.0,0,0.0,0.0
K.Austin,NO,2024,16,0,0,0.0,0,0.0,0.0
K.Austin,NO,2024,17,0,0,0.0,0,0.0,0.0
K.Austin,NO,2024,18,0,0,0.0,0,0.0,0.0
D.London,ATL,2024,1,0,0,0.0,0,0.0,0.0
D.London,ATL,2024,2,0,0,0.0,0,0.0,0.0
D.London,ATL,2024,3,0,0,0.0,0,0.0,0.0
D.London,ATL,2024,4,0,0,0.0,0,0.0,0.0
D.London,ATL,2024,5,0,0,0.0,0,0.0,0.0
D.London,ATL,2024,6,0,0,0.0,0,0.0,0.0
D.London,ATL,2024,7,0,0,0.0,0,0.0,0.0
D.London,ATL,2024,8,0,0,0.0,0,0.0,0.0
D.London,ATL,2024,9,0,0,0.0,0,0.0,0.0
D.London,ATL,2024,10,0,0,0.0,0,0.0,0.0
D.London,ATL,2024,11,0,0,0.0,0,0.0,0.0
D.London,ATL,2024,13,0,0,0.0,0,0.0,0.0
D.London,ATL,2024,14,0,0,0.0,0,0.0,0.0
D.London,ATL,2024,15,0,0,0.0,0,0.0,0.0
D.London,ATL,2024,16,0,0,0.0,0,0.0,0.0
D.London,ATL,2024,17,0,0,0.0,0,0.0,0.0
D.London,ATL,2024,18,0,0,0.0,0,0.0,0.0
C.Olave,NO,2024,1,0,0,0.0,0,0.0,0.0
C.Olave,NO,2024,2,0,0,0.0,0,0.0,0.0
C.Olave,NO,2024,3,0,0,0.0,0,0.0,0.0
C.Olave,NO,2024,4,0,0,0.0,0,0.0,0.0
C.Olave,NO,2024,5,0,0,0.0,0,0.0,0.0
C.Olave,NO,2024,6,0,0,0.0,0,0.0,0.0
C.Olave,NO,2024,8,0,0,0.0,0,0.0,0.0
C.Olave,NO,2024,9,0,0,0.0,0,0.0,0.0
J.Williams,DET,2024,1,0,0,0.0,0,0.0,0.0
J.Williams,DET,2024,2,0,0,0.0,0,0.0,0.0
J.Williams,DET,2024,3,0,0,0.0,0,0.0,0.0
J.Williams,DET,2024,4,0,0,0.0,0,0.0,0.0
J.Williams,DET,2024,6,0,0,0.0,0,0.0,0.0
J.Williams,DET,2024,7,0,0,0.0,0,0.0,0.0
J.Williams,DET,2024,10,0,0,0.0,0,0.0,0.0
J.Williams,DET,2024,11,0,0,0.0,0,0.0,0.0
J.Williams,DET,2024,12,0,0,0.0,0,0.0,0.0
J.Williams,DET,2024,13,0,0,0.0,0,0.0,0.0
J.Williams,DET,2024,14,0,0,0.0,0,0.0,0.0
J.Williams,DET,2024,15,0,0,0.0,0,0.0,0.0
J.Williams,DET,2024,16,0,0,0.0,0,0.0,0.0
J.Williams,DET,2024,17,0,0,0.0,0,0.0,0.0
J.Williams,DET,2024,18,0,0,0.0,0,0.0,0.0
J.Williams,DET,2024,20,0,1,0.0,0,1.0,0.0
T.Smith,DAL,2024,3,0,0,0.0,0,0.0,0.0
G.Pickens,PIT,2024,1,0,0,0.0,0,0.0,0.0
G.Pickens,PIT,2024,2,0,0,0.0,0,0.0,0.0
G.Pickens,PIT,2024,3,0,0,0.0,0,0.0,0.0
G.Pickens,PIT,2024,4,0,0,0.0,0,0.0,0.0
G.Pickens,PIT,2024,5,0,0,0.0,0,0.0,0.0
G.Pickens,PIT,2024,6,0,0,0.0,0,0.0,0.0
G.Pickens,PIT,2024,7,0,0,0.0,0,0.0,0.0
G.Pickens,PIT,2024,8,0,0,0.0,0,0.0,0.0
G.Pickens,PIT,2024,10,0,0,0.0,0,0.0,0.0
G.Pickens,PIT,2024,11,0,0,0.0,0,0.0,0.0
G.Pickens,PIT,2024,12,0,0,0.0,0,0.0,0.0
G.Pickens,PIT,2024,13,0,0,0.0,0,0.0,0.0
G.Pickens,PIT,2024,17,0,0,0.0,0,0.0,0.0
G.Pickens,PIT,2024,18,0,0,0.0,0,0.0,0.0
G.Pickens,PIT,2024,19,0,0,0.0,0,0.0,0.0
J.Cook,BUF,2024,1,0,0,0.0,0,0.0,0.0
J.Cook,BUF,2024,2,0,0,0.0,0,0.0,0.0
J.Cook,BUF,2024,3,0,0,0.0,0,0.0,0.0
J.Cook,BUF,2024,4,0,0,0.0,0,0.0,0.0
J.Cook,BUF,2024,5,0,0,0.0,0,0.0,0.0
J.Cook,BUF,2024,7,0,0,0.0,0,0.0,0.0
J.Cook,BUF,2024,8,0,0,0.0,0,0.0,0.0
J.Cook,BUF,2024,9,0,0,0.0,0,0.0,0.0
J.Cook,BUF,2024,10,0,0,0.0,0,0.0,0.0
J.Cook,BUF,2024,11,0,0,0.0,0,0.0,0.0
J.Cook,BUF,2024,13,0,0,0.0,0,0.0,0.0
J.Cook,BUF,2024,14,0,0,0.0,0,0.0,0.0
J.Cook,BUF,2024,15,0,0,0.0,0,0.0,0.0
J.Cook,BUF,2024,16,0,0,0.0,0,0.0,0.0
J.Cook,BUF,2024,17,0,0,0.0,0,0.0,0.0
J.Cook,BUF,2024,18,0,0,0.0,0,0.0,0.0
J.Cook,BUF,2024,19,0,0,0.0,0,0.0,0.0
J.Cook,BUF,2024,20,0,0,0.0,0,0.0,0.0
J.Cook,BUF,2024,21,0,0,0.0,0,0.0,0.0
G.Dulcich,DEN,2024,1,0,0,0.0,0,0.0,0.0
G.Dulcich,DEN,2024,2,0,0,0.0,0,0.0,0.0
G.Dulcich,DEN,2024,4,0,0,0.0,0,0.0,0.0
M.Jones,NE,2024,11,0,0,0.0,0,0.0,0.0
M.Jones,NE,2024,15,0,0,0.0,0,0.0,0.0
R.White,TB,2024,1,0,0,0.0,0,0.0,0.0
R.White,TB,2024,2,0,0,0.0,0,0.0,0.0
R.White,TB,2024,3,0,0,0.0,0,0.0,0.0
R.White,TB,2024,4,0,0,0.0,0,0.0,0.0
R.White,TB,2024,5,0,0,0.0,0,0.0,0.0
R.White,TB,2024,7,0,0,0.0,0,0.0,0.0
R.White,TB,2024,8,0,0,0.0,0,0.0,0.0
R.White,TB,2024,9,0,0,0.0,0,0.0,0.0
R.White,TB,2024,10,0,0,0.0,0,0.0,0.0
R.White,TB,2024,12,0,0,0.0,0,0.0,0.0
R.White,TB,2024,13,0,0,0.0,0,0.0,0.0
R.White,TB,2024,14,0,0,0.0,0,0.0,0.0
R.White,TB,2024,15,0,0,0.0,0,0.0,0.0
R.White,TB,2024,16,0,0,0.0,0,0.0,0.0
R.White,TB,2024,17,0,0,0.0,0,0.0,0.0
R.White,TB,2024,19,0,0,0.0,0,0.0,0.0
D.Bell,CLE,2024,2,0,0,0.0,0,0.0,0.0
D.Pierce,HOU,2024,1,0,0,0.0,0,0.0,0.0
D.Pierce,HOU,2024,6,0,0,0.0,0,0.0,0.0
D.Pierce,HOU,2024,7,0,0,0.0,0,0.0,0.0
D.Pierce,HOU,2024,8,0,0,0.0,0,0.0,0.0
D.Pierce,HOU,2024,11,0,0,0.0,0,0.0,0.0
D.Pierce,HOU,2024,13,0,0,0.0,0,0.0,0.0
D.Pierce,HOU,2024,16,0,0,0.0,0,0.0,0.0
D.Pierce,HOU,2024,17,0,0,0.0,0,0.0,0.0
D.Pierce,HOU,2024,18,0,0,0.0,0,0.0,0.0
D.Pierce,HOU,2024,19,0,0,0.0,0,0.0,0.0
D.Pierce,HOU,2024,20,0,0,0.0,0,0.0,0.0
K.Shakir,BUF,2024,1,0,0,0.0,0,0.0,0.0
K.Shakir,BUF,2024,2,0,0,0.0,0,0.0,0.0
K.Shakir,BUF,2024,3,0,0,0.0,0,0.0,0.0
K.Shakir,BUF,2024,4,0,0,0.0,0,0.0,0.0
K.Shakir,BUF,2024,6,0,0,0.0,0,0.0,0.0
K.Shakir,BUF,2024,7,0,0,0.0,0,0.0,0.0
K.Shakir,BUF,2024,8,0,0,0.0,0,0.0,0.0
K.Shakir,BUF,2024,9,0,0,0.0,0,0.0,0.0
K.Shakir,BUF,2024,10,0,0,0.0,0,0.0,0.0
K.Shakir,BUF,2024,11,0,0,0.0,0,0.0,0.0
K.Shakir,BUF,2024,13,0,0,0.0,0,0.0,0.0
K.Shakir,BUF,2024,14,0,0,0.0,0,0.0,0.0
K.Shakir,BUF,2024,15,0,0,0.0,0,0.0,0.0
K.Shakir,BUF,2024,16,0,0,0.0,0,0.0,0.0
K.Shakir,BUF,2024,17,0,0,0.0,0,0.0,0.0
K.Shakir,BUF,2024,19,0,0,0.0,0,0.0,0.0
K.Shakir,BUF,2024,20,0,0,0.0,0,0.0,0.0
K.Shakir,BUF,2024,21,0,0,0.0,0,0.0,0.0
T.Allgeier,ATL,2024,1,0,0,0.0,0,0.0,0.0
T.Allgeier,ATL,2024,2,0,0,0.0,0,0.0,0.0
T.Allgeier,ATL,2024,3,0,0,0.0,0,0.0,0.0
T.Allgeier,ATL,2024,4,0,0,0.0,0,0.0,0.0
T.Allgeier,ATL,2024,5,0,0,0.0,0,0.0,0.0
T.Allgeier,ATL,2024,6,0,0,0.0,0,0.0,0.0
T.Allgeier,ATL,2024,7,0,0,0.0,0,0.0,0.0
T.Allgeier,ATL,2024,8,0,0,0.0,0,0.0,0.0
T.Allgeier,ATL,2024,9,0,0,0.0,0,0.0,0.0
T.Allgeier,ATL,2024,10,0,0,0.0,0,0.0,0.0
T.Allgeier,ATL,2024,11,0,0,0.0,0,0.0,0.0
T.Allgeier,ATL,2024,13,0,0,0.0,0,0.0,0.0
T.Allgeier,ATL,2024,14,0,0,0.0,0,0.0,0.0
T.Allgeier,ATL,2024,15,0,0,0.0,0,0.0,0.0
T.Allgeier,ATL,2024,16,0,0,0.0,0,0.0,0.0
T.Allgeier,ATL,2024,17,0,0,0.0,0,0.0,0.0
T.Allgeier,ATL,2024,18,0,0,0.0,0,0.0,0.0
J.Ford,CLE,2024,1,0,0,0.0,0,0.0,0.0
J.Ford,CLE,2024,2,0,0,0.0,0,0.0,0.0
J.Ford,CLE,2024,3,0,0,0.0,0,0.0,0.0
J.Ford,CLE,2024,4,0,0,0.0,0,0.0,0.0
J.Ford,CLE,2024,5,0,0,0.0,0,0.0,0.0
J.Ford,CLE,2024,6,0,0,0.0,0,0.0,0.0
J.Ford,CLE,2024,9,0,0,0.0,0,0.0,0.0
J.Ford,CLE,2024,11,0,0,0.0,0,0.0,0.0
J.Ford,CLE,2024,12,0,0,0.0,0,0.0,0.0
J.Ford,CLE,2024,13,0,0,0.0,0,0.0,0.0
J.Ford,CLE,2024,14,0,0,0.0,0,0.0,0.0
J.Ford,CLE,2024,15,0,0,0.0,0,0.0,0.0
J.Ford,CLE,2024,16,0,0,0.0,0,0.0,0.0
J.Ford,CLE,2024,17,0,0,0.0,0,0.0,0.0
T.Chandler,MIN,2024,1,0,0,0.0,0,0.0,0.0
T.Chandler,MIN,2024,2,0,0,0.0,0,0.0,1.0
T.Chandler,MIN,2024,3,0,0,0.0,0,0.0,0.0
T.Chandler,MIN,2024,4,0,0,0.0,0,0.0,0.0
T.Chandler,MIN,2024,5,0,0,0.0,0,0.0,0.0
T.Chandler,MIN,2024,7,0,0,0.0,0,0.0,0.0
T.Chandler,MIN,2024,10,0,0,0.0,0,0.0,0.0
T.Chandler,MIN,2024,13,0,0,0.0,0,0.0,0.0
T.Chandler,MIN,2024,15,0,0,0.0,0,0.0,0.0
T.Chandler,MIN,2024,17,0,0,0.0,0,0.0,0.0
M.Araiza,KC,2024,20,0,0,0.0,0,0.0,0.0
V.Lowe,NE,2024,11,0,0,0.0,0,0.0,0.0
J.Nailor,MIN,2024,1,0,0,0.0,0,0.0,0.0
J.Nailor,MIN,2024,2,0,0,0.0,0,0.0,0.0
J.Nailor,MIN,2024,3,0,0,0.0,0,0.0,0.0
J.Nailor,MIN,2024,4,0,0,0.0,0,0.0,0.0
J.Nailor,MIN,2024,7,0,0,0.0,0,0.0,0.0
J.Nailor,MIN,2024,8,0,0,0.0,0,0.0,0.0
J.Nailor,MIN,2024,9,0,0,0.0,0,0.0,0.0
J.Nailor,MIN,2024,10,0,0,0.0,0,0.0,0.0
J.Nailor,MIN,2024,11,0,0,0.0,0,0.0,0.0
J.Nailor,MIN,2024,12,0,0,0.0,0,0.0,0.0
J.Nailor,MIN,2024,13,0,0,0.0,0,0.0,0.0
J.Nailor,MIN,2024,15,0,0,0.0,0,0.0,0.0
J.Nailor,MIN,2024,16,0,0,0.0,0,0.0,0.0
J.Nailor,MIN,2024,17,0,0,0.0,0,0.0,0.0
J.Nailor,MIN,2024,18,0,0,0.0,0,0.0,0.0
J.Nailor,MIN,2024,19,0,0,0.0,0,0.0,0.0
A.Ogletree,IND,2024,2,0,0,0.0,0,0.0,0.0
A.Ogletree,IND,2024,4,0,0,0.0,0,0.0,0.0
A.Ogletree,IND,2024,5,0,0,0.0,0,0.0,0.0
A.Ogletree,IND,2024,6,0,0,0.0,0,0.0,0.0
A.Ogletree,IND,2024,7,0,0,0.0,0,0.0,0.0
A.Ogletree,IND,2024,10,0,0,0.0,0,0.0,0.0
A.Ogletree,IND,2024,11,0,0,0.0,0,0.0,0.0
A.Ogletree,IND,2024,12,0,0,0.0,0,0.0,0.0
A.Ogletree,IND,2024,13,0,0,0.0,0,0.0,0.0
A.Ogletree,IND,2024,16,0,0,0.0,0,0.0,0.0
A.Ogletree,IND,2024,18,0,0,0.0,0,0.0,0.0
M.Woods,CLE,2024,13,0,0,0.0,0,0.0,0.0
M.Woods,CLE,2024,14,0,0,0.0,0,0.0,0.0
M.Woods,CLE,2024,15,0,0,0.0,0,0.0,0.0
M.Woods,CLE,2024,16,0,0,0.0,0,0.0,0.0
M.Woods,CLE,2024,17,0,0,0.0,0,0.0,0.0
C.Heyward,PIT,2024,3,0,0,0.0,0,0.0,0.0
C.Heyward,PIT,2024,5,0,0,0.0,0,0.0,0.0
C.Heyward,PIT,2024,6,0,0,0.0,0,0.0,0.0
C.Heyward,PIT,2024,16,0,0,0.0,0,0.0,0.0
C.Heyward,PIT,2024,17,0,0,0.0,0,0.0,0.0
J.FitzPatrick,GB,2024,12,0,0,0.0,0,0.0,0.0
C.Oladokun,KC,2024,18,0,0,0.0,0,0.0,1.0
S.Thompson,MIA,2024,2,8,14,80.0,0,0.0,1.0
S.Thompson,MIA,2024,3,13,19,107.0,0,0.0,5.0
T.Conner,MIA,2024,3,0,0,0.0,0,0.0,0.0
T.Conner,MIA,2024,4,0,0,0.0,0,0.0,0.0
B.Johnson,PIT,2024,5,0,0,0.0,0,0.0,0.0
K.Pryor,CIN,2024,9,0,0,0.0,0,0.0,0.0
R.Blackshear,CAR,2024,16,0,0,0.0,0,0.0,0.0
R.Blackshear,CAR,2024,17,0,0,0.0,0,0.0,0.0
R.Blackshear,CAR,2024,18,0,0,0.0,0,0.0,0.0
T.McAllister,LV,2024,4,0,0,0.0,0,0.0,0.0
S.Smartt,LAC,2024,6,0,0,0.0,0,0.0,0.0
S.Smartt,LAC,2024,7,0,0,0.0,0,0.0,0.0
S.Smartt,LAC,2024,13,0,0,0.0,0,0.0,0.0
S.Smartt,LAC,2024,14,0,0,0.0,0,0.0,0.0
S.Smartt,LAC,2024,15,0,0,0.0,0,0.0,0.0
S.Smartt,LAC,2024,16,0,0,0.0,0,0.0,0.0
S.Smartt,LAC,2024,17,0,0,0.0,0,0.0,0.0
D.Thompkins,CAR,2024,9,0,0,0.0,0,0.0,0.0
D.Thompkins,CAR,2024,12,0,0,0.0,0,0.0,0.0
D.Thompkins,CAR,2024,14,0,0,0.0,0,0.0,0.0
D.Thompkins,CAR,2024,16,0,0,0.0,0,0.0,0.0
J.Russell,TB,2024,17,0,0,0.0,0,0.0,0.0
S.McCormick,LV,2024,12,0,0,0.0,0,0.0,0.0
S.McCormick,LV,2024,13,0,0,0.0,0,0.0,0.0
S.McCormick,LV,2024,14,0,0,0.0,0,0.0,0.0
S.McCormick,LV,2024,15,0,0,0.0,0,0.0,0.0
T.Martin,TEN,2024,18,0,0,0.0,0,0.0,0.0
J.Mason,SF,2024,1,0,0,0.0,0,0.0,0.0
J.Mason,SF,2024,2,0,0,0.0,0,0.0,0.0
J.Mason,SF,2024,3,0,0,0.0,0,0.0,0.0
J.Mason,SF,2024,4,0,0,0.0,0,0.0,0.0
J.Mason,SF,2024,5,0,0,0.0,0,0.0,0.0
J.Mason,SF,2024,6,0,0,0.0,0,0.0,0.0
J.Mason,SF,2024,7,0,0,0.0,0,0.0,0.0
J.Mason,SF,2024,8,0,0,0.0,0,0.0,0.0
J.Mason,SF,2024,10,0,0,0.0,0,0.0,0.0
J.Mason,SF,2024,11,0,0,0.0,0,0.0,0.0
J.Mason,SF,2024,12,0,0,0.0,0,0.0,0.0
J.Mason,SF,2024,13,0,0,0.0,0,0.0,0.0
L.Krull,DEN,2024,5,0,0,0.0,0,0.0,0.0
L.Krull,DEN,2024,6,0,0,0.0,0,0.0,0.0
L.Krull,DEN,2024,7,0,0,0.0,0,0.0,0.0
L.Krull,DEN,2024,8,0,0,0.0,0,0.0,0.0
L.Krull,DEN,2024,9,0,0,0.0,0,0.0,0.0
L.Krull,DEN,2024,10,0,0,0.0,0,0.0,0.0
L.Krull,DEN,2024,13,0,0,0.0,0,0.0,0.0
L.Krull,DEN,2024,15,0,0,0.0,0,0.0,0.0
L.Krull,DEN,2024,16,0,0,0.0,0,0.0,0.0
L.Krull,DEN,2024,17,0,0,0.0,0,0.0,0.0
L.Krull,DEN,2024,19,0,0,0.0,0,0.0,0.0
R.Shaheed,NO,2024,1,0,0,0.0,0,0.0,0.0
R.Shaheed,NO,2024,2,0,0,0.0,0,0.0,0.0
R.Shaheed,NO,2024,3,0,0,0.0,0,0.0,0.0
R.Shaheed,NO,2024,4,0,0,0.0,0,0.0,0.0
R.Shaheed,NO,2024,5,0,0,0.0,0,0.0,0.0
R.Shaheed,NO,2024,6,0,0,0.0,0,0.0,0.0
R.Rivers,LA,2024,1,0,0,0.0,0,0.0,0.0
R.Rivers,LA,2024,2,0,0,0.0,0,0.0,0.0
R.Rivers,LA,2024,3,0,0,0.0,0,0.0,0.0
R.Rivers,LA,2024,4,0,0,0.0,0,0.0,0.0
R.Rivers,LA,2024,18,0,0,0.0,0,0.0,0.0
R.Rivers,LA,2024,19,0,0,0.0,0,0.0,0.0
P.Hendershot,KC,2024,9,0,0,0.0,0,0.0,0.0
P.Hendershot,KC,2024,10,0,0,0.0,0,0.0,0.0
P.Hendershot,KC,2024,11,0,0,0.0,0,0.0,0.0
P.Hendershot,KC,2024,18,0,0,0.0,0,0.0,0.0
J.Thomas,DAL,2024,11,0,0,0.0,0,0.0,0.0
J.Thomas,DAL,2024,12,0,0,0.0,0,0.0,0.0
J.Chestnut,TEN,2024,6,0,0,0.0,0,0.0,0.0
J.Chestnut,TEN,2024,7,0,0,0.0,0,0.0,0.0
J.Chestnut,TEN,2024,8,0,0,0.0,0,0.0,0.0
J.Chestnut,TEN,2024,9,0,0,0.0,0,0.0,0.0
J.Chestnut,TEN,2024,12,0,0,0.0,0,0.0,0.0
J.Chestnut,TEN,2024,17,0,0,0.0,0,0.0,0.0
J.Chestnut,TEN,2024,18,0,0,0.0,0,0.0,0.0
A.Shampklin,PIT,2024,4,0,0,0.0,0,0.0,0.0
A.Shampklin,PIT,2024,5,0,0,0.0,0,0.0,0.0
A.Shampklin,PIT,2024,6,0,0,0.0,0,0.0,0.0
J.Metchie,HOU,2024,4,0,0,0.0,0,0.0,0.0
J.Metchie,HOU,2024,8,0,0,0.0,0,0.0,0.0
J.Metchie,HOU,2024,9,0,0,0.0,0,0.0,0.0
J.Metchie,HOU,2024,10,0,0,0.0,0,0.0,0.0
J.Metchie,HOU,2024,11,0,0,0.0,0,0.0,0.0
J.Metchie,HOU,2024,12,0,0,0.0,0,0.0,0.0
J.Metchie,HOU,2024,13,0,0,0.0,0,0.0,0.0
J.Metchie,HOU,2024,15,0,0,0.0,0,0.0,0.0
J.Metchie,HOU,2024,17,0,0,0.0,0,0.0,0.0
J.Metchie,HOU,2024,18,0,0,0.0,0,0.0,0.0
J.Metchie,HOU,2024,19,0,0,0.0,0,0.0,0.0
J.Metchie,HOU,2024,20,0,0,0.0,0,0.0,0.0
H.Haskins,LAC,2024,2,0,0,0.0,0,0.0,0.0
H.Haskins,LAC,2024,6,0,0,0.0,0,0.0,0.0
H.Haskins,LAC,2024,7,0,0,0.0,0,0.0,0.0
H.Haskins,LAC,2024,8,0,0,0.0,0,0.0,0.0
H.Haskins,LAC,2024,10,0,0,0.0,0,0.0,0.0
H.Haskins,LAC,2024,11,0,0,0.0,0,0.0,0.0
H.Haskins,LAC,2024,12,0,0,0.0,0,0.0,0.0
H.Haskins,LAC,2024,13,0,0,0.0,0,0.0,0.0
H.Haskins,LAC,2024,16,0,0,0.0,0,0.0,0.0
H.Haskins,LAC,2024,17,0,0,0.0,0,0.0,0.0
H.Haskins,LAC,2024,18,0,0,0.0,0,0.0,0.0
H.Haskins,LAC,2024,19,0,0,0.0,0,0.0,0.0
T.Fisk,LAC,2024,11,0,0,0.0,0,0.0,0.0
T.Fisk,LAC,2024,12,0,0,0.0,0,0.0,0.0
T.Fisk,LAC,2024,13,0,0,0.0,0,0.0,0.0
T.Fisk,LAC,2024,14,0,0,0.0,0,0.0,0.0
T.Fisk,LAC,2024,15,0,0,0.0,0,0.0,0.0
T.Fisk,LAC,2024,16,0,0,0.0,0,0.0,0.0
T.Fisk,LAC,2024,17,0,0,0.0,0,0.0,0.0
T.Fisk,LAC,2024,19,0,0,0.0,0,0.0,0.0
A.Pierce,IND,2024,1,0,0,0.0,0,0.0,0.0
A.Pierce,IND,2024,2,0,0,0.0,0,0.0,0.0
A.Pierce,IND,2024,3,0,0,0.0,0,0.0,0.0
A.Pierce,IND,2024,4,0,0,0.0,0,0.0,0.0
A.Pierce,IND,2024,5,0,0,0.0,0,0.0,0.0
A.Pierce,IND,2024,6,0,0,0.0,0,0.0,0.0
A.Pierce,IND,2024,7,0,0,0.0,0,0.0,0.0
A.Pierce,IND,2024,8,0,0,0.0,0,0.0,0.0
A.Pierce,IND,2024,9,0,0,0.0,0,0.0,0.0
A.Pierce,IND,2024,10,0,0,0.0,0,0.0,0.0
A.Pierce,IND,2024,11,0,0,0.0,0,0.0,0.0
A.Pierce,IND,2024,12,0,0,0.0,0,0.0,0.0
A.Pierce,IND,2024,13,0,0,0.0,0,0.0,0.0
A.Pierce,IND,2024,15,0,0,0.0,0,0.0,0.0
A.Pierce,IND,2024,17,0,0,0.0,0,0.0,0.0
A.Pierce,IND,2024,18,0,0,0.0,0,0.0,0.0
J.Tolbert,DAL,2024,1,0,0,0.0,0,0.0,0.0
J.Tolbert,DAL,2024,2,0,0,0.0,0,0.0,0.0
J.Tolbert,DAL,2024,3,0,0,0.0,0,0.0,0.0
J.Tolbert,DAL,2024,4,0,0,0.0,0,0.0,0.0
J.Tolbert,DAL,2024,5,0,0,0.0,0,0.0,0.0
J.Tolbert,DAL,2024,6,0,0,0.0,0,0.0,0.0
J.Tolbert,DAL,2024,8,0,0,0.0,0,0.0,0.0
J.Tolbert,DAL,2024,9,0,0,0.0,0,0.0,0.0
J.Tolbert,DAL,2024,10,0,0,0.0,0,0.0,0.0
J.Tolbert,DAL,2024,11,0,0,0.0,0,0.0,0.0
J.Tolbert,DAL,2024,12,0,0,0.0,0,0.0,0.0
J.Tolbert,DAL,2024,13,0,0,0.0,0,0.0,0.0
J.Tolbert,DAL,2024,14,0,0,0.0,0,0.0,0.0
J.Tolbert,DAL,2024,15,0,0,0.0,0,0.0,0.0
J.Tolbert,DAL,2024,16,0,0,0.0,0,0.0,0.0
J.Tolbert,DAL,2024,17,0,0,0.0,0,0.0,0.0
J.Tolbert,DAL,2024,18,0,0,0.0,0,0.0,0.0
G.Wilson,NYJ,2024,1,0,0,0.0,0,0.0,0.0
G.Wilson,NYJ,2024,2,0,0,0.0,0,0.0,0.0
G.Wilson,NYJ,2024,3,0,0,0.0,0,0.0,0.0
G.Wilson,NYJ,2024,4,0,0,0.0,0,0.0,0.0
G.Wilson,NYJ,2024,5,0,0,0.0,0,0.0,0.0
G.Wilson,NYJ,2024,6,0,0,0.0,0,0.0,0.0
G.Wilson,NYJ,2024,7,0,0,0.0,0,0.0,0.0
G.Wilson,NYJ,2024,8,0,0,0.0,0,0.0,0.0
G.Wilson,NYJ,2024,9,0,0,0.0,0,0.0,0.0
G.Wilson,NYJ,2024,10,0,0,0.0,0,0.0,0.0
G.Wilson,NYJ,2024,11,0,0,0.0,0,0.0,0.0
G.Wilson,NYJ,2024,13,0,0,0.0,0,0.0,0.0
G.Wilson,NYJ,2024,14,0,0,0.0,0,0.0,0.0
G.Wilson,NYJ,2024,15,0,0,0.0,0,0.0,0.0
G.Wilson,NYJ,2024,16,0,0,0.0,0,0.0,0.0
G.Wilson,NYJ,2024,17,0,0,0.0,0,0.0,0.0
G.Wilson,NYJ,2024,18,0,0,0.0,0,0.0,0.0
J.Dotson,PHI,2024,1,0,0,0.0,0,0.0,0.0
J.Dotson,PHI,2024,2,0,0,0.0,0,0.0,0.0
J.Dotson,PHI,2024,3,0,0,0.0,0,0.0,0.0
J.Dotson,PHI,2024,4,0,0,0.0,0,0.0,0.0
J.Dotson,PHI,2024,6,0,0,0.0,0,0.0,0.0
J.Dotson,PHI,2024,7,0,0,0.0,0,0.0,0.0
J.Dotson,PHI,2024,9,0,0,0.0,0,0.0,0.0
J.Dotson,PHI,2024,10,0,0,0.0,0,0.0,0.0
J.Dotson,PHI,2024,11,0,0,0.0,0,0.0,0.0
J.Dotson,PHI,2024,12,0,0,0.0,0,0.0,0.0
J.Dotson,PHI,2024,13,0,0,0.0,0,0.0,0.0
J.Dotson,PHI,2024,14,0,0,0.0,0,0.0,0.0
J.Dotson,PHI,2024,15,0,0,0.0,0,0.0,0.0
J.Dotson,PHI,2024,18,0,0,0.0,0,0.0,0.0
J.Dotson,PHI,2024,19,0,0,0.0,0,0.0,0.0
J.Dotson,PHI,2024,22,0,0,0.0,0,0.0,0.0
T.Burks,TEN,2024,1,0,0,0.0,0,0.0,0.0
T.Burks,TEN,2024,2,0,0,0.0,0,0.0,0.0
T.Burks,TEN,2024,3,0,0,0.0,0,0.0,0.0
T.Burks,TEN,2024,4,0,0,0.0,0,0.0,0.0
T.Burks,TEN,2024,6,0,0,0.0,0,0.0,0.0
T.McBride,ARI,2024,1,0,0,0.0,0,0.0,0.0
T.McBride,ARI,2024,2,0,0,0.0,0,0.0,0.0
T.McBride,ARI,2024,3,0,0,0.0,0,0.0,0.0
T.McBride,ARI,2024,5,0,0,0.0,0,0.0,0.0
T.McBride,ARI,2024,6,0,0,0.0,0,0.0,0.0
T.McBride,ARI,2024,7,0,0,0.0,0,0.0,0.0
T.McBride,ARI,2024,8,0,0,0.0,0,0.0,0.0
T.McBride,ARI,2024,9,0,0,0.0,0,0.0,0.0
T.McBride,ARI,2024,10,0,0,0.0,0,0.0,0.0
T.McBride,ARI,2024,12,0,0,0.0,0,0.0,0.0
T.McBride,ARI,2024,13,0,0,0.0,0,0.0,0.0
T.McBride,ARI,2024,14,0,0,0.0,0,0.0,0.0
T.McBride,ARI,2024,15,0,0,0.0,0,0.0,0.0
T.McBride,ARI,2024,16,0,0,0.0,0,0.0,0.0
T.McBride,ARI,2024,17,0,0,0.0,0,0.0,0.0
T.McBride,ARI,2024,18,0,0,0.0,0,0.0,0.0
V.Jones,CHI,2024,1,0,0,0.0,0,0.0,0.0
V.Jones,CAR,2024,17,0,0,0.0,0,0.0,0.0
B.Robinson,WAS,2024,1,0,0,0.0,0,0.0,0.0
B.Robinson,WAS,2024,2,0,0,0.0,0,0.0,0.0
B.Robinson,WAS,2024,3,0,0,0.0,0,0.0,0.0
B.Robinson,WAS,2024,4,0,0,0.0,0,0.0,0.0
B.Robinson,WAS,2024,5,0,0,0.0,0,0.0,0.0
B.Robinson,WAS,2024,7,0,0,0.0,0,0.0,0.0
B.Robinson,WAS,2024,8,0,0,0.0,0,0.0,0.0
B.Robinson,WAS,2024,11,0,0,0.0,0,0.0,0.0
B.Robinson,WAS,2024,12,0,0,0.0,0,0.0,0.0
B.Robinson,WAS,2024,13,0,0,0.0,0,0.0,0.0
B.Robinson,WAS,2024,15,0,0,0.0,0,0.0,0.0
B.Robinson,WAS,2024,16,0,0,0.0,0,0.0,0.0
B.Robinson,WAS,2024,17,0,0,0.0,0,0.0,0.0
B.Robinson,WAS,2024,18,0,0,0.0,0,0.0,0.0
B.Robinson,WAS,2024,19,0,0,0.0,0,0.0,0.0
B.Robinson,WAS,2024,20,0,0,0.0,0,0.0,0.0
B.Robinson,WAS,2024,21,0,0,0.0,0,0.0,0.0
K.Turpin,DAL,2024,1,0,0,0.0,0,0.0,0.0
K.Turpin,DAL,2024,2,0,0,0.0,0,0.0,0.0
K.Turpin,DAL,2024,3,0,0,0.0,0,0.0,0.0
K.Turpin,DAL,2024,5,0,0,0.0,0,0.0,0.0
K.Turpin,DAL,2024,6,0,0,0.0,0,0.0,0.0
K.Turpin,DAL,2024,8,0,0,0.0,0,0.0,0.0
K.Turpin,DAL,2024,9,0,0,0.0,0,0.0,0.0
K.Turpin,DAL,2024,11,0,0,0.0,0,0.0,0.0
K.Turpin,DAL,2024,12,0,0,0.0,0,0.0,0.0
K.Turpin,DAL,2024,13,0,0,0.0,0,0.0,0.0
K.Turpin,DAL,2024,14,0,0,0.0,0,0.0,0.0
K.Turpin,DAL,2024,15,0,0,0.0,0,0.0,0.0
K.Turpin,DAL,2024,16,0,0,0.0,0,0.0,0.0
K.Turpin,DAL,2024,17,0,0,0.0,0,0.0,0.0
K.Turpin,DAL,2024,18,0,0,0.0,0,0.0,0.0
J.Ruckert,NYJ,2024,2,0,0,0.0,0,0.0,0.0
J.Ruckert,NYJ,2024,3,0,0,0.0,0,0.0,0.0
J.Ruckert,NYJ,2024,4,0,0,0.0,0,0.0,0.0
J.Ruckert,NYJ,2024,6,0,0,0.0,0,0.0,0.0
J.Ruckert,NYJ,2024,8,0,0,0.0,0,0.0,0.0
J.Ruckert,NYJ,2024,9,0,0,0.0,0,0.0,0.0
J.Ruckert,NYJ,2024,10,0,0,0.0,0,0.0,0.0
J.Ruckert,NYJ,2024,11,0,0,0.0,0,0.0,0.0
J.Ruckert,NYJ,2024,13,0,0,0.0,0,0.0,0.0
J.Ruckert,NYJ,2024,14,0,0,0.0,0,0.0,0.0
J.Ruckert,NYJ,2024,15,0,0,0.0,0,0.0,0.0
J.Ruckert,NYJ,2024,16,0,0,0.0,0,0.0,0.0
J.Ruckert,NYJ,2024,18,0,0,0.0,0,0.0,0.0
C.Okonkwo,TEN,2024,1,0,0,0.0,0,0.0,0.0
C.Okonkwo,TEN,2024,2,0,0,0.0,0,0.0,0.0
C.Okonkwo,TEN,2024,3,0,0,0.0,0,0.0,0.0
C.Okonkwo,TEN,2024,4,0,0,0.0,0,0.0,0.0
C.Okonkwo,TEN,2024,6,0,0,0.0,0,0.0,0.0
C.Okonkwo,TEN,2024,7,0,0,0.0,0,0.0,0.0
C.Okonkwo,TEN,2024,8,0,0,0.0,0,0.0,0.0
C.Okonkwo,TEN,2024,9,0,0,0.0,0,0.0,0.0
C.Okonkwo,TEN,2024,10,0,0,0.0,0,0.0,0.0
C.Okonkwo,TEN,2024,11,0,0,0.0,0,0.0,0.0
C.Okonkwo,TEN,2024,12,0,0,0.0,0,0.0,0.0
C.Okonkwo,TEN,2024,13,0,0,0.0,0,0.0,0.0
C.Okonkwo,TEN,2024,14,0,0,0.0,0,0.0,0.0
C.Okonkwo,TEN,2024,15,0,0,0.0,0,0.0,0.0
C.Okonkwo,TEN,2024,16,0,0,0.0,0,0.0,0.0
C.Okonkwo,TEN,2024,17,0,0,0.0,0,0.0,0.0
R.Doubs,GB,2024,1,0,0,0.0,0,0.0,0.0
R.Doubs,GB,2024,2,0,0,0.0,0,0.0,0.0
R.Doubs,GB,2024,3,0,0,0.0,0,0.0,0.0
R.Doubs,GB,2024,4,0,0,0.0,0,0.0,0.0
R.Doubs,GB,2024,6,0,0,0.0,0,0.0,0.0
R.Doubs,GB,2024,7,0,0,0.0,0,0.0,0.0
R.Doubs,GB,2024,8,0,0,0.0,0,0.0,0.0
R.Doubs,GB,2024,9,0,0,0.0,0,0.0,0.0
R.Doubs,GB,2024,11,0,0,0.0,0,0.0,0.0
R.Doubs,GB,2024,12,0,0,0.0,0,0.0,0.0
R.Doubs,GB,2024,15,0,0,0.0,0,0.0,0.0
R.Doubs,GB,2024,16,0,0,0.0,0,0.0,0.0
R.Doubs,GB,2024,17,0,0,0.0,0,0.0,0.0
R.Doubs,GB,2024,19,0,0,0.0,0,0.0,0.0
T.Davis-Price,PHI,2024,17,0,0,0.0,0,0.0,0.0
B.Purdy,SF,2024,1,19,29,231.0,0,0.0,2.0
B.Purdy,SF,2024,2,28,36,319.0,1,1.0,6.0
B.Purdy,SF,2024,3,22,30,292.0,3,0.0,1.0
B.Purdy,SF,2024,4,15,27,288.0,1,1.0,1.0
B.Purdy,SF,2024,5,19,35,244.0,1,2.0,2.0
B.Purdy,SF,2024,6,18,28,255.0,3,0.0,0.0
B.Purdy,SF,2024,7,17,31,212.0,0,3.0,1.0
B.Purdy,SF,2024,8,18,26,260.0,1,0.0,2.0
B.Purdy,SF,2024,10,25,36,353.0,2,0.0,3.0
B.Purdy,SF,2024,11,21,28,159.0,1,1.0,2.0
B.Purdy,SF,2024,13,11,18,94.0,0,0.0,2.0
B.Purdy,SF,2024,14,20,25,325.0,2,0.0,1.0
B.Purdy,SF,2024,15,14,31,142.0,0,1.0,3.0
B.Purdy,SF,2024,16,26,40,313.0,2,1.0,3.0
B.Purdy,SF,2024,17,27,35,377.0,3,2.0,2.0
C.Austin,PIT,2024,1,0,0,0.0,0,0.0,0.0
C.Austin,PIT,2024,2,0,0,0.0,0,0.0,0.0
C.Austin,PIT,2024,3,0,0,0.0,0,0.0,0.0
C.Austin,PIT,2024,4,0,0,0.0,0,0.0,0.0
C.Austin,PIT,2024,5,0,0,0.0,0,0.0,0.0
C.Austin,PIT,2024,6,0,0,0.0,0,0.0,0.0
C.Austin,PIT,2024,7,0,0,0.0,0,0.0,0.0
C.Austin,PIT,2024,8,0,0,0.0,0,0.0,0.0
C.Austin,PIT,2024,10,0,0,0.0,0,0.0,0.0
C.Austin,PIT,2024,11,0,0,0.0,0,0.0,0.0
C.Austin,PIT,2024,12,0,0,0.0,0,0.0,0.0
C.Austin,PIT,2024,13,0,0,0.0,0,0.0,0.0
C.Austin,PIT,2024,14,0,0,0.0,0,0.0,0.0
C.Austin,PIT,2024,15,0,0,0.0,0,0.0,0.0
C.Austin,PIT,2024,16,0,0,0.0,0,0.0,0.0
C.Austin,PIT,2024,17,0,0,0.0,0,0.0,0.0
C.Austin,PIT,2024,18,0,0,0.0,0,0.0,0.0
C.Austin,PIT,2024,19,0,0,0.0,0,0.0,0.0
I.Likely,BAL,2024,1,0,0,0.0,0,0.0,0.0
I.Likely,BAL,2024,2,0,0,0.0,0,0.0,0.0
I.Likely,BAL,2024,3,0,0,0.0,0,0.0,0.0
I.Likely,BAL,2024,4,0,0,0.0,0,0.0,0.0
I.Likely,BAL,2024,5,0,0,0.0,0,0.0,0.0
I.Likely,BAL,2024,6,0,0,0.0,0,0.0,0.0
I.Likely,BAL,2024,7,0,0,0.0,0,0.0,0.0
I.Likely,BAL,2024,8,0,0,0.0,0,0.0,0.0
I.Likely,BAL,2024,9,0,0,0.0,0,0.0,0.0
I.Likely,BAL,2024,11,0,0,0.0,0,0.0,0.0
I.Likely,BAL,2024,13,0,0,0.0,0,0.0,0.0
I.Likely,BAL,2024,15,0,0,0.0,0,0.0,0.0
I.Likely,BAL,2024,16,0,0,0.0,0,0.0,0.0
I.Likely,BAL,2024,17,0,0,0.0,0,0.0,0.0
I.Likely,BAL,2024,18,0,0,0.0,0,0.0,0.0
I.Likely,BAL,2024,19,0,0,0.0,0,0.0,0.0
I.Likely,BAL,2024,20,0,0,0.0,0,0.0,0.0
K.Williams,LA,2024,1,0,0,0.0,0,0.0,0.0
K.Williams,LA,2024,2,0,0,0.0,0,0.0,0.0
K.Williams,LA,2024,3,0,0,0.0,0,0.0,0.0
K.Williams,LA,2024,4,0,0,0.0,0,0.0,0.0
K.Williams,LA,2024,5,0,0,0.0,0,0.0,0.0
K.Williams,LA,2024,7,0,0,0.0,0,0.0,0.0
K.Williams,LA,2024,8,0,0,0.0,0,0.0,0.0
K.Williams,LA,2024,9,0,0,0.0,0,0.0,0.0
K.Williams,LA,2024,10,0,0,0.0,0,0.0,0.0
K.Williams,LA,2024,11,0,0,0.0,0,0.0,0.0
K.Williams,LA,2024,12,0,0,0.0,0,0.0,0.0
K.Williams,LA,2024,13,0,0,0.0,0,0.0,0.0
K.Williams,LA,2024,14,0,0,0.0,0,0.0,0.0
K.Williams,LA,2024,15,0,0,0.0,0,0.0,0.0
K.Williams,LA,2024,16,0,0,0.0,0,0.0,0.0
K.Williams,LA,2024,17,0,0,0.0,0,0.0,0.0
K.Williams,LA,2024,19,0,0,0.0,0,0.0,0.0
K.Williams,LA,2024,20,0,0,0.0,0,0.0,0.0
Z.White,LV,2024,1,0,0,0.0,0,0.0,0.0
Z.White,LV,2024,2,0,0,0.0,0,0.0,0.0
Z.White,LV,2024,3,0,0,0.0,0,0.0,0.0
Z.White,LV,2024,4,0,0,0.0,0,0.0,0.0
Z.White,LV,2024,7,0,0,0.0,0,0.0,0.0
Z.White,LV,2024,8,0,0,0.0,0,0.0,0.0
Z.White,LV,2024,9,0,0,0.0,0,0.0,0.0
Z.White,LV,2024,11,0,0,0.0,0,0.0,0.0
J.Ferguson,DAL,2024,1,0,0,0.0,0,0.0,0.0
J.Ferguson,DAL,2024,3,0,0,0.0,0,0.0,0.0
J.Ferguson,DAL,2024,4,0,0,0.0,0,0.0,0.0
J.Ferguson,DAL,2024,5,0,0,0.0,0,0.0,0.0
J.Ferguson,DAL,2024,6,0,0,0.0,0,0.0,0.0
J.Ferguson,DAL,2024,8,0,0,0.0,0,0.0,0.0
J.Ferguson,DAL,2024,9,0,0,0.0,0,0.0,0.0
J.Ferguson,DAL,2024,10,0,0,0.0,0,0.0,0.0
J.Ferguson,DAL,2024,11,0,0,0.0,0,0.0,0.0
J.Ferguson,DAL,2024,14,0,0,0.0,0,0.0,0.0
J.Ferguson,DAL,2024,15,0,0,0.0,0,0.0,0.0
J.Ferguson,DAL,2024,16,0,0,0.0,0,0.0,0.0
J.Ferguson,DAL,2024,17,0,0,0.0,0,0.0,0.0
J.Ferguson,DAL,2024,18,0,0,0.0,0,0.0,0.0
C.Kolar,BAL,2024,2,0,0,0.0,0,0.0,0.0
C.Kolar,BAL,2024,3,0,0,0.0,0,0.0,0.0
C.Kolar,BAL,2024,5,0,0,0.0,0,0.0,0.0
C.Kolar,BAL,2024,7,0,0,0.0,0,0.0,0.0
C.Kolar,BAL,2024,8,0,0,0.0,0,0.0,0.0
C.Kolar,BAL,2024,10,0,0,0.0,0,0.0,0.0
C.Kolar,BAL,2024,12,0,0,0.0,0,0.0,0.0
S.Moore,KC,2024,4,0,0,0.0,0,0.0,0.0
S.Moore,KC,2024,7,0,0,0.0,0,0.0,0.0
E.Ezukanma,MIA,2024,3,0,0,0.0,0,0.0,0.0
P.Strong,CLE,2024,1,0,0,0.0,0,0.0,0.0
P.Strong,CLE,2024,2,0,0,0.0,0,0.0,0.0
P.Strong,CLE,2024,5,0,0,0.0,0,0.0,0.0
P.Strong,CLE,2024,6,0,0,0.0,0,0.0,0.0
P.Strong,CLE,2024,7,0,0,0.0,0,0.0,0.0
P.Strong,CLE,2024,8,0,0,0.0,0,0.0,0.0
P.Strong,CLE,2024,9,0,0,0.0,0,0.0,0.0
P.Strong,CLE,2024,11,0,0,0.0,0,0.0,0.0
P.Strong,CLE,2024,14,0,0,0.0,0,0.0,0.0
P.Strong,CLE,2024,16,0,0,0.0,0,0.0,0.0
P.Strong,CLE,2024,17,0,0,0.0,0,0.0,0.0
K.Pickett,PHI,2024,7,0,1,0.0,0,0.0,1.0
K.Pickett,PHI,2024,10,1,2,5.0,0,0.0,0.0
K.Pickett,PHI,2024,12,0,0,0.0,0,0.0,0.0
K.Pickett,PHI,2024,16,14,24,143.0,1,1.0,3.0
K.Pickett,PHI,2024,17,10,15,143.0,1,0.0,0.0
K.Pickett,PHI,2024,21,0,0,0.0,0,0.0,0.0
K.Pickett,PHI,2024,22,0,1,0.0,0,0.0,0.0
T.Thornton,NE,2024,1,0,0,0.0,0,0.0,0.0
T.Thornton,NE,2024,3,0,0,0.0,0,0.0,0.0
T.Thornton,NE,2024,4,0,0,0.0,0,0.0,0.0
T.Thornton,NE,2024,8,0,0,0.0,0,0.0,0.0
B.Zappe,CLE,2024,18,16,31,170.0,1,2.0,1.0
D.Bellinger,NYG,2024,1,0,0,0.0,0,0.0,0.0
D.Bellinger,NYG,2024,3,0,0,0.0,0,0.0,0.0
D.Bellinger,NYG,2024,7,0,0,0.0,0,0.0,0.0
D.Bellinger,NYG,2024,14,0,0,0.0,0,0.0,0.0
D.Bellinger,NYG,2024,15,0,0,0.0,0,0.0,0.0
D.Bellinger,NYG,2024,16,0,0,0.0,0,0.0,0.0
D.Bellinger,NYG,2024,18,0,0,0.0,0,0.0,0.0
W.Robinson,NYG,2024,1,0,0,0.0,0,0.0,0.0
W.Robinson,NYG,2024,2,0,0,0.0,0,0.0,0.0
W.Robinson,NYG,2024,3,0,0,0.0,0,0.0,0.0
W.Robinson,NYG,2024,4,0,0,0.0,0,0.0,0.0
W.Robinson,NYG,2024,5,0,0,0.0,0,0.0,0.0
W.Robinson,NYG,2024,6,0,0,0.0,0,0.0,0.0
W.Robinson,NYG,2024,7,0,0,0.0,0,0.0,0.0
W.Robinson,NYG,2024,8,0,0,0.0,0,0.0,0.0
W.Robinson,NYG,2024,9,0,0,0.0,0,0.0,0.0
W.Robinson,NYG,2024,10,0,0,0.0,0,0.0,0.0
W.Robinson,NYG,2024,12,0,0,0.0,0,0.0,0.0
W.Robinson,NYG,2024,13,0,0,0.0,0,0.0,0.0
W.Robinson,NYG,2024,14,0,0,0.0,0,0.0,0.0
W.Robinson,NYG,2024,15,0,0,0.0,0,0.0,0.0
W.Robinson,NYG,2024,16,0,0,0.0,0,0.0,0.0
W.Robinson,NYG,2024,17,0,0,0.0,0,0.0,0.0
W.Robinson,NYG,2024,18,0,0,0.0,0,0.0,0.0
B.Hall,NYJ,2024,1,0,0,0.0,0,0.0,0.0
B.Hall,NYJ,2024,2,0,0,0.0,0,0.0,0.0
B.Hall,NYJ,2024,3,0,0,0.0,0,0.0,0.0
B.Hall,NYJ,2024,4,0,0,0.0,0,0.0,0.0
B.Hall,NYJ,2024,5,0,0,0.0,0,0.0,0.0
B.Hall,NYJ,2024,6,0,0,0.0,0,0.0,0.0
B.Hall,NYJ,2024,7,0,0,0.0,0,0.0,0.0
B.Hall,NYJ,2024,8,0,0,0.0,0,0.0,0.0
B.Hall,NYJ,2024,9,0,0,0.0,0,0.0,0.0
B.Hall,NYJ,2024,10,0,0,0.0,0,0.0,0.0
B.Hall,NYJ,2024,11,0,0,0.0,0,0.0,0.0
B.Hall,NYJ,2024,13,0,0,0.0,0,0.0,0.0
B.Hall,NYJ,2024,15,0,0,0.0,0,0.0,0.0
B.Hall,NYJ,2024,16,0,0,0.0,0,0.0,0.0
B.Hall,NYJ,2024,17,0,0,0.0,0,0.0,0.0
B.Hall,NYJ,2024,18,0,0,0.0,0,0.0,0.0
D.Ridder,LV,2024,9,11,16,74.0,1,0.0,4.0
D.Ridder,LV,2024,12,5,10,64.0,0,0.0,2.0
D.Ridder,LV,2024,14,12,18,101.0,0,0.0,1.0
D.Ridder,LV,2024,15,23,39,208.0,1,2.0,3.0
D.Ridder,LV,2024,18,1,2,11.0,0,0.0,0.0
D.Belton,NYG,2024,18,0,0,0.0,0,0.0,0.0
C.Watson,GB,2024,1,0,0,0.0,0,0.0,0.0
C.Watson,GB,2024,3,0,0,0.0,0,0.0,0.0
C.Watson,GB,2024,4,0,0,0.0,0,0.0,0.0
C.Watson,GB,2024,6,0,0,0.0,0,0.0,0.0
C.Watson,GB,2024,7,0,0,0.0,0,0.0,0.0
C.Watson,GB,2024,8,0,0,0.0,0,0.0,0.0
C.Watson,GB,2024,9,0,0,0.0,0,0.0,0.0
C.Watson,GB,2024,11,0,0,0.0,0,0.0,0.0
C.Watson,GB,2024,12,0,0,0.0,0,0.0,0.0
C.Watson,GB,2024,13,0,0,0.0,0,0.0,0.0
C.Watson,GB,2024,14,0,0,0.0,0,0.0,0.0
C.Watson,GB,2024,15,0,0,0.0,0,0.0,0.0
C.Watson,GB,2024,16,0,0,0.0,0,0.0,0.0
C.Watson,GB,2024,18,0,0,0.0,0,0.0,0.0
M.Willis,GB,2024,1,0,1,0.0,0,0.0,1.0
M.Willis,GB,2024,2,12,14,122.0,1,0.0,0.0
M.Willis,GB,2024,3,13,19,202.0,1,0.0,3.0
M.Willis,GB,2024,8,4,5,56.0,1,0.0,1.0
M.Willis,GB,2024,16,1,2,34.0,0,0.0,0.0
M.Willis,GB,2024,18,10,13,136.0,0,0.0,3.0
C.Otton,TB,2024,1,0,0,0.0,0,0.0,0.0
C.Otton,TB,2024,2,0,0,0.0,0,0.0,0.0
C.Otton,TB,2024,3,0,0,0.0,0,0.0,0.0
C.Otton,TB,2024,4,0,0,0.0,0,0.0,0.0
C.Otton,TB,2024,5,0,0,0.0,0,0.0,0.0
C.Otton,TB,2024,6,0,0,0.0,0,0.0,0.0
C.Otton,TB,2024,7,0,0,0.0,0,0.0,0.0
C.Otton,TB,2024,8,0,0,0.0,0,0.0,0.0
C.Otton,TB,2024,9,0,0,0.0,0,0.0,0.0
C.Otton,TB,2024,10,0,0,0.0,0,0.0,0.0
C.Otton,TB,2024,12,0,0,0.0,0,0.0,0.0
C.Otton,TB,2024,13,0,0,0.0,0,0.0,0.0
C.Otton,TB,2024,14,0,0,0.0,0,0.0,0.0
C.Otton,TB,2024,15,0,0,0.0,0,0.0,0.0
C.Otton,TB,2024,19,0,0,0.0,0,0.0,0.0
K.Walker,SEA,2024,1,0,0,0.0,0,0.0,0.0
K.Walker,SEA,2024,4,0,0,0.0,0,0.0,0.0
K.Walker,SEA,2024,5,0,0,0.0,0,0.0,0.0
K.Walker,SEA,2024,6,0,0,0.0,0,0.0,0.0
K.Walker,SEA,2024,7,0,0,0.0,0,0.0,0.0
K.Walker,SEA,2024,8,0,0,0.0,0,0.0,0.0
K.Walker,SEA,2024,9,0,0,0.0,0,0.0,0.0
K.Walker,SEA,2024,11,0,0,0.0,0,0.0,0.0
K.Walker,SEA,2024,12,0,0,0.0,0,0.0,0.0
K.Walker,SEA,2024,13,0,0,0.0,0,0.0,0.0
K.Walker,SEA,2024,16,0,0,0.0,0,0.0,0.0
X.Smith,LA,2024,5,0,0,0.0,0,0.0,0.0
X.Smith,LA,2024,7,0,0,0.0,0,0.0,0.0
X.Smith,LA,2024,18,0,0,0.0,0,0.0,0.0
D.Wicks,GB,2024,1,0,0,0.0,0,0.0,0.0
D.Wicks,GB,2024,2,0,0,0.0,0,0.0,0.0
D.Wicks,GB,2024,3,0,0,0.0,0,0.0,0.0
D.Wicks,GB,2024,4,0,0,0.0,0,0.0,0.0
D.Wicks,GB,2024,5,0,0,0.0,0,0.0,0.0
D.Wicks,GB,2024,6,0,0,0.0,0,0.0,0.0
D.Wicks,GB,2024,7,0,0,0.0,0,0.0,0.0
D.Wicks,GB,2024,8,0,0,0.0,0,0.0,0.0
D.Wicks,GB,2024,9,0,0,0.0,0,0.0,0.0
D.Wicks,GB,2024,11,0,0,0.0,0,0.0,0.0
D.Wicks,GB,2024,12,0,0,0.0,0,0.0,0.0
D.Wicks,GB,2024,13,0,0,0.0,0,0.0,0.0
D.Wicks,GB,2024,14,0,0,0.0,0,0.0,0.0
D.Wicks,GB,2024,15,0,0,0.0,0,0.0,0.0
D.Wicks,GB,2024,16,0,0,0.0,0,0.0,0.0
D.Wicks,GB,2024,17,0,0,0.0,0,0.0,0.0
D.Wicks,GB,2024,18,0,0,0.0,0,0.0,0.0
D.Wicks,GB,2024,19,0,0,0.0,0,0.0,0.0
W.Mallory,IND,2024,5,0,0,0.0,0,0.0,0.0
W.Mallory,IND,2024,6,0,0,0.0,0,0.0,0.0
W.Mallory,IND,2024,7,0,0,0.0,0,0.0,0.0
W.Mallory,IND,2024,8,0,0,0.0,0,0.0,0.0
W.Mallory,IND,2024,10,0,0,0.0,0,0.0,0.0
W.Mallory,IND,2024,13,0,0,0.0,0,0.0,0.0
W.Mallory,IND,2024,15,0,0,0.0,0,0.0,0.0
E.Gray,NYG,2024,1,0,0,0.0,0,0.0,0.0
E.Gray,NYG,2024,3,0,0,0.0,0,0.0,0.0
E.Gray,NYG,2024,4,0,0,0.0,0,0.0,0.0
E.Gray,NYG,2024,5,0,0,0.0,0,0.0,0.0
E.Gray,NYG,2024,6,0,0,0.0,0,0.0,0.0
E.Gray,NYG,2024,7,0,0,0.0,0,0.0,0.0
E.Gray,NYG,2024,8,0,0,0.0,0,0.0,0.0
E.Gray,NYG,2024,12,0,0,0.0,0,0.0,0.0
E.Gray,NYG,2024,16,0,0,0.0,0,0.0,0.0
E.Gray,NYG,2024,18,0,0,0.0,0,0.0,0.0
T.McKee,PHI,2024,17,3,4,54.0,2,0.0,0.0
T.McKee,PHI,2024,18,27,41,269.0,2,0.0,2.0
T.Bagent,CHI,2024,5,0,0,0.0,0,0.0,0.0
T.Bagent,CHI,2024,6,0,0,0.0,0,0.0,0.0
T.Bagent,CHI,2024,14,1,1,6.0,0,0.0,0.0
T.Bagent,CHI,2024,15,1,1,5.0,0,0.0,0.0
K.Mitchell,BAL,2024,17,0,0,0.0,0,0.0,0.0
K.Mitchell,BAL,2024,18,0,0,0.0,0,0.0,0.0
M.Heath,GB,2024,4,0,0,0.0,0,0.0,0.0
M.Heath,GB,2024,5,0,0,0.0,0,0.0,0.0
M.Heath,GB,2024,12,0,0,0.0,0,0.0,0.0
M.Heath,GB,2024,17,0,0,0.0,0,0.0,0.0
M.Heath,GB,2024,18,0,0,0.0,0,0.0,0.0
M.Heath,GB,2024,19,0,0,0.0,0,0.0,0.0
T.DeVito,NYG,2024,12,21,31,189.0,0,0.0,4.0
T.DeVito,NYG,2024,15,10,13,68.0,0,0.0,2.0
B.Ford-Wheaton,NYG,2024,5,0,0,0.0,0,0.0,0.0
B.VanSumeren,PHI,2024,9,0,0,0.0,0,0.0,0.0
X.Gipson,NYJ,2024,3,0,0,0.0,0,0.0,0.0
X.Gipson,NYJ,2024,4,0,0,0.0,0,0.0,0.0
X.Gipson,NYJ,2024,8,0,0,0.0,0,0.0,0.0
X.Gipson,NYJ,2024,10,0,0,0.0,0,0.0,0.0
X.Gipson,NYJ,2024,11,0,0,0.0,0,0.0,0.0
X.Gipson,NYJ,2024,13,0,0,0.0,0,0.0,0.0
X.Gipson,NYJ,2024,18,0,0,0.0,0,0.0,0.0
E.Jenkins,PHI,2024,17,0,0,0.0,0,0.0,0.0
E.Jenkins,PHI,2024,18,0,0,0.0,0,0.0,0.0
G.DuBose,MIA,2024,2,0,0,0.0,0,0.0,0.0
G.DuBose,MIA,2024,15,0,0,0.0,0,0.0,0.0
N.Remigio,KC,2024,18,0,0,0.0,0,0.0,0.0
B.Robinson,ATL,2024,1,0,0,0.0,0,0.0,0.0
B.Robinson,ATL,2024,2,0,0,0.0,0,0.0,0.0
B.Robinson,ATL,2024,3,0,0,0.0,0,0.0,0.0
B.Robinson,ATL,2024,4,0,0,0.0,0,0.0,0.0
B.Robinson,ATL,2024,5,0,0,0.0,0,0.0,0.0
B.Robinson,ATL,2024,6,0,0,0.0,0,0.0,0.0
B.Robinson,ATL,2024,7,0,0,0.0,0,0.0,0.0
B.Robinson,ATL,2024,8,0,0,0.0,0,0.0,0.0
B.Robinson,ATL,2024,9,0,0,0.0,0,0.0,0.0
B.Robinson,ATL,2024,10,0,0,0.0,0,0.0,0.0
B.Robinson,ATL,2024,11,0,0,0.0,0,0.0,0.0
B.Robinson,ATL,2024,13,0,0,0.0,0,0.0,0.0
B.Robinson,ATL,2024,14,0,0,0.0,0,0.0,0.0
B.Robinson,ATL,2024,15,0,0,0.0,0,0.0,0.0
B.Robinson,ATL,2024,16,0,0,0.0,0,0.0,0.0
B.Robinson,ATL,2024,17,0,0,0.0,0,0.0,0.0
B.Robinson,ATL,2024,18,0,0,0.0,0,0.0,0.0
J.Smith-Njigba,SEA,2024,1,0,0,0.0,0,0.0,0.0
J.Smith-Njigba,SEA,2024,2,0,0,0.0,0,0.0,0.0
J.Smith-Njigba,SEA,2024,3,0,0,0.0,0,0.0,0.0
J.Smith-Njigba,SEA,2024,4,0,0,0.0,0,0.0,0.0
J.Smith-Njigba,SEA,2024,5,0,0,0.0,0,0.0,0.0
J.Smith-Njigba,SEA,2024,6,0,0,0.0,0,0.0,0.0
J.Smith-Njigba,SEA,2024,7,1,1,35.0,0,0.0,0.0
J.Smith-Njigba,SEA,2024,8,0,0,0.0,0,0.0,0.0
J.Smith-Njigba,SEA,2024,9,0,0,0.0,0,0.0,0.0
J.Smith-Njigba,SEA,2024,11,0,0,0.0,0,0.0,0.0
J.Smith-Njigba,SEA,2024,12,0,0,0.0,0,0.0,0.0
J.Smith-Njigba,SEA,2024,13,0,0,0.0,0,0.0,0.0
J.Smith-Njigba,SEA,2024,14,0,0,0.0,0,0.0,0.0
J.Smith-Njigba,SEA,2024,15,0,0,0.0,0,0.0,0.0
J.Smith-Njigba,SEA,2024,16,0,0,0.0,0,0.0,0.0
J.Smith-Njigba,SEA,2024,17,0,0,0.0,0,0.0,0.0
J.Smith-Njigba,SEA,2024,18,0,0,0.0,0,0.0,0.0
Q.Johnston,LAC,2024,1,0,0,0.0,0,0.0,0.0
Q.Johnston,LAC,2024,2,0,0,0.0,0,0.0,0.0
Q.Johnston,LAC,2024,3,0,0,0.0,0,0.0,0.0
Q.Johnston,LAC,2024,4,0,0,0.0,0,0.0,0.0
Q.Johnston,LAC,2024,6,0,0,0.0,0,0.0,0.0
Q.Johnston,LAC,2024,9,0,0,0.0,0,0.0,0.0
Q.Johnston,LAC,2024,10,0,0,0.0,0,0.0,0.0
Q.Johnston,LAC,2024,11,0,0,0.0,0,0.0,0.0
Q.Johnston,LAC,2024,12,0,0,0.0,0,0.0,0.0
Q.Johnston,LAC,2024,13,0,0,0.0,0,0.0,0.0
Q.Johnston,LAC,2024,14,0,0,0.0,0,0.0,0.0
Q.Johnston,LAC,2024,15,0,0,0.0,0,0.0,0.0
Q.Johnston,LAC,2024,16,0,0,0.0,0,0.0,0.0
Q.Johnston,LAC,2024,17,0,0,0.0,0,0.0,0.0
Q.Johnston,LAC,2024,18,0,0,0.0,0,0.0,0.0
Q.Johnston,LAC,2024,19,0,0,0.0,0,0.0,0.0
L.Schoonmaker,DAL,2024,2,0,0,0.0,0,0.0,0.0
L.Schoonmaker,DAL,2024,3,0,0,0.0,0,0.0,0.0
L.Schoonmaker,DAL,2024,5,0,0,0.0,0,0.0,0.0
L.Schoonmaker,DAL,2024,10,0,0,0.0,0,0.0,0.0
L.Schoonmaker,DAL,2024,11,0,0,0.0,0,0.0,0.0
L.Schoonmaker,DAL,2024,12,0,0,0.0,0,0.0,0.0
L.Schoonmaker,DAL,2024,13,0,0,0.0,0,0.0,0.0
L.Schoonmaker,DAL,2024,14,0,0,0.0,0,0.0,0.0
L.Schoonmaker,DAL,2024,16,0,0,0.0,0,0.0,0.0
L.Schoonmaker,DAL,2024,18,0,0,0.0,0,0.0,0.0
H.Hooker,DET,2024,6,1,2,19.0,0,0.0,1.0
H.Hooker,DET,2024,8,2,3,6.0,0,0.0,0.0
H.Hooker,DET,2024,11,3,4,37.0,0,0.0,0.0
K.Miller,NO,2024,7,0,0,0.0,0,0.0,0.0
K.Miller,NO,2024,8,0,0,0.0,0,0.0,0.0
K.Miller,NO,2024,14,0,0,0.0,0,0.0,0.0
K.Miller,NO,2024,15,0,0,0.0,0,0.0,0.0
K.Miller,NO,2024,16,0,0,0.0,0,0.0,0.0
K.Miller,NO,2024,17,0,0,0.0,0,0.0,0.0
T.Bigsby,JAX,2024,1,0,0,0.0,0,0.0,0.0
T.Bigsby,JAX,2024,3,0,0,0.0,0,0.0,0.0
T.Bigsby,JAX,2024,4,0,0,0.0,0,0.0,0.0
T.Bigsby,JAX,2024,5,0,0,0.0,0,0.0,0.0
T.Bigsby,JAX,2024,6,0,0,0.0,0,0.0,0.0
T.Bigsby,JAX,2024,7,0,0,0.0,0,0.0,0.0
T.Bigsby,JAX,2024,8,0,0,0.0,0,0.0,0.0
T.Bigsby,JAX,2024,9,0,0,0.0,0,0.0,0.0
T.Bigsby,JAX,2024,10,0,0,0.0,0,0.0,0.0
T.Bigsby,JAX,2024,13,0,0,0.0,0,0.0,0.0
T.Bigsby,JAX,2024,14,0,0,0.0,0,0.0,0.0
T.Bigsby,JAX,2024,15,0,0,0.0,0,0.0,0.0
T.Bigsby,JAX,2024,16,0,0,0.0,0,0.0,0.0
T.Bigsby,JAX,2024,17,0,0,0.0,0,0.0,0.0
T.Bigsby,JAX,2024,18,0,0,0.0,0,0.0,0.0
D.Washington,PIT,2024,1,0,0,0.0,0,0.0,0.0
D.Washington,PIT,2024,2,0,0,0.0,0,0.0,0.0
D.Washington,PIT,2024,4,0,0,0.0,0,0.0,0.0
D.Washington,PIT,2024,5,0,0,0.0,0,0.0,0.0
D.Washington,PIT,2024,6,0,0,0.0,0,0.0,0.0
D.Washington,PIT,2024,7,0,0,0.0,0,0.0,0.0
D.Washington,PIT,2024,8,0,0,0.0,0,0.0,0.0
D.Washington,PIT,2024,10,0,0,0.0,0,0.0,0.0
D.Washington,PIT,2024,11,0,0,0.0,0,0.0,0.0
D.Washington,PIT,2024,12,0,0,0.0,0,0.0,0.0
D.Washington,PIT,2024,13,0,0,0.0,0,0.0,0.0
D.Washington,PIT,2024,14,0,0,0.0,0,0.0,0.0
D.Washington,PIT,2024,17,0,0,0.0,0,0.0,0.0
D.Washington,PIT,2024,19,0,0,0.0,0,0.0,0.0
M.Wilson,ARI,2024,1,0,0,0.0,0,0.0,0.0
M.Wilson,ARI,2024,2,0,0,0.0,0,0.0,0.0
M.Wilson,ARI,2024,3,0,0,0.0,0,0.0,0.0
M.Wilson,ARI,2024,4,0,0,0.0,0,0.0,0.0
M.Wilson,ARI,2024,5,0,0,0.0,0,0.0,0.0
M.Wilson,ARI,2024,6,0,0,0.0,0,0.0,0.0
M.Wilson,ARI,2024,7,0,0,0.0,0,0.0,0.0
M.Wilson,ARI,2024,8,0,0,0.0,0,0.0,0.0
M.Wilson,ARI,2024,9,0,0,0.0,0,0.0,0.0
M.Wilson,ARI,2024,10,0,0,0.0,0,0.0,0.0
M.Wilson,ARI,2024,12,0,0,0.0,0,0.0,0.0
M.Wilson,ARI,2024,13,0,0,0.0,0,0.0,0.0
M.Wilson,ARI,2024,14,0,0,0.0,0,0.0,0.0
M.Wilson,ARI,2024,15,0,0,0.0,0,0.0,0.0
M.Wilson,ARI,2024,16,0,0,0.0,0,0.0,0.0
M.Wilson,ARI,2024,17,0,0,0.0,0,0.0,0.0
T.Tucker,LV,2024,1,0,0,0.0,0,0.0,0.0
T.Tucker,LV,2024,2,0,0,0.0,0,0.0,0.0
T.Tucker,LV,2024,3,0,0,0.0,0,0.0,0.0
T.Tucker,LV,2024,4,0,0,0.0,0,0.0,0.0
T.Tucker,LV,2024,5,0,0,0.0,0,0.0,0.0
T.Tucker,LV,2024,6,0,0,0.0,0,0.0,0.0
T.Tucker,LV,2024,7,0,0,0.0,0,0.0,0.0
T.Tucker,LV,2024,8,0,0,0.0,0,0.0,0.0
T.Tucker,LV,2024,9,0,0,0.0,0,0.0,0.0
T.Tucker,LV,2024,11,0,0,0.0,0,0.0,0.0
T.Tucker,LV,2024,12,0,0,0.0,0,0.0,0.0
T.Tucker,LV,2024,13,0,0,0.0,0,0.0,0.0
T.Tucker,LV,2024,14,0,0,0.0,0,0.0,0.0
T.Tucker,LV,2024,15,0,0,0.0,0,0.0,0.0
T.Tucker,LV,2024,16,0,0,0.0,0,0.0,0.0
T.Tucker,LV,2024,17,0,0,0.0,0,0.0,0.0
T.Tucker,LV,2024,18,0,0,0.0,0,0.0,0.0
D.Davis,LAC,2024,1,0,0,0.0,0,0.0,0.0
D.Davis,LAC,2024,3,0,0,0.0,0,0.0,0.0
D.Davis,LAC,2024,6,0,0,0.0,0,0.0,0.0
D.Davis,LAC,2024,10,0,0,0.0,0,0.0,0.0
D.Davis,LAC,2024,11,0,0,0.0,0,0.0,0.0
D.Davis,LAC,2024,12,0,0,0.0,0,0.0,0.0
D.Davis,LAC,2024,13,0,0,0.0,0,0.0,0.0
D.Davis,LAC,2024,14,0,0,0.0,0,0.0,0.0
D.Davis,LAC,2024,16,0,0,0.0,0,0.0,0.0
D.Davis,LAC,2024,17,0,0,0.0,0,0.0,0.0
D.Davis,LAC,2024,18,0,0,0.0,0,0.0,0.0
D.Davis,LAC,2024,19,0,0,0.0,0,0.0,0.0
C.Jones,CIN,2024,1,0,0,0.0,0,0.0,0.0
C.Jones,CIN,2024,7,0,0,0.0,0,0.0,0.0
A.O'Connell,LV,2024,3,9,12,82.0,1,0.0,1.0
A.O'Connell,LV,2024,5,10,20,94.0,0,1.0,1.0
A.O'Connell,LV,2024,6,27,40,227.0,1,1.0,1.0
A.O'Connell,LV,2024,7,6,10,52.0,0,0.0,0.0
A.O'Connell,LV,2024,13,23,35,340.0,2,0.0,3.0
A.O'Connell,LV,2024,14,11,19,104.0,0,1.0,1.0
A.O'Connell,LV,2024,16,24,38,257.0,0,0.0,2.0
A.O'Connell,LV,2024,17,20,35,242.0,2,0.0,1.0
A.O'Connell,LV,2024,18,24,34,214.0,2,1.0,0.0
C.Tune,ARI,2024,2,0,0,0.0,0,0.0,0.0
C.Tune,ARI,2024,7,0,0,0.0,0,0.0,0.0
C.Tune,ARI,2024,10,0,0,0.0,0,0.0,0.0
C.Tune,ARI,2024,15,2,2,8.0,0,0.0,0.0
C.Tune,ARI,2024,18,0,0,0.0,0,0.0,0.0
D.Thompson-Robinson,CLE,2024,7,11,24,82.0,0,2.0,1.0
D.Thompson-Robinson,CLE,2024,11,0,1,0.0,0,0.0,0.0
D.Thompson-Robinson,CLE,2024,15,4,9,18.0,0,1.0,0.0
D.Thompson-Robinson,CLE,2024,16,20,34,157.0,0,2.0,5.0
D.Thompson-Robinson,CLE,2024,17,24,47,170.0,0,1.0,1.0
D.Thompson-Robinson,CLE,2024,18,2,3,13.0,0,0.0,1.0
J.Whyle,TEN,2024,2,0,0,0.0,0,0.0,0.0
J.Whyle,TEN,2024,3,0,0,0.0,0,0.0,0.0
J.Whyle,TEN,2024,4,0,0,0.0,0,0.0,0.0
J.Whyle,TEN,2024,6,0,0,0.0,0,0.0,0.0
J.Whyle,TEN,2024,7,0,0,0.0,0,0.0,0.0
J.Whyle,TEN,2024,8,0,0,0.0,0,0.0,0.0
J.Whyle,TEN,2024,9,0,0,0.0,0,0.0,0.0
J.Whyle,TEN,2024,10,0,0,0.0,0,0.0,0.0
J.Whyle,TEN,2024,11,0,0,0.0,0,0.0,0.0
J.Whyle,TEN,2024,13,0,0,0.0,0,0.0,0.0
J.Whyle,TEN,2024,14,0,0,0.0,0,0.0,0.0
J.Whyle,TEN,2024,15,0,0,0.0,0,0.0,0.0
J.Whyle,TEN,2024,17,0,0,0.0,0,0.0,0.0
J.Whyle,TEN,2024,18,0,0,0.0,0,0.0,0.0
C.Brown,CIN,2024,1,0,0,0.0,0,0.0,0.0
C.Brown,CIN,2024,2,0,0,0.0,0,0.0,0.0
C.Brown,CIN,2024,3,0,0,0.0,0,0.0,0.0
C.Brown,CIN,2024,4,0,0,0.0,0,0.0,0.0
C.Brown,CIN,2024,5,0,0,0.0,0,0.0,0.0
C.Brown,CIN,2024,6,0,0,0.0,0,0.0,0.0
C.Brown,CIN,2024,7,0,0,0.0,0,0.0,0.0
C.Brown,CIN,2024,8,0,0,0.0,0,0.0,0.0
C.Brown,CIN,2024,9,0,0,0.0,0,0.0,0.0
C.Brown,CIN,2024,10,0,0,0.0,0,0.0,0.0
C.Brown,CIN,2024,11,0,0,0.0,0,0.0,0.0
C.Brown,CIN,2024,13,0,0,0.0,0,0.0,0.0
C.Brown,CIN,2024,14,0,0,0.0,0,0.0,0.0
C.Brown,CIN,2024,15,0,0,0.0,0,0.0,0.0
C.Brown,CIN,2024,16,0,0,0.0,0,0.0,0.0
C.Brown,CIN,2024,17,0,0,0.0,0,0.0,0.0
P.Washington,JAX,2024,1,0,0,0.0,0,0.0,0.0
P.Washington,JAX,2024,2,0,0,0.0,0,0.0,0.0
P.Washington,JAX,2024,3,0,0,0.0,0,0.0,0.0
P.Washington,JAX,2024,7,0,0,0.0,0,0.0,0.0
P.Washington,JAX,2024,8,0,0,0.0,0,0.0,0.0
P.Washington,JAX,2024,9,0,0,0.0,0,0.0,0.0
P.Washington,JAX,2024,11,0,0,0.0,0,0.0,0.0
P.Washington,JAX,2024,13,0,0,0.0,0,0.0,0.0
P.Washington,JAX,2024,14,0,0,0.0,0,0.0,0.0
P.Washington,JAX,2024,15,0,0,0.0,0,0.0,0.0
P.Washington,JAX,2024,16,0,0,0.0,0,0.0,0.0
P.Washington,JAX,2024,17,0,0,0.0,0,0.0,0.0
P.Washington,JAX,2024,18,0,0,0.0,0,0.0,0.0
K.Boutte,NE,2024,3,0,0,0.0,0,0.0,0.0
K.Boutte,NE,2024,4,0,0,0.0,0,0.0,0.0
K.Boutte,NE,2024,5,0,0,0.0,0,0.0,0.0
K.Boutte,NE,2024,6,0,0,0.0,0,0.0,0.0
K.Boutte,NE,2024,7,0,0,0.0,0,0.0,0.0
K.Boutte,NE,2024,8,0,0,0.0,0,0.0,0.0
K.Boutte,NE,2024,9,0,0,0.0,0,0.0,0.0
K.Boutte,NE,2024,10,0,0,0.0,0,0.0,0.0
K.Boutte,NE,2024,11,0,0,0.0,0,0.0,0.0
K.Boutte,NE,2024,12,0,0,0.0,0,0.0,0.0
K.Boutte,NE,2024,13,0,0,0.0,0,0.0,0.0
K.Boutte,NE,2024,15,0,0,0.0,0,0.0,0.0
K.Boutte,NE,2024,16,0,0,0.0,0,0.0,0.0
K.Boutte,NE,2024,17,0,0,0.0,0,0.0,0.0
K.Boutte,NE,2024,18,0,0,0.0,0,0.0,0.0
C.Rodriguez,WAS,2024,9,0,0,0.0,0,0.0,0.0
C.Rodriguez,WAS,2024,10,0,0,0.0,0,0.0,0.0
C.Rodriguez,WAS,2024,13,0,0,0.0,0,0.0,0.0
C.Rodriguez,WAS,2024,15,0,0,0.0,0,0.0,0.0
C.Rodriguez,WAS,2024,16,0,0,0.0,0,0.0,0.0
C.Rodriguez,WAS,2024,17,0,0,0.0,0,0.0,0.0
S.Matlock,LAC,2024,1,0,0,0.0,0,0.0,0.0
S.Matlock,LAC,2024,4,0,0,0.0,0,0.0,0.0
S.Matlock,LAC,2024,8,0,0,0.0,0,0.0,0.0
S.Matlock,LAC,2024,13,0,0,0.0,0,0.0,0.0
S.Matlock,LAC,2024,16,0,0,0.0,0,0.0,0.0
X.Hutchinson,HOU,2024,1,0,0,0.0,0,0.0,0.0
X.Hutchinson,HOU,2024,2,0,0,0.0,0,0.0,0.0
X.Hutchinson,HOU,2024,3,0,0,0.0,0,0.0,0.0
X.Hutchinson,HOU,2024,5,0,0,0.0,0,0.0,0.0
X.Hutchinson,HOU,2024,6,0,0,0.0,0,0.0,0.0
X.Hutchinson,HOU,2024,7,0,0,0.0,0,0.0,0.0
X.Hutchinson,HOU,2024,8,0,0,0.0,0,0.0,0.0
X.Hutchinson,HOU,2024,9,0,0,0.0,0,0.0,0.0
X.Hutchinson,HOU,2024,10,0,0,0.0,0,0.0,0.0
X.Hutchinson,HOU,2024,12,0,0,0.0,0,0.0,0.0
X.Hutchinson,HOU,2024,15,0,0,0.0,0,0.0,0.0
X.Hutchinson,HOU,2024,16,0,0,0.0,0,0.0,0.0
X.Hutchinson,HOU,2024,17,0,0,0.0,0,0.0,0.0
X.Hutchinson,HOU,2024,18,0,0,0.0,0,0.0,0.0
X.Hutchinson,HOU,2024,19,0,0,0.0,0,0.0,0.0
X.Hutchinson,HOU,2024,20,0,0,0.0,0,0.0,0.0
A.Iosivas,CIN,2024,1,0,0,0.0,0,0.0,0.0
A.Iosivas,CIN,2024,2,0,0,0.0,0,0.0,0.0
A.Iosivas,CIN,2024,3,0,0,0.0,0,0.0,0.0
A.Iosivas,CIN,2024,4,0,0,0.0,0,0.0,0.0
A.Iosivas,CIN,2024,5,0,0,0.0,0,0.0,0.0
A.Iosivas,CIN,2024,6,0,0,0.0,0,0.0,0.0
A.Iosivas,CIN,2024,7,0,0,0.0,0,0.0,0.0
A.Iosivas,CIN,2024,8,0,0,0.0,0,0.0,0.0
A.Iosivas,CIN,2024,9,0,0,0.0,0,0.0,0.0
A.Iosivas,CIN,2024,10,0,0,0.0,0,0.0,0.0
A.Iosivas,CIN,2024,11,0,0,0.0,0,0.0,0.0
A.Iosivas,CIN,2024,13,0,0,0.0,0,0.0,0.0
A.Iosivas,CIN,2024,14,0,0,0.0,0,0.0,0.0
A.Iosivas,CIN,2024,15,0,0,0.0,0,0.0,0.0
A.Iosivas,CIN,2024,16,0,0,0.0,0,0.0,0.0
A.Iosivas,CIN,2024,17,0,0,0.0,0,0.0,0.0
A.Iosivas,CIN,2024,18,0,0,0.0,0,0.0,0.0
D.Douglas,NE,2024,1,0,0,0.0,0,0.0,0.0
D.Douglas,NE,2024,3,0,0,0.0,0,0.0,0.0
D.Douglas,NE,2024,4,0,0,0.0,0,0.0,0.0
D.Douglas,NE,2024,5,0,0,0.0,0,0.0,0.0
D.Douglas,NE,2024,6,0,0,0.0,0,0.0,0.0
D.Douglas,NE,2024,7,0,0,0.0,0,0.0,0.0
D.Douglas,NE,2024,8,0,0,0.0,0,0.0,0.0
D.Douglas,NE,2024,9,0,0,0.0,0,0.0,0.0
D.Douglas,NE,2024,10,0,0,0.0,0,0.0,0.0
D.Douglas,NE,2024,11,0,0,0.0,0,0.0,0.0
D.Douglas,NE,2024,12,0,0,0.0,0,0.0,0.0
D.Douglas,NE,2024,13,0,0,0.0,0,0.0,0.0
D.Douglas,NE,2024,15,0,0,0.0,0,0.0,0.0
D.Douglas,NE,2024,16,0,0,0.0,0,0.0,0.0
D.Douglas,NE,2024,17,0,0,0.0,0,0.0,0.0
D.Douglas,NE,2024,18,0,0,0.0,0,0.0,0.0
D.Vaughn,DAL,2024,1,0,0,0.0,0,0.0,0.0
D.Vaughn,DAL,2024,2,0,0,0.0,0,0.0,0.0
D.Vaughn,DAL,2024,3,0,0,0.0,0,0.0,0.0
D.Vaughn,DAL,2024,11,0,0,0.0,0,0.0,0.0
D.Vaughn,DAL,2024,18,0,0,0.0,0,0.0,0.0
K.McIntosh,SEA,2024,3,0,0,0.0,0,0.0,0.0
K.McIntosh,SEA,2024,7,0,0,0.0,0,0.0,0.0
K.McIntosh,SEA,2024,14,0,0,0.0,0,0.0,0.0
K.McIntosh,SEA,2024,15,0,0,0.0,0,0.0,0.0
K.McIntosh,SEA,2024,16,0,0,0.0,0,0.0,0.0
K.McIntosh,SEA,2024,17,0,0,0.0,0,0.0,0.0
K.McIntosh,SEA,2024,18,0,0,0.0,0,0.0,0.0
J.Brooks,DAL,2024,1,0,0,0.0,0,0.0,0.0
J.Brooks,DAL,2024,2,0,0,0.0,0,0.0,0.0
J.Brooks,DAL,2024,3,0,0,0.0,0,0.0,0.0
J.Brooks,DAL,2024,5,0,0,0.0,0,0.0,0.0
J.Brooks,DAL,2024,6,0,0,0.0,0,0.0,0.0
J.Brooks,DAL,2024,8,0,0,0.0,0,0.0,0.0
J.Brooks,DAL,2024,9,0,0,0.0,0,0.0,0.0
J.Brooks,DAL,2024,10,0,0,0.0,0,0.0,0.0
J.Brooks,DAL,2024,12,0,0,0.0,0,0.0,0.0
J.Brooks,DAL,2024,13,0,0,0.0,0,0.0,0.0
J.Brooks,DAL,2024,15,0,0,0.0,0,0.0,0.0
J.Brooks,DAL,2024,17,0,0,0.0,0,0.0,0.0
B.Willis,SF,2024,18,0,0,0.0,0,0.0,0.0
R.Bell,SF,2024,3,0,0,0.0,0,0.0,0.0
R.Bell,SF,2024,7,0,0,0.0,0,0.0,0.0
R.Bell,SF,2024,8,0,0,0.0,0,0.0,0.0
J.Mims,NO,2024,1,0,0,0.0,0,0.0,0.0
J.Mims,NO,2024,6,0,0,0.0,0,0.0,0.0
J.Mims,NO,2024,9,0,0,0.0,0,0.0,0.0
J.Mims,NO,2024,10,0,0,0.0,0,0.0,0.0
J.Mims,NO,2024,11,0,0,0.0,0,0.0,0.0
J.Mims,NO,2024,16,0,0,0.0,0,0.0,0.0
J.Mims,NO,2024,18,0,0,0.0,0,0.0,0.0
T.Shavers,BUF,2024,17,0,0,0.0,0,0.0,0.0
C.Brooks,GB,2024,3,0,0,0.0,0,0.0,0.0
C.Brooks,GB,2024,6,0,0,0.0,0,0.0,0.0
C.Brooks,GB,2024,8,0,0,0.0,0,0.0,0.0
C.Brooks,GB,2024,9,0,0,0.0,0,0.0,0.0
C.Brooks,GB,2024,11,0,0,0.0,0,0.0,0.0
C.Brooks,GB,2024,12,0,0,0.0,0,0.0,0.0
C.Brooks,GB,2024,13,0,0,0.0,0,0.0,0.0
C.Brooks,GB,2024,14,0,0,0.0,0,0.0,0.0
C.Brooks,GB,2024,15,0,0,0.0,0,0.0,0.0
C.Brooks,GB,2024,16,0,0,0.0,0,0.0,0.0
C.Brooks,GB,2024,18,0,0,0.0,0,0.0,0.0
C.Brooks,GB,2024,19,0,0,0.0,0,0.0,0.0
E.Demercado,ARI,2024,1,0,0,0.0,0,0.0,0.0
E.Demercado,ARI,2024,2,0,0,0.0,0,0.0,0.0
E.Demercado,ARI,2024,3,0,0,0.0,0,0.0,0.0
E.Demercado,ARI,2024,4,0,0,0.0,0,0.0,0.0
E.Demercado,ARI,2024,5,0,0,0.0,0,0.0,0.0
E.Demercado,ARI,2024,6,0,0,0.0,0,0.0,0.0
E.Demercado,ARI,2024,7,0,0,0.0,0,0.0,0.0
E.Demercado,ARI,2024,8,0,0,0.0,0,0.0,0.0
E.Demercado,ARI,2024,9,0,0,0.0,0,0.0,0.0
E.Demercado,ARI,2024,10,0,0,0.0,0,0.0,0.0
E.Demercado,ARI,2024,12,0,0,0.0,0,0.0,0.0
E.Demercado,ARI,2024,13,0,0,0.0,0,0.0,0.0
E.Demercado,ARI,2024,14,0,0,0.0,0,0.0,0.0
B.Whiteheart,CLE,2024,4,0,0,0.0,0,0.0,0.0
B.Whiteheart,CLE,2024,12,0,0,0.0,0,0.0,0.0
B.Whiteheart,CLE,2024,13,0,0,0.0,0,0.0,0.0
B.Whiteheart,CLE,2024,14,0,0,0.0,0,0.0,0.0
B.Whiteheart,CLE,2024,15,0,0,0.0,0,0.0,0.0
B.Whiteheart,CLE,2024,17,0,0,0.0,0,0.0,0.0
B.Whiteheart,CLE,2024,18,0,0,0.0,0,0.0,0.0
J.Hill,MIA,2024,1,0,0,0.0,0,0.0,0.0
J.Hill,MIA,2024,2,0,0,0.0,0,0.0,0.0
J.Hill,MIA,2024,3,0,0,0.0,0,0.0,0.0
J.Hill,MIA,2024,7,0,0,0.0,0,0.0,0.0
J.Hill,MIA,2024,8,0,0,0.0,0,0.0,0.0
J.Hill,MIA,2024,10,0,0,0.0,0,0.0,0.0
J.Hill,MIA,2024,11,0,0,0.0,0,0.0,0.0
J.Hill,MIA,2024,12,0,0,0.0,0,0.0,0.0
J.Hill,MIA,2024,13,0,0,0.0,0,0.0,0.0
J.Hill,MIA,2024,14,0,0,0.0,0,0.0,0.0
J.Hill,MIA,2024,18,0,0,0.0,0,0.0,0.0
J.Wayne,HOU,2024,20,0,0,0.0,0,0.0,0.0
H.Luepke,DAL,2024,1,0,0,0.0,0,0.0,0.0
H.Luepke,DAL,2024,3,0,0,0.0,0,0.0,0.0
H.Luepke,DAL,2024,4,0,0,0.0,0,0.0,0.0
H.Luepke,DAL,2024,5,0,0,0.0,0,0.0,0.0
H.Luepke,DAL,2024,8,0,0,0.0,0,0.0,0.0
H.Luepke,DAL,2024,9,0,0,0.0,0,0.0,0.0
H.Luepke,DAL,2024,10,0,0,0.0,0,0.0,0.0
H.Luepke,DAL,2024,12,0,0,0.0,0,0.0,0.0
H.Luepke,DAL,2024,13,0,0,0.0,0,0.0,0.0
H.Luepke,DAL,2024,14,0,0,0.0,0,0.0,0.0
H.Luepke,DAL,2024,16,0,0,0.0,0,0.0,0.0
H.Luepke,DAL,2024,17,0,0,0.0,0,0.0,0.0
H.Luepke,DAL,2024,18,0,0,0.0,0,0.0,0.0
J.Bobo,SEA,2024,2,0,0,0.0,0,0.0,0.0
J.Bobo,SEA,2024,4,0,0,0.0,0,0.0,0.0
J.Bobo,SEA,2024,5,0,0,0.0,0,0.0,0.0
J.Bobo,SEA,2024,6,0,0,0.0,0,0.0,0.0
J.Bobo,SEA,2024,7,0,0,0.0,0,0.0,0.0
J.Bobo,SEA,2024,8,0,0,0.0,0,0.0,0.0
J.Bobo,SEA,2024,9,0,0,0.0,0,0.0,0.0
J.Bobo,SEA,2024,12,0,0,0.0,0,0.0,0.0
J.Bobo,SEA,2024,15,0,0,0.0,0,0.0,0.0
J.Bobo,SEA,2024,16,0,0,0.0,0,0.0,0.0
J.Bobo,SEA,2024,18,0,0,0.0,0,0.0,0.0
N.Adkins,DEN,2024,2,0,0,0.0,0,0.0,0.0
N.Adkins,DEN,2024,3,0,0,0.0,0,0.0,0.0
N.Adkins,DEN,2024,4,0,0,0.0,0,0.0,0.0
N.Adkins,DEN,2024,5,0,0,0.0,0,0.0,0.0
N.Adkins,DEN,2024,6,0,0,0.0,0,0.0,0.0
N.Adkins,DEN,2024,8,0,0,0.0,0,0.0,0.0
N.Adkins,DEN,2024,11,0,0,0.0,0,0.0,0.0
N.Adkins,DEN,2024,13,0,0,0.0,0,0.0,0.0
N.Adkins,DEN,2024,15,0,0,0.0,0,0.0,0.0
N.Adkins,DEN,2024,16,0,0,0.0,0,0.0,0.0
N.Adkins,DEN,2024,17,0,0,0.0,0,0.0,0.0
N.Adkins,DEN,2024,18,0,0,0.0,0,0.0,0.0
J.McLaughlin,DEN,2024,1,0,0,0.0,0,0.0,0.0
J.McLaughlin,DEN,2024,2,0,0,0.0,0,0.0,0.0
J.McLaughlin,DEN,2024,3,0,0,0.0,0,0.0,0.0
J.McLaughlin,DEN,2024,4,0,0,0.0,0,0.0,0.0
J.McLaughlin,DEN,2024,5,0,0,0.0,0,0.0,0.0
J.McLaughlin,DEN,2024,6,0,0,0.0,0,0.0,0.0
J.McLaughlin,DEN,2024,7,0,0,0.0,0,0.0,0.0
J.McLaughlin,DEN,2024,8,0,0,0.0,0,0.0,0.0
J.McLaughlin,DEN,2024,9,0,0,0.0,0,0.0,0.0
J.McLaughlin,DEN,2024,10,0,0,0.0,0,0.0,0.0
J.McLaughlin,DEN,2024,11,0,0,0.0,0,0.0,0.0
J.McLaughlin,DEN,2024,12,0,0,0.0,0,0.0,0.0
J.McLaughlin,DEN,2024,13,0,0,0.0,0,0.0,0.0
J.McLaughlin,DEN,2024,15,0,0,0.0,0,0.0,0.0
J.McLaughlin,DEN,2024,17,0,0,0.0,0,0.0,0.0
J.McLaughlin,DEN,2024,18,0,0,0.0,0,0.0,0.0
J.McLaughlin,DEN,2024,19,0,0,0.0,0,0.0,0.0
E.Wilson,GB,2024,1,0,0,0.0,0,0.0,0.0
E.Wilson,GB,2024,2,0,0,0.0,0,0.0,0.0
E.Wilson,GB,2024,3,0,0,0.0,0,0.0,0.0
E.Wilson,GB,2024,4,0,0,0.0,0,0.0,0.0
E.Wilson,GB,2024,5,0,0,0.0,0,0.0,0.0
E.Wilson,GB,2024,6,0,0,0.0,0,0.0,0.0
E.Wilson,GB,2024,7,0,0,0.0,0,0.0,0.0
E.Wilson,GB,2024,8,0,0,0.0,0,0.0,0.0
E.Wilson,GB,2024,9,0,0,0.0,0,0.0,0.0
E.Wilson,GB,2024,11,0,0,0.0,0,0.0,0.0
E.Wilson,GB,2024,12,0,0,0.0,0,0.0,0.0
E.Wilson,GB,2024,13,0,0,0.0,0,0.0,0.0
E.Wilson,GB,2024,14,0,0,0.0,0,0.0,0.0
E.Wilson,GB,2024,15,0,0,0.0,0,0.0,0.0
E.Wilson,GB,2024,16,0,0,0.0,0,0.0,0.0
E.Wilson,GB,2024,17,0,0,0.0,0,0.0,0.0
E.Wilson,GB,2024,18,0,0,0.0,0,0.0,0.0
E.Wilson,GB,2024,19,0,0,0.0,0,0.0,0.0
B.Sims,GB,2024,6,0,0,0.0,0,0.0,0.0
B.Sims,GB,2024,7,0,0,0.0,0,0.0,0.0
B.Sims,GB,2024,8,0,0,0.0,0,0.0,0.0
B.Sims,GB,2024,14,0,0,0.0,0,0.0,0.0
R.Jarrett,TB,2024,8,0,0,0.0,0,0.0,0.0
R.Jarrett,TB,2024,9,0,0,0.0,0,0.0,0.0
R.Jarrett,TB,2024,10,0,0,0.0,0,0.0,0.0
R.Jarrett,TB,2024,12,0,0,0.0,0,0.0,0.0
R.Jarrett,TB,2024,16,0,0,0.0,0,0.0,0.0
R.Jarrett,TB,2024,17,0,0,0.0,0,0.0,0.0
R.Miller,TB,2024,6,0,0,0.0,0,0.0,0.0
R.Miller,TB,2024,8,0,0,0.0,0,0.0,0.0
R.Miller,TB,2024,9,0,0,0.0,0,0.0,0.0
R.Miller,TB,2024,10,0,0,0.0,0,0.0,0.0
R.Miller,TB,2024,12,0,0,0.0,0,0.0,0.0
R.Miller,TB,2024,15,0,0,0.0,0,0.0,0.0
R.Miller,TB,2024,16,0,0,0.0,0,0.0,0.0
R.Miller,TB,2024,17,0,0,0.0,0,0.0,0.0
B.Tremayne,WAS,2024,5,0,0,0.0,0,0.0,0.0
J.Shenker,LV,2024,8,0,0,0.0,0,0.0,0.0
D.Kincaid,BUF,2024,1,0,0,0.0,0,0.0,0.0
D.Kincaid,BUF,2024,2,0,0,0.0,0,0.0,0.0
D.Kincaid,BUF,2024,3,0,0,0.0,0,0.0,0.0
D.Kincaid,BUF,2024,4,0,0,0.0,0,0.0,0.0
D.Kincaid,BUF,2024,5,0,0,0.0,0,0.0,0.0
D.Kincaid,BUF,2024,6,0,0,0.0,0,0.0,0.0
D.Kincaid,BUF,2024,7,0,0,0.0,0,0.0,0.0
D.Kincaid,BUF,2024,8,0,0,0.0,0,0.0,0.0
D.Kincaid,BUF,2024,9,0,0,0.0,0,0.0,0.0
D.Kincaid,BUF,2024,10,0,0,0.0,0,0.0,0.0
D.Kincaid,BUF,2024,15,0,0,0.0,0,0.0,0.0
D.Kincaid,BUF,2024,16,0,0,0.0,0,0.0,0.0
D.Kincaid,BUF,2024,17,0,0,0.0,0,0.0,0.0
D.Kincaid,BUF,2024,19,0,0,0.0,0,0.0,0.0
D.Kincaid,BUF,2024,20,0,0,0.0,0,0.0,0.0
D.Kincaid,BUF,2024,21,0,0,0.0,0,0.0,0.0
B.Strange,JAX,2024,2,0,0,0.0,0,0.0,0.0
B.Strange,JAX,2024,3,0,0,0.0,0,0.0,0.0
B.Strange,JAX,2024,4,0,0,0.0,0,0.0,0.0
B.Strange,JAX,2024,5,0,0,0.0,0,0.0,0.0
B.Strange,JAX,2024,6,0,0,0.0,0,0.0,0.0
B.Strange,JAX,2024,8,0,0,0.0,0,0.0,0.0
B.Strange,JAX,2024,10,0,0,0.0,0,0.0,0.0
B.Strange,JAX,2024,11,0,0,0.0,0,0.0,0.0
B.Strange,JAX,2024,13,0,0,0.0,0,0.0,0.0
B.Strange,JAX,2024,14,0,0,0.0,0,0.0,0.0
B.Strange,JAX,2024,15,0,0,0.0,0,0.0,0.0
B.Strange,JAX,2024,16,0,0,0.0,0,0.0,0.0
B.Strange,JAX,2024,17,0,0,0.0,0,0.0,0.0
B.Strange,JAX,2024,18,0,0,0.0,0,0.0,0.0
J.Hyatt,NYG,2024,1,0,0,0.0,0,0.0,0.0
J.Hyatt,NYG,2024,3,0,0,0.0,0,0.0,0.0
J.Hyatt,NYG,2024,4,0,0,0.0,0,0.0,0.0
J.Hyatt,NYG,2024,6,0,0,0.0,0,0.0,0.0
J.Hyatt,NYG,2024,7,0,0,0.0,0,0.0,0.0
J.Hyatt,NYG,2024,10,0,0,0.0,0,0.0,0.0
J.Hyatt,NYG,2024,13,0,0,0.0,0,0.0,0.0
J.Hyatt,NYG,2024,14,0,0,0.0,0,0.0,0.0
J.Hyatt,NYG,2024,16,0,0,0.0,0,0.0,0.0
J.Hyatt,NYG,2024,18,0,0,0.0,0,0.0,0.0
T.Scott,CHI,2024,15,0,0,0.0,0,0.0,0.0
S.Tucker,TB,2024,3,0,0,0.0,0,0.0,0.0
S.Tucker,TB,2024,4,0,0,0.0,0,0.0,0.0
S.Tucker,TB,2024,6,0,0,0.0,0,0.0,0.0
S.Tucker,TB,2024,7,0,0,0.0,0,0.0,0.0
S.Tucker,TB,2024,8,0,0,0.0,0,0.0,0.0
S.Tucker,TB,2024,9,0,0,0.0,0,0.0,0.0
S.Tucker,TB,2024,12,0,0,0.0,0,0.0,0.0
S.Tucker,TB,2024,14,0,0,0.0,0,0.0,0.0
S.Tucker,TB,2024,15,0,0,0.0,0,0.0,0.0
S.Tucker,TB,2024,17,0,0,0.0,0,0.0,0.0
S.Tucker,TB,2024,18,0,0,0.0,0,0.0,0.0
M.Mims,DEN,2024,1,0,0,0.0,0,0.0,0.0
M.Mims,DEN,2024,2,0,0,0.0,0,0.0,0.0
M.Mims,DEN,2024,3,0,0,0.0,0,0.0,0.0
M.Mims,DEN,2024,5,0,0,0.0,0,0.0,0.0
M.Mims,DEN,2024,6,0,0,0.0,0,0.0,0.0
M.Mims,DEN,2024,7,0,0,0.0,0,0.0,0.0
M.Mims,DEN,2024,8,0,0,0.0,0,0.0,0.0
M.Mims,DEN,2024,9,0,0,0.0,0,0.0,0.0
M.Mims,DEN,2024,10,0,0,0.0,0,0.0,0.0
M.Mims,DEN,2024,11,0,0,0.0,0,0.0,0.0
M.Mims,DEN,2024,12,0,0,0.0,0,0.0,0.0
M.Mims,DEN,2024,13,0,0,0.0,0,0.0,0.0
M.Mims,DEN,2024,15,0,0,0.0,0,0.0,0.0
M.Mims,DEN,2024,16,0,0,0.0,0,0.0,0.0
M.Mims,DEN,2024,17,0,0,0.0,0,0.0,0.0
M.Mims,DEN,2024,18,0,0,0.0,0,0.0,0.0
M.Mims,DEN,2024,19,0,0,0.0,0,0.0,0.0
T.Dell,HOU,2024,1,0,0,0.0,0,0.0,0.0
T.Dell,HOU,2024,2,0,0,0.0,0,0.0,0.0
T.Dell,HOU,2024,3,0,0,0.0,0,0.0,0.0
T.Dell,HOU,2024,5,0,0,0.0,0,0.0,0.0
T.Dell,HOU,2024,6,0,0,0.0,0,0.0,0.0
T.Dell,HOU,2024,7,0,0,0.0,0,0.0,0.0
T.Dell,HOU,2024,8,0,0,0.0,0,0.0,0.0
T.Dell,HOU,2024,9,0,0,0.0,0,0.0,0.0
T.Dell,HOU,2024,10,0,0,0.0,0,0.0,0.0
T.Dell,HOU,2024,11,0,0,0.0,0,0.0,0.0
T.Dell,HOU,2024,12,0,0,0.0,0,0.0,0.0
T.Dell,HOU,2024,13,0,0,0.0,0,0.0,0.0
T.Dell,HOU,2024,15,0,0,0.0,0,0.0,0.0
T.Dell,HOU,2024,16,0,0,0.0,0,0.0,0.0
C.Tillman,CLE,2024,1,0,0,0.0,0,0.0,0.0
C.Tillman,CLE,2024,2,0,0,0.0,0,0.0,0.0
C.Tillman,CLE,2024,3,0,0,0.0,0,0.0,0.0
C.Tillman,CLE,2024,6,0,0,0.0,0,0.0,0.0
C.Tillman,CLE,2024,7,0,0,0.0,0,0.0,0.0
C.Tillman,CLE,2024,8,0,0,0.0,0,0.0,0.0
C.Tillman,CLE,2024,9,0,0,0.0,0,0.0,0.0
C.Tillman,CLE,2024,11,0,0,0.0,0,0.0,0.0
C.Tillman,CLE,2024,12,0,0,0.0,0,0.0,0.0
W.Morris,KC,2024,2,0,0,0.0,0,0.0,0.0
J.Addison,MIN,2024,1,0,0,0.0,0,0.0,0.0
J.Addison,MIN,2024,4,0,0,0.0,0,0.0,0.0
J.Addison,MIN,2024,5,0,0,0.0,0,0.0,0.0
J.Addison,MIN,2024,7,0,0,0.0,0,0.0,0.0
J.Addison,MIN,2024,8,0,0,0.0,0,0.0,0.0
J.Addison,MIN,2024,9,0,0,0.0,0,0.0,0.0
J.Addison,MIN,2024,10,0,0,0.0,0,0.0,0.0
J.Addison,MIN,2024,11,0,0,0.0,0,0.0,0.0
J.Addison,MIN,2024,12,0,0,0.0,0,0.0,0.0
J.Addison,MIN,2024,13,0,0,0.0,0,0.0,0.0
J.Addison,MIN,2024,14,0,0,0.0,0,0.0,0.0
J.Addison,MIN,2024,15,0,0,0.0,0,0.0,0.0
J.Addison,MIN,2024,16,0,0,0.0,0,0.0,0.0
J.Addison,MIN,2024,17,0,0,0.0,0,0.0,0.0
J.Addison,MIN,2024,18,0,0,0.0,0,0.0,0.0
J.Addison,MIN,2024,19,0,0,0.0,0,0.0,0.0
T.Kraft,GB,2024,1,0,0,0.0,0,0.0,0.0
T.Kraft,GB,2024,2,0,0,0.0,0,0.0,0.0
T.Kraft,GB,2024,3,0,0,0.0,0,0.0,0.0
T.Kraft,GB,2024,4,0,0,0.0,0,0.0,0.0
T.Kraft,GB,2024,5,0,0,0.0,0,0.0,0.0
T.Kraft,GB,2024,6,0,0,0.0,0,0.0,0.0
T.Kraft,GB,2024,7,0,0,0.0,0,0.0,0.0
T.Kraft,GB,2024,8,0,0,0.0,0,0.0,0.0
T.Kraft,GB,2024,9,0,0,0.0,0,0.0,0.0
T.Kraft,GB,2024,11,0,0,0.0,0,0.0,0.0
T.Kraft,GB,2024,12,0,0,0.0,0,0.0,0.0
T.Kraft,GB,2024,13,0,0,0.0,0,0.0,0.0
T.Kraft,GB,2024,14,0,0,0.0,0,0.0,0.0
T.Kraft,GB,2024,15,0,0,0.0,0,0.0,0.0
T.Kraft,GB,2024,16,0,0,0.0,0,0.0,0.0
T.Kraft,GB,2024,17,0,0,0.0,0,0.0,0.0
T.Kraft,GB,2024,18,0,0,0.0,0,0.0,0.0
T.Kraft,GB,2024,19,0,0,0.0,0,0.0,0.0
J.Downs,IND,2024,3,0,0,0.0,0,0.0,0.0
J.Downs,IND,2024,4,0,0,0.0,0,0.0,0.0
J.Downs,IND,2024,5,0,0,0.0,0,0.0,0.0
J.Downs,IND,2024,6,0,0,0.0,0,0.0,0.0
J.Downs,IND,2024,7,0,0,0.0,0,0.0,0.0
J.Downs,IND,2024,8,0,0,0.0,0,0.0,0.0
J.Downs,IND,2024,9,0,0,0.0,0,0.0,0.0
J.Downs,IND,2024,10,0,0,0.0,0,0.0,0.0
J.Downs,IND,2024,11,0,0,0.0,0,0.0,0.0
J.Downs,IND,2024,12,0,0,0.0,0,0.0,0.0
J.Downs,IND,2024,15,0,0,0.0,0,0.0,0.0
J.Downs,IND,2024,16,0,0,0.0,0,0.0,0.0
J.Downs,IND,2024,17,0,0,0.0,0,0.0,0.0
J.Downs,IND,2024,18,0,0,0.0,0,0.0,0.0
J.Haener,NO,2024,1,0,1,0.0,0,0.0,0.0
J.Haener,NO,2024,2,0,0,0.0,0,0.0,0.0
J.Haener,NO,2024,5,2,7,17.0,0,0.0,0.0
J.Haener,NO,2024,7,3,4,38.0,1,0.0,0.0
J.Haener,NO,2024,8,9,17,122.0,0,0.0,2.0
J.Haener,NO,2024,11,0,0,0.0,0,0.0,0.0
J.Haener,NO,2024,14,0,0,0.0,0,0.0,1.0
J.Haener,NO,2024,15,4,10,49.0,0,1.0,3.0
R.Johnson,CHI,2024,3,0,0,0.0,0,0.0,0.0
R.Johnson,CHI,2024,4,0,0,0.0,0,0.0,0.0
R.Johnson,CHI,2024,5,0,0,0.0,0,0.0,0.0
R.Johnson,CHI,2024,6,0,0,0.0,0,0.0,0.0
R.Johnson,CHI,2024,8,0,0,0.0,0,0.0,0.0
R.Johnson,CHI,2024,9,0,0,0.0,0,0.0,0.0
R.Johnson,CHI,2024,10,0,0,0.0,0,0.0,0.0
R.Johnson,CHI,2024,11,0,0,0.0,0,0.0,0.0
R.Johnson,CHI,2024,12,0,0,0.0,0,0.0,0.0
R.Johnson,CHI,2024,16,0,0,0.0,0,0.0,0.0
R.Johnson,CHI,2024,17,0,0,0.0,0,0.0,0.0
R.Johnson,CHI,2024,18,0,0,0.0,0,0.0,0.0
T.Spears,TEN,2024,1,0,0,0.0,0,0.0,0.0
T.Spears,TEN,2024,2,0,0,0.0,0,0.0,0.0
T.Spears,TEN,2024,3,0,0,0.0,0,0.0,0.0
T.Spears,TEN,2024,4,0,0,0.0,0,0.0,0.0
T.Spears,TEN,2024,6,0,0,0.0,0,0.0,0.0
T.Spears,TEN,2024,10,0,0,0.0,0,0.0,0.0
T.Spears,TEN,2024,11,0,0,0.0,0,0.0,0.0
T.Spears,TEN,2024,13,0,0,0.0,0,0.0,0.0
T.Spears,TEN,2024,14,0,0,0.0,0,0.0,0.0
T.Spears,TEN,2024,15,0,0,0.0,0,0.0,0.0
T.Spears,TEN,2024,16,0,0,0.0,0,0.0,0.0
T.Spears,TEN,2024,17,0,0,0.0,0,0.0,0.0
D.Achane,MIA,2024,1,0,0,0.0,0,0.0,0.0
D.Achane,MIA,2024,2,0,0,0.0,0,0.0,0.0
D.Achane,MIA,2024,3,0,0,0.0,0,0.0,0.0
D.Achane,MIA,2024,4,0,0,0.0,0,0.0,0.0
D.Achane,MIA,2024,5,0,0,0.0,0,0.0,0.0
D.Achane,MIA,2024,7,0,0,0.0,0,0.0,0.0
D.Achane,MIA,2024,8,0,0,0.0,0,0.0,0.0
D.Achane,MIA,2024,9,0,0,0.0,0,0.0,0.0
D.Achane,MIA,2024,10,0,0,0.0,0,0.0,0.0
D.Achane,MIA,2024,11,0,0,0.0,0,0.0,0.0
D.Achane,MIA,2024,12,0,0,0.0,0,0.0,0.0
D.Achane,MIA,2024,13,0,0,0.0,0,0.0,0.0
D.Achane,MIA,2024,14,0,0,0.0,0,0.0,0.0
D.Achane,MIA,2024,15,0,0,0.0,0,0.0,0.0
D.Achane,MIA,2024,16,0,0,0.0,0,0.0,0.0
D.Achane,MIA,2024,17,0,0,0.0,0,0.0,0.0
D.Achane,MIA,2024,18,0,0,0.0,0,0.0,0.0
E.Higgins,ARI,2024,1,0,0,0.0,0,0.0,0.0
E.Higgins,ARI,2024,2,0,0,0.0,0,0.0,0.0
E.Higgins,ARI,2024,3,0,0,0.0,0,0.0,0.0
E.Higgins,ARI,2024,4,0,0,0.0,0,0.0,0.0
E.Higgins,ARI,2024,5,0,0,0.0,0,0.0,0.0
E.Higgins,ARI,2024,7,0,0,0.0,0,0.0,0.0
E.Higgins,ARI,2024,8,0,0,0.0,0,0.0,0.0
E.Higgins,ARI,2024,9,0,0,0.0,0,0.0,0.0
E.Higgins,ARI,2024,10,0,0,0.0,0,0.0,0.0
E.Higgins,ARI,2024,12,0,0,0.0,0,0.0,0.0
E.Higgins,ARI,2024,13,0,0,0.0,0,0.0,0.0
E.Higgins,ARI,2024,15,0,0,0.0,0,0.0,0.0
E.Higgins,ARI,2024,16,0,0,0.0,0,0.0,0.0
E.Higgins,ARI,2024,17,0,0,0.0,0,0.0,0.0
P.Durham,TB,2024,3,0,0,0.0,0,0.0,0.0
P.Durham,TB,2024,12,0,0,0.0,0,0.0,0.0
P.Durham,TB,2024,16,0,0,0.0,0,0.0,0.0
P.Durham,TB,2024,17,0,0,0.0,0,0.0,0.0
P.Durham,TB,2024,18,0,0,0.0,0,0.0,0.0
T.Palmer,TB,2024,1,0,0,0.0,0,0.0,0.0
T.Palmer,TB,2024,3,0,0,0.0,0,0.0,0.0
T.Palmer,TB,2024,4,0,0,0.0,0,0.0,0.0
T.Palmer,TB,2024,7,0,0,0.0,0,0.0,0.0
T.Palmer,TB,2024,8,0,0,0.0,0,0.0,0.0
T.Palmer,TB,2024,9,0,0,0.0,0,0.0,0.0
T.Palmer,TB,2024,10,0,0,0.0,0,0.0,0.0
T.Palmer,TB,2024,12,0,0,0.0,0,0.0,0.0
T.Palmer,TB,2024,13,0,0,0.0,0,0.0,0.0
T.Palmer,TB,2024,16,0,0,0.0,0,0.0,0.0
J.Mingo,CAR,2024,1,0,0,0.0,0,0.0,0.0
J.Mingo,CAR,2024,2,0,0,0.0,0,0.0,0.0
J.Mingo,CAR,2024,3,0,0,0.0,0,0.0,0.0
J.Mingo,CAR,2024,4,0,0,0.0,0,0.0,0.0
J.Mingo,CAR,2024,5,0,0,0.0,0,0.0,0.0
J.Mingo,CAR,2024,6,0,0,0.0,0,0.0,0.0
J.Mingo,CAR,2024,8,0,0,0.0,0,0.0,0.0
J.Mingo,CAR,2024,9,0,0,0.0,0,0.0,0.0
J.Mingo,DAL,2024,11,0,0,0.0,0,0.0,0.0
J.Mingo,DAL,2024,12,0,0,0.0,0,0.0,0.0
J.Mingo,DAL,2024,13,0,0,0.0,0,0.0,0.0
J.Mingo,DAL,2024,14,0,0,0.0,0,0.0,0.0
J.Mingo,DAL,2024,17,0,0,0.0,0,0.0,0.0
J.Mingo,DAL,2024,18,0,0,0.0,0,0.0,0.0
Z.Flowers,BAL,2024,1,0,0,0.0,0,0.0,0.0
Z.Flowers,BAL,2024,2,0,0,0.0,0,0.0,0.0
Z.Flowers,BAL,2024,3,0,0,0.0,0,0.0,0.0
Z.Flowers,BAL,2024,4,0,0,0.0,0,0.0,0.0
Z.Flowers,BAL,2024,5,0,0,0.0,0,0.0,0.0
Z.Flowers,BAL,2024,6,0,0,0.0,0,0.0,0.0
Z.Flowers,BAL,2024,7,0,0,0.0,0,0.0,0.0
Z.Flowers,BAL,2024,8,0,0,0.0,0,0.0,0.0
Z.Flowers,BAL,2024,9,0,0,0.0,0,0.0,0.0
Z.Flowers,BAL,2024,10,0,0,0.0,0,0.0,0.0
Z.Flowers,BAL,2024,11,0,0,0.0,0,0.0,0.0
Z.Flowers,BAL,2024,12,0,0,0.0,0,0.0,0.0
Z.Flowers,BAL,2024,13,0,0,0.0,0,0.0,0.0
Z.Flowers,BAL,2024,15,0,0,0.0,0,0.0,0.0
Z.Flowers,BAL,2024,16,0,0,0.0,0,0.0,0.0
Z.Flowers,BAL,2024,17,0,0,0.0,0,0.0,0.0
Z.Flowers,BAL,2024,18,0,0,0.0,0,0.0,0.0
S.LaPorta,DET,2024,1,0,0,0.0,0,0.0,0.0
S.LaPorta,DET,2024,2,0,0,0.0,0,0.0,0.0
S.LaPorta,DET,2024,3,0,0,0.0,0,0.0,0.0
S.LaPorta,DET,2024,4,0,0,0.0,0,0.0,0.0
S.LaPorta,DET,2024,6,0,0,0.0,0,0.0,0.0
S.LaPorta,DET,2024,7,0,0,0.0,0,0.0,0.0
S.LaPorta,DET,2024,8,0,0,0.0,0,0.0,0.0
S.LaPorta,DET,2024,9,0,0,0.0,0,0.0,0.0
S.LaPorta,DET,2024,10,0,0,0.0,0,0.0,0.0
S.LaPorta,DET,2024,12,0,0,0.0,0,0.0,0.0
S.LaPorta,DET,2024,13,0,0,0.0,0,0.0,0.0
S.LaPorta,DET,2024,14,0,0,0.0,0,0.0,0.0
S.LaPorta,DET,2024,15,0,0,0.0,0,0.0,0.0
S.LaPorta,DET,2024,16,0,0,0.0,0,0.0,0.0
S.LaPorta,DET,2024,17,0,0,0.0,0,0.0,0.0
S.LaPorta,DET,2024,18,0,0,0.0,0,0.0,0.0
S.LaPorta,DET,2024,20,0,0,0.0,0,0.0,0.0
M.Mayer,LV,2024,1,0,0,0.0,0,0.0,0.0
M.Mayer,LV,2024,2,0,0,0.0,0,0.0,0.0
M.Mayer,LV,2024,3,0,0,0.0,0,0.0,0.0
M.Mayer,LV,2024,11,0,0,0.0,0,0.0,0.0
M.Mayer,LV,2024,12,0,0,0.0,0,0.0,0.0
M.Mayer,LV,2024,13,0,0,0.0,0,0.0,0.0
M.Mayer,LV,2024,14,0,0,0.0,0,0.0,0.0
M.Mayer,LV,2024,15,0,0,0.0,0,0.0,0.0
M.Mayer,LV,2024,16,0,0,0.0,0,0.0,0.0
M.Mayer,LV,2024,17,0,0,0.0,0,0.0,0.0
M.Mayer,LV,2024,18,0,0,0.0,0,0.0,0.0
R.Rice,KC,2024,1,0,0,0.0,0,0.0,0.0
R.Rice,KC,2024,2,0,0,0.0,0,0.0,0.0
R.Rice,KC,2024,3,0,0,0.0,0,0.0,0.0
D.Allen,LA,2024,1,0,0,0.0,0,0.0,0.0
D.Allen,LA,2024,5,0,0,0.0,0,0.0,0.0
D.Allen,LA,2024,9,0,0,0.0,0,0.0,0.0
D.Allen,LA,2024,10,0,0,0.0,0,0.0,0.0
D.Allen,LA,2024,12,0,0,0.0,0,0.0,0.0
D.Allen,LA,2024,17,0,0,0.0,0,0.0,0.0
D.Allen,LA,2024,19,0,0,0.0,0,0.0,0.0
P.Nacua,LA,2024,1,0,0,0.0,0,0.0,0.0
P.Nacua,LA,2024,8,0,0,0.0,0,0.0,0.0
P.Nacua,LA,2024,9,0,0,0.0,0,0.0,0.0
P.Nacua,LA,2024,10,0,0,0.0,0,0.0,0.0
P.Nacua,LA,2024,11,0,0,0.0,0,0.0,0.0
P.Nacua,LA,2024,12,0,0,0.0,0,0.0,0.0
P.Nacua,LA,2024,13,0,0,0.0,0,0.0,0.0
P.Nacua,LA,2024,14,0,0,0.0,0,0.0,0.0
P.Nacua,LA,2024,15,0,0,0.0,0,0.0,0.0
P.Nacua,LA,2024,16,0,0,0.0,0,0.0,0.0
P.Nacua,LA,2024,17,0,0,0.0,0,0.0,0.0
P.Nacua,LA,2024,19,0,0,0.0,0,0.0,0.0
P.Nacua,LA,2024,20,0,0,0.0,0,0.0,0.0
J.Gibbs,DET,2024,1,0,0,0.0,0,0.0,0.0
J.Gibbs,DET,2024,2,0,0,0.0,0,0.0,0.0
J.Gibbs,DET,2024,3,0,0,0.0,0,0.0,0.0
J.Gibbs,DET,2024,4,0,0,0.0,0,0.0,0.0
J.Gibbs,DET,2024,6,0,0,0.0,0,0.0,0.0
J.Gibbs,DET,2024,7,0,0,0.0,0,0.0,0.0
J.Gibbs,DET,2024,8,0,0,0.0,0,0.0,0.0
J.Gibbs,DET,2024,9,0,0,0.0,0,0.0,0.0
J.Gibbs,DET,2024,10,0,0,0.0,0,0.0,0.0
J.Gibbs,DET,2024,11,0,0,0.0,0,0.0,0.0
J.Gibbs,DET,2024,12,0,0,0.0,0,0.0,0.0
J.Gibbs,DET,2024,13,0,0,0.0,0,0.0,0.0
J.Gibbs,DET,2024,14,0,0,0.0,0,0.0,0.0
J.Gibbs,DET,2024,15,0,0,0.0,0,0.0,0.0
J.Gibbs,DET,2024,16,0,0,0.0,0,0.0,0.0
J.Gibbs,DET,2024,17,0,0,0.0,0,0.0,0.0
J.Gibbs,DET,2024,18,0,0,0.0,0,0.0,0.0
J.Gibbs,DET,2024,20,0,0,0.0,0,0.0,0.0
L.Musgrave,GB,2024,1,0,0,0.0,0,0.0,0.0
L.Musgrave,GB,2024,2,0,0,0.0,0,0.0,0.0
L.Musgrave,GB,2024,3,0,0,0.0,0,0.0,0.0
L.Musgrave,GB,2024,4,0,0,0.0,0,0.0,0.0
L.Musgrave,GB,2024,16,0,0,0.0,0,0.0,0.0
L.Musgrave,GB,2024,17,0,0,0.0,0,0.0,0.0
L.Musgrave,GB,2024,18,0,0,0.0,0,0.0,0.0
J.Reed,GB,2024,1,0,0,0.0,0,0.0,0.0
J.Reed,GB,2024,2,0,0,0.0,0,0.0,0.0
J.Reed,GB,2024,3,0,0,0.0,0,0.0,0.0
J.Reed,GB,2024,4,0,0,0.0,0,0.0,0.0
J.Reed,GB,2024,5,0,0,0.0,0,0.0,0.0
J.Reed,GB,2024,6,0,0,0.0,0,0.0,0.0
J.Reed,GB,2024,7,0,0,0.0,0,0.0,0.0
J.Reed,GB,2024,8,0,0,0.0,0,0.0,0.0
J.Reed,GB,2024,9,0,0,0.0,0,0.0,0.0
J.Reed,GB,2024,11,0,0,0.0,0,0.0,0.0
J.Reed,GB,2024,12,0,0,0.0,0,0.0,0.0
J.Reed,GB,2024,13,0,0,0.0,0,0.0,0.0
J.Reed,GB,2024,14,0,0,0.0,0,0.0,0.0
J.Reed,GB,2024,15,0,0,0.0,0,0.0,0.0
J.Reed,GB,2024,16,0,0,0.0,0,0.0,0.0
J.Reed,GB,2024,17,0,0,0.0,0,0.0,0.0
J.Reed,GB,2024,18,0,0,0.0,0,0.0,0.0
J.Reed,GB,2024,19,0,0,0.0,0,0.0,0.0
B.Young,CAR,2024,1,13,30,161.0,0,2.0,4.0
B.Young,CAR,2024,2,18,26,84.0,0,1.0,2.0
B.Young,CAR,2024,5,4,7,58.0,0,0.0,1.0
B.Young,CAR,2024,7,2,2,-4.0,0,0.0,0.0
B.Young,CAR,2024,8,24,37,224.0,2,2.0,2.0
B.Young,CAR,2024,9,16,26,171.0,1,1.0,1.0
B.Young,CAR,2024,10,15,25,126.0,1,0.0,1.0
B.Young,CAR,2024,12,21,35,263.0,1,0.0,2.0
B.Young,CAR,2024,13,26,46,298.0,1,0.0,1.0
B.Young,CAR,2024,14,19,34,191.0,1,1.0,1.0
B.Young,CAR,2024,15,19,28,219.0,1,2.0,6.0
B.Young,CAR,2024,16,17,26,158.0,2,0.0,3.0
B.Young,CAR,2024,17,15,28,203.0,2,0.0,5.0
B.Young,CAR,2024,18,25,34,251.0,3,0.0,0.0
W.Levis,TEN,2024,1,19,32,127.0,1,2.0,3.0
W.Levis,TEN,2024,2,19,28,192.0,1,1.0,4.0
W.Levis,TEN,2024,3,26,34,260.0,2,2.0,8.0
W.Levis,TEN,2024,4,3,4,25.0,0,1.0,0.0
W.Levis,TEN,2024,6,16,27,95.0,1,1.0,0.0
W.Levis,TEN,2024,10,18,23,175.0,2,0.0,7.0
W.Levis,TEN,2024,11,17,31,295.0,1,1.0,5.0
W.Levis,TEN,2024,12,18,24,278.0,2,1.0,8.0
W.Levis,TEN,2024,13,18,37,212.0,2,0.0,2.0
W.Levis,TEN,2024,14,19,32,168.0,0,0.0,2.0
W.Levis,TEN,2024,15,8,12,89.0,0,3.0,1.0
W.Levis,TEN,2024,18,9,17,175.0,1,0.0,1.0
C.Stroud,HOU,2024,1,24,32,234.0,2,0.0,4.0
C.Stroud,HOU,2024,2,23,36,260.0,1,0.0,3.0
C.Stroud,HOU,2024,3,20,31,215.0,1,2.0,4.0
C.Stroud,HOU,2024,4,27,40,345.0,2,0.0,2.0
C.Stroud,HOU,2024,5,28,38,331.0,1,1.0,1.0
C.Stroud,HOU,2024,6,20,31,192.0,3,1.0,2.0
C.Stroud,HOU,2024,7,10,21,86.0,0,0.0,4.0
C.Stroud,HOU,2024,8,25,37,285.0,1,0.0,2.0
C.Stroud,HOU,2024,9,11,30,191.0,0,0.0,8.0
C.Stroud,HOU,2024,10,19,33,232.0,1,2.0,4.0
C.Stroud,HOU,2024,11,23,34,257.0,0,1.0,1.0
C.Stroud,HOU,2024,12,20,33,247.0,2,2.0,4.0
C.Stroud,HOU,2024,13,22,34,242.0,1,0.0,2.0
C.Stroud,HOU,2024,15,18,26,131.0,2,0.0,4.0
C.Stroud,HOU,2024,16,23,39,244.0,2,2.0,2.0
C.Stroud,HOU,2024,17,17,31,185.0,0,1.0,5.0
C.Stroud,HOU,2024,18,6,6,50.0,1,0.0,0.0
C.Stroud,HOU,2024,19,22,33,282.0,1,1.0,3.0
C.Stroud,HOU,2024,20,19,28,245.0,0,0.0,8.0
A.Richardson,IND,2024,1,9,19,212.0,2,1.0,2.0
A.Richardson,IND,2024,2,17,34,204.0,1,3.0,1.0
A.Richardson,IND,2024,3,10,20,167.0,0,2.0,1.0
A.Richardson,IND,2024,4,3,4,71.0,0,0.0,0.0
A.Richardson,IND,2024,7,10,24,129.0,0,0.0,0.0
A.Richardson,IND,2024,8,10,32,175.0,1,1.0,5.0
A.Richardson,IND,2024,11,20,30,272.0,1,0.0,2.0
A.Richardson,IND,2024,12,11,28,172.0,0,0.0,0.0
A.Richardson,IND,2024,13,12,24,109.0,2,2.0,0.0
A.Richardson,IND,2024,15,17,38,172.0,0,2.0,2.0
A.Richardson,IND,2024,16,7,11,131.0,1,1.0,1.0
Z.Charbonnet,SEA,2024,1,0,0,0.0,0,0.0,0.0
Z.Charbonnet,SEA,2024,2,0,0,0.0,0,0.0,0.0
Z.Charbonnet,SEA,2024,3,0,0,0.0,0,0.0,0.0
Z.Charbonnet,SEA,2024,4,0,0,0.0,0,0.0,0.0
Z.Charbonnet,SEA,2024,5,0,0,0.0,0,0.0,0.0
Z.Charbonnet,SEA,2024,6,0,0,0.0,0,0.0,0.0
Z.Charbonnet,SEA,2024,7,0,0,0.0,0,0.0,0.0
Z.Charbonnet,SEA,2024,8,0,0,0.0,0,0.0,0.0
Z.Charbonnet,SEA,2024,9,0,0,0.0,0,0.0,0.0
Z.Charbonnet,SEA,2024,11,0,0,0.0,0,0.0,0.0
Z.Charbonnet,SEA,2024,12,0,0,0.0,0,0.0,0.0
Z.Charbonnet,SEA,2024,13,0,0,0.0,0,0.0,0.0
Z.Charbonnet,SEA,2024,14,0,0,0.0,0,0.0,0.0
Z.Charbonnet,SEA,2024,15,0,0,0.0,0,0.0,0.0
Z.Charbonnet,SEA,2024,16,0,0,0.0,0,0.0,0.0
Z.Charbonnet,SEA,2024,17,0,0,0.0,0,0.0,0.0
Z.Charbonnet,SEA,2024,18,0,0,0.0,0,0.0,0.0
J.Wilson,PHI,2024,1,0,0,0.0,0,0.0,0.0
J.Wilson,PHI,2024,2,0,0,0.0,0,0.0,0.0
J.Wilson,PHI,2024,3,0,0,0.0,0,0.0,0.0
J.Wilson,PHI,2024,4,0,0,0.0,0,0.0,0.0
J.Wilson,PHI,2024,10,0,0,0.0,0,0.0,0.0
J.Wilson,PHI,2024,12,0,0,0.0,0,0.0,0.0
J.Wilson,PHI,2024,14,0,0,0.0,0,0.0,0.0
J.Wilson,PHI,2024,15,0,0,0.0,0,0.0,0.0
J.Wilson,PHI,2024,18,0,0,0.0,0,0.0,0.0
J.Wilson,PHI,2024,22,0,0,0.0,0,0.0,0.0
C.Collier,LV,2024,17,0,0,0.0,0,0.0,0.0
C.Collier,LV,2024,18,0,0,0.0,0,0.0,0.0
G.Holani,SEA,2024,14,0,0,0.0,0,0.0,0.0
G.Holani,SEA,2024,15,0,0,0.0,0,0.0,0.0
B.Cupp,KC,2024,14,0,0,0.0,0,0.0,0.0
C.Steele,KC,2024,1,0,0,0.0,0,0.0,0.0
C.Steele,KC,2024,2,0,0,0.0,0,0.0,0.0
C.Steele,KC,2024,3,0,0,0.0,0,0.0,0.0
C.Steele,KC,2024,4,0,0,0.0,0,0.0,0.0
C.Steele,KC,2024,5,0,0,0.0,0,0.0,0.0
C.Steele,KC,2024,7,0,0,0.0,0,0.0,0.0
C.Steele,KC,2024,8,0,0,0.0,0,0.0,0.0
C.Steele,KC,2024,9,0,0,0.0,0,0.0,0.0
C.Steele,KC,2024,10,0,0,0.0,0,0.0,0.0
C.Steele,KC,2024,11,0,0,0.0,0,0.0,0.0
C.Steele,KC,2024,12,0,0,0.0,0,0.0,0.0
C.Steele,KC,2024,18,0,0,0.0,0,0.0,0.0
M.Nabers,NYG,2024,1,0,0,0.0,0,0.0,0.0
M.Nabers,NYG,2024,2,0,0,0.0,0,0.0,0.0
M.Nabers,NYG,2024,3,0,1,0.0,0,0.0,0.0
M.Nabers,NYG,2024,4,0,0,0.0,0,0.0,0.0
M.Nabers,NYG,2024,7,0,0,0.0,0,0.0,0.0
M.Nabers,NYG,2024,8,0,0,0.0,0,0.0,0.0
M.Nabers,NYG,2024,9,0,0,0.0,0,0.0,0.0
M.Nabers,NYG,2024,10,0,0,0.0,0,0.0,0.0
M.Nabers,NYG,2024,12,0,0,0.0,0,0.0,0.0
M.Nabers,NYG,2024,13,0,0,0.0,0,0.0,0.0
M.Nabers,NYG,2024,14,0,0,0.0,0,0.0,0.0
M.Nabers,NYG,2024,15,0,0,0.0,0,0.0,0.0
M.Nabers,NYG,2024,16,0,0,0.0,0,0.0,0.0
M.Nabers,NYG,2024,17,0,0,0.0,0,0.0,0.0
M.Nabers,NYG,2024,18,0,0,0.0,0,0.0,0.0
B.Bowers,LV,2024,1,0,0,0.0,0,0.0,0.0
B.Bowers,LV,2024,2,0,0,0.0,0,0.0,0.0
B.Bowers,LV,2024,3,0,0,0.0,0,0.0,0.0
B.Bowers,LV,2024,4,0,0,0.0,0,0.0,0.0
B.Bowers,LV,2024,5,0,0,0.0,0,0.0,0.0
B.Bowers,LV,2024,6,0,0,0.0,0,0.0,0.0
B.Bowers,LV,2024,7,0,0,0.0,0,0.0,0.0
B.Bowers,LV,2024,8,0,0,0.0,0,0.0,0.0
B.Bowers,LV,2024,9,0,0,0.0,0,0.0,0.0
B.Bowers,LV,2024,11,0,0,0.0,0,0.0,0.0
B.Bowers,LV,2024,12,0,0,0.0,0,0.0,0.0
B.Bowers,LV,2024,13,0,0,0.0,0,0.0,0.0
B.Bowers,LV,2024,14,0,0,0.0,0,0.0,0.0
B.Bowers,LV,2024,15,0,0,0.0,0,0.0,0.0
B.Bowers,LV,2024,16,0,0,0.0,0,0.0,0.0
B.Bowers,LV,2024,17,0,0,0.0,0,0.0,0.0
B.Bowers,LV,2024,18,0,0,0.0,0,0.0,0.0
X.Legette,CAR,2024,1,0,0,0.0,0,0.0,0.0
X.Legette,CAR,2024,3,0,0,0.0,0,0.0,0.0
X.Legette,CAR,2024,4,0,0,0.0,0,0.0,0.0
X.Legette,CAR,2024,5,0,0,0.0,0,0.0,0.0
X.Legette,CAR,2024,6,0,0,0.0,0,0.0,0.0
X.Legette,CAR,2024,7,0,0,0.0,0,0.0,0.0
X.Legette,CAR,2024,8,0,0,0.0,0,0.0,0.0
X.Legette,CAR,2024,9,0,0,0.0,0,0.0,0.0
X.Legette,CAR,2024,10,0,0,0.0,0,0.0,0.0
X.Legette,CAR,2024,12,0,0,0.0,0,0.0,0.0
X.Legette,CAR,2024,13,0,0,0.0,0,0.0,0.0
X.Legette,CAR,2024,14,0,0,0.0,0,0.0,0.0
X.Legette,CAR,2024,15,0,0,0.0,0,0.0,0.0
X.Legette,CAR,2024,17,0,0,0.0,0,0.0,0.0
X.Legette,CAR,2024,18,0,0,0.0,0,0.0,0.0
J.Brooks,CAR,2024,12,0,0,0.0,0,0.0,0.0
J.Brooks,CAR,2024,13,0,0,0.0,0,0.0,0.0
J.Brooks,CAR,2024,14,0,0,0.0,0,0.0,0.0
L.McCaffrey,WAS,2024,1,0,0,0.0,0,0.0,0.0
L.McCaffrey,WAS,2024,3,0,0,0.0,0,0.0,0.0
L.McCaffrey,WAS,2024,4,0,0,0.0,0,0.0,0.0
L.McCaffrey,WAS,2024,5,0,0,0.0,0,0.0,0.0
L.McCaffrey,WAS,2024,6,0,0,0.0,0,0.0,0.0
L.McCaffrey,WAS,2024,8,0,0,0.0,0,0.0,0.0
L.McCaffrey,WAS,2024,10,0,0,0.0,0,0.0,0.0
L.McCaffrey,WAS,2024,11,0,0,0.0,0,0.0,0.0
L.McCaffrey,WAS,2024,12,0,0,0.0,0,0.0,0.0
L.McCaffrey,WAS,2024,13,0,0,0.0,0,0.0,0.0
L.McCaffrey,WAS,2024,15,0,0,0.0,0,0.0,0.0
L.McCaffrey,WAS,2024,16,0,0,0.0,0,0.0,0.0
L.McCaffrey,WAS,2024,21,0,0,0.0,0,0.0,0.0
J.Sanders,CAR,2024,1,0,0,0.0,0,0.0,0.0
J.Sanders,CAR,2024,2,0,0,0.0,0,0.0,0.0
J.Sanders,CAR,2024,3,0,0,0.0,0,0.0,0.0
J.Sanders,CAR,2024,4,0,0,0.0,0,0.0,0.0
J.Sanders,CAR,2024,5,0,0,0.0,0,0.0,0.0
J.Sanders,CAR,2024,6,0,0,0.0,0,0.0,0.0
J.Sanders,CAR,2024,7,0,0,0.0,0,0.0,0.0
J.Sanders,CAR,2024,8,0,0,0.0,0,0.0,0.0
J.Sanders,CAR,2024,9,0,0,0.0,0,0.0,0.0
J.Sanders,CAR,2024,10,0,0,0.0,0,0.0,0.0
J.Sanders,CAR,2024,12,0,0,0.0,0,0.0,0.0
J.Sanders,CAR,2024,14,0,0,0.0,0,0.0,0.0
J.Sanders,CAR,2024,15,0,0,0.0,0,0.0,0.0
J.Sanders,CAR,2024,17,0,0,0.0,0,0.0,0.0
J.Sanders,CAR,2024,18,0,0,0.0,0,0.0,0.0
C.Stover,HOU,2024,2,0,0,0.0,0,0.0,0.0
C.Stover,HOU,2024,4,0,0,0.0,0,0.0,0.0
C.Stover,HOU,2024,5,0,0,0.0,0,0.0,0.0
C.Stover,HOU,2024,6,0,0,0.0,0,0.0,0.0
C.Stover,HOU,2024,7,0,0,0.0,0,0.0,0.0
C.Stover,HOU,2024,8,0,0,0.0,0,0.0,0.0
C.Stover,HOU,2024,9,0,0,0.0,0,0.0,0.0
C.Stover,HOU,2024,10,0,0,0.0,0,0.0,0.0
C.Stover,HOU,2024,11,0,0,0.0,0,0.0,0.0
C.Stover,HOU,2024,12,0,0,0.0,0,0.0,0.0
C.Stover,HOU,2024,13,0,0,0.0,0,0.0,0.0
C.Stover,HOU,2024,17,0,0,0.0,0,0.0,0.0
C.Stover,HOU,2024,18,0,0,0.0,0,0.0,0.0
C.Stover,HOU,2024,19,0,0,0.0,0,0.0,0.0
B.Irving,TB,2024,1,0,0,0.0,0,0.0,0.0
B.Irving,TB,2024,2,0,0,0.0,0,0.0,0.0
B.Irving,TB,2024,3,0,0,0.0,0,0.0,0.0
B.Irving,TB,2024,4,0,0,0.0,0,0.0,0.0
B.Irving,TB,2024,5,0,0,0.0,0,0.0,0.0
B.Irving,TB,2024,6,0,0,0.0,0,0.0,0.0
B.Irving,TB,2024,7,0,0,0.0,0,0.0,0.0
B.Irving,TB,2024,8,0,0,0.0,0,0.0,0.0
B.Irving,TB,2024,9,0,0,0.0,0,0.0,0.0
B.Irving,TB,2024,10,0,0,0.0,0,0.0,0.0
B.Irving,TB,2024,12,0,0,0.0,0,0.0,0.0
B.Irving,TB,2024,13,0,0,0.0,0,0.0,0.0
B.Irving,TB,2024,14,0,0,0.0,0,0.0,0.0
B.Irving,TB,2024,15,0,0,0.0,0,0.0,0.0
B.Irving,TB,2024,16,0,0,0.0,0,0.0,0.0
B.Irving,TB,2024,17,0,0,0.0,0,0.0,0.0
B.Irving,TB,2024,18,0,0,0.0,0,0.0,0.0
B.Irving,TB,2024,19,0,0,0.0,0,0.0,0.0
I.Guerendo,SF,2024,2,0,0,0.0,0,0.0,0.0
I.Guerendo,SF,2024,3,0,0,0.0,0,0.0,0.0
I.Guerendo,SF,2024,4,0,0,0.0,0,0.0,0.0
I.Guerendo,SF,2024,5,0,0,0.0,0,0.0,0.0
I.Guerendo,SF,2024,6,0,0,0.0,0,0.0,0.0
I.Guerendo,SF,2024,7,0,0,0.0,0,0.0,0.0
I.Guerendo,SF,2024,8,0,0,0.0,0,0.0,0.0
I.Guerendo,SF,2024,10,0,0,0.0,0,0.0,0.0
I.Guerendo,SF,2024,13,0,0,0.0,0,0.0,0.0
I.Guerendo,SF,2024,14,0,0,0.0,0,0.0,0.0
I.Guerendo,SF,2024,15,0,0,0.0,0,0.0,0.0
I.Guerendo,SF,2024,17,0,0,0.0,0,0.0,0.0
I.Guerendo,SF,2024,18,0,0,0.0,0,0.0,0.0
S.Vaki,DET,2024,2,0,0,0.0,0,0.0,0.0
S.Vaki,DET,2024,6,0,0,0.0,0,0.0,0.0
S.Vaki,DET,2024,11,0,0,0.0,0,0.0,0.0
S.Vaki,DET,2024,16,0,0,0.0,0,0.0,0.0
J.Cowing,SF,2024,7,0,0,0.0,0,0.0,0.0
J.Cowing,SF,2024,14,0,0,0.0,0,0.0,0.0
J.Cowing,SF,2024,18,0,0,0.0,0,0.0,0.0
A.Estime,DEN,2024,1,0,0,0.0,0,0.0,0.0
A.Estime,DEN,2024,6,0,0,0.0,0,0.0,0.0
A.Estime,DEN,2024,7,0,0,0.0,0,0.0,0.0
A.Estime,DEN,2024,8,0,0,0.0,0,0.0,0.0
A.Estime,DEN,2024,9,0,0,0.0,0,0.0,0.0
A.Estime,DEN,2024,10,0,0,0.0,0,0.0,0.0
A.Estime,DEN,2024,11,0,0,0.0,0,0.0,0.0
A.Estime,DEN,2024,12,0,0,0.0,0,0.0,0.0
A.Estime,DEN,2024,13,0,0,0.0,0,0.0,0.0
A.Estime,DEN,2024,15,0,0,0.0,0,0.0,0.0
A.Estime,DEN,2024,16,0,0,0.0,0,0.0,0.0
A.Estime,DEN,2024,17,0,0,0.0,0,0.0,0.0
A.Estime,DEN,2024,18,0,0,0.0,0,0.0,0.0
S.Rattler,NO,2024,6,22,40,243.0,1,2.0,5.0
S.Rattler,NO,2024,7,25,35,172.0,0,0.0,6.0
S.Rattler,NO,2024,8,12,24,156.0,0,0.0,3.0
S.Rattler,NO,2024,15,10,21,135.0,1,0.0,0.0
S.Rattler,NO,2024,16,15,30,153.0,0,1.0,3.0
S.Rattler,NO,2024,17,20,36,218.0,1,2.0,3.0
S.Rattler,NO,2024,18,26,42,240.0,1,0.0,2.0
J.Thrash,CLE,2024,11,0,0,0.0,0,0.0,0.0
J.Thrash,CLE,2024,13,0,0,0.0,0,0.0,0.0
J.Thrash,CLE,2024,15,0,0,0.0,0,0.0,0.0
J.Thrash,CLE,2024,16,0,0,0.0,0,0.0,0.0
J.Thrash,CLE,2024,17,0,0,0.0,0,0.0,0.0
J.Thrash,CLE,2024,18,0,0,0.0,0,0.0,0.0
T.Tracy,NYG,2024,1,0,0,0.0,0,0.0,0.0
T.Tracy,NYG,2024,2,0,0,0.0,0,0.0,0.0
T.Tracy,NYG,2024,3,0,0,0.0,0,0.0,0.0
T.Tracy,NYG,2024,4,0,0,0.0,0,0.0,0.0
T.Tracy,NYG,2024,5,0,0,0.0,0,0.0,0.0
T.Tracy,NYG,2024,6,0,0,0.0,0,0.0,0.0
T.Tracy,NYG,2024,7,0,0,0.0,0,0.0,0.0
T.Tracy,NYG,2024,8,0,0,0.0,0,0.0,0.0
T.Tracy,NYG,2024,9,0,0,0.0,0,0.0,0.0
T.Tracy,NYG,2024,10,0,0,0.0,0,0.0,0.0
T.Tracy,NYG,2024,12,0,0,0.0,0,0.0,0.0
T.Tracy,NYG,2024,13,0,0,0.0,0,0.0,0.0
T.Tracy,NYG,2024,14,0,0,0.0,0,0.0,0.0
T.Tracy,NYG,2024,15,0,0,0.0,0,0.0,0.0
T.Tracy,NYG,2024,16,0,0,0.0,0,0.0,0.0
T.Tracy,NYG,2024,17,0,0,0.0,0,0.0,0.0
T.Tracy,NYG,2024,18,0,0,0.0,0,0.0,0.0
B.Means,NO,2024,1,0,0,0.0,0,0.0,0.0
B.Means,NO,2024,6,0,0,0.0,0,0.0,0.0
B.Means,NO,2024,7,0,0,0.0,0,0.0,0.0
B.Means,NO,2024,8,0,0,0.0,0,0.0,0.0
K.Vidal,LAC,2024,6,0,0,0.0,0,0.0,0.0
K.Vidal,LAC,2024,7,0,0,0.0,0,0.0,0.0
K.Vidal,LAC,2024,8,0,0,0.0,0,0.0,0.0
K.Vidal,LAC,2024,9,0,0,0.0,0,0.0,0.0
K.Vidal,LAC,2024,13,0,0,0.0,0,0.0,0.0
K.Vidal,LAC,2024,14,0,0,0.0,0,0.0,0.0
K.Vidal,LAC,2024,15,0,0,0.0,0,0.0,0.0
K.Vidal,LAC,2024,16,0,0,0.0,0,0.0,0.0
K.Vidal,LAC,2024,17,0,0,0.0,0,0.0,0.0
J.Jackson,TEN,2024,8,0,0,0.0,0,0.0,0.0
J.Jackson,TEN,2024,9,0,0,0.0,0,0.0,0.0
J.McClellan,ATL,2024,7,0,0,0.0,0,0.0,0.0
J.McClellan,ATL,2024,11,0,0,0.0,0,0.0,0.0
C.Washington,ATL,2024,7,0,0,0.0,0,0.0,0.0
C.Washington,ATL,2024,11,0,0,0.0,0,0.0,0.0
J.Milton,NE,2024,18,22,29,241.0,1,0.0,0.0
D.Laube,LV,2024,6,0,0,0.0,0,0.0,0.0
R.Flournoy,DAL,2024,6,0,0,0.0,0,0.0,0.0
R.Flournoy,DAL,2024,9,0,0,0.0,0,0.0,0.0
R.Flournoy,DAL,2024,11,0,0,0.0,0,0.0,0.0
R.Flournoy,DAL,2024,14,0,0,0.0,0,0.0,0.0
R.Flournoy,DAL,2024,16,0,0,0.0,0,0.0,0.0
R.Flournoy,DAL,2024,17,0,0,0.0,0,0.0,0.0
R.Flournoy,DAL,2024,18,0,0,0.0,0,0.0,0.0
J.Bell,NE,2024,9,0,0,0.0,0,0.0,0.0
J.Bell,NE,2024,11,0,0,0.0,0,0.0,0.0
J.Bell,NE,2024,18,0,0,0.0,0,0.0,0.0
D.Vele,DEN,2024,1,0,0,0.0,0,0.0,0.0
D.Vele,DEN,2024,6,0,0,0.0,0,0.0,0.0
D.Vele,DEN,2024,7,0,0,0.0,0,0.0,0.0
D.Vele,DEN,2024,8,0,0,0.0,0,0.0,0.0
D.Vele,DEN,2024,9,0,0,0.0,0,0.0,0.0
D.Vele,DEN,2024,10,0,0,0.0,0,0.0,0.0
D.Vele,DEN,2024,11,0,0,0.0,0,0.0,0.0
D.Vele,DEN,2024,12,0,0,0.0,0,0.0,0.0
D.Vele,DEN,2024,13,0,0,0.0,0,0.0,0.0
D.Vele,DEN,2024,15,0,0,0.0,0,0.0,0.0
D.Vele,DEN,2024,16,0,0,0.0,0,0.0,0.0
D.Vele,DEN,2024,17,0,0,0.0,0,0.0,0.0
D.Vele,DEN,2024,18,0,0,0.0,0,0.0,0.0
D.Vele,DEN,2024,19,0,0,0.0,0,0.0,0.0
I.Williams,DET,2024,8,0,0,0.0,0,0.0,0.0
B.Bates,CLE,2024,18,0,0,0.0,0,0.0,0.0
J.Coker,CAR,2024,4,0,0,0.0,0,0.0,0.0
J.Coker,CAR,2024,5,0,0,0.0,0,0.0,0.0
J.Coker,CAR,2024,6,0,0,0.0,0,0.0,0.0
J.Coker,CAR,2024,7,0,0,0.0,0,0.0,0.0
J.Coker,CAR,2024,8,0,0,0.0,0,0.0,0.0
J.Coker,CAR,2024,9,0,0,0.0,0,0.0,0.0
J.Coker,CAR,2024,10,0,0,0.0,0,0.0,0.0
J.Coker,CAR,2024,15,0,0,0.0,0,0.0,0.0
J.Coker,CAR,2024,16,0,0,0.0,0,0.0,0.0
J.Coker,CAR,2024,17,0,0,0.0,0,0.0,0.0
J.Coker,CAR,2024,18,1,1,19.0,0,0.0,0.0
X.Weaver,ARI,2024,6,0,0,0.0,0,0.0,0.0
X.Weaver,ARI,2024,18,0,0,0.0,0,0.0,0.0
B.Spann-Ford,DAL,2024,2,0,0,0.0,0,0.0,0.0
B.Spann-Ford,DAL,2024,5,0,0,0.0,0,0.0,0.0
B.Spann-Ford,DAL,2024,8,0,0,0.0,0,0.0,0.0
B.Spann-Ford,DAL,2024,11,0,0,0.0,0,0.0,0.0
B.Spann-Ford,DAL,2024,12,0,0,0.0,0,0.0,0.0
B.Spann-Ford,DAL,2024,15,0,0,0.0,0,0.0,0.0
R.Keyton,LV,2024,9,0,0,0.0,0,0.0,0.0
R.Keyton,LV,2024,11,0,0,0.0,0,0.0,0.0
B.Watson,DEN,2024,16,0,0,0.0,0,0.0,0.0
K.Johnson,TB,2024,1,0,0,0.0,0,0.0,0.0
K.Johnson,TB,2024,4,0,0,0.0,0,0.0,0.0
K.Johnson,TB,2024,17,0,0,0.0,0,0.0,0.0
B.Brooks,HOU,2024,3,0,0,0.0,0,0.0,0.0
M.Hayball,NO,2024,9,0,0,0.0,0,0.0,0.0
D.Holker,NO,2024,14,0,0,0.0,0,0.0,0.0
D.Holker,NO,2024,18,0,0,0.0,0,0.0,0.0
J.Jackson,NO,2024,9,0,0,0.0,0,0.0,0.0
J.Kibodi,CLE,2024,18,0,0,0.0,0,0.0,0.0
M.Tipton,NO,2024,1,0,0,0.0,0,0.0,0.0
M.Tipton,NO,2024,3,0,0,0.0,0,0.0,0.0
M.Tipton,NO,2024,4,0,0,0.0,0,0.0,0.0
M.Tipton,NO,2024,5,0,0,0.0,0,0.0,0.0
M.Tipton,NO,2024,6,0,0,0.0,0,0.0,0.0
M.Tipton,NO,2024,7,0,0,0.0,0,0.0,0.0
M.Tipton,NO,2024,8,0,0,0.0,0,0.0,0.0
M.Tipton,NO,2024,9,0,0,0.0,0,0.0,0.0
M.Tipton,NO,2024,16,0,0,0.0,0,0.0,0.0
C.Grandy,CIN,2024,10,0,0,0.0,0,0.0,0.0
C.Grandy,CIN,2024,15,0,0,0.0,0,0.0,0.0
C.Grandy,CIN,2024,17,0,0,0.0,0,0.0,0.0
C.Grandy,CIN,2024,18,0,0,0.0,0,0.0,0.0
D.Martin-Robinson,TEN,2024,14,0,0,0.0,0,0.0,0.0
D.Martin-Robinson,TEN,2024,16,0,0,0.0,0,0.0,0.0
B.Oliver,TEN,2024,10,0,0,0.0,0,0.0,0.0
B.Oliver,TEN,2024,11,0,0,0.0,0,0.0,0.0
B.Oliver,TEN,2024,14,0,0,0.0,0,0.0,0.0
B.Oliver,TEN,2024,15,0,0,0.0,0,0.0,0.0
B.Oliver,TEN,2024,18,0,0,0.0,0,0.0,0.0
D.Pettus,NE,2024,16,0,0,0.0,0,0.0,0.0
C.Schrader,LA,2024,18,0,0,0.0,0,0.0,0.0
J.Latham,TEN,2024,13,0,0,0.0,0,0.0,0.0
B.Nix,DEN,2024,1,26,42,138.0,0,2.0,2.0
B.Nix,DEN,2024,2,20,35,246.0,0,2.0,2.0
B.Nix,DEN,2024,3,25,36,216.0,0,0.0,0.0
B.Nix,DEN,2024,4,12,25,60.0,1,0.0,0.0
B.Nix,DEN,2024,5,19,27,206.0,2,0.0,3.0
B.Nix,DEN,2024,6,19,33,216.0,2,1.0,2.0
B.Nix,DEN,2024,7,16,26,164.0,0,0.0,0.0
B.Nix,DEN,2024,8,28,37,284.0,3,0.0,2.0
B.Nix,DEN,2024,9,19,33,223.0,0,1.0,4.0
B.Nix,DEN,2024,10,22,30,215.0,2,0.0,2.0
B.Nix,DEN,2024,11,28,33,307.0,4,0.0,1.0
B.Nix,DEN,2024,12,25,42,273.0,2,0.0,1.0
B.Nix,DEN,2024,13,18,35,294.0,1,2.0,0.0
B.Nix,DEN,2024,15,20,33,130.0,3,3.0,1.0
B.Nix,DEN,2024,16,29,40,263.0,2,0.0,2.0
B.Nix,DEN,2024,17,24,31,219.0,3,1.0,2.0
B.Nix,DEN,2024,18,26,29,321.0,4,0.0,0.0
B.Nix,DEN,2024,19,13,22,144.0,1,0.0,2.0
T.Reiman,ARI,2024,5,0,0,0.0,0,0.0,0.0
T.Reiman,ARI,2024,7,0,0,0.0,0,0.0,0.0
T.Reiman,ARI,2024,13,0,0,0.0,0,0.0,0.0
T.Reiman,ARI,2024,14,0,0,0.0,0,0.0,0.0
T.Reiman,ARI,2024,15,0,0,0.0,0,0.0,0.0
B.Corum,LA,2024,2,0,0,0.0,0,0.0,0.0
B.Corum,LA,2024,5,0,0,0.0,0,0.0,0.0
B.Corum,LA,2024,7,0,0,0.0,0,0.0,0.0
B.Corum,LA,2024,8,0,0,0.0,0,0.0,0.0
B.Corum,LA,2024,9,0,0,0.0,0,0.0,0.0
B.Corum,LA,2024,10,0,0,0.0,0,0.0,0.0
B.Corum,LA,2024,11,0,0,0.0,0,0.0,0.0
B.Corum,LA,2024,12,0,0,0.0,0,0.0,0.0
B.Corum,LA,2024,13,0,0,0.0,0,0.0,0.0
B.Corum,LA,2024,14,0,0,0.0,0,0.0,0.0
B.Corum,LA,2024,15,0,0,0.0,0,0.0,0.0
B.Corum,LA,2024,16,0,0,0.0,0,0.0,0.0
B.Corum,LA,2024,17,0,0,0.0,0,0.0,0.0
B.Corum,LA,2024,18,0,0,0.0,0,0.0,0.0
W.Shipley,PHI,2024,7,0,0,0.0,0,0.0,0.0
W.Shipley,PHI,2024,8,0,0,0.0,0,0.0,0.0
W.Shipley,PHI,2024,10,0,0,0.0,0,0.0,0.0
W.Shipley,PHI,2024,13,0,0,0.0,0,0.0,0.0
W.Shipley,PHI,2024,18,0,0,0.0,0,0.0,0.0
W.Shipley,PHI,2024,21,0,0,0.0,0,0.0,0.0
A.Smith,PHI,2024,9,0,0,0.0,0,0.0,0.0
A.Smith,PHI,2024,10,0,0,0.0,0,0.0,0.0
A.Smith,PHI,2024,18,0,0,0.0,0,0.0,0.0
J.Whittington,LA,2024,2,0,0,0.0,0,0.0,0.0
J.Whittington,LA,2024,3,0,0,0.0,0,0.0,0.0
J.Whittington,LA,2024,4,0,0,0.0,0,0.0,0.0
J.Whittington,LA,2024,5,0,0,0.0,0,0.0,0.0
J.Whittington,LA,2024,17,0,0,0.0,0,0.0,0.0
J.Whittington,LA,2024,18,0,0,0.0,0,0.0,0.0
J.Whittington,LA,2024,20,0,0,0.0,0,0.0,0.0
D.Culp,TB,2024,17,0,0,0.0,0,0.0,0.0
D.Culp,TB,2024,18,0,0,0.0,0,0.0,0.0
T.Jennings,NE,2024,6,0,0,0.0,0,0.0,0.0
T.Jennings,NE,2024,18,0,0,0.0,0,0.0,0.0
D.Walker,BAL,2024,15,0,0,0.0,0,0.0,0.0
D.Walker,BAL,2024,17,0,0,0.0,0,0.0,0.0
A.Barner,SEA,2024,3,0,0,0.0,0,0.0,0.0
A.Barner,SEA,2024,4,0,0,0.0,0,0.0,0.0
A.Barner,SEA,2024,5,0,0,0.0,0,0.0,0.0
A.Barner,SEA,2024,6,0,0,0.0,0,0.0,0.0
A.Barner,SEA,2024,7,0,0,0.0,0,0.0,0.0
A.Barner,SEA,2024,8,0,0,0.0,0,0.0,0.0
A.Barner,SEA,2024,9,0,0,0.0,0,0.0,0.0
A.Barner,SEA,2024,11,0,0,0.0,0,0.0,0.0
A.Barner,SEA,2024,12,0,0,0.0,0,0.0,0.0
A.Barner,SEA,2024,13,0,0,0.0,0,0.0,0.0
A.Barner,SEA,2024,14,0,0,0.0,0,0.0,0.0
A.Barner,SEA,2024,15,0,0,0.0,0,0.0,0.0
A.Barner,SEA,2024,16,0,0,0.0,0,0.0,0.0
A.Barner,SEA,2024,18,0,0,0.0,0,0.0,0.0
B.Allen,NYJ,2024,1,0,0,0.0,0,0.0,0.0
B.Allen,NYJ,2024,2,0,0,0.0,0,0.0,0.0
B.Allen,NYJ,2024,3,0,0,0.0,0,0.0,0.0
B.Allen,NYJ,2024,4,0,0,0.0,0,0.0,0.0
B.Allen,NYJ,2024,5,0,0,0.0,0,0.0,0.0
B.Allen,NYJ,2024,6,0,0,0.0,0,0.0,0.0
B.Allen,NYJ,2024,7,0,0,0.0,0,0.0,0.0
B.Allen,NYJ,2024,8,0,0,0.0,0,0.0,0.0
B.Allen,NYJ,2024,9,0,0,0.0,0,0.0,0.0
B.Allen,NYJ,2024,10,0,0,0.0,0,0.0,0.0
B.Allen,NYJ,2024,11,0,0,0.0,0,0.0,0.0
B.Allen,NYJ,2024,13,0,0,0.0,0,0.0,0.0
B.Allen,NYJ,2024,14,0,0,0.0,0,0.0,0.0
B.Allen,NYJ,2024,15,0,0,0.0,0,0.0,0.0
B.Allen,NYJ,2024,16,0,0,0.0,0,0.0,0.0
B.Allen,NYJ,2024,17,0,0,0.0,0,0.0,0.0
B.Allen,NYJ,2024,18,0,0,0.0,0,0.0,0.0
R.Ali,BAL,2024,15,0,0,0.0,0,0.0,0.0
R.Ali,BAL,2024,16,0,0,0.0,0,0.0,0.0
R.Ali,BAL,2024,17,0,0,0.0,0,0.0,0.0
R.Ali,BAL,2024,18,0,0,0.0,0,0.0,0.0
I.Davis,NYJ,2024,3,0,0,0.0,0,0.0,0.0
I.Davis,NYJ,2024,7,0,0,0.0,0,0.0,0.0
I.Davis,NYJ,2024,10,0,0,0.0,0,0.0,0.0
I.Davis,NYJ,2024,13,0,0,0.0,0,0.0,0.0
I.Davis,NYJ,2024,14,0,0,0.0,0,0.0,0.0
I.Davis,NYJ,2024,15,0,0,0.0,0,0.0,0.0
I.Davis,NYJ,2024,16,0,0,0.0,0,0.0,0.0
I.Davis,NYJ,2024,17,0,0,0.0,0,0.0,0.0
I.Davis,NYJ,2024,18,0,0,0.0,0,0.0,0.0
J.Burton,CIN,2024,2,0,0,0.0,0,0.0,0.0
J.Burton,CIN,2024,8,0,0,0.0,0,0.0,0.0
J.Burton,CIN,2024,10,0,0,0.0,0,0.0,0.0
J.Burton,CIN,2024,11,0,0,0.0,0,0.0,0.0
M.Lloyd,GB,2024,2,0,0,0.0,0,0.0,0.0
E.All,CIN,2024,2,0,0,0.0,0,0.0,0.0
E.All,CIN,2024,3,0,0,0.0,0,0.0,0.0
E.All,CIN,2024,4,0,0,0.0,0,0.0,0.0
E.All,CIN,2024,5,0,0,0.0,0,0.0,0.0
E.All,CIN,2024,6,0,0,0.0,0,0.0,0.0
E.All,CIN,2024,7,0,0,0.0,0,0.0,0.0
E.All,CIN,2024,8,0,0,0.0,0,0.0,0.0
E.All,CIN,2024,9,0,0,0.0,0,0.0,0.0
A.Gould,IND,2024,15,0,0,0.0,0,0.0,0.0
J.Wiley,KC,2024,2,0,0,0.0,0,0.0,0.0
J.Hicks,KC,2024,7,0,0,0.0,0,0.0,0.0
T.Johnson,NYG,2024,1,0,0,0.0,0,0.0,0.0
T.Johnson,NYG,2024,3,0,0,0.0,0,0.0,0.0
T.Johnson,NYG,2024,4,0,0,0.0,0,0.0,0.0
T.Johnson,NYG,2024,5,0,0,0.0,0,0.0,0.0
T.Johnson,NYG,2024,6,0,0,0.0,0,0.0,0.0
T.Johnson,NYG,2024,8,0,0,0.0,0,0.0,0.0
T.Johnson,NYG,2024,9,0,0,0.0,0,0.0,0.0
T.Johnson,NYG,2024,10,0,0,0.0,0,0.0,0.0
T.Johnson,NYG,2024,12,0,0,0.0,0,0.0,0.0
T.Johnson,NYG,2024,13,0,0,0.0,0,0.0,0.0
M.Harrison,ARI,2024,1,0,0,0.0,0,0.0,0.0
M.Harrison,ARI,2024,2,0,0,0.0,0,0.0,0.0
M.Harrison,ARI,2024,3,0,0,0.0,0,0.0,0.0
M.Harrison,ARI,2024,4,0,0,0.0,0,0.0,0.0
M.Harrison,ARI,2024,5,0,0,0.0,0,0.0,0.0
M.Harrison,ARI,2024,6,0,0,0.0,0,0.0,0.0
M.Harrison,ARI,2024,7,0,0,0.0,0,0.0,0.0
M.Harrison,ARI,2024,8,0,0,0.0,0,0.0,0.0
M.Harrison,ARI,2024,9,0,0,0.0,0,0.0,0.0
M.Harrison,ARI,2024,10,0,0,0.0,0,0.0,0.0
M.Harrison,ARI,2024,12,0,0,0.0,0,0.0,0.0
M.Harrison,ARI,2024,13,0,0,0.0,0,0.0,0.0
M.Harrison,ARI,2024,14,0,0,0.0,0,0.0,0.0
M.Harrison,ARI,2024,15,0,0,0.0,0,0.0,0.0
M.Harrison,ARI,2024,16,0,0,0.0,0,0.0,0.0
M.Harrison,ARI,2024,17,0,0,0.0,0,0.0,0.0
M.Harrison,ARI,2024,18,0,0,0.0,0,0.0,0.0
D.Maye,NE,2024,3,4,8,22.0,0,0.0,2.0
D.Maye,NE,2024,6,20,33,243.0,3,2.0,4.0
D.Maye,NE,2024,7,26,37,276.0,2,0.0,2.0
D.Maye,NE,2024,8,3,6,23.0,0,0.0,1.0
D.Maye,NE,2024,9,29,41,206.0,1,2.0,4.0
D.Maye,NE,2024,10,15,25,184.0,1,1.0,1.0
D.Maye,NE,2024,11,29,39,282.0,2,1.0,3.0
D.Maye,NE,2024,12,22,37,222.0,1,1.0,4.0
D.Maye,NE,2024,13,24,30,238.0,1,1.0,4.0
D.Maye,NE,2024,15,19,23,202.0,1,1.0,2.0
D.Maye,NE,2024,16,22,36,261.0,2,1.0,2.0
D.Maye,NE,2024,17,12,22,117.0,1,0.0,4.0
D.Maye,NE,2024,18,0,1,0.0,0,0.0,1.0
J.Baker,NE,2024,12,0,0,0.0,0,0.0,0.0
J.Baker,NE,2024,16,0,0,0.0,0,0.0,0.0
J.Baker,NE,2024,17,0,0,0.0,0,0.0,0.0
J.Baker,NE,2024,18,0,0,0.0,0,0.0,0.0
J.McMillan,TB,2024,1,0,0,0.0,0,0.0,0.0
J.McMillan,TB,2024,2,0,0,0.0,0,0.0,0.0
J.McMillan,TB,2024,3,0,0,0.0,0,0.0,0.0
J.McMillan,TB,2024,6,0,0,0.0,0,0.0,0.0
J.McMillan,TB,2024,7,0,0,0.0,0,0.0,0.0
J.McMillan,TB,2024,8,0,0,0.0,0,0.0,0.0
J.McMillan,TB,2024,12,0,0,0.0,0,0.0,0.0
J.McMillan,TB,2024,13,0,0,0.0,0,0.0,0.0
J.McMillan,TB,2024,14,0,0,0.0,0,0.0,0.0
J.McMillan,TB,2024,15,0,0,0.0,0,0.0,0.0
J.McMillan,TB,2024,16,0,0,0.0,0,0.0,0.0
J.McMillan,TB,2024,17,0,0,0.0,0,0.0,0.0
J.McMillan,TB,2024,18,0,0,0.0,0,0.0,0.0
J.McMillan,TB,2024,19,0,0,0.0,0,0.0,0.0
T.Franklin,DEN,2024,2,0,0,0.0,0,0.0,0.0
T.Franklin,DEN,2024,3,0,0,0.0,0,0.0,0.0
T.Franklin,DEN,2024,4,0,0,0.0,0,0.0,0.0
T.Franklin,DEN,2024,5,0,0,0.0,0,0.0,0.0
T.Franklin,DEN,2024,6,0,0,0.0,0,0.0,0.0
T.Franklin,DEN,2024,7,0,0,0.0,0,0.0,0.0
T.Franklin,DEN,2024,8,0,0,0.0,0,0.0,0.0
T.Franklin,DEN,2024,9,0,0,0.0,0,0.0,0.0
T.Franklin,DEN,2024,10,0,0,0.0,0,0.0,0.0
T.Franklin,DEN,2024,11,0,0,0.0,0,0.0,0.0
T.Franklin,DEN,2024,12,0,0,0.0,0,0.0,0.0
T.Franklin,DEN,2024,13,0,0,0.0,0,0.0,0.0
T.Franklin,DEN,2024,15,0,0,0.0,0,0.0,0.0
T.Franklin,DEN,2024,16,0,0,0.0,0,0.0,0.0
T.Franklin,DEN,2024,17,0,0,0.0,0,0.0,0.0
T.Franklin,DEN,2024,18,0,0,0.0,0,0.0,0.0
T.Franklin,DEN,2024,19,0,0,0.0,0,0.0,0.0
J.Wright,MIA,2024,2,0,0,0.0,0,0.0,0.0
J.Wright,MIA,2024,3,0,0,0.0,0,0.0,0.0
J.Wright,MIA,2024,4,0,0,0.0,0,0.0,0.0
J.Wright,MIA,2024,5,0,0,0.0,0,0.0,0.0
J.Wright,MIA,2024,7,0,0,0.0,0,0.0,0.0
J.Wright,MIA,2024,8,0,0,0.0,0,0.0,0.0
J.Wright,MIA,2024,9,0,0,0.0,0,0.0,0.0
J.Wright,MIA,2024,10,0,0,0.0,0,0.0,0.0
J.Wright,MIA,2024,11,0,0,0.0,0,0.0,0.0
J.Wright,MIA,2024,12,0,0,0.0,0,0.0,0.0
J.Wright,MIA,2024,14,0,0,0.0,0,0.0,0.0
J.Wright,MIA,2024,15,0,0,0.0,0,0.0,0.0
J.Wright,MIA,2024,18,0,0,0.0,0,0.0,0.0
R.Davis,BUF,2024,1,0,0,0.0,0,0.0,0.0
R.Davis,BUF,2024,2,0,0,0.0,0,0.0,0.0
R.Davis,BUF,2024,3,0,0,0.0,0,0.0,0.0
R.Davis,BUF,2024,4,0,0,0.0,0,0.0,0.0
R.Davis,BUF,2024,5,0,0,0.0,0,0.0,0.0
R.Davis,BUF,2024,6,0,0,0.0,0,0.0,0.0
R.Davis,BUF,2024,7,0,0,0.0,0,0.0,0.0
R.Davis,BUF,2024,8,0,0,0.0,0,0.0,0.0
R.Davis,BUF,2024,9,0,0,0.0,0,0.0,0.0
R.Davis,BUF,2024,10,0,0,0.0,0,0.0,0.0
R.Davis,BUF,2024,11,0,0,0.0,0,0.0,0.0
R.Davis,BUF,2024,13,0,0,0.0,0,0.0,0.0
R.Davis,BUF,2024,15,0,0,0.0,0,0.0,0.0
R.Davis,BUF,2024,16,0,0,0.0,0,0.0,0.0
R.Davis,BUF,2024,17,0,0,0.0,0,0.0,0.0
R.Davis,BUF,2024,18,0,0,0.0,0,0.0,0.0
R.Davis,BUF,2024,19,0,0,0.0,0,0.0,0.0
R.Davis,BUF,2024,20,0,0,0.0,0,0.0,0.0
R.Davis,BUF,2024,21,0,0,0.0,0,0.0,0.0
M.Washington,MIA,2024,4,0,0,0.0,0,0.0,0.0
M.Washington,MIA,2024,7,0,0,0.0,0,0.0,0.0
M.Washington,MIA,2024,9,0,0,0.0,0,0.0,0.0
M.Washington,MIA,2024,10,0,0,0.0,0,0.0,0.0
M.Washington,MIA,2024,11,0,0,0.0,0,0.0,0.0
M.Washington,MIA,2024,12,0,0,0.0,0,0.0,0.0
M.Washington,MIA,2024,13,0,0,0.0,0,0.0,0.0
M.Washington,MIA,2024,14,0,0,0.0,0,0.0,0.0
M.Washington,MIA,2024,15,0,0,0.0,0,0.0,0.0
M.Washington,MIA,2024,16,0,0,0.0,0,0.0,0.0
M.Washington,MIA,2024,17,0,0,0.0,0,0.0,0.0
M.Washington,MIA,2024,18,0,0,0.0,0,0.0,0.0
A.Mitchell,IND,2024,1,0,0,0.0,0,0.0,0.0
A.Mitchell,IND,2024,2,0,0,0.0,0,0.0,0.0
A.Mitchell,IND,2024,3,0,0,0.0,0,0.0,0.0
A.Mitchell,IND,2024,4,0,0,0.0,0,0.0,0.0
A.Mitchell,IND,2024,5,1,1,24.0,0,0.0,0.0
A.Mitchell,IND,2024,6,0,0,0.0,0,0.0,0.0
A.Mitchell,IND,2024,7,0,0,0.0,0,0.0,0.0
A.Mitchell,IND,2024,8,0,0,0.0,0,0.0,0.0
A.Mitchell,IND,2024,9,0,0,0.0,0,0.0,0.0
A.Mitchell,IND,2024,10,0,0,0.0,0,0.0,0.0
A.Mitchell,IND,2024,11,0,0,0.0,0,0.0,0.0
A.Mitchell,IND,2024,12,0,0,0.0,0,0.0,0.0
A.Mitchell,IND,2024,13,0,0,0.0,0,0.0,0.0
A.Mitchell,IND,2024,15,0,0,0.0,0,0.0,0.0
A.Mitchell,IND,2024,16,0,0,0.0,0,0.0,0.0
A.Mitchell,IND,2024,17,0,0,0.0,0,0.0,0.0
A.Mitchell,IND,2024,18,0,0,0.0,0,0.0,0.0
B.Thomas,JAX,2024,1,0,0,0.0,0,0.0,0.0
B.Thomas,JAX,2024,2,0,0,0.0,0,0.0,0.0
B.Thomas,JAX,2024,3,0,0,0.0,0,0.0,0.0
B.Thomas,JAX,2024,4,0,0,0.0,0,0.0,0.0
B.Thomas,JAX,2024,5,0,0,0.0,0,0.0,0.0
B.Thomas,JAX,2024,6,0,0,0.0,0,0.0,0.0
B.Thomas,JAX,2024,7,0,0,0.0,0,0.0,0.0
B.Thomas,JAX,2024,8,0,0,0.0,0,0.0,0.0
B.Thomas,JAX,2024,9,0,0,0.0,0,0.0,0.0
B.Thomas,JAX,2024,10,0,0,0.0,0,0.0,0.0
B.Thomas,JAX,2024,11,0,0,0.0,0,0.0,0.0
B.Thomas,JAX,2024,13,0,0,0.0,0,0.0,0.0
B.Thomas,JAX,2024,14,0,0,0.0,0,0.0,0.0
B.Thomas,JAX,2024,15,0,0,0.0,0,0.0,0.0
B.Thomas,JAX,2024,16,0,0,0.0,0,0.0,0.0
B.Thomas,JAX,2024,17,0,0,0.0,0,0.0,0.0
B.Thomas,JAX,2024,18,0,0,0.0,0,0.0,0.0
X.Worthy,KC,2024,1,0,0,0.0,0,0.0,0.0
X.Worthy,KC,2024,2,0,0,0.0,0,0.0,0.0
X.Worthy,KC,2024,3,0,0,0.0,0,0.0,0.0
X.Worthy,KC,2024,4,0,0,0.0,0,0.0,0.0
X.Worthy,KC,2024,5,0,0,0.0,0,0.0,0.0
X.Worthy,KC,2024,7,0,0,0.0,0,0.0,0.0
X.Worthy,KC,2024,8,0,0,0.0,0,0.0,0.0
X.Worthy,KC,2024,9,0,0,0.0,0,0.0,0.0
X.Worthy,KC,2024,10,0,0,0.0,0,0.0,0.0
X.Worthy,KC,2024,11,0,0,0.0,0,0.0,0.0
X.Worthy,KC,2024,12,0,0,0.0,0,0.0,0.0
X.Worthy,KC,2024,13,0,0,0.0,0,0.0,0.0
X.Worthy,KC,2024,14,0,0,0.0,0,0.0,0.0
X.Worthy,KC,2024,15,0,0,0.0,0,0.0,0.0
X.Worthy,KC,2024,16,0,0,0.0,0,0.0,0.0
X.Worthy,KC,2024,17,0,0,0.0,0,0.0,0.0
X.Worthy,KC,2024,20,0,0,0.0,0,0.0,0.0
X.Worthy,KC,2024,21,0,0,0.0,0,0.0,0.0
X.Worthy,KC,2024,22,0,0,0.0,0,0.0,0.0
K.Coleman,BUF,2024,1,0,0,0.0,0,0.0,0.0
K.Coleman,BUF,2024,2,0,0,0.0,0,0.0,0.0
K.Coleman,BUF,2024,3,0,0,0.0,0,0.0,0.0
K.Coleman,BUF,2024,4,0,0,0.0,0,0.0,0.0
K.Coleman,BUF,2024,5,0,0,0.0,0,0.0,0.0
K.Coleman,BUF,2024,6,0,0,0.0,0,0.0,0.0
K.Coleman,BUF,2024,7,0,0,0.0,0,0.0,0.0
K.Coleman,BUF,2024,8,0,0,0.0,0,0.0,0.0
K.Coleman,BUF,2024,9,0,0,0.0,0,0.0,0.0
K.Coleman,BUF,2024,15,0,0,0.0,0,0.0,0.0
K.Coleman,BUF,2024,16,0,0,0.0,0,0.0,0.0
K.Coleman,BUF,2024,17,0,0,0.0,0,0.0,0.0
K.Coleman,BUF,2024,18,0,0,0.0,0,0.0,0.0
K.Coleman,BUF,2024,19,0,0,0.0,0,0.0,0.0
K.Coleman,BUF,2024,20,0,0,0.0,0,0.0,0.0
K.Coleman,BUF,2024,21,0,0,0.0,0,0.0,0.0
J.Polk,NE,2024,1,0,0,0.0,0,0.0,0.0
J.Polk,NE,2024,2,0,0,0.0,0,0.0,0.0
J.Polk,NE,2024,3,0,0,0.0,0,0.0,0.0
J.Polk,NE,2024,4,0,0,0.0,0,0.0,0.0
J.Polk,NE,2024,5,0,0,0.0,0,0.0,0.0
J.Polk,NE,2024,6,0,0,0.0,0,0.0,0.0
J.Polk,NE,2024,7,0,0,0.0,0,0.0,0.0
J.Polk,NE,2024,9,0,0,0.0,0,0.0,0.0
J.Polk,NE,2024,10,0,0,0.0,0,0.0,0.0
J.Polk,NE,2024,12,0,0,0.0,0,0.0,0.0
J.Polk,NE,2024,13,0,0,0.0,0,0.0,0.0
J.Polk,NE,2024,15,0,0,0.0,0,0.0,0.0
J.Polk,NE,2024,17,0,0,0.0,0,0.0,0.0
J.Daniels,WAS,2024,1,17,24,184.0,0,0.0,2.0
J.Daniels,WAS,2024,2,23,29,226.0,0,0.0,5.0
J.Daniels,WAS,2024,3,21,23,254.0,2,0.0,2.0
J.Daniels,WAS,2024,4,26,30,233.0,1,1.0,0.0
J.Daniels,WAS,2024,5,14,25,238.0,1,1.0,3.0
J.Daniels,WAS,2024,6,24,35,269.0,2,0.0,3.0
J.Daniels,WAS,2024,7,2,2,6.0,0,0.0,0.0
J.Daniels,WAS,2024,8,21,38,326.0,1,0.0,2.0
J.Daniels,WAS,2024,9,15,22,209.0,2,0.0,0.0
J.Daniels,WAS,2024,10,17,34,202.0,0,0.0,3.0
J.Daniels,WAS,2024,11,22,32,191.0,1,1.0,3.0
J.Daniels,WAS,2024,12,25,38,275.0,2,2.0,4.0
J.Daniels,WAS,2024,13,25,30,206.0,3,1.0,2.0
J.Daniels,WAS,2024,15,25,31,226.0,2,0.0,8.0
J.Daniels,WAS,2024,16,24,39,258.0,5,2.0,1.0
J.Daniels,WAS,2024,17,24,36,227.0,3,1.0,5.0
J.Daniels,WAS,2024,18,6,12,38.0,0,0.0,4.0
J.Daniels,WAS,2024,19,24,35,268.0,2,0.0,1.0
J.Daniels,WAS,2024,20,22,31,299.0,2,0.0,0.0
J.Daniels,WAS,2024,21,29,48,255.0,1,1.0,3.0
B.Sinnott,WAS,2024,7,0,0,0.0,0,0.0,0.0
B.Sinnott,WAS,2024,9,0,0,0.0,0,0.0,0.0
B.Sinnott,WAS,2024,13,0,0,0.0,0,0.0,0.0
B.Sinnott,WAS,2024,15,0,0,0.0,0,0.0,0.0
B.Sinnott,WAS,2024,21,0,0,0.0,0,0.0,0.0
L.McConkey,LAC,2024,1,0,0,0.0,0,0.0,0.0
L.McConkey,LAC,2024,2,0,0,0.0,0,0.0,0.0
L.McConkey,LAC,2024,3,0,0,0.0,0,0.0,0.0
L.McConkey,LAC,2024,4,0,0,0.0,0,0.0,0.0
L.McConkey,LAC,2024,6,0,0,0.0,0,0.0,0.0
L.McConkey,LAC,2024,7,0,0,0.0,0,0.0,0.0
L.McConkey,LAC,2024,8,0,0,0.0,0,0.0,0.0
L.McConkey,LAC,2024,9,0,0,0.0,0,0.0,0.0
L.McConkey,LAC,2024,10,0,0,0.0,0,0.0,0.0
L.McConkey,LAC,2024,11,0,0,0.0,0,0.0,0.0
L.McConkey,LAC,2024,12,0,0,0.0,0,0.0,0.0
L.McConkey,LAC,2024,13,0,0,0.0,0,0.0,0.0
L.McConkey,LAC,2024,15,0,0,0.0,0,0.0,0.0
L.McConkey,LAC,2024,16,0,0,0.0,0,0.0,0.0
L.McConkey,LAC,2024,17,0,0,0.0,0,0.0,0.0
L.McConkey,LAC,2024,18,0,0,0.0,0,0.0,0.0
L.McConkey,LAC,2024,19,0,0,0.0,0,0.0,0.0
R.Pearsall,SF,2024,7,0,0,0.0,0,0.0,0.0
R.Pearsall,SF,2024,8,0,0,0.0,0,0.0,0.0
R.Pearsall,SF,2024,10,0,0,0.0,0,0.0,0.0
R.Pearsall,SF,2024,11,0,0,0.0,0,0.0,0.0
R.Pearsall,SF,2024,13,0,0,0.0,0,0.0,0.0
R.Pearsall,SF,2024,14,0,0,0.0,0,0.0,0.0
R.Pearsall,SF,2024,15,0,0,0.0,0,0.0,0.0
R.Pearsall,SF,2024,16,0,0,0.0,0,0.0,0.0
R.Pearsall,SF,2024,17,0,1,0.0,0,0.0,0.0
R.Pearsall,SF,2024,18,0,0,0.0,0,0.0,0.0
M.Penix,ATL,2024,7,1,1,14.0,0,0.0,0.0
M.Penix,ATL,2024,11,2,4,24.0,0,0.0,1.0
M.Penix,ATL,2024,16,18,27,202.0,0,1.0,0.0
M.Penix,ATL,2024,17,19,35,223.0,1,1.0,2.0
M.Penix,ATL,2024,18,21,38,312.0,2,1.0,1.0
C.Williams,CHI,2024,1,14,29,93.0,0,0.0,2.0
C.Williams,CHI,2024,2,23,37,174.0,0,2.0,7.0
C.Williams,CHI,2024,3,33,52,363.0,2,2.0,4.0
C.Williams,CHI,2024,4,17,23,157.0,1,0.0,3.0
C.Williams,CHI,2024,5,20,29,304.0,2,0.0,1.0
C.Williams,CHI,2024,6,23,29,226.0,4,1.0,3.0
C.Williams,CHI,2024,8,10,24,131.0,0,0.0,3.0
C.Williams,CHI,2024,9,22,41,217.0,0,0.0,6.0
C.Williams,CHI,2024,10,16,30,120.0,0,0.0,9.0
C.Williams,CHI,2024,11,23,31,231.0,0,0.0,3.0
C.Williams,CHI,2024,12,32,47,340.0,2,0.0,3.0
C.Williams,CHI,2024,13,20,39,256.0,3,0.0,5.0
C.Williams,CHI,2024,14,17,23,134.0,2,0.0,7.0
C.Williams,CHI,2024,15,18,31,191.0,1,0.0,2.0
C.Williams,CHI,2024,16,26,40,334.0,2,0.0,2.0
C.Williams,CHI,2024,17,16,28,122.0,0,1.0,7.0
C.Williams,CHI,2024,18,21,29,148.0,1,0.0,1.0
R.Odunze,CHI,2024,1,0,0,0.0,0,0.0,0.0
R.Odunze,CHI,2024,2,0,0,0.0,0,0.0,0.0
R.Odunze,CHI,2024,3,0,0,0.0,0,0.0,0.0
R.Odunze,CHI,2024,4,0,0,0.0,0,0.0,0.0
R.Odunze,CHI,2024,5,0,0,0.0,0,0.0,0.0
R.Odunze,CHI,2024,6,0,0,0.0,0,0.0,0.0
R.Odunze,CHI,2024,8,0,0,0.0,0,0.0,0.0
R.Odunze,CHI,2024,9,0,0,0.0,0,0.0,0.0
R.Odunze,CHI,2024,10,0,0,0.0,0,0.0,0.0
R.Odunze,CHI,2024,11,0,0,0.0,0,0.0,0.0
R.Odunze,CHI,2024,12,0,0,0.0,0,0.0,0.0
R.Odunze,CHI,2024,13,0,0,0.0,0,0.0,0.0
R.Odunze,CHI,2024,14,0,0,0.0,0,0.0,0.0
R.Odunze,CHI,2024,15,0,0,0.0,0,0.0,0.0
R.Odunze,CHI,2024,16,0,0,0.0,0,0.0,0.0
R.Odunze,CHI,2024,17,0,0,0.0,0,0.0,0.0
R.Odunze,CHI,2024,18,0,0,0.0,0,0.0,0.0
M.Corley,NYJ,2024,2,0,0,0.0,0,0.0,0.0
M.Corley,NYJ,2024,9,0,0,0.0,0,0.0,0.0
M.Corley,NYJ,2024,10,0,0,0.0,0,0.0,0.0
M.Corley,NYJ,2024,11,0,0,0.0,0,0.0,0.0
M.Corley,NYJ,2024,13,0,0,0.0,0,0.0,0.0
T.Benson,ARI,2024,1,0,0,0.0,0,0.0,0.0
T.Benson,ARI,2024,2,0,0,0.0,0,0.0,0.0
T.Benson,ARI,2024,3,0,0,0.0,0,0.0,0.0
T.Benson,ARI,2024,4,0,0,0.0,0,0.0,0.0
T.Benson,ARI,2024,6,0,0,0.0,0,0.0,0.0
T.Benson,ARI,2024,8,0,0,0.0,0,0.0,0.0
T.Benson,ARI,2024,9,0,0,0.0,0,0.0,0.0
T.Benson,ARI,2024,10,0,0,0.0,0,0.0,0.0
T.Benson,ARI,2024,12,0,0,0.0,0,0.0,0.0
T.Benson,ARI,2024,13,0,0,0.0,0,0.0,0.0
T.Benson,ARI,2024,14,0,0,0.0,0,0.0,0.0
T.Benson,ARI,2024,15,0,0,0.0,0,0.0,0.0
